const u8 gDescription_Sangan[] APPEND_TEXT = {
    0x20, 0x20, 0x5E, 0x35, 0x49, 0x66, 0x20, 0x74, 0x68, 0x69, 0x73, 0x20,
    0x63, 0x61, 0x72, 0x64, 0x69, 0x73, 0x20, 0x73, 0x65, 0x6E, 0x74, 0x20,
    0x66, 0x72, 0x6F, 0x6D, 0x20, 0x20, 0x74, 0x68, 0x65, 0x20, 0x66, 0x69,
    0x65, 0x6C, 0x64, 0x20, 0x74, 0x6F, 0x20, 0x20, 0x74, 0x68, 0x65, 0x20,
    0x47, 0x59, 0x3A, 0x20, 0x41, 0x64, 0x64, 0x20, 0x31, 0x20, 0x6D, 0x6F,
    0x6E, 0x73, 0x74, 0x65, 0x72, 0x20, 0x77, 0x69, 0x74, 0x68, 0x5E, 0x31,
    0x35, 0x30, 0x30, 0x20, 0x6F, 0x72, 0x20, 0x6C, 0x65, 0x73, 0x73, 0x41,
    0x54, 0x4B, 0x20, 0x66, 0x72, 0x6F, 0x6D, 0x20, 0x79, 0x6F, 0x75, 0x72,
    0x20, 0x44, 0x65, 0x63, 0x6B, 0x20, 0x74, 0x6F, 0x20, 0x79, 0x6F, 0x75,
    0x72, 0x20, 0x20, 0x68, 0x61, 0x6E, 0x64, 0x2C, 0x20, 0x62, 0x75, 0x74,
    0x20, 0x79, 0x6F, 0x75, 0x20, 0x63, 0x61, 0x6E, 0x6E, 0x6F, 0x74, 0x20,
    0x20, 0x20, 0x20, 0x20, 0x20, 0x5E, 0x61, 0x63, 0x74, 0x69, 0x76, 0x61,
    0x74, 0x65, 0x20, 0x20, 0x20, 0x20, 0x63, 0x61, 0x72, 0x64, 0x73, 0x2C,
    0x20, 0x6F, 0x72, 0x20, 0x74, 0x68, 0x65, 0x20, 0x65, 0x66, 0x66, 0x65,
    0x63, 0x74, 0x73, 0x20, 0x6F, 0x66, 0x20, 0x20, 0x20, 0x20, 0x63, 0x61,
    0x72, 0x64, 0x73, 0x2C, 0x20, 0x77, 0x69, 0x74, 0x68, 0x20, 0x20, 0x20,
    0x74, 0x68, 0x61, 0x74, 0x20, 0x6E, 0x61, 0x6D, 0x65, 0x20, 0x20, 0x20,
    0x5E, 0x66, 0x6F, 0x72, 0x20, 0x74, 0x68, 0x65, 0x20, 0x72, 0x65, 0x73,
    0x74, 0x6F, 0x66, 0x20, 0x74, 0x68, 0x69, 0x73, 0x20, 0x74, 0x75, 0x72,
    0x6E, 0x2E, 0x20, 0x59, 0x6F, 0x75, 0x20, 0x63, 0x61, 0x6E, 0x20, 0x6F,
    0x6E, 0x6C, 0x79, 0x20, 0x20, 0x75, 0x73, 0x65, 0x20, 0x74, 0x68, 0x69,
    0x73, 0x20, 0x20, 0x20, 0x20, 0x20, 0x20, 0x65, 0x66, 0x66, 0x65, 0x63,
    0x74, 0x20, 0x6F, 0x66, 0x20, 0x20, 0x20, 0x5E, 0x53, 0x61, 0x6E, 0x67,
    0x61, 0x6E, 0x20, 0x6F, 0x6E, 0x63, 0x65, 0x20, 0x70, 0x65, 0x72, 0x20,
    0x74, 0x75, 0x72, 0x6E, 0x2E, 0x20, 0x20, 0x20, 0x20, 0x20, 0x5E, 0x00,
};

const u8 gDescription_LarvaeMoth[] APPEND_TEXT = {
    0x20, 0x20, 0x5E, 0x34, 0x54, 0x68, 0x69, 0x73, 0x20, 0x6D, 0x6F, 0x6E,
    0x73, 0x74, 0x65, 0x72, 0x63, 0x61, 0x6E, 0x6E, 0x6F, 0x74, 0x20, 0x62,
    0x65, 0x20, 0x20, 0x20, 0x20, 0x20, 0x4E, 0x6F, 0x72, 0x6D, 0x61, 0x6C,
    0x20, 0x20, 0x20, 0x20, 0x20, 0x20, 0x20, 0x20, 0x53, 0x75, 0x6D, 0x6D,
    0x6F, 0x6E, 0x65, 0x64, 0x20, 0x6F, 0x72, 0x20, 0x20, 0x20, 0x53, 0x65,
    0x74, 0x2E, 0x20, 0x54, 0x68, 0x69, 0x73, 0x20, 0x20, 0x20, 0x5E, 0x63,
    0x61, 0x72, 0x64, 0x20, 0x63, 0x61, 0x6E, 0x20, 0x20, 0x20, 0x20, 0x6F,
    0x6E, 0x6C, 0x79, 0x20, 0x62, 0x65, 0x20, 0x20, 0x20, 0x20, 0x20, 0x20,
    0x20, 0x53, 0x70, 0x65, 0x63, 0x69, 0x61, 0x6C, 0x20, 0x20, 0x20, 0x20,
    0x20, 0x20, 0x20, 0x53, 0x75, 0x6D, 0x6D, 0x6F, 0x6E, 0x65, 0x64, 0x20,
    0x62, 0x79, 0x20, 0x20, 0x20, 0x54, 0x72, 0x69, 0x62, 0x75, 0x74, 0x69,
    0x6E, 0x67, 0x20, 0x20, 0x20, 0x5E, 0x50, 0x65, 0x74, 0x69, 0x74, 0x20,
    0x4D, 0x6F, 0x74, 0x68, 0x20, 0x20, 0x64, 0x75, 0x72, 0x69, 0x6E, 0x67,
    0x20, 0x79, 0x6F, 0x75, 0x72, 0x20, 0x20, 0x20, 0x32, 0x6E, 0x64, 0x20,
    0x74, 0x75, 0x72, 0x6E, 0x20, 0x61, 0x66, 0x74, 0x65, 0x72, 0x50, 0x65,
    0x74, 0x69, 0x74, 0x20, 0x4D, 0x6F, 0x74, 0x68, 0x20, 0x68, 0x61, 0x73,
    0x62, 0x65, 0x65, 0x6E, 0x20, 0x20, 0x20, 0x20, 0x20, 0x20, 0x20, 0x20,
    0x5E, 0x65, 0x71, 0x75, 0x69, 0x70, 0x70, 0x65, 0x64, 0x20, 0x20, 0x20,
    0x20, 0x77, 0x69, 0x74, 0x68, 0x20, 0x43, 0x6F, 0x63, 0x6F, 0x6F, 0x6E,
    0x20, 0x6F, 0x66, 0x45, 0x76, 0x6F, 0x6C, 0x75, 0x74, 0x69, 0x6F, 0x6E,
    0x2E, 0x20, 0x20, 0x20, 0x20, 0x5E, 0x00,
};

const u8 gDescription_GreatMoth[] APPEND_TEXT = {
    0x20, 0x20, 0x5E, 0x34, 0x54, 0x68, 0x69, 0x73, 0x20, 0x6D, 0x6F, 0x6E,
    0x73, 0x74, 0x65, 0x72, 0x63, 0x61, 0x6E, 0x6E, 0x6F, 0x74, 0x20, 0x62,
    0x65, 0x20, 0x20, 0x20, 0x20, 0x20, 0x4E, 0x6F, 0x72, 0x6D, 0x61, 0x6C,
    0x20, 0x20, 0x20, 0x20, 0x20, 0x20, 0x20, 0x20, 0x53, 0x75, 0x6D, 0x6D,
    0x6F, 0x6E, 0x65, 0x64, 0x20, 0x6F, 0x72, 0x20, 0x20, 0x20, 0x53, 0x65,
    0x74, 0x2E, 0x20, 0x54, 0x68, 0x69, 0x73, 0x20, 0x20, 0x20, 0x5E, 0x63,
    0x61, 0x72, 0x64, 0x20, 0x63, 0x61, 0x6E, 0x20, 0x20, 0x20, 0x20, 0x6F,
    0x6E, 0x6C, 0x79, 0x20, 0x62, 0x65, 0x20, 0x20, 0x20, 0x20, 0x20, 0x20,
    0x20, 0x53, 0x70, 0x65, 0x63, 0x69, 0x61, 0x6C, 0x20, 0x20, 0x20, 0x20,
    0x20, 0x20, 0x20, 0x53, 0x75, 0x6D, 0x6D, 0x6F, 0x6E, 0x65, 0x64, 0x20,
    0x62, 0x79, 0x20, 0x20, 0x20, 0x54, 0x72, 0x69, 0x62, 0x75, 0x74, 0x69,
    0x6E, 0x67, 0x20, 0x20, 0x20, 0x5E, 0x50, 0x65, 0x74, 0x69, 0x74, 0x20,
    0x4D, 0x6F, 0x74, 0x68, 0x20, 0x20, 0x64, 0x75, 0x72, 0x69, 0x6E, 0x67,
    0x20, 0x79, 0x6F, 0x75, 0x72, 0x20, 0x20, 0x20, 0x34, 0x74, 0x68, 0x20,
    0x74, 0x75, 0x72, 0x6E, 0x20, 0x61, 0x66, 0x74, 0x65, 0x72, 0x50, 0x65,
    0x74, 0x69, 0x74, 0x20, 0x4D, 0x6F, 0x74, 0x68, 0x20, 0x68, 0x61, 0x73,
    0x62, 0x65, 0x65, 0x6E, 0x20, 0x20, 0x20, 0x20, 0x20, 0x20, 0x20, 0x20,
    0x5E, 0x65, 0x71, 0x75, 0x69, 0x70, 0x70, 0x65, 0x64, 0x20, 0x20, 0x20,
    0x20, 0x77, 0x69, 0x74, 0x68, 0x20, 0x43, 0x6F, 0x63, 0x6F, 0x6F, 0x6E,
    0x20, 0x6F, 0x66, 0x45, 0x76, 0x6F, 0x6C, 0x75, 0x74, 0x69, 0x6F, 0x6E,
    0x2E, 0x20, 0x20, 0x20, 0x20, 0x5E, 0x00,
};

const u8 gDescription_CocoonOfEvolution[] APPEND_TEXT = {
    0x20, 0x20, 0x5E, 0x34, 0x59, 0x6F, 0x75, 0x20, 0x63, 0x61, 0x6E, 0x20,
    0x20, 0x20, 0x20, 0x20, 0x74, 0x61, 0x72, 0x67, 0x65, 0x74, 0x20, 0x31,
    0x20, 0x50, 0x65, 0x74, 0x69, 0x74, 0x4D, 0x6F, 0x74, 0x68, 0x20, 0x79,
    0x6F, 0x75, 0x20, 0x20, 0x20, 0x20, 0x20, 0x20, 0x63, 0x6F, 0x6E, 0x74,
    0x72, 0x6F, 0x6C, 0x3B, 0x20, 0x65, 0x71, 0x75, 0x69, 0x70, 0x74, 0x68,
    0x69, 0x73, 0x20, 0x63, 0x61, 0x72, 0x64, 0x20, 0x20, 0x20, 0x5E, 0x66,
    0x72, 0x6F, 0x6D, 0x20, 0x79, 0x6F, 0x75, 0x72, 0x20, 0x20, 0x20, 0x68,
    0x61, 0x6E, 0x64, 0x20, 0x74, 0x6F, 0x20, 0x74, 0x68, 0x61, 0x74, 0x20,
    0x20, 0x74, 0x61, 0x72, 0x67, 0x65, 0x74, 0x2E, 0x20, 0x57, 0x68, 0x69,
    0x6C, 0x65, 0x20, 0x65, 0x71, 0x75, 0x69, 0x70, 0x70, 0x65, 0x64, 0x20,
    0x62, 0x79, 0x20, 0x20, 0x20, 0x74, 0x68, 0x69, 0x73, 0x20, 0x65, 0x66,
    0x66, 0x65, 0x63, 0x74, 0x2C, 0x5E, 0x74, 0x68, 0x65, 0x20, 0x6F, 0x72,
    0x69, 0x67, 0x69, 0x6E, 0x61, 0x6C, 0x41, 0x54, 0x4B, 0x2F, 0x44, 0x45,
    0x46, 0x20, 0x6F, 0x66, 0x20, 0x20, 0x20, 0x20, 0x74, 0x68, 0x61, 0x74,
    0x20, 0x50, 0x65, 0x74, 0x69, 0x74, 0x20, 0x20, 0x20, 0x20, 0x4D, 0x6F,
    0x74, 0x68, 0x20, 0x62, 0x65, 0x63, 0x6F, 0x6D, 0x65, 0x73, 0x20, 0x20,
    0x74, 0x68, 0x65, 0x20, 0x41, 0x54, 0x4B, 0x2F, 0x44, 0x45, 0x46, 0x20,
    0x5E, 0x6F, 0x66, 0x20, 0x43, 0x6F, 0x63, 0x6F, 0x6F, 0x6E, 0x20, 0x6F,
    0x66, 0x45, 0x76, 0x6F, 0x6C, 0x75, 0x74, 0x69, 0x6F, 0x6E, 0x2E, 0x20,
    0x20, 0x20, 0x20, 0x5E, 0x00,
};

const u8 gDescription_MaskOfDarkness[] APPEND_TEXT = {
    0x20, 0x20, 0x5E, 0x32, 0x46, 0x4C, 0x49, 0x50, 0x3A, 0x20, 0x54, 0x61,
    0x72, 0x67, 0x65, 0x74, 0x31, 0x20, 0x54, 0x72, 0x61, 0x70, 0x20, 0x69,
    0x6E, 0x20, 0x79, 0x6F, 0x75, 0x72, 0x47, 0x59, 0x3B, 0x20, 0x61, 0x64,
    0x64, 0x20, 0x74, 0x68, 0x61, 0x74, 0x20, 0x20, 0x74, 0x61, 0x72, 0x67,
    0x65, 0x74, 0x20, 0x74, 0x6F, 0x20, 0x79, 0x6F, 0x75, 0x72, 0x68, 0x61,
    0x6E, 0x64, 0x2E, 0x20, 0x20, 0x20, 0x20, 0x20, 0x20, 0x20, 0x5E, 0x5E,
    0x00,
};

const u8 gDescription_FireReaper[] APPEND_TEXT = {
    0x20, 0x20, 0x5E, 0x32, 0x41, 0x20, 0x72, 0x65, 0x61, 0x70, 0x65, 0x72,
    0x20, 0x20, 0x20, 0x20, 0x77, 0x69, 0x74, 0x68, 0x20, 0x61, 0x20, 0x66,
    0x6C, 0x61, 0x6D, 0x69, 0x6E, 0x67, 0x61, 0x72, 0x72, 0x6F, 0x77, 0x20,
    0x74, 0x68, 0x61, 0x74, 0x20, 0x20, 0x20, 0x20, 0x62, 0x75, 0x72, 0x6E,
    0x73, 0x20, 0x61, 0x6E, 0x20, 0x65, 0x6E, 0x65, 0x6D, 0x79, 0x74, 0x6F,
    0x20, 0x61, 0x20, 0x63, 0x72, 0x69, 0x73, 0x70, 0x2E, 0x20, 0x5E, 0x5E,
    0x00,
};

const u8 gDescription_CyberJar[] APPEND_TEXT = {
    0x20, 0x20, 0x5E, 0x37, 0x46, 0x4C, 0x49, 0x50, 0x3A, 0x20, 0x20, 0x20,
    0x20, 0x20, 0x20, 0x20, 0x44, 0x65, 0x73, 0x74, 0x72, 0x6F, 0x79, 0x20,
    0x61, 0x6C, 0x6C, 0x20, 0x20, 0x20, 0x6D, 0x6F, 0x6E, 0x73, 0x74, 0x65,
    0x72, 0x73, 0x20, 0x6F, 0x6E, 0x20, 0x20, 0x20, 0x74, 0x68, 0x65, 0x20,
    0x66, 0x69, 0x65, 0x6C, 0x64, 0x2C, 0x20, 0x20, 0x20, 0x20, 0x74, 0x68,
    0x65, 0x6E, 0x20, 0x62, 0x6F, 0x74, 0x68, 0x20, 0x20, 0x20, 0x5E, 0x70,
    0x6C, 0x61, 0x79, 0x65, 0x72, 0x73, 0x20, 0x20, 0x20, 0x20, 0x20, 0x72,
    0x65, 0x76, 0x65, 0x61, 0x6C, 0x20, 0x74, 0x68, 0x65, 0x20, 0x74, 0x6F,
    0x70, 0x35, 0x20, 0x63, 0x61, 0x72, 0x64, 0x73, 0x20, 0x66, 0x72, 0x6F,
    0x6D, 0x20, 0x20, 0x74, 0x68, 0x65, 0x69, 0x72, 0x20, 0x44, 0x65, 0x63,
    0x6B, 0x73, 0x2C, 0x20, 0x20, 0x74, 0x68, 0x65, 0x6E, 0x20, 0x53, 0x70,
    0x65, 0x63, 0x69, 0x61, 0x6C, 0x5E, 0x53, 0x75, 0x6D, 0x6D, 0x6F, 0x6E,
    0x20, 0x61, 0x6C, 0x6C, 0x20, 0x20, 0x72, 0x65, 0x76, 0x65, 0x61, 0x6C,
    0x65, 0x64, 0x20, 0x4C, 0x65, 0x76, 0x65, 0x6C, 0x34, 0x20, 0x6F, 0x72,
    0x20, 0x6C, 0x6F, 0x77, 0x65, 0x72, 0x20, 0x20, 0x20, 0x20, 0x6D, 0x6F,
    0x6E, 0x73, 0x74, 0x65, 0x72, 0x73, 0x20, 0x69, 0x6E, 0x20, 0x20, 0x20,
    0x66, 0x61, 0x63, 0x65, 0x2D, 0x75, 0x70, 0x20, 0x20, 0x20, 0x20, 0x20,
    0x5E, 0x41, 0x74, 0x74, 0x61, 0x63, 0x6B, 0x20, 0x20, 0x20, 0x20, 0x20,
    0x20, 0x50, 0x6F, 0x73, 0x69, 0x74, 0x69, 0x6F, 0x6E, 0x20, 0x6F, 0x72,
    0x20, 0x20, 0x20, 0x66, 0x61, 0x63, 0x65, 0x2D, 0x64, 0x6F, 0x77, 0x6E,
    0x20, 0x20, 0x20, 0x20, 0x20, 0x44, 0x65, 0x66, 0x65, 0x6E, 0x73, 0x65,
    0x20, 0x20, 0x20, 0x20, 0x20, 0x20, 0x20, 0x50, 0x6F, 0x73, 0x69, 0x74,
    0x69, 0x6F, 0x6E, 0x2C, 0x20, 0x20, 0x20, 0x5E, 0x61, 0x6C, 0x73, 0x6F,
    0x20, 0x61, 0x64, 0x64, 0x20, 0x61, 0x6E, 0x79, 0x72, 0x65, 0x6D, 0x61,
    0x69, 0x6E, 0x69, 0x6E, 0x67, 0x20, 0x20, 0x20, 0x20, 0x20, 0x63, 0x61,
    0x72, 0x64, 0x73, 0x20, 0x74, 0x6F, 0x20, 0x74, 0x68, 0x65, 0x69, 0x72,
    0x68, 0x61, 0x6E, 0x64, 0x2E, 0x20, 0x28, 0x49, 0x66, 0x20, 0x20, 0x20,
    0x20, 0x20, 0x65, 0x69, 0x74, 0x68, 0x65, 0x72, 0x20, 0x20, 0x20, 0x20,
    0x20, 0x20, 0x5E, 0x70, 0x6C, 0x61, 0x79, 0x65, 0x72, 0x20, 0x68, 0x61,
    0x73, 0x20, 0x20, 0x6C, 0x65, 0x73, 0x73, 0x20, 0x74, 0x68, 0x61, 0x6E,
    0x20, 0x35, 0x20, 0x20, 0x20, 0x63, 0x61, 0x72, 0x64, 0x73, 0x20, 0x69,
    0x6E, 0x20, 0x74, 0x68, 0x65, 0x69, 0x72, 0x44, 0x65, 0x63, 0x6B, 0x2C,
    0x20, 0x72, 0x65, 0x76, 0x65, 0x61, 0x6C, 0x20, 0x20, 0x61, 0x73, 0x20,
    0x6D, 0x61, 0x6E, 0x79, 0x20, 0x61, 0x73, 0x20, 0x20, 0x5E, 0x70, 0x6F,
    0x73, 0x73, 0x69, 0x62, 0x6C, 0x65, 0x2E, 0x29, 0x20, 0x20, 0x5E, 0x00,
};

const u8 gDescription_DesFeralImp[] APPEND_TEXT = {
    0x20, 0x20, 0x5E, 0x32, 0x46, 0x4C, 0x49, 0x50, 0x3A, 0x20, 0x54, 0x61,
    0x72, 0x67, 0x65, 0x74, 0x31, 0x20, 0x63, 0x61, 0x72, 0x64, 0x20, 0x69,
    0x6E, 0x20, 0x79, 0x6F, 0x75, 0x72, 0x47, 0x72, 0x61, 0x76, 0x65, 0x79,
    0x61, 0x72, 0x64, 0x3B, 0x20, 0x20, 0x20, 0x20, 0x73, 0x68, 0x75, 0x66,
    0x66, 0x6C, 0x65, 0x20, 0x74, 0x68, 0x61, 0x74, 0x20, 0x20, 0x74, 0x61,
    0x72, 0x67, 0x65, 0x74, 0x20, 0x69, 0x6E, 0x74, 0x6F, 0x20, 0x5E, 0x74,
    0x68, 0x65, 0x20, 0x44, 0x65, 0x63, 0x6B, 0x2E, 0x20, 0x20, 0x20, 0x5E,
    0x00,
};

const u8 gDescription_MysteriousPuppeteer[] APPEND_TEXT = {
    0x20, 0x20, 0x5E, 0x32, 0x45, 0x61, 0x63, 0x68, 0x20, 0x74, 0x69, 0x6D,
    0x65, 0x20, 0x20, 0x20, 0x79, 0x6F, 0x75, 0x20, 0x6F, 0x72, 0x20, 0x79,
    0x6F, 0x75, 0x72, 0x20, 0x20, 0x20, 0x6F, 0x70, 0x70, 0x6F, 0x6E, 0x65,
    0x6E, 0x74, 0x20, 0x20, 0x20, 0x20, 0x20, 0x20, 0x4E, 0x6F, 0x72, 0x6D,
    0x61, 0x6C, 0x20, 0x53, 0x75, 0x6D, 0x6D, 0x6F, 0x6E, 0x73, 0x6F, 0x72,
    0x20, 0x46, 0x6C, 0x69, 0x70, 0x20, 0x20, 0x20, 0x20, 0x20, 0x5E, 0x53,
    0x75, 0x6D, 0x6D, 0x6F, 0x6E, 0x73, 0x20, 0x61, 0x20, 0x20, 0x20, 0x6D,
    0x6F, 0x6E, 0x73, 0x74, 0x65, 0x72, 0x2C, 0x20, 0x20, 0x20, 0x20, 0x20,
    0x20, 0x69, 0x6E, 0x63, 0x72, 0x65, 0x61, 0x73, 0x65, 0x20, 0x79, 0x6F,
    0x75, 0x72, 0x20, 0x4C, 0x69, 0x66, 0x65, 0x20, 0x50, 0x6F, 0x69, 0x6E,
    0x74, 0x73, 0x20, 0x62, 0x79, 0x35, 0x30, 0x30, 0x20, 0x70, 0x6F, 0x69,
    0x6E, 0x74, 0x73, 0x2E, 0x20, 0x5E, 0x00,
};

const u8 gDescription_BigEye[] APPEND_TEXT = {
    0x20, 0x20, 0x5E, 0x32, 0x46, 0x4C, 0x49, 0x50, 0x3A, 0x20, 0x4C, 0x6F,
    0x6F, 0x6B, 0x20, 0x20, 0x61, 0x74, 0x20, 0x75, 0x70, 0x20, 0x74, 0x6F,
    0x20, 0x35, 0x20, 0x20, 0x20, 0x20, 0x63, 0x61, 0x72, 0x64, 0x73, 0x20,
    0x66, 0x72, 0x6F, 0x6D, 0x20, 0x74, 0x68, 0x65, 0x74, 0x6F, 0x70, 0x20,
    0x6F, 0x66, 0x20, 0x79, 0x6F, 0x75, 0x72, 0x20, 0x20, 0x20, 0x44, 0x65,
    0x63, 0x6B, 0x2C, 0x20, 0x74, 0x68, 0x65, 0x6E, 0x20, 0x20, 0x5E, 0x70,
    0x6C, 0x61, 0x63, 0x65, 0x20, 0x74, 0x68, 0x65, 0x6D, 0x20, 0x20, 0x6F,
    0x6E, 0x20, 0x74, 0x68, 0x65, 0x20, 0x74, 0x6F, 0x70, 0x20, 0x6F, 0x66,
    0x20, 0x74, 0x68, 0x65, 0x20, 0x44, 0x65, 0x63, 0x6B, 0x20, 0x69, 0x6E,
    0x20, 0x20, 0x20, 0x61, 0x6E, 0x79, 0x20, 0x6F, 0x72, 0x64, 0x65, 0x72,
    0x2E, 0x20, 0x20, 0x20, 0x20, 0x5E, 0x00,
};

const u8 gDescription_GiantRat[] APPEND_TEXT = {
    0x20, 0x20, 0x5E, 0x33, 0x57, 0x68, 0x65, 0x6E, 0x20, 0x74, 0x68, 0x69,
    0x73, 0x20, 0x20, 0x20, 0x63, 0x61, 0x72, 0x64, 0x20, 0x69, 0x73, 0x20,
    0x20, 0x20, 0x20, 0x20, 0x20, 0x20, 0x64, 0x65, 0x73, 0x74, 0x72, 0x6F,
    0x79, 0x65, 0x64, 0x20, 0x62, 0x79, 0x20, 0x20, 0x62, 0x61, 0x74, 0x74,
    0x6C, 0x65, 0x20, 0x61, 0x6E, 0x64, 0x20, 0x20, 0x20, 0x20, 0x73, 0x65,
    0x6E, 0x74, 0x20, 0x74, 0x6F, 0x20, 0x74, 0x68, 0x65, 0x20, 0x5E, 0x47,
    0x72, 0x61, 0x76, 0x65, 0x79, 0x61, 0x72, 0x64, 0x3A, 0x20, 0x20, 0x59,
    0x6F, 0x75, 0x20, 0x63, 0x61, 0x6E, 0x20, 0x20, 0x20, 0x20, 0x20, 0x20,
    0x20, 0x53, 0x70, 0x65, 0x63, 0x69, 0x61, 0x6C, 0x20, 0x53, 0x75, 0x6D,
    0x6D, 0x6F, 0x6E, 0x31, 0x20, 0x45, 0x41, 0x52, 0x54, 0x48, 0x20, 0x20,
    0x20, 0x20, 0x20, 0x20, 0x20, 0x6D, 0x6F, 0x6E, 0x73, 0x74, 0x65, 0x72,
    0x20, 0x77, 0x69, 0x74, 0x68, 0x5E, 0x31, 0x35, 0x30, 0x30, 0x20, 0x6F,
    0x72, 0x20, 0x6C, 0x65, 0x73, 0x73, 0x41, 0x54, 0x4B, 0x20, 0x66, 0x72,
    0x6F, 0x6D, 0x20, 0x79, 0x6F, 0x75, 0x72, 0x20, 0x44, 0x65, 0x63, 0x6B,
    0x2C, 0x20, 0x69, 0x6E, 0x20, 0x20, 0x20, 0x20, 0x20, 0x20, 0x41, 0x74,
    0x74, 0x61, 0x63, 0x6B, 0x20, 0x20, 0x20, 0x20, 0x20, 0x20, 0x20, 0x20,
    0x50, 0x6F, 0x73, 0x69, 0x74, 0x69, 0x6F, 0x6E, 0x2E, 0x20, 0x20, 0x20,
    0x5E, 0x00,
};

const u8 gDescription_KarateMan[] APPEND_TEXT = {
    0x20, 0x20, 0x5E, 0x33, 0x59, 0x6F, 0x75, 0x20, 0x63, 0x61, 0x6E, 0x20,
    0x20, 0x20, 0x20, 0x20, 0x64, 0x6F, 0x75, 0x62, 0x6C, 0x65, 0x20, 0x74,
    0x68, 0x65, 0x20, 0x20, 0x20, 0x20, 0x6F, 0x72, 0x69, 0x67, 0x69, 0x6E,
    0x61, 0x6C, 0x20, 0x41, 0x54, 0x4B, 0x20, 0x20, 0x6F, 0x66, 0x20, 0x74,
    0x68, 0x69, 0x73, 0x20, 0x63, 0x61, 0x72, 0x64, 0x20, 0x20, 0x6F, 0x6E,
    0x63, 0x65, 0x20, 0x70, 0x65, 0x72, 0x20, 0x20, 0x20, 0x20, 0x5E, 0x74,
    0x75, 0x72, 0x6E, 0x2E, 0x20, 0x49, 0x66, 0x20, 0x79, 0x6F, 0x75, 0x75,
    0x73, 0x65, 0x64, 0x20, 0x74, 0x68, 0x69, 0x73, 0x20, 0x20, 0x20, 0x20,
    0x20, 0x65, 0x66, 0x66, 0x65, 0x63, 0x74, 0x2C, 0x20, 0x20, 0x20, 0x20,
    0x20, 0x20, 0x20, 0x64, 0x65, 0x73, 0x74, 0x72, 0x6F, 0x79, 0x20, 0x74,
    0x68, 0x69, 0x73, 0x20, 0x20, 0x63, 0x61, 0x72, 0x64, 0x20, 0x64, 0x75,
    0x72, 0x69, 0x6E, 0x67, 0x20, 0x5E, 0x74, 0x68, 0x65, 0x20, 0x45, 0x6E,
    0x64, 0x20, 0x20, 0x20, 0x20, 0x20, 0x50, 0x68, 0x61, 0x73, 0x65, 0x2E,
    0x20, 0x20, 0x20, 0x20, 0x20, 0x20, 0x20, 0x20, 0x5E, 0x00,
};

const u8 gDescription_GiantGerm[] APPEND_TEXT = {
    0x20, 0x20, 0x5E, 0x34, 0x57, 0x68, 0x65, 0x6E, 0x20, 0x74, 0x68, 0x69,
    0x73, 0x20, 0x20, 0x20, 0x63, 0x61, 0x72, 0x64, 0x20, 0x69, 0x73, 0x20,
    0x20, 0x20, 0x20, 0x20, 0x20, 0x20, 0x64, 0x65, 0x73, 0x74, 0x72, 0x6F,
    0x79, 0x65, 0x64, 0x20, 0x62, 0x79, 0x20, 0x20, 0x62, 0x61, 0x74, 0x74,
    0x6C, 0x65, 0x20, 0x61, 0x6E, 0x64, 0x20, 0x20, 0x20, 0x20, 0x73, 0x65,
    0x6E, 0x74, 0x20, 0x74, 0x6F, 0x20, 0x74, 0x68, 0x65, 0x20, 0x5E, 0x47,
    0x72, 0x61, 0x76, 0x65, 0x79, 0x61, 0x72, 0x64, 0x3A, 0x20, 0x20, 0x49,
    0x6E, 0x66, 0x6C, 0x69, 0x63, 0x74, 0x20, 0x35, 0x30, 0x30, 0x20, 0x20,
    0x20, 0x64, 0x61, 0x6D, 0x61, 0x67, 0x65, 0x20, 0x74, 0x6F, 0x20, 0x79,
    0x6F, 0x75, 0x72, 0x6F, 0x70, 0x70, 0x6F, 0x6E, 0x65, 0x6E, 0x74, 0x2C,
    0x20, 0x74, 0x68, 0x65, 0x6E, 0x79, 0x6F, 0x75, 0x20, 0x63, 0x61, 0x6E,
    0x20, 0x20, 0x20, 0x20, 0x20, 0x5E, 0x53, 0x70, 0x65, 0x63, 0x69, 0x61,
    0x6C, 0x20, 0x20, 0x20, 0x20, 0x20, 0x53, 0x75, 0x6D, 0x6D, 0x6F, 0x6E,
    0x20, 0x61, 0x6E, 0x79, 0x20, 0x20, 0x20, 0x20, 0x6E, 0x75, 0x6D, 0x62,
    0x65, 0x72, 0x20, 0x6F, 0x66, 0x20, 0x20, 0x20, 0x20, 0x20, 0x47, 0x69,
    0x61, 0x6E, 0x74, 0x20, 0x47, 0x65, 0x72, 0x6D, 0x73, 0x20, 0x20, 0x20,
    0x66, 0x72, 0x6F, 0x6D, 0x20, 0x79, 0x6F, 0x75, 0x72, 0x20, 0x20, 0x20,
    0x5E, 0x44, 0x65, 0x63, 0x6B, 0x20, 0x69, 0x6E, 0x20, 0x20, 0x20, 0x20,
    0x20, 0x66, 0x61, 0x63, 0x65, 0x2D, 0x75, 0x70, 0x20, 0x41, 0x74, 0x74,
    0x61, 0x63, 0x6B, 0x50, 0x6F, 0x73, 0x69, 0x74, 0x69, 0x6F, 0x6E, 0x2E,
    0x20, 0x20, 0x20, 0x20, 0x20, 0x5E, 0x00,
};

const u8 gDescription_NimbleMomonga[] APPEND_TEXT = {
    0x20, 0x20, 0x5E, 0x34, 0x57, 0x68, 0x65, 0x6E, 0x20, 0x74, 0x68, 0x69,
    0x73, 0x20, 0x20, 0x20, 0x63, 0x61, 0x72, 0x64, 0x20, 0x69, 0x73, 0x20,
    0x20, 0x20, 0x20, 0x20, 0x20, 0x20, 0x64, 0x65, 0x73, 0x74, 0x72, 0x6F,
    0x79, 0x65, 0x64, 0x20, 0x62, 0x79, 0x20, 0x20, 0x62, 0x61, 0x74, 0x74,
    0x6C, 0x65, 0x20, 0x61, 0x6E, 0x64, 0x20, 0x20, 0x20, 0x20, 0x73, 0x65,
    0x6E, 0x74, 0x20, 0x74, 0x6F, 0x20, 0x74, 0x68, 0x65, 0x20, 0x5E, 0x47,
    0x72, 0x61, 0x76, 0x65, 0x79, 0x61, 0x72, 0x64, 0x3A, 0x20, 0x20, 0x47,
    0x61, 0x69, 0x6E, 0x20, 0x31, 0x30, 0x30, 0x30, 0x20, 0x4C, 0x69, 0x66,
    0x65, 0x50, 0x6F, 0x69, 0x6E, 0x74, 0x73, 0x2C, 0x20, 0x74, 0x68, 0x65,
    0x6E, 0x20, 0x20, 0x79, 0x6F, 0x75, 0x20, 0x63, 0x61, 0x6E, 0x20, 0x20,
    0x20, 0x20, 0x20, 0x20, 0x20, 0x53, 0x70, 0x65, 0x63, 0x69, 0x61, 0x6C,
    0x20, 0x20, 0x20, 0x20, 0x20, 0x5E, 0x53, 0x75, 0x6D, 0x6D, 0x6F, 0x6E,
    0x20, 0x61, 0x6E, 0x79, 0x20, 0x20, 0x6E, 0x75, 0x6D, 0x62, 0x65, 0x72,
    0x20, 0x6F, 0x66, 0x20, 0x20, 0x20, 0x20, 0x20, 0x4E, 0x69, 0x6D, 0x62,
    0x6C, 0x65, 0x20, 0x20, 0x20, 0x20, 0x20, 0x20, 0x20, 0x20, 0x4D, 0x6F,
    0x6D, 0x6F, 0x6E, 0x67, 0x61, 0x73, 0x20, 0x66, 0x72, 0x6F, 0x6D, 0x20,
    0x79, 0x6F, 0x75, 0x72, 0x20, 0x44, 0x65, 0x63, 0x6B, 0x20, 0x69, 0x6E,
    0x5E, 0x66, 0x61, 0x63, 0x65, 0x2D, 0x64, 0x6F, 0x77, 0x6E, 0x20, 0x20,
    0x20, 0x44, 0x65, 0x66, 0x65, 0x6E, 0x73, 0x65, 0x20, 0x20, 0x20, 0x20,
    0x20, 0x20, 0x20, 0x50, 0x6F, 0x73, 0x69, 0x74, 0x69, 0x6F, 0x6E, 0x2E,
    0x20, 0x20, 0x20, 0x20, 0x20, 0x5E, 0x00,
};

const u8 gDescription_CeremonialBell[] APPEND_TEXT = {
    0x20, 0x20, 0x5E, 0x32, 0x42, 0x6F, 0x74, 0x68, 0x20, 0x70, 0x6C, 0x61,
    0x79, 0x65, 0x72, 0x73, 0x6D, 0x75, 0x73, 0x74, 0x20, 0x6B, 0x65, 0x65,
    0x70, 0x20, 0x20, 0x20, 0x20, 0x20, 0x74, 0x68, 0x65, 0x69, 0x72, 0x20,
    0x68, 0x61, 0x6E, 0x64, 0x73, 0x20, 0x20, 0x20, 0x72, 0x65, 0x76, 0x65,
    0x61, 0x6C, 0x65, 0x64, 0x2E, 0x20, 0x20, 0x20, 0x20, 0x20, 0x5E, 0x5E,
    0x00,
};

const u8 gDescription_JamBreedingMachine[] APPEND_TEXT = {
    0x20, 0x20, 0x5E, 0x34, 0x44, 0x75, 0x72, 0x69, 0x6E, 0x67, 0x20, 0x65,
    0x61, 0x63, 0x68, 0x20, 0x6F, 0x66, 0x20, 0x79, 0x6F, 0x75, 0x72, 0x20,
    0x20, 0x20, 0x20, 0x20, 0x20, 0x20, 0x53, 0x74, 0x61, 0x6E, 0x64, 0x62,
    0x79, 0x20, 0x20, 0x20, 0x20, 0x20, 0x20, 0x20, 0x50, 0x68, 0x61, 0x73,
    0x65, 0x73, 0x3A, 0x20, 0x20, 0x20, 0x20, 0x20, 0x20, 0x20, 0x53, 0x70,
    0x65, 0x63, 0x69, 0x61, 0x6C, 0x20, 0x20, 0x20, 0x20, 0x20, 0x5E, 0x53,
    0x75, 0x6D, 0x6D, 0x6F, 0x6E, 0x20, 0x31, 0x20, 0x20, 0x20, 0x20, 0x53,
    0x6C, 0x69, 0x6D, 0x65, 0x20, 0x54, 0x6F, 0x6B, 0x65, 0x6E, 0x20, 0x20,
    0x20, 0x54, 0x45, 0x52, 0x2F, 0x4C, 0x45, 0x56, 0x45, 0x4C, 0x20, 0x20,
    0x20, 0x20, 0x20, 0x31, 0x2F, 0x41, 0x54, 0x4B, 0x20, 0x35, 0x30, 0x30,
    0x2F, 0x44, 0x45, 0x46, 0x20, 0x35, 0x30, 0x30, 0x29, 0x20, 0x69, 0x6E,
    0x20, 0x20, 0x20, 0x20, 0x20, 0x5E, 0x41, 0x74, 0x74, 0x61, 0x63, 0x6B,
    0x20, 0x20, 0x20, 0x20, 0x20, 0x20, 0x50, 0x6F, 0x73, 0x69, 0x74, 0x69,
    0x6F, 0x6E, 0x2E, 0x20, 0x59, 0x6F, 0x75, 0x20, 0x63, 0x61, 0x6E, 0x6E,
    0x6F, 0x74, 0x20, 0x53, 0x75, 0x6D, 0x6D, 0x6F, 0x6E, 0x20, 0x61, 0x6E,
    0x79, 0x20, 0x6D, 0x6F, 0x6E, 0x73, 0x74, 0x65, 0x72, 0x73, 0x2C, 0x20,
    0x65, 0x78, 0x63, 0x65, 0x70, 0x74, 0x20, 0x53, 0x6C, 0x69, 0x6D, 0x65,
    0x5E, 0x54, 0x6F, 0x6B, 0x65, 0x6E, 0x73, 0x20, 0x28, 0x62, 0x75, 0x74,
    0x20, 0x79, 0x6F, 0x75, 0x20, 0x63, 0x61, 0x6E, 0x20, 0x53, 0x65, 0x74,
    0x29, 0x2E, 0x20, 0x5E, 0x00,
};

const u8 gDescription_SliferTheSkyDragon[] APPEND_TEXT = {
    0x20, 0x20, 0x5E, 0x39, 0x52, 0x65, 0x71, 0x75, 0x69, 0x72, 0x65, 0x73,
    0x20, 0x33, 0x20, 0x20, 0x54, 0x72, 0x69, 0x62, 0x75, 0x74, 0x65, 0x73,
    0x20, 0x74, 0x6F, 0x20, 0x20, 0x20, 0x4E, 0x6F, 0x72, 0x6D, 0x61, 0x6C,
    0x20, 0x53, 0x75, 0x6D, 0x6D, 0x6F, 0x6E, 0x20, 0x28, 0x63, 0x61, 0x6E,
    0x6E, 0x6F, 0x74, 0x20, 0x62, 0x65, 0x20, 0x20, 0x20, 0x20, 0x4E, 0x6F,
    0x72, 0x6D, 0x61, 0x6C, 0x20, 0x53, 0x65, 0x74, 0x29, 0x2E, 0x5E, 0x54,
    0x68, 0x69, 0x73, 0x20, 0x63, 0x61, 0x72, 0x64, 0x27, 0x73, 0x20, 0x4E,
    0x6F, 0x72, 0x6D, 0x61, 0x6C, 0x20, 0x53, 0x75, 0x6D, 0x6D, 0x6F, 0x6E,
    0x20, 0x63, 0x61, 0x6E, 0x6E, 0x6F, 0x74, 0x20, 0x62, 0x65, 0x20, 0x20,
    0x20, 0x20, 0x20, 0x6E, 0x65, 0x67, 0x61, 0x74, 0x65, 0x64, 0x2E, 0x20,
    0x57, 0x68, 0x65, 0x6E, 0x20, 0x4E, 0x6F, 0x72, 0x6D, 0x61, 0x6C, 0x20,
    0x20, 0x20, 0x20, 0x20, 0x20, 0x5E, 0x53, 0x75, 0x6D, 0x6D, 0x6F, 0x6E,
    0x65, 0x64, 0x2C, 0x20, 0x20, 0x20, 0x63, 0x61, 0x72, 0x64, 0x73, 0x20,
    0x61, 0x6E, 0x64, 0x20, 0x20, 0x20, 0x20, 0x20, 0x65, 0x66, 0x66, 0x65,
    0x63, 0x74, 0x73, 0x20, 0x63, 0x61, 0x6E, 0x6E, 0x6F, 0x74, 0x62, 0x65,
    0x20, 0x61, 0x63, 0x74, 0x69, 0x76, 0x61, 0x74, 0x65, 0x64, 0x2E, 0x20,
    0x4F, 0x6E, 0x63, 0x65, 0x20, 0x70, 0x65, 0x72, 0x20, 0x20, 0x20, 0x20,
    0x5E, 0x74, 0x75, 0x72, 0x6E, 0x2C, 0x20, 0x64, 0x75, 0x72, 0x69, 0x6E,
    0x67, 0x74, 0x68, 0x65, 0x20, 0x45, 0x6E, 0x64, 0x20, 0x50, 0x68, 0x61,
    0x73, 0x65, 0x2C, 0x69, 0x66, 0x20, 0x74, 0x68, 0x69, 0x73, 0x20, 0x63,
    0x61, 0x72, 0x64, 0x20, 0x20, 0x77, 0x61, 0x73, 0x20, 0x53, 0x70, 0x65,
    0x63, 0x69, 0x61, 0x6C, 0x20, 0x20, 0x20, 0x53, 0x75, 0x6D, 0x6D, 0x6F,
    0x6E, 0x65, 0x64, 0x3A, 0x20, 0x20, 0x20, 0x5E, 0x53, 0x65, 0x6E, 0x64,
    0x20, 0x69, 0x74, 0x20, 0x74, 0x6F, 0x20, 0x20, 0x74, 0x68, 0x65, 0x20,
    0x47, 0x59, 0x2E, 0x20, 0x47, 0x61, 0x69, 0x6E, 0x73, 0x20, 0x31, 0x30,
    0x30, 0x30, 0x20, 0x41, 0x54, 0x4B, 0x2F, 0x44, 0x45, 0x46, 0x20, 0x20,
    0x66, 0x6F, 0x72, 0x20, 0x65, 0x61, 0x63, 0x68, 0x20, 0x63, 0x61, 0x72,
    0x64, 0x20, 0x69, 0x6E, 0x20, 0x79, 0x6F, 0x75, 0x72, 0x20, 0x20, 0x20,
    0x20, 0x20, 0x5E, 0x68, 0x61, 0x6E, 0x64, 0x2E, 0x20, 0x49, 0x66, 0x20,
    0x61, 0x20, 0x20, 0x6D, 0x6F, 0x6E, 0x73, 0x74, 0x65, 0x72, 0x28, 0x73,
    0x29, 0x20, 0x69, 0x73, 0x20, 0x4E, 0x6F, 0x72, 0x6D, 0x61, 0x6C, 0x20,
    0x6F, 0x72, 0x20, 0x20, 0x20, 0x20, 0x20, 0x53, 0x70, 0x65, 0x63, 0x69,
    0x61, 0x6C, 0x20, 0x20, 0x20, 0x20, 0x20, 0x20, 0x20, 0x53, 0x75, 0x6D,
    0x6D, 0x6F, 0x6E, 0x65, 0x64, 0x20, 0x74, 0x6F, 0x20, 0x5E, 0x79, 0x6F,
    0x75, 0x72, 0x20, 0x20, 0x20, 0x20, 0x20, 0x20, 0x20, 0x20, 0x6F, 0x70,
    0x70, 0x6F, 0x6E, 0x65, 0x6E, 0x74, 0x27, 0x73, 0x20, 0x20, 0x20, 0x20,
    0x66, 0x69, 0x65, 0x6C, 0x64, 0x20, 0x69, 0x6E, 0x20, 0x20, 0x20, 0x20,
    0x20, 0x20, 0x41, 0x74, 0x74, 0x61, 0x63, 0x6B, 0x20, 0x20, 0x20, 0x20,
    0x20, 0x20, 0x20, 0x20, 0x50, 0x6F, 0x73, 0x69, 0x74, 0x69, 0x6F, 0x6E,
    0x3A, 0x20, 0x20, 0x20, 0x5E, 0x54, 0x68, 0x61, 0x74, 0x20, 0x20, 0x20,
    0x20, 0x20, 0x20, 0x20, 0x20, 0x6D, 0x6F, 0x6E, 0x73, 0x74, 0x65, 0x72,
    0x28, 0x73, 0x29, 0x20, 0x20, 0x20, 0x20, 0x6C, 0x6F, 0x73, 0x65, 0x73,
    0x20, 0x32, 0x30, 0x30, 0x30, 0x20, 0x20, 0x20, 0x20, 0x41, 0x54, 0x4B,
    0x2C, 0x20, 0x74, 0x68, 0x65, 0x6E, 0x20, 0x69, 0x66, 0x20, 0x20, 0x69,
    0x74, 0x73, 0x20, 0x41, 0x54, 0x4B, 0x20, 0x68, 0x61, 0x73, 0x20, 0x5E,
    0x62, 0x65, 0x65, 0x6E, 0x20, 0x72, 0x65, 0x64, 0x75, 0x63, 0x65, 0x64,
    0x74, 0x6F, 0x20, 0x30, 0x20, 0x61, 0x73, 0x20, 0x61, 0x20, 0x20, 0x20,
    0x20, 0x20, 0x72, 0x65, 0x73, 0x75, 0x6C, 0x74, 0x2C, 0x20, 0x20, 0x20,
    0x20, 0x20, 0x20, 0x20, 0x64, 0x65, 0x73, 0x74, 0x72, 0x6F, 0x79, 0x20,
    0x69, 0x74, 0x2E, 0x20, 0x20, 0x20, 0x5E, 0x00,
};

const u8 gDescription_PrincessOfTsurugi[] APPEND_TEXT = {
    0x20, 0x20, 0x5E, 0x32, 0x46, 0x4C, 0x49, 0x50, 0x3A, 0x20, 0x20, 0x20,
    0x20, 0x20, 0x20, 0x20, 0x49, 0x6E, 0x66, 0x6C, 0x69, 0x63, 0x74, 0x20,
    0x35, 0x30, 0x30, 0x20, 0x20, 0x20, 0x64, 0x61, 0x6D, 0x61, 0x67, 0x65,
    0x20, 0x74, 0x6F, 0x20, 0x79, 0x6F, 0x75, 0x72, 0x6F, 0x70, 0x70, 0x6F,
    0x6E, 0x65, 0x6E, 0x74, 0x20, 0x66, 0x6F, 0x72, 0x20, 0x20, 0x65, 0x61,
    0x63, 0x68, 0x20, 0x53, 0x70, 0x65, 0x6C, 0x6C, 0x20, 0x20, 0x5E, 0x61,
    0x6E, 0x64, 0x20, 0x54, 0x72, 0x61, 0x70, 0x20, 0x20, 0x20, 0x20, 0x43,
    0x61, 0x72, 0x64, 0x20, 0x6F, 0x6E, 0x20, 0x79, 0x6F, 0x75, 0x72, 0x20,
    0x20, 0x6F, 0x70, 0x70, 0x6F, 0x6E, 0x65, 0x6E, 0x74, 0x27, 0x73, 0x20,
    0x20, 0x20, 0x20, 0x73, 0x69, 0x64, 0x65, 0x20, 0x6F, 0x66, 0x20, 0x74,
    0x68, 0x65, 0x20, 0x20, 0x20, 0x66, 0x69, 0x65, 0x6C, 0x64, 0x2E, 0x20,
    0x20, 0x20, 0x20, 0x20, 0x20, 0x5E, 0x00,
};

const u8 gDescription_PetitMoth[] APPEND_TEXT = {
    0x20, 0x20, 0x5E, 0x32, 0x54, 0x68, 0x69, 0x73, 0x20, 0x73, 0x6D, 0x61,
    0x6C, 0x6C, 0x20, 0x20, 0x62, 0x75, 0x74, 0x20, 0x64, 0x65, 0x61, 0x64,
    0x6C, 0x79, 0x20, 0x20, 0x20, 0x20, 0x63, 0x72, 0x65, 0x61, 0x74, 0x75,
    0x72, 0x65, 0x20, 0x69, 0x73, 0x20, 0x20, 0x20, 0x62, 0x65, 0x74, 0x74,
    0x65, 0x72, 0x20, 0x6F, 0x66, 0x66, 0x20, 0x20, 0x20, 0x20, 0x61, 0x76,
    0x6F, 0x69, 0x64, 0x65, 0x64, 0x2E, 0x20, 0x20, 0x20, 0x20, 0x5E, 0x5E,
    0x00,
};

const u8 gDescription_TheWingedDragonOfRaSphereMode[] APPEND_TEXT = {
    0x20, 0x20, 0x5E, 0x39, 0x43, 0x61, 0x6E, 0x6E, 0x6F, 0x74, 0x20, 0x62,
    0x65, 0x20, 0x20, 0x20, 0x53, 0x70, 0x65, 0x63, 0x69, 0x61, 0x6C, 0x20,
    0x20, 0x20, 0x20, 0x20, 0x20, 0x20, 0x53, 0x75, 0x6D, 0x6D, 0x6F, 0x6E,
    0x65, 0x64, 0x2E, 0x20, 0x20, 0x20, 0x20, 0x20, 0x52, 0x65, 0x71, 0x75,
    0x69, 0x72, 0x65, 0x73, 0x20, 0x33, 0x20, 0x20, 0x20, 0x20, 0x54, 0x72,
    0x69, 0x62, 0x75, 0x74, 0x65, 0x73, 0x20, 0x20, 0x20, 0x20, 0x5E, 0x66,
    0x72, 0x6F, 0x6D, 0x20, 0x65, 0x69, 0x74, 0x68, 0x65, 0x72, 0x20, 0x73,
    0x69, 0x64, 0x65, 0x20, 0x6F, 0x66, 0x20, 0x74, 0x68, 0x65, 0x20, 0x20,
    0x20, 0x66, 0x69, 0x65, 0x6C, 0x64, 0x20, 0x74, 0x6F, 0x20, 0x20, 0x20,
    0x20, 0x20, 0x20, 0x4E, 0x6F, 0x72, 0x6D, 0x61, 0x6C, 0x20, 0x53, 0x75,
    0x6D, 0x6D, 0x6F, 0x6E, 0x20, 0x74, 0x6F, 0x20, 0x74, 0x68, 0x61, 0x74,
    0x20, 0x73, 0x69, 0x64, 0x65, 0x5E, 0x6F, 0x66, 0x20, 0x74, 0x68, 0x65,
    0x20, 0x66, 0x69, 0x65, 0x6C, 0x64, 0x28, 0x63, 0x61, 0x6E, 0x6E, 0x6F,
    0x74, 0x20, 0x62, 0x65, 0x20, 0x20, 0x20, 0x20, 0x4E, 0x6F, 0x72, 0x6D,
    0x61, 0x6C, 0x20, 0x53, 0x65, 0x74, 0x29, 0x2C, 0x20, 0x20, 0x74, 0x68,
    0x65, 0x6E, 0x20, 0x73, 0x68, 0x69, 0x66, 0x74, 0x20, 0x20, 0x20, 0x20,
    0x63, 0x6F, 0x6E, 0x74, 0x72, 0x6F, 0x6C, 0x20, 0x74, 0x6F, 0x20, 0x20,
    0x5E, 0x74, 0x68, 0x69, 0x73, 0x20, 0x63, 0x61, 0x72, 0x64, 0x27, 0x73,
    0x20, 0x6F, 0x77, 0x6E, 0x65, 0x72, 0x20, 0x64, 0x75, 0x72, 0x69, 0x6E,
    0x67, 0x20, 0x20, 0x74, 0x68, 0x65, 0x20, 0x45, 0x6E, 0x64, 0x20, 0x50,
    0x68, 0x61, 0x73, 0x65, 0x20, 0x6F, 0x66, 0x20, 0x74, 0x68, 0x65, 0x20,
    0x6E, 0x65, 0x78, 0x74, 0x20, 0x20, 0x20, 0x74, 0x75, 0x72, 0x6E, 0x2E,
    0x20, 0x43, 0x61, 0x6E, 0x6E, 0x6F, 0x74, 0x5E, 0x61, 0x74, 0x74, 0x61,
    0x63, 0x6B, 0x2E, 0x20, 0x59, 0x6F, 0x75, 0x72, 0x6F, 0x70, 0x70, 0x6F,
    0x6E, 0x65, 0x6E, 0x74, 0x20, 0x20, 0x20, 0x20, 0x20, 0x20, 0x63, 0x61,
    0x6E, 0x6E, 0x6F, 0x74, 0x20, 0x74, 0x61, 0x72, 0x67, 0x65, 0x74, 0x20,
    0x74, 0x68, 0x69, 0x73, 0x20, 0x63, 0x61, 0x72, 0x64, 0x20, 0x66, 0x6F,
    0x72, 0x20, 0x61, 0x74, 0x74, 0x61, 0x63, 0x6B, 0x73, 0x20, 0x6F, 0x72,
    0x20, 0x20, 0x5E, 0x62, 0x79, 0x20, 0x63, 0x61, 0x72, 0x64, 0x20, 0x20,
    0x20, 0x20, 0x20, 0x65, 0x66, 0x66, 0x65, 0x63, 0x74, 0x73, 0x2E, 0x20,
    0x59, 0x6F, 0x75, 0x20, 0x20, 0x63, 0x61, 0x6E, 0x20, 0x54, 0x72, 0x69,
    0x62, 0x75, 0x74, 0x65, 0x20, 0x20, 0x20, 0x74, 0x68, 0x69, 0x73, 0x20,
    0x63, 0x61, 0x72, 0x64, 0x3B, 0x20, 0x20, 0x20, 0x20, 0x53, 0x70, 0x65,
    0x63, 0x69, 0x61, 0x6C, 0x20, 0x20, 0x20, 0x20, 0x20, 0x5E, 0x53, 0x75,
    0x6D, 0x6D, 0x6F, 0x6E, 0x20, 0x31, 0x20, 0x54, 0x68, 0x65, 0x57, 0x69,
    0x6E, 0x67, 0x65, 0x64, 0x20, 0x44, 0x72, 0x61, 0x67, 0x6F, 0x6E, 0x20,
    0x6F, 0x66, 0x20, 0x52, 0x61, 0x20, 0x66, 0x72, 0x6F, 0x6D, 0x20, 0x20,
    0x20, 0x20, 0x79, 0x6F, 0x75, 0x72, 0x20, 0x68, 0x61, 0x6E, 0x64, 0x20,
    0x6F, 0x72, 0x20, 0x20, 0x44, 0x65, 0x63, 0x6B, 0x2C, 0x20, 0x20, 0x20,
    0x20, 0x20, 0x20, 0x20, 0x5E, 0x69, 0x67, 0x6E, 0x6F, 0x72, 0x69, 0x6E,
    0x67, 0x20, 0x69, 0x74, 0x73, 0x53, 0x75, 0x6D, 0x6D, 0x6F, 0x6E, 0x69,
    0x6E, 0x67, 0x20, 0x20, 0x20, 0x20, 0x20, 0x63, 0x6F, 0x6E, 0x64, 0x69,
    0x74, 0x69, 0x6F, 0x6E, 0x73, 0x2C, 0x20, 0x20, 0x20, 0x61, 0x6E, 0x64,
    0x20, 0x69, 0x66, 0x20, 0x79, 0x6F, 0x75, 0x20, 0x64, 0x6F, 0x2C, 0x69,
    0x74, 0x73, 0x20, 0x41, 0x54, 0x4B, 0x2F, 0x44, 0x45, 0x46, 0x20, 0x5E,
    0x62, 0x65, 0x63, 0x6F, 0x6D, 0x65, 0x20, 0x34, 0x30, 0x30, 0x30, 0x2E,
    0x5E, 0x00,
};

const u8 gDescription_Sparks[] APPEND_TEXT = {
    0x20, 0x20, 0x5E, 0x32, 0x49, 0x6E, 0x66, 0x6C, 0x69, 0x63, 0x74, 0x20,
    0x32, 0x30, 0x30, 0x20, 0x70, 0x6F, 0x69, 0x6E, 0x74, 0x73, 0x20, 0x6F,
    0x66, 0x20, 0x20, 0x20, 0x20, 0x20, 0x64, 0x61, 0x6D, 0x61, 0x67, 0x65,
    0x20, 0x74, 0x6F, 0x20, 0x79, 0x6F, 0x75, 0x72, 0x6F, 0x70, 0x70, 0x6F,
    0x6E, 0x65, 0x6E, 0x74, 0x27, 0x73, 0x20, 0x20, 0x20, 0x20, 0x4C, 0x69,
    0x66, 0x65, 0x20, 0x50, 0x6F, 0x69, 0x6E, 0x74, 0x73, 0x2E, 0x5E, 0x5E,
    0x00,
};

const u8 gDescription_Hinotama[] APPEND_TEXT = {
    0x20, 0x20, 0x5E, 0x32, 0x49, 0x6E, 0x66, 0x6C, 0x69, 0x63, 0x74, 0x20,
    0x35, 0x30, 0x30, 0x20, 0x64, 0x61, 0x6D, 0x61, 0x67, 0x65, 0x20, 0x74,
    0x6F, 0x20, 0x79, 0x6F, 0x75, 0x72, 0x6F, 0x70, 0x70, 0x6F, 0x6E, 0x65,
    0x6E, 0x74, 0x2E, 0x20, 0x20, 0x20, 0x20, 0x20, 0x5E, 0x5E, 0x00,
};

const u8 gDescription_FinalFlame[] APPEND_TEXT = {
    0x20, 0x20, 0x5E, 0x32, 0x49, 0x6E, 0x66, 0x6C, 0x69, 0x63, 0x74, 0x20,
    0x36, 0x30, 0x30, 0x20, 0x70, 0x6F, 0x69, 0x6E, 0x74, 0x73, 0x20, 0x6F,
    0x66, 0x20, 0x20, 0x20, 0x20, 0x20, 0x64, 0x61, 0x6D, 0x61, 0x67, 0x65,
    0x20, 0x74, 0x6F, 0x20, 0x79, 0x6F, 0x75, 0x72, 0x6F, 0x70, 0x70, 0x6F,
    0x6E, 0x65, 0x6E, 0x74, 0x27, 0x73, 0x20, 0x20, 0x20, 0x20, 0x4C, 0x69,
    0x66, 0x65, 0x20, 0x50, 0x6F, 0x69, 0x6E, 0x74, 0x73, 0x2E, 0x5E, 0x5E,
    0x00,
};

const u8 gDescription_Ookazi[] APPEND_TEXT = {
    0x20, 0x20, 0x5E, 0x32, 0x49, 0x6E, 0x66, 0x6C, 0x69, 0x63, 0x74, 0x20,
    0x38, 0x30, 0x30, 0x20, 0x64, 0x61, 0x6D, 0x61, 0x67, 0x65, 0x20, 0x74,
    0x6F, 0x20, 0x79, 0x6F, 0x75, 0x72, 0x6F, 0x70, 0x70, 0x6F, 0x6E, 0x65,
    0x6E, 0x74, 0x2E, 0x20, 0x20, 0x20, 0x20, 0x20, 0x5E, 0x5E, 0x00,
};

const u8 gDescription_MonsterTamer[] APPEND_TEXT = {
    0x20, 0x20, 0x5E, 0x32, 0x41, 0x20, 0x6D, 0x61, 0x73, 0x74, 0x65, 0x72,
    0x20, 0x6F, 0x66, 0x20, 0x6D, 0x6F, 0x6E, 0x73, 0x74, 0x65, 0x72, 0x73,
    0x20, 0x74, 0x68, 0x61, 0x74, 0x20, 0x65, 0x78, 0x65, 0x72, 0x63, 0x69,
    0x73, 0x65, 0x73, 0x20, 0x20, 0x20, 0x20, 0x20, 0x63, 0x6F, 0x6E, 0x74,
    0x72, 0x6F, 0x6C, 0x20, 0x6F, 0x76, 0x65, 0x72, 0x20, 0x20, 0x73, 0x65,
    0x76, 0x65, 0x72, 0x61, 0x6C, 0x20, 0x20, 0x20, 0x20, 0x20, 0x5E, 0x63,
    0x72, 0x65, 0x61, 0x74, 0x75, 0x72, 0x65, 0x73, 0x2E, 0x20, 0x20, 0x5E,
    0x00,
};

const u8 gDescription_KaiserSeaHorse[] APPEND_TEXT = {
    0x20, 0x20, 0x5E, 0x32, 0x54, 0x68, 0x69, 0x73, 0x20, 0x63, 0x61, 0x72,
    0x64, 0x20, 0x20, 0x20, 0x63, 0x61, 0x6E, 0x20, 0x62, 0x65, 0x20, 0x74,
    0x72, 0x65, 0x61, 0x74, 0x65, 0x64, 0x61, 0x73, 0x20, 0x32, 0x20, 0x54,
    0x72, 0x69, 0x62, 0x75, 0x74, 0x65, 0x73, 0x20, 0x66, 0x6F, 0x72, 0x20,
    0x74, 0x68, 0x65, 0x20, 0x20, 0x20, 0x20, 0x20, 0x20, 0x20, 0x54, 0x72,
    0x69, 0x62, 0x75, 0x74, 0x65, 0x20, 0x20, 0x20, 0x20, 0x20, 0x5E, 0x53,
    0x75, 0x6D, 0x6D, 0x6F, 0x6E, 0x20, 0x6F, 0x66, 0x20, 0x61, 0x20, 0x4C,
    0x49, 0x47, 0x48, 0x54, 0x20, 0x6D, 0x6F, 0x6E, 0x73, 0x74, 0x65, 0x72,
    0x2E, 0x5E, 0x00,
};

const u8 gDescription_CyberStein[] APPEND_TEXT = {
    0x20, 0x20, 0x5E, 0x32, 0x59, 0x6F, 0x75, 0x20, 0x63, 0x61, 0x6E, 0x20,
    0x70, 0x61, 0x79, 0x20, 0x35, 0x30, 0x30, 0x30, 0x20, 0x4C, 0x50, 0x3B,
    0x20, 0x20, 0x20, 0x20, 0x20, 0x20, 0x53, 0x70, 0x65, 0x63, 0x69, 0x61,
    0x6C, 0x20, 0x53, 0x75, 0x6D, 0x6D, 0x6F, 0x6E, 0x31, 0x20, 0x46, 0x75,
    0x73, 0x69, 0x6F, 0x6E, 0x20, 0x20, 0x20, 0x20, 0x20, 0x20, 0x4D, 0x6F,
    0x6E, 0x73, 0x74, 0x65, 0x72, 0x20, 0x66, 0x72, 0x6F, 0x6D, 0x5E, 0x79,
    0x6F, 0x75, 0x72, 0x20, 0x45, 0x78, 0x74, 0x72, 0x61, 0x20, 0x20, 0x44,
    0x65, 0x63, 0x6B, 0x20, 0x69, 0x6E, 0x20, 0x41, 0x74, 0x74, 0x61, 0x63,
    0x6B, 0x50, 0x6F, 0x73, 0x69, 0x74, 0x69, 0x6F, 0x6E, 0x2E, 0x20, 0x20,
    0x20, 0x20, 0x20, 0x5E, 0x00,
};

const u8 gDescription_GoddessOfWhim[] APPEND_TEXT = {
    0x20, 0x20, 0x5E, 0x33, 0x4F, 0x6E, 0x63, 0x65, 0x20, 0x70, 0x65, 0x72,
    0x20, 0x20, 0x20, 0x20, 0x74, 0x75, 0x72, 0x6E, 0x3A, 0x20, 0x59, 0x6F,
    0x75, 0x20, 0x63, 0x61, 0x6E, 0x20, 0x74, 0x6F, 0x73, 0x73, 0x20, 0x61,
    0x20, 0x63, 0x6F, 0x69, 0x6E, 0x20, 0x20, 0x20, 0x61, 0x6E, 0x64, 0x20,
    0x63, 0x61, 0x6C, 0x6C, 0x20, 0x48, 0x65, 0x61, 0x64, 0x73, 0x6F, 0x72,
    0x20, 0x54, 0x61, 0x69, 0x6C, 0x73, 0x2E, 0x20, 0x49, 0x66, 0x5E, 0x79,
    0x6F, 0x75, 0x20, 0x63, 0x61, 0x6C, 0x6C, 0x20, 0x69, 0x74, 0x20, 0x72,
    0x69, 0x67, 0x68, 0x74, 0x2C, 0x20, 0x64, 0x6F, 0x75, 0x62, 0x6C, 0x65,
    0x20, 0x74, 0x68, 0x69, 0x73, 0x20, 0x63, 0x61, 0x72, 0x64, 0x27, 0x73,
    0x20, 0x20, 0x20, 0x41, 0x54, 0x4B, 0x20, 0x64, 0x75, 0x72, 0x69, 0x6E,
    0x67, 0x20, 0x20, 0x20, 0x20, 0x74, 0x68, 0x69, 0x73, 0x20, 0x74, 0x75,
    0x72, 0x6E, 0x2E, 0x20, 0x20, 0x5E, 0x49, 0x66, 0x20, 0x79, 0x6F, 0x75,
    0x20, 0x63, 0x61, 0x6C, 0x6C, 0x20, 0x69, 0x74, 0x20, 0x77, 0x72, 0x6F,
    0x6E, 0x67, 0x2C, 0x20, 0x20, 0x20, 0x20, 0x20, 0x68, 0x61, 0x6C, 0x76,
    0x65, 0x20, 0x69, 0x74, 0x73, 0x20, 0x41, 0x54, 0x4B, 0x20, 0x64, 0x75,
    0x72, 0x69, 0x6E, 0x67, 0x20, 0x74, 0x68, 0x69, 0x73, 0x20, 0x20, 0x20,
    0x74, 0x75, 0x72, 0x6E, 0x2E, 0x20, 0x20, 0x20, 0x20, 0x20, 0x20, 0x20,
    0x5E, 0x00,
};

const u8 gDescription_SinisterSerpent[] APPEND_TEXT = {
    0x20, 0x20, 0x5E, 0x34, 0x44, 0x75, 0x72, 0x69, 0x6E, 0x67, 0x20, 0x79,
    0x6F, 0x75, 0x72, 0x20, 0x53, 0x74, 0x61, 0x6E, 0x64, 0x62, 0x79, 0x20,
    0x50, 0x68, 0x61, 0x73, 0x65, 0x2C, 0x69, 0x66, 0x20, 0x74, 0x68, 0x69,
    0x73, 0x20, 0x63, 0x61, 0x72, 0x64, 0x20, 0x20, 0x69, 0x73, 0x20, 0x69,
    0x6E, 0x20, 0x79, 0x6F, 0x75, 0x72, 0x20, 0x47, 0x59, 0x3A, 0x59, 0x6F,
    0x75, 0x20, 0x63, 0x61, 0x6E, 0x20, 0x61, 0x64, 0x64, 0x20, 0x5E, 0x69,
    0x74, 0x20, 0x74, 0x6F, 0x20, 0x79, 0x6F, 0x75, 0x72, 0x20, 0x20, 0x68,
    0x61, 0x6E, 0x64, 0x2C, 0x20, 0x61, 0x6C, 0x73, 0x6F, 0x20, 0x20, 0x20,
    0x20, 0x62, 0x61, 0x6E, 0x69, 0x73, 0x68, 0x20, 0x31, 0x20, 0x20, 0x20,
    0x20, 0x20, 0x20, 0x53, 0x69, 0x6E, 0x69, 0x73, 0x74, 0x65, 0x72, 0x20,
    0x20, 0x20, 0x20, 0x20, 0x20, 0x53, 0x65, 0x72, 0x70, 0x65, 0x6E, 0x74,
    0x20, 0x66, 0x72, 0x6F, 0x6D, 0x5E, 0x79, 0x6F, 0x75, 0x72, 0x20, 0x47,
    0x59, 0x20, 0x20, 0x20, 0x20, 0x20, 0x64, 0x75, 0x72, 0x69, 0x6E, 0x67,
    0x20, 0x79, 0x6F, 0x75, 0x72, 0x20, 0x20, 0x20, 0x6F, 0x70, 0x70, 0x6F,
    0x6E, 0x65, 0x6E, 0x74, 0x27, 0x73, 0x20, 0x20, 0x20, 0x20, 0x6E, 0x65,
    0x78, 0x74, 0x20, 0x45, 0x6E, 0x64, 0x20, 0x20, 0x20, 0x20, 0x20, 0x20,
    0x50, 0x68, 0x61, 0x73, 0x65, 0x2E, 0x20, 0x59, 0x6F, 0x75, 0x20, 0x20,
    0x5E, 0x63, 0x61, 0x6E, 0x20, 0x6F, 0x6E, 0x6C, 0x79, 0x20, 0x75, 0x73,
    0x65, 0x74, 0x68, 0x69, 0x73, 0x20, 0x65, 0x66, 0x66, 0x65, 0x63, 0x74,
    0x20, 0x6F, 0x66, 0x53, 0x69, 0x6E, 0x69, 0x73, 0x74, 0x65, 0x72, 0x20,
    0x20, 0x20, 0x20, 0x20, 0x20, 0x53, 0x65, 0x72, 0x70, 0x65, 0x6E, 0x74,
    0x20, 0x6F, 0x6E, 0x63, 0x65, 0x20, 0x20, 0x70, 0x65, 0x72, 0x20, 0x74,
    0x75, 0x72, 0x6E, 0x2E, 0x20, 0x20, 0x20, 0x5E, 0x00,
};

const u8 gDescription_Ameba[] APPEND_TEXT = {
    0x20, 0x20, 0x5E, 0x34, 0x57, 0x68, 0x65, 0x6E, 0x20, 0x74, 0x68, 0x65,
    0x20, 0x20, 0x20, 0x20, 0x63, 0x6F, 0x6E, 0x74, 0x72, 0x6F, 0x6C, 0x20,
    0x6F, 0x66, 0x20, 0x20, 0x20, 0x20, 0x74, 0x68, 0x69, 0x73, 0x20, 0x66,
    0x61, 0x63, 0x65, 0x2D, 0x75, 0x70, 0x20, 0x20, 0x63, 0x61, 0x72, 0x64,
    0x20, 0x6F, 0x6E, 0x20, 0x74, 0x68, 0x65, 0x20, 0x20, 0x20, 0x66, 0x69,
    0x65, 0x6C, 0x64, 0x20, 0x73, 0x68, 0x69, 0x66, 0x74, 0x73, 0x5E, 0x74,
    0x6F, 0x20, 0x79, 0x6F, 0x75, 0x72, 0x20, 0x20, 0x20, 0x20, 0x20, 0x6F,
    0x70, 0x70, 0x6F, 0x6E, 0x65, 0x6E, 0x74, 0x2C, 0x20, 0x20, 0x20, 0x20,
    0x20, 0x69, 0x6E, 0x66, 0x6C, 0x69, 0x63, 0x74, 0x20, 0x32, 0x30, 0x30,
    0x30, 0x20, 0x20, 0x70, 0x6F, 0x69, 0x6E, 0x74, 0x73, 0x20, 0x6F, 0x66,
    0x20, 0x20, 0x20, 0x20, 0x20, 0x64, 0x61, 0x6D, 0x61, 0x67, 0x65, 0x20,
    0x74, 0x6F, 0x20, 0x20, 0x20, 0x5E, 0x79, 0x6F, 0x75, 0x72, 0x20, 0x20,
    0x20, 0x20, 0x20, 0x20, 0x20, 0x20, 0x6F, 0x70, 0x70, 0x6F, 0x6E, 0x65,
    0x6E, 0x74, 0x27, 0x73, 0x20, 0x20, 0x20, 0x20, 0x4C, 0x69, 0x66, 0x65,
    0x20, 0x50, 0x6F, 0x69, 0x6E, 0x74, 0x73, 0x2E, 0x20, 0x20, 0x54, 0x68,
    0x69, 0x73, 0x20, 0x65, 0x66, 0x66, 0x65, 0x63, 0x74, 0x20, 0x20, 0x20,
    0x63, 0x61, 0x6E, 0x20, 0x6F, 0x6E, 0x6C, 0x79, 0x20, 0x62, 0x65, 0x20,
    0x5E, 0x75, 0x73, 0x65, 0x64, 0x20, 0x6F, 0x6E, 0x63, 0x65, 0x20, 0x61,
    0x73, 0x6C, 0x6F, 0x6E, 0x67, 0x20, 0x61, 0x73, 0x20, 0x74, 0x68, 0x69,
    0x73, 0x20, 0x20, 0x63, 0x61, 0x72, 0x64, 0x20, 0x72, 0x65, 0x6D, 0x61,
    0x69, 0x6E, 0x73, 0x20, 0x20, 0x66, 0x61, 0x63, 0x65, 0x2D, 0x75, 0x70,
    0x20, 0x6F, 0x6E, 0x20, 0x74, 0x68, 0x65, 0x66, 0x69, 0x65, 0x6C, 0x64,
    0x2E, 0x20, 0x20, 0x20, 0x20, 0x20, 0x20, 0x5E, 0x00,
};

const u8 gDescription_NeedleBall[] APPEND_TEXT = {
    0x20, 0x20, 0x5E, 0x32, 0x46, 0x4C, 0x49, 0x50, 0x3A, 0x20, 0x59, 0x6F,
    0x75, 0x20, 0x20, 0x20, 0x63, 0x61, 0x6E, 0x20, 0x70, 0x61, 0x79, 0x20,
    0x32, 0x30, 0x30, 0x30, 0x20, 0x20, 0x4C, 0x69, 0x66, 0x65, 0x20, 0x50,
    0x6F, 0x69, 0x6E, 0x74, 0x73, 0x20, 0x74, 0x6F, 0x69, 0x6E, 0x66, 0x6C,
    0x69, 0x63, 0x74, 0x20, 0x31, 0x30, 0x30, 0x30, 0x20, 0x20, 0x64, 0x61,
    0x6D, 0x61, 0x67, 0x65, 0x20, 0x74, 0x6F, 0x20, 0x20, 0x20, 0x5E, 0x79,
    0x6F, 0x75, 0x72, 0x20, 0x20, 0x20, 0x20, 0x20, 0x20, 0x20, 0x20, 0x6F,
    0x70, 0x70, 0x6F, 0x6E, 0x65, 0x6E, 0x74, 0x2E, 0x20, 0x20, 0x20, 0x20,
    0x20, 0x5E, 0x00,
};

const u8 gDescription_MahaVailo[] APPEND_TEXT = {
    0x20, 0x20, 0x5E, 0x32, 0x54, 0x68, 0x69, 0x73, 0x20, 0x63, 0x61, 0x72,
    0x64, 0x20, 0x20, 0x20, 0x67, 0x61, 0x69, 0x6E, 0x73, 0x20, 0x35, 0x30,
    0x30, 0x20, 0x41, 0x54, 0x4B, 0x20, 0x66, 0x6F, 0x72, 0x20, 0x65, 0x61,
    0x63, 0x68, 0x20, 0x45, 0x71, 0x75, 0x69, 0x70, 0x43, 0x61, 0x72, 0x64,
    0x20, 0x65, 0x71, 0x75, 0x69, 0x70, 0x70, 0x65, 0x64, 0x20, 0x74, 0x6F,
    0x20, 0x74, 0x68, 0x69, 0x73, 0x20, 0x20, 0x20, 0x20, 0x20, 0x5E, 0x63,
    0x61, 0x72, 0x64, 0x2E, 0x20, 0x20, 0x20, 0x20, 0x20, 0x20, 0x20, 0x5E,
    0x00,
};

const u8 gDescription_CannonSoldier[] APPEND_TEXT = {
    0x20, 0x20, 0x5E, 0x32, 0x59, 0x6F, 0x75, 0x20, 0x63, 0x61, 0x6E, 0x20,
    0x20, 0x20, 0x20, 0x20, 0x54, 0x72, 0x69, 0x62, 0x75, 0x74, 0x65, 0x20,
    0x31, 0x20, 0x20, 0x20, 0x20, 0x20, 0x6D, 0x6F, 0x6E, 0x73, 0x74, 0x65,
    0x72, 0x3B, 0x20, 0x20, 0x20, 0x20, 0x20, 0x20, 0x69, 0x6E, 0x66, 0x6C,
    0x69, 0x63, 0x74, 0x20, 0x35, 0x30, 0x30, 0x20, 0x20, 0x20, 0x64, 0x61,
    0x6D, 0x61, 0x67, 0x65, 0x20, 0x74, 0x6F, 0x20, 0x20, 0x20, 0x5E, 0x79,
    0x6F, 0x75, 0x72, 0x20, 0x20, 0x20, 0x20, 0x20, 0x20, 0x20, 0x20, 0x6F,
    0x70, 0x70, 0x6F, 0x6E, 0x65, 0x6E, 0x74, 0x2E, 0x20, 0x20, 0x20, 0x20,
    0x20, 0x5E, 0x00,
};

const u8 gDescription_MukaMuka[] APPEND_TEXT = {
    0x20, 0x20, 0x5E, 0x32, 0x54, 0x68, 0x69, 0x73, 0x20, 0x63, 0x61, 0x72,
    0x64, 0x20, 0x20, 0x20, 0x67, 0x61, 0x69, 0x6E, 0x73, 0x20, 0x33, 0x30,
    0x30, 0x20, 0x41, 0x54, 0x4B, 0x20, 0x61, 0x6E, 0x64, 0x20, 0x44, 0x45,
    0x46, 0x20, 0x66, 0x6F, 0x72, 0x20, 0x20, 0x20, 0x65, 0x61, 0x63, 0x68,
    0x20, 0x63, 0x61, 0x72, 0x64, 0x20, 0x69, 0x6E, 0x20, 0x20, 0x79, 0x6F,
    0x75, 0x72, 0x20, 0x68, 0x61, 0x6E, 0x64, 0x2E, 0x20, 0x20, 0x5E, 0x5E,
    0x00,
};

const u8 gDescription_MilusRadiant[] APPEND_TEXT = {
    0x20, 0x20, 0x5E, 0x33, 0x41, 0x73, 0x20, 0x6C, 0x6F, 0x6E, 0x67, 0x20,
    0x61, 0x73, 0x20, 0x20, 0x74, 0x68, 0x69, 0x73, 0x20, 0x63, 0x61, 0x72,
    0x64, 0x20, 0x20, 0x20, 0x20, 0x20, 0x72, 0x65, 0x6D, 0x61, 0x69, 0x6E,
    0x73, 0x20, 0x20, 0x20, 0x20, 0x20, 0x20, 0x20, 0x66, 0x61, 0x63, 0x65,
    0x2D, 0x75, 0x70, 0x20, 0x6F, 0x6E, 0x20, 0x74, 0x68, 0x65, 0x66, 0x69,
    0x65, 0x6C, 0x64, 0x2C, 0x20, 0x20, 0x20, 0x20, 0x20, 0x20, 0x5E, 0x69,
    0x6E, 0x63, 0x72, 0x65, 0x61, 0x73, 0x65, 0x20, 0x74, 0x68, 0x65, 0x41,
    0x54, 0x4B, 0x20, 0x6F, 0x66, 0x20, 0x61, 0x6C, 0x6C, 0x20, 0x20, 0x20,
    0x20, 0x45, 0x41, 0x52, 0x54, 0x48, 0x20, 0x6D, 0x6F, 0x6E, 0x73, 0x74,
    0x65, 0x72, 0x73, 0x62, 0x79, 0x20, 0x35, 0x30, 0x30, 0x20, 0x70, 0x6F,
    0x69, 0x6E, 0x74, 0x73, 0x20, 0x61, 0x6E, 0x64, 0x20, 0x64, 0x65, 0x63,
    0x72, 0x65, 0x61, 0x73, 0x65, 0x5E, 0x74, 0x68, 0x65, 0x20, 0x41, 0x54,
    0x4B, 0x20, 0x6F, 0x66, 0x20, 0x20, 0x61, 0x6C, 0x6C, 0x20, 0x57, 0x49,
    0x4E, 0x44, 0x20, 0x20, 0x20, 0x20, 0x20, 0x20, 0x6D, 0x6F, 0x6E, 0x73,
    0x74, 0x65, 0x72, 0x73, 0x20, 0x62, 0x79, 0x20, 0x20, 0x20, 0x34, 0x30,
    0x30, 0x20, 0x70, 0x6F, 0x69, 0x6E, 0x74, 0x73, 0x2E, 0x20, 0x20, 0x20,
    0x5E, 0x00,
};

const u8 gDescription_EmbodimentOfApophis[] APPEND_TEXT = {
    0x20, 0x20, 0x5E, 0x33, 0x44, 0x75, 0x72, 0x69, 0x6E, 0x67, 0x20, 0x20,
    0x20, 0x20, 0x20, 0x20, 0x65, 0x69, 0x74, 0x68, 0x65, 0x72, 0x20, 0x20,
    0x20, 0x20, 0x20, 0x20, 0x20, 0x20, 0x70, 0x6C, 0x61, 0x79, 0x65, 0x72,
    0x27, 0x73, 0x20, 0x4D, 0x61, 0x69, 0x6E, 0x20, 0x50, 0x68, 0x61, 0x73,
    0x65, 0x3A, 0x20, 0x53, 0x70, 0x65, 0x63, 0x69, 0x61, 0x6C, 0x53, 0x75,
    0x6D, 0x6D, 0x6F, 0x6E, 0x20, 0x74, 0x68, 0x69, 0x73, 0x20, 0x5E, 0x63,
    0x61, 0x72, 0x64, 0x20, 0x61, 0x73, 0x20, 0x61, 0x20, 0x20, 0x20, 0x4E,
    0x6F, 0x72, 0x6D, 0x61, 0x6C, 0x20, 0x4D, 0x6F, 0x6E, 0x73, 0x74, 0x65,
    0x72, 0x2F, 0x45, 0x41, 0x52, 0x54, 0x48, 0x2F, 0x4C, 0x65, 0x76, 0x65,
    0x6C, 0x20, 0x20, 0x34, 0x2F, 0x41, 0x54, 0x4B, 0x20, 0x31, 0x36, 0x30,
    0x30, 0x2F, 0x44, 0x45, 0x46, 0x31, 0x38, 0x30, 0x30, 0x29, 0x2E, 0x20,
    0x28, 0x54, 0x68, 0x69, 0x73, 0x5E, 0x63, 0x61, 0x72, 0x64, 0x20, 0x69,
    0x73, 0x20, 0x61, 0x6C, 0x73, 0x6F, 0x73, 0x74, 0x69, 0x6C, 0x6C, 0x20,
    0x61, 0x20, 0x54, 0x72, 0x61, 0x70, 0x20, 0x20, 0x43, 0x61, 0x72, 0x64,
    0x2E, 0x29, 0x20, 0x20, 0x20, 0x20, 0x20, 0x20, 0x20, 0x20, 0x5E, 0x00,
};

const u8 gDescription_AmazonChainMaster[] APPEND_TEXT = {
    0x20, 0x20, 0x5E, 0x33, 0x57, 0x68, 0x65, 0x6E, 0x20, 0x74, 0x68, 0x69,
    0x73, 0x20, 0x20, 0x20, 0x63, 0x61, 0x72, 0x64, 0x20, 0x69, 0x73, 0x20,
    0x20, 0x20, 0x20, 0x20, 0x20, 0x20, 0x64, 0x65, 0x73, 0x74, 0x72, 0x6F,
    0x79, 0x65, 0x64, 0x20, 0x62, 0x79, 0x20, 0x20, 0x62, 0x61, 0x74, 0x74,
    0x6C, 0x65, 0x20, 0x61, 0x6E, 0x64, 0x20, 0x20, 0x20, 0x20, 0x73, 0x65,
    0x6E, 0x74, 0x20, 0x74, 0x6F, 0x20, 0x74, 0x68, 0x65, 0x20, 0x5E, 0x47,
    0x59, 0x3A, 0x20, 0x59, 0x6F, 0x75, 0x20, 0x63, 0x61, 0x6E, 0x20, 0x70,
    0x61, 0x79, 0x20, 0x31, 0x35, 0x30, 0x30, 0x20, 0x4C, 0x50, 0x3B, 0x20,
    0x20, 0x6C, 0x6F, 0x6F, 0x6B, 0x20, 0x61, 0x74, 0x20, 0x79, 0x6F, 0x75,
    0x72, 0x20, 0x20, 0x6F, 0x70, 0x70, 0x6F, 0x6E, 0x65, 0x6E, 0x74, 0x27,
    0x73, 0x20, 0x20, 0x20, 0x20, 0x68, 0x61, 0x6E, 0x64, 0x2C, 0x20, 0x74,
    0x68, 0x65, 0x6E, 0x20, 0x20, 0x5E, 0x61, 0x64, 0x64, 0x20, 0x31, 0x20,
    0x20, 0x20, 0x20, 0x20, 0x20, 0x20, 0x6D, 0x6F, 0x6E, 0x73, 0x74, 0x65,
    0x72, 0x20, 0x66, 0x72, 0x6F, 0x6D, 0x20, 0x20, 0x74, 0x68, 0x65, 0x69,
    0x72, 0x20, 0x68, 0x61, 0x6E, 0x64, 0x20, 0x74, 0x6F, 0x20, 0x79, 0x6F,
    0x75, 0x72, 0x20, 0x68, 0x61, 0x6E, 0x64, 0x2E, 0x20, 0x20, 0x20, 0x20,
    0x5E, 0x00,
};

const u8 gDescription_ThunderNyanNyan[] APPEND_TEXT = {
    0x20, 0x20, 0x5E, 0x32, 0x49, 0x66, 0x20, 0x74, 0x68, 0x65, 0x72, 0x65,
    0x20, 0x69, 0x73, 0x20, 0x61, 0x20, 0x6E, 0x6F, 0x6E, 0x2D, 0x4C, 0x49,
    0x47, 0x48, 0x54, 0x20, 0x20, 0x20, 0x6D, 0x6F, 0x6E, 0x73, 0x74, 0x65,
    0x72, 0x20, 0x6F, 0x6E, 0x20, 0x20, 0x20, 0x20, 0x79, 0x6F, 0x75, 0x72,
    0x20, 0x73, 0x69, 0x64, 0x65, 0x20, 0x6F, 0x66, 0x20, 0x20, 0x74, 0x68,
    0x65, 0x20, 0x66, 0x69, 0x65, 0x6C, 0x64, 0x2C, 0x20, 0x20, 0x5E, 0x64,
    0x65, 0x73, 0x74, 0x72, 0x6F, 0x79, 0x20, 0x74, 0x68, 0x69, 0x73, 0x66,
    0x61, 0x63, 0x65, 0x2D, 0x75, 0x70, 0x20, 0x63, 0x61, 0x72, 0x64, 0x2E,
    0x20, 0x5E, 0x00,
};

const u8 gDescription_InjectionFairyLily[] APPEND_TEXT = {
    0x20, 0x20, 0x5E, 0x34, 0x49, 0x66, 0x20, 0x74, 0x68, 0x69, 0x73, 0x20,
    0x63, 0x61, 0x72, 0x64, 0x61, 0x74, 0x74, 0x61, 0x63, 0x6B, 0x73, 0x20,
    0x6F, 0x72, 0x20, 0x69, 0x73, 0x20, 0x61, 0x74, 0x74, 0x61, 0x63, 0x6B,
    0x65, 0x64, 0x2C, 0x20, 0x20, 0x20, 0x20, 0x20, 0x64, 0x75, 0x72, 0x69,
    0x6E, 0x67, 0x20, 0x64, 0x61, 0x6D, 0x61, 0x67, 0x65, 0x20, 0x63, 0x61,
    0x6C, 0x63, 0x75, 0x6C, 0x61, 0x74, 0x69, 0x6F, 0x6E, 0x20, 0x5E, 0x28,
    0x69, 0x6E, 0x20, 0x65, 0x69, 0x74, 0x68, 0x65, 0x72, 0x20, 0x20, 0x70,
    0x6C, 0x61, 0x79, 0x65, 0x72, 0x27, 0x73, 0x20, 0x20, 0x20, 0x20, 0x20,
    0x20, 0x74, 0x75, 0x72, 0x6E, 0x29, 0x3A, 0x20, 0x59, 0x6F, 0x75, 0x20,
    0x63, 0x61, 0x6E, 0x70, 0x61, 0x79, 0x20, 0x32, 0x30, 0x30, 0x30, 0x20,
    0x4C, 0x50, 0x20, 0x20, 0x20, 0x6F, 0x6E, 0x63, 0x65, 0x20, 0x70, 0x65,
    0x72, 0x20, 0x20, 0x20, 0x20, 0x5E, 0x62, 0x61, 0x74, 0x74, 0x6C, 0x65,
    0x3B, 0x20, 0x74, 0x68, 0x69, 0x73, 0x63, 0x61, 0x72, 0x64, 0x20, 0x67,
    0x61, 0x69, 0x6E, 0x73, 0x20, 0x20, 0x20, 0x20, 0x33, 0x30, 0x30, 0x30,
    0x20, 0x41, 0x54, 0x4B, 0x20, 0x20, 0x20, 0x20, 0x20, 0x20, 0x64, 0x75,
    0x72, 0x69, 0x6E, 0x67, 0x20, 0x74, 0x68, 0x61, 0x74, 0x20, 0x20, 0x20,
    0x64, 0x61, 0x6D, 0x61, 0x67, 0x65, 0x20, 0x20, 0x20, 0x20, 0x20, 0x20,
    0x5E, 0x63, 0x61, 0x6C, 0x63, 0x75, 0x6C, 0x61, 0x74, 0x69, 0x6F, 0x6E,
    0x20, 0x6F, 0x6E, 0x6C, 0x79, 0x2E, 0x20, 0x20, 0x20, 0x20, 0x20, 0x20,
    0x20, 0x20, 0x20, 0x5E, 0x00,
};

const u8 gDescription_NeedleWorm[] APPEND_TEXT = {
    0x20, 0x20, 0x5E, 0x32, 0x46, 0x4C, 0x49, 0x50, 0x3A, 0x20, 0x53, 0x65,
    0x6E, 0x64, 0x20, 0x20, 0x74, 0x68, 0x65, 0x20, 0x74, 0x6F, 0x70, 0x20,
    0x35, 0x20, 0x20, 0x20, 0x20, 0x20, 0x63, 0x61, 0x72, 0x64, 0x73, 0x20,
    0x6F, 0x66, 0x20, 0x79, 0x6F, 0x75, 0x72, 0x20, 0x6F, 0x70, 0x70, 0x6F,
    0x6E, 0x65, 0x6E, 0x74, 0x27, 0x73, 0x20, 0x20, 0x20, 0x20, 0x44, 0x65,
    0x63, 0x6B, 0x20, 0x74, 0x6F, 0x20, 0x74, 0x68, 0x65, 0x20, 0x5E, 0x47,
    0x72, 0x61, 0x76, 0x65, 0x79, 0x61, 0x72, 0x64, 0x2E, 0x20, 0x20, 0x5E,
    0x00,
};

const u8 gDescription_WitchOfTheBlackForest[] APPEND_TEXT = {
    0x20, 0x20, 0x5E, 0x35, 0x49, 0x66, 0x20, 0x74, 0x68, 0x69, 0x73, 0x20,
    0x63, 0x61, 0x72, 0x64, 0x69, 0x73, 0x20, 0x73, 0x65, 0x6E, 0x74, 0x20,
    0x66, 0x72, 0x6F, 0x6D, 0x20, 0x20, 0x74, 0x68, 0x65, 0x20, 0x66, 0x69,
    0x65, 0x6C, 0x64, 0x20, 0x74, 0x6F, 0x20, 0x20, 0x74, 0x68, 0x65, 0x20,
    0x47, 0x59, 0x3A, 0x20, 0x41, 0x64, 0x64, 0x20, 0x31, 0x20, 0x6D, 0x6F,
    0x6E, 0x73, 0x74, 0x65, 0x72, 0x20, 0x77, 0x69, 0x74, 0x68, 0x5E, 0x31,
    0x35, 0x30, 0x30, 0x20, 0x6F, 0x72, 0x20, 0x6C, 0x65, 0x73, 0x73, 0x44,
    0x45, 0x46, 0x20, 0x66, 0x72, 0x6F, 0x6D, 0x20, 0x79, 0x6F, 0x75, 0x72,
    0x20, 0x44, 0x65, 0x63, 0x6B, 0x20, 0x74, 0x6F, 0x20, 0x79, 0x6F, 0x75,
    0x72, 0x20, 0x20, 0x68, 0x61, 0x6E, 0x64, 0x2C, 0x20, 0x62, 0x75, 0x74,
    0x20, 0x79, 0x6F, 0x75, 0x20, 0x63, 0x61, 0x6E, 0x6E, 0x6F, 0x74, 0x20,
    0x20, 0x20, 0x20, 0x20, 0x20, 0x5E, 0x61, 0x63, 0x74, 0x69, 0x76, 0x61,
    0x74, 0x65, 0x20, 0x20, 0x20, 0x20, 0x63, 0x61, 0x72, 0x64, 0x73, 0x2C,
    0x20, 0x6F, 0x72, 0x20, 0x74, 0x68, 0x65, 0x20, 0x65, 0x66, 0x66, 0x65,
    0x63, 0x74, 0x73, 0x20, 0x6F, 0x66, 0x20, 0x20, 0x20, 0x20, 0x63, 0x61,
    0x72, 0x64, 0x73, 0x2C, 0x20, 0x77, 0x69, 0x74, 0x68, 0x20, 0x20, 0x20,
    0x74, 0x68, 0x61, 0x74, 0x20, 0x6E, 0x61, 0x6D, 0x65, 0x20, 0x20, 0x20,
    0x5E, 0x66, 0x6F, 0x72, 0x20, 0x74, 0x68, 0x65, 0x20, 0x72, 0x65, 0x73,
    0x74, 0x6F, 0x66, 0x20, 0x74, 0x68, 0x69, 0x73, 0x20, 0x74, 0x75, 0x72,
    0x6E, 0x2E, 0x20, 0x59, 0x6F, 0x75, 0x20, 0x63, 0x61, 0x6E, 0x20, 0x6F,
    0x6E, 0x6C, 0x79, 0x20, 0x20, 0x75, 0x73, 0x65, 0x20, 0x74, 0x68, 0x69,
    0x73, 0x20, 0x20, 0x20, 0x20, 0x20, 0x20, 0x65, 0x66, 0x66, 0x65, 0x63,
    0x74, 0x20, 0x6F, 0x66, 0x20, 0x20, 0x20, 0x5E, 0x57, 0x69, 0x74, 0x63,
    0x68, 0x20, 0x6F, 0x66, 0x20, 0x74, 0x68, 0x65, 0x42, 0x6C, 0x61, 0x63,
    0x6B, 0x20, 0x46, 0x6F, 0x72, 0x65, 0x73, 0x74, 0x20, 0x20, 0x6F, 0x6E,
    0x63, 0x65, 0x20, 0x70, 0x65, 0x72, 0x20, 0x74, 0x75, 0x72, 0x6E, 0x2E,
    0x5E, 0x00,
};

const u8 gDescription_DarkMagicianKnight[] APPEND_TEXT = {
    0x20, 0x20, 0x5E, 0x34, 0x43, 0x61, 0x6E, 0x6E, 0x6F, 0x74, 0x20, 0x62,
    0x65, 0x20, 0x20, 0x20, 0x4E, 0x6F, 0x72, 0x6D, 0x61, 0x6C, 0x20, 0x20,
    0x20, 0x20, 0x20, 0x20, 0x20, 0x20, 0x53, 0x75, 0x6D, 0x6D, 0x6F, 0x6E,
    0x65, 0x64, 0x2F, 0x53, 0x65, 0x74, 0x2E, 0x20, 0x4D, 0x75, 0x73, 0x74,
    0x20, 0x62, 0x65, 0x20, 0x20, 0x20, 0x20, 0x20, 0x20, 0x20, 0x53, 0x70,
    0x65, 0x63, 0x69, 0x61, 0x6C, 0x20, 0x20, 0x20, 0x20, 0x20, 0x5E, 0x53,
    0x75, 0x6D, 0x6D, 0x6F, 0x6E, 0x65, 0x64, 0x20, 0x20, 0x20, 0x20, 0x77,
    0x69, 0x74, 0x68, 0x20, 0x4B, 0x6E, 0x69, 0x67, 0x68, 0x74, 0x27, 0x73,
    0x20, 0x54, 0x69, 0x74, 0x6C, 0x65, 0x20, 0x61, 0x6E, 0x64, 0x20, 0x20,
    0x20, 0x20, 0x20, 0x63, 0x61, 0x6E, 0x6E, 0x6F, 0x74, 0x20, 0x62, 0x65,
    0x20, 0x20, 0x20, 0x20, 0x20, 0x53, 0x70, 0x65, 0x63, 0x69, 0x61, 0x6C,
    0x20, 0x20, 0x20, 0x20, 0x20, 0x5E, 0x53, 0x75, 0x6D, 0x6D, 0x6F, 0x6E,
    0x65, 0x64, 0x20, 0x62, 0x79, 0x20, 0x6F, 0x74, 0x68, 0x65, 0x72, 0x20,
    0x77, 0x61, 0x79, 0x73, 0x2E, 0x20, 0x20, 0x20, 0x57, 0x68, 0x65, 0x6E,
    0x20, 0x74, 0x68, 0x69, 0x73, 0x20, 0x63, 0x61, 0x72, 0x64, 0x69, 0x73,
    0x20, 0x53, 0x70, 0x65, 0x63, 0x69, 0x61, 0x6C, 0x20, 0x20, 0x20, 0x20,
    0x53, 0x75, 0x6D, 0x6D, 0x6F, 0x6E, 0x65, 0x64, 0x3A, 0x20, 0x20, 0x20,
    0x5E, 0x54, 0x61, 0x72, 0x67, 0x65, 0x74, 0x20, 0x31, 0x20, 0x20, 0x20,
    0x20, 0x63, 0x61, 0x72, 0x64, 0x20, 0x6F, 0x6E, 0x20, 0x74, 0x68, 0x65,
    0x20, 0x20, 0x20, 0x66, 0x69, 0x65, 0x6C, 0x64, 0x3B, 0x20, 0x64, 0x65,
    0x73, 0x74, 0x72, 0x6F, 0x79, 0x74, 0x68, 0x61, 0x74, 0x20, 0x74, 0x61,
    0x72, 0x67, 0x65, 0x74, 0x2E, 0x20, 0x20, 0x5E, 0x00,
};

const u8 gDescription_PenguinSoldier[] APPEND_TEXT = {
    0x20, 0x20, 0x5E, 0x32, 0x46, 0x4C, 0x49, 0x50, 0x3A, 0x20, 0x59, 0x6F,
    0x75, 0x20, 0x20, 0x20, 0x63, 0x61, 0x6E, 0x20, 0x74, 0x61, 0x72, 0x67,
    0x65, 0x74, 0x20, 0x75, 0x70, 0x20, 0x74, 0x6F, 0x20, 0x32, 0x20, 0x6D,
    0x6F, 0x6E, 0x73, 0x74, 0x65, 0x72, 0x73, 0x20, 0x6F, 0x6E, 0x20, 0x74,
    0x68, 0x65, 0x20, 0x66, 0x69, 0x65, 0x6C, 0x64, 0x3B, 0x20, 0x72, 0x65,
    0x74, 0x75, 0x72, 0x6E, 0x20, 0x74, 0x68, 0x6F, 0x73, 0x65, 0x5E, 0x74,
    0x61, 0x72, 0x67, 0x65, 0x74, 0x73, 0x20, 0x74, 0x6F, 0x20, 0x20, 0x74,
    0x68, 0x65, 0x20, 0x68, 0x61, 0x6E, 0x64, 0x2E, 0x20, 0x20, 0x20, 0x20,
    0x20, 0x5E, 0x00,
};

const u8 gDescription_LavaGolem[] APPEND_TEXT = {
    0x20, 0x20, 0x5E, 0x35, 0x43, 0x61, 0x6E, 0x6E, 0x6F, 0x74, 0x20, 0x62,
    0x65, 0x20, 0x20, 0x20, 0x4E, 0x6F, 0x72, 0x6D, 0x61, 0x6C, 0x20, 0x20,
    0x20, 0x20, 0x20, 0x20, 0x20, 0x20, 0x53, 0x75, 0x6D, 0x6D, 0x6F, 0x6E,
    0x65, 0x64, 0x2F, 0x53, 0x65, 0x74, 0x2E, 0x20, 0x4D, 0x75, 0x73, 0x74,
    0x20, 0x66, 0x69, 0x72, 0x73, 0x74, 0x20, 0x62, 0x65, 0x20, 0x53, 0x70,
    0x65, 0x63, 0x69, 0x61, 0x6C, 0x20, 0x20, 0x20, 0x20, 0x20, 0x5E, 0x53,
    0x75, 0x6D, 0x6D, 0x6F, 0x6E, 0x65, 0x64, 0x20, 0x20, 0x20, 0x20, 0x28,
    0x66, 0x72, 0x6F, 0x6D, 0x20, 0x79, 0x6F, 0x75, 0x72, 0x20, 0x20, 0x20,
    0x20, 0x68, 0x61, 0x6E, 0x64, 0x29, 0x20, 0x74, 0x6F, 0x20, 0x79, 0x6F,
    0x75, 0x72, 0x20, 0x6F, 0x70, 0x70, 0x6F, 0x6E, 0x65, 0x6E, 0x74, 0x27,
    0x73, 0x20, 0x20, 0x20, 0x20, 0x66, 0x69, 0x65, 0x6C, 0x64, 0x20, 0x62,
    0x79, 0x20, 0x20, 0x20, 0x20, 0x5E, 0x54, 0x72, 0x69, 0x62, 0x75, 0x74,
    0x69, 0x6E, 0x67, 0x20, 0x32, 0x20, 0x6D, 0x6F, 0x6E, 0x73, 0x74, 0x65,
    0x72, 0x73, 0x20, 0x74, 0x68, 0x65, 0x79, 0x20, 0x63, 0x6F, 0x6E, 0x74,
    0x72, 0x6F, 0x6C, 0x2E, 0x20, 0x59, 0x6F, 0x75, 0x20, 0x20, 0x63, 0x61,
    0x6E, 0x6E, 0x6F, 0x74, 0x20, 0x4E, 0x6F, 0x72, 0x6D, 0x61, 0x6C, 0x20,
    0x53, 0x75, 0x6D, 0x6D, 0x6F, 0x6E, 0x2F, 0x53, 0x65, 0x74, 0x20, 0x20,
    0x5E, 0x74, 0x68, 0x65, 0x20, 0x74, 0x75, 0x72, 0x6E, 0x20, 0x79, 0x6F,
    0x75, 0x53, 0x70, 0x65, 0x63, 0x69, 0x61, 0x6C, 0x20, 0x53, 0x75, 0x6D,
    0x6D, 0x6F, 0x6E, 0x74, 0x68, 0x69, 0x73, 0x20, 0x63, 0x61, 0x72, 0x64,
    0x2E, 0x20, 0x20, 0x20, 0x20, 0x4F, 0x6E, 0x63, 0x65, 0x20, 0x70, 0x65,
    0x72, 0x20, 0x74, 0x75, 0x72, 0x6E, 0x2C, 0x64, 0x75, 0x72, 0x69, 0x6E,
    0x67, 0x20, 0x79, 0x6F, 0x75, 0x72, 0x20, 0x5E, 0x53, 0x74, 0x61, 0x6E,
    0x64, 0x62, 0x79, 0x20, 0x20, 0x20, 0x20, 0x20, 0x50, 0x68, 0x61, 0x73,
    0x65, 0x3A, 0x20, 0x54, 0x61, 0x6B, 0x65, 0x20, 0x20, 0x20, 0x31, 0x30,
    0x30, 0x30, 0x20, 0x64, 0x61, 0x6D, 0x61, 0x67, 0x65, 0x2E, 0x20, 0x20,
    0x5E, 0x00,
};

const u8 gDescription_ExecutorMakyura[] APPEND_TEXT = {
    0x20, 0x20, 0x5E, 0x33, 0x49, 0x66, 0x20, 0x74, 0x68, 0x69, 0x73, 0x20,
    0x63, 0x61, 0x72, 0x64, 0x69, 0x73, 0x20, 0x73, 0x65, 0x6E, 0x74, 0x20,
    0x66, 0x72, 0x6F, 0x6D, 0x20, 0x20, 0x74, 0x68, 0x65, 0x20, 0x4D, 0x6F,
    0x6E, 0x73, 0x74, 0x65, 0x72, 0x20, 0x20, 0x20, 0x5A, 0x6F, 0x6E, 0x65,
    0x20, 0x74, 0x6F, 0x20, 0x74, 0x68, 0x65, 0x20, 0x20, 0x20, 0x47, 0x59,
    0x3A, 0x20, 0x59, 0x6F, 0x75, 0x20, 0x63, 0x61, 0x6E, 0x20, 0x5E, 0x61,
    0x63, 0x74, 0x69, 0x76, 0x61, 0x74, 0x65, 0x20, 0x31, 0x20, 0x20, 0x54,
    0x72, 0x61, 0x70, 0x20, 0x43, 0x61, 0x72, 0x64, 0x20, 0x66, 0x72, 0x6F,
    0x6D, 0x79, 0x6F, 0x75, 0x72, 0x20, 0x68, 0x61, 0x6E, 0x64, 0x20, 0x74,
    0x68, 0x69, 0x73, 0x74, 0x75, 0x72, 0x6E, 0x2E, 0x20, 0x59, 0x6F, 0x75,
    0x20, 0x63, 0x61, 0x6E, 0x20, 0x6F, 0x6E, 0x6C, 0x79, 0x20, 0x75, 0x73,
    0x65, 0x20, 0x20, 0x20, 0x20, 0x5E, 0x74, 0x68, 0x69, 0x73, 0x20, 0x65,
    0x66, 0x66, 0x65, 0x63, 0x74, 0x20, 0x6F, 0x66, 0x20, 0x4D, 0x61, 0x6B,
    0x79, 0x75, 0x72, 0x61, 0x20, 0x74, 0x68, 0x65, 0x44, 0x65, 0x73, 0x74,
    0x72, 0x75, 0x63, 0x74, 0x6F, 0x72, 0x20, 0x20, 0x20, 0x20, 0x6F, 0x6E,
    0x63, 0x65, 0x20, 0x70, 0x65, 0x72, 0x20, 0x74, 0x75, 0x72, 0x6E, 0x2E,
    0x5E, 0x00,
};

const u8 gDescription_AmazonSwordsWoman[] APPEND_TEXT = {
    0x20, 0x20, 0x5E, 0x32, 0x59, 0x6F, 0x75, 0x72, 0x20, 0x20, 0x20, 0x20,
    0x20, 0x20, 0x20, 0x20, 0x6F, 0x70, 0x70, 0x6F, 0x6E, 0x65, 0x6E, 0x74,
    0x20, 0x74, 0x61, 0x6B, 0x65, 0x73, 0x61, 0x6E, 0x79, 0x20, 0x62, 0x61,
    0x74, 0x74, 0x6C, 0x65, 0x20, 0x20, 0x20, 0x20, 0x64, 0x61, 0x6D, 0x61,
    0x67, 0x65, 0x20, 0x79, 0x6F, 0x75, 0x20, 0x20, 0x20, 0x20, 0x77, 0x6F,
    0x75, 0x6C, 0x64, 0x20, 0x68, 0x61, 0x76, 0x65, 0x20, 0x20, 0x5E, 0x74,
    0x61, 0x6B, 0x65, 0x6E, 0x20, 0x66, 0x72, 0x6F, 0x6D, 0x20, 0x20, 0x62,
    0x61, 0x74, 0x74, 0x6C, 0x65, 0x73, 0x20, 0x20, 0x20, 0x20, 0x20, 0x20,
    0x20, 0x69, 0x6E, 0x76, 0x6F, 0x6C, 0x76, 0x69, 0x6E, 0x67, 0x20, 0x74,
    0x68, 0x69, 0x73, 0x63, 0x61, 0x72, 0x64, 0x20, 0x69, 0x6E, 0x73, 0x74,
    0x65, 0x61, 0x64, 0x2E, 0x20, 0x5E, 0x00,
};

const u8 gDescription_DarkPaladin[] APPEND_TEXT = {
    0x20, 0x20, 0x5E, 0x36, 0x44, 0x61, 0x72, 0x6B, 0x20, 0x20, 0x20, 0x20,
    0x20, 0x20, 0x20, 0x20, 0x4D, 0x61, 0x67, 0x69, 0x63, 0x69, 0x61, 0x6E,
    0x20, 0x2B, 0x20, 0x20, 0x20, 0x20, 0x42, 0x75, 0x73, 0x74, 0x65, 0x72,
    0x20, 0x42, 0x6C, 0x61, 0x64, 0x65, 0x72, 0x20, 0x4D, 0x75, 0x73, 0x74,
    0x20, 0x62, 0x65, 0x20, 0x46, 0x75, 0x73, 0x69, 0x6F, 0x6E, 0x53, 0x75,
    0x6D, 0x6D, 0x6F, 0x6E, 0x65, 0x64, 0x2E, 0x20, 0x20, 0x20, 0x5E, 0x57,
    0x68, 0x65, 0x6E, 0x20, 0x61, 0x20, 0x53, 0x70, 0x65, 0x6C, 0x6C, 0x43,
    0x61, 0x72, 0x64, 0x20, 0x69, 0x73, 0x20, 0x20, 0x20, 0x20, 0x20, 0x20,
    0x20, 0x61, 0x63, 0x74, 0x69, 0x76, 0x61, 0x74, 0x65, 0x64, 0x20, 0x20,
    0x20, 0x20, 0x20, 0x28, 0x51, 0x75, 0x69, 0x63, 0x6B, 0x20, 0x20, 0x20,
    0x20, 0x20, 0x20, 0x20, 0x20, 0x45, 0x66, 0x66, 0x65, 0x63, 0x74, 0x29,
    0x3A, 0x20, 0x59, 0x6F, 0x75, 0x5E, 0x63, 0x61, 0x6E, 0x20, 0x64, 0x69,
    0x73, 0x63, 0x61, 0x72, 0x64, 0x20, 0x31, 0x20, 0x63, 0x61, 0x72, 0x64,
    0x3B, 0x20, 0x6E, 0x65, 0x67, 0x61, 0x74, 0x65, 0x74, 0x68, 0x65, 0x20,
    0x20, 0x20, 0x20, 0x20, 0x20, 0x20, 0x20, 0x20, 0x20, 0x20, 0x61, 0x63,
    0x74, 0x69, 0x76, 0x61, 0x74, 0x69, 0x6F, 0x6E, 0x2C, 0x20, 0x20, 0x20,
    0x61, 0x6E, 0x64, 0x20, 0x69, 0x66, 0x20, 0x79, 0x6F, 0x75, 0x20, 0x20,
    0x5E, 0x64, 0x6F, 0x2C, 0x20, 0x64, 0x65, 0x73, 0x74, 0x72, 0x6F, 0x79,
    0x20, 0x69, 0x74, 0x2E, 0x20, 0x54, 0x68, 0x69, 0x73, 0x20, 0x63, 0x61,
    0x72, 0x64, 0x20, 0x6D, 0x75, 0x73, 0x74, 0x20, 0x62, 0x65, 0x20, 0x20,
    0x20, 0x20, 0x20, 0x20, 0x20, 0x66, 0x61, 0x63, 0x65, 0x2D, 0x75, 0x70,
    0x20, 0x6F, 0x6E, 0x20, 0x74, 0x68, 0x65, 0x66, 0x69, 0x65, 0x6C, 0x64,
    0x20, 0x74, 0x6F, 0x20, 0x20, 0x20, 0x20, 0x5E, 0x61, 0x63, 0x74, 0x69,
    0x76, 0x61, 0x74, 0x65, 0x20, 0x61, 0x6E, 0x64, 0x74, 0x6F, 0x20, 0x72,
    0x65, 0x73, 0x6F, 0x6C, 0x76, 0x65, 0x20, 0x20, 0x20, 0x20, 0x74, 0x68,
    0x69, 0x73, 0x20, 0x65, 0x66, 0x66, 0x65, 0x63, 0x74, 0x2E, 0x20, 0x20,
    0x47, 0x61, 0x69, 0x6E, 0x73, 0x20, 0x35, 0x30, 0x30, 0x20, 0x41, 0x54,
    0x4B, 0x20, 0x66, 0x6F, 0x72, 0x20, 0x65, 0x61, 0x63, 0x68, 0x20, 0x20,
    0x20, 0x20, 0x5E, 0x44, 0x72, 0x61, 0x67, 0x6F, 0x6E, 0x20, 0x20, 0x20,
    0x20, 0x20, 0x20, 0x6D, 0x6F, 0x6E, 0x73, 0x74, 0x65, 0x72, 0x20, 0x6F,
    0x6E, 0x20, 0x74, 0x68, 0x65, 0x66, 0x69, 0x65, 0x6C, 0x64, 0x20, 0x61,
    0x6E, 0x64, 0x20, 0x69, 0x6E, 0x20, 0x20, 0x74, 0x68, 0x65, 0x20, 0x47,
    0x59, 0x2E, 0x20, 0x20, 0x20, 0x20, 0x20, 0x20, 0x20, 0x5E, 0x00,
};

const u8 gDescription_YamataDragon[] APPEND_TEXT = {
    0x20, 0x20, 0x5E, 0x35, 0x54, 0x68, 0x69, 0x73, 0x20, 0x63, 0x61, 0x72,
    0x64, 0x20, 0x20, 0x20, 0x63, 0x61, 0x6E, 0x6E, 0x6F, 0x74, 0x20, 0x62,
    0x65, 0x20, 0x20, 0x20, 0x20, 0x20, 0x53, 0x70, 0x65, 0x63, 0x69, 0x61,
    0x6C, 0x20, 0x20, 0x20, 0x20, 0x20, 0x20, 0x20, 0x53, 0x75, 0x6D, 0x6D,
    0x6F, 0x6E, 0x65, 0x64, 0x2E, 0x20, 0x54, 0x68, 0x69, 0x73, 0x63, 0x61,
    0x72, 0x64, 0x20, 0x72, 0x65, 0x74, 0x75, 0x72, 0x6E, 0x73, 0x5E, 0x74,
    0x6F, 0x20, 0x69, 0x74, 0x73, 0x20, 0x20, 0x20, 0x20, 0x20, 0x20, 0x6F,
    0x77, 0x6E, 0x65, 0x72, 0x27, 0x73, 0x20, 0x68, 0x61, 0x6E, 0x64, 0x20,
    0x20, 0x64, 0x75, 0x72, 0x69, 0x6E, 0x67, 0x20, 0x74, 0x68, 0x65, 0x20,
    0x45, 0x6E, 0x64, 0x50, 0x68, 0x61, 0x73, 0x65, 0x20, 0x6F, 0x66, 0x20,
    0x74, 0x68, 0x65, 0x20, 0x20, 0x74, 0x75, 0x72, 0x6E, 0x20, 0x69, 0x74,
    0x20, 0x69, 0x73, 0x20, 0x20, 0x5E, 0x4E, 0x6F, 0x72, 0x6D, 0x61, 0x6C,
    0x20, 0x20, 0x20, 0x20, 0x20, 0x20, 0x53, 0x75, 0x6D, 0x6D, 0x6F, 0x6E,
    0x65, 0x64, 0x20, 0x6F, 0x72, 0x20, 0x20, 0x20, 0x66, 0x6C, 0x69, 0x70,
    0x70, 0x65, 0x64, 0x20, 0x20, 0x20, 0x20, 0x20, 0x20, 0x20, 0x66, 0x61,
    0x63, 0x65, 0x2D, 0x75, 0x70, 0x2E, 0x20, 0x57, 0x68, 0x65, 0x6E, 0x20,
    0x74, 0x68, 0x69, 0x73, 0x20, 0x63, 0x61, 0x72, 0x64, 0x20, 0x20, 0x20,
    0x5E, 0x69, 0x6E, 0x66, 0x6C, 0x69, 0x63, 0x74, 0x73, 0x20, 0x20, 0x20,
    0x20, 0x42, 0x61, 0x74, 0x74, 0x6C, 0x65, 0x20, 0x44, 0x61, 0x6D, 0x61,
    0x67, 0x65, 0x20, 0x74, 0x6F, 0x20, 0x79, 0x6F, 0x75, 0x72, 0x20, 0x20,
    0x20, 0x20, 0x20, 0x20, 0x20, 0x6F, 0x70, 0x70, 0x6F, 0x6E, 0x65, 0x6E,
    0x74, 0x2C, 0x20, 0x64, 0x72, 0x61, 0x77, 0x63, 0x61, 0x72, 0x64, 0x73,
    0x20, 0x75, 0x6E, 0x74, 0x69, 0x6C, 0x20, 0x5E, 0x79, 0x6F, 0x75, 0x20,
    0x68, 0x61, 0x76, 0x65, 0x20, 0x35, 0x20, 0x20, 0x63, 0x61, 0x72, 0x64,
    0x73, 0x20, 0x69, 0x6E, 0x20, 0x79, 0x6F, 0x75, 0x72, 0x20, 0x68, 0x61,
    0x6E, 0x64, 0x2E, 0x20, 0x20, 0x20, 0x20, 0x20, 0x20, 0x20, 0x20, 0x20,
    0x5E, 0x00,
};

const u8 gDescription_ShinatoKingOfAHigherPlane[] APPEND_TEXT = {
    0x20, 0x20, 0x5E, 0x37, 0x54, 0x68, 0x69, 0x73, 0x20, 0x63, 0x61, 0x72,
    0x64, 0x20, 0x20, 0x20, 0x63, 0x61, 0x6E, 0x20, 0x6F, 0x6E, 0x6C, 0x79,
    0x20, 0x62, 0x65, 0x20, 0x20, 0x20, 0x52, 0x69, 0x74, 0x75, 0x61, 0x6C,
    0x20, 0x20, 0x20, 0x20, 0x20, 0x20, 0x20, 0x20, 0x53, 0x75, 0x6D, 0x6D,
    0x6F, 0x6E, 0x65, 0x64, 0x20, 0x77, 0x69, 0x74, 0x68, 0x20, 0x74, 0x68,
    0x65, 0x20, 0x52, 0x69, 0x74, 0x75, 0x61, 0x6C, 0x20, 0x20, 0x5E, 0x53,
    0x70, 0x65, 0x6C, 0x6C, 0x20, 0x43, 0x61, 0x72, 0x64, 0x2C, 0x20, 0x53,
    0x68, 0x69, 0x6E, 0x61, 0x74, 0x6F, 0x27, 0x73, 0x20, 0x41, 0x72, 0x6B,
    0x2E, 0x59, 0x6F, 0x75, 0x20, 0x6D, 0x75, 0x73, 0x74, 0x20, 0x61, 0x6C,
    0x73, 0x6F, 0x20, 0x54, 0x72, 0x69, 0x62, 0x75, 0x74, 0x65, 0x20, 0x20,
    0x20, 0x20, 0x20, 0x20, 0x20, 0x6D, 0x6F, 0x6E, 0x73, 0x74, 0x65, 0x72,
    0x73, 0x20, 0x20, 0x20, 0x20, 0x5E, 0x77, 0x68, 0x6F, 0x73, 0x65, 0x20,
    0x74, 0x6F, 0x74, 0x61, 0x6C, 0x20, 0x4C, 0x65, 0x76, 0x65, 0x6C, 0x73,
    0x20, 0x65, 0x71, 0x75, 0x61, 0x6C, 0x20, 0x38, 0x6F, 0x72, 0x20, 0x6D,
    0x6F, 0x72, 0x65, 0x20, 0x66, 0x72, 0x6F, 0x6D, 0x20, 0x20, 0x74, 0x68,
    0x65, 0x20, 0x66, 0x69, 0x65, 0x6C, 0x64, 0x20, 0x6F, 0x72, 0x20, 0x20,
    0x79, 0x6F, 0x75, 0x72, 0x20, 0x68, 0x61, 0x6E, 0x64, 0x2E, 0x20, 0x20,
    0x5E, 0x57, 0x68, 0x65, 0x6E, 0x20, 0x74, 0x68, 0x69, 0x73, 0x20, 0x20,
    0x20, 0x63, 0x61, 0x72, 0x64, 0x20, 0x64, 0x65, 0x73, 0x74, 0x72, 0x6F,
    0x79, 0x73, 0x20, 0x61, 0x20, 0x44, 0x65, 0x66, 0x65, 0x6E, 0x73, 0x65,
    0x20, 0x20, 0x20, 0x20, 0x20, 0x50, 0x6F, 0x73, 0x69, 0x74, 0x69, 0x6F,
    0x6E, 0x20, 0x20, 0x20, 0x20, 0x20, 0x20, 0x6D, 0x6F, 0x6E, 0x73, 0x74,
    0x65, 0x72, 0x20, 0x61, 0x6E, 0x64, 0x20, 0x5E, 0x73, 0x65, 0x6E, 0x64,
    0x73, 0x20, 0x69, 0x74, 0x20, 0x74, 0x6F, 0x20, 0x74, 0x68, 0x65, 0x20,
    0x47, 0x72, 0x61, 0x76, 0x65, 0x79, 0x61, 0x72, 0x64, 0x20, 0x61, 0x73,
    0x20, 0x61, 0x20, 0x72, 0x65, 0x73, 0x75, 0x6C, 0x74, 0x20, 0x6F, 0x66,
    0x62, 0x61, 0x74, 0x74, 0x6C, 0x65, 0x2C, 0x20, 0x20, 0x20, 0x20, 0x20,
    0x20, 0x20, 0x69, 0x6E, 0x66, 0x6C, 0x69, 0x63, 0x74, 0x20, 0x20, 0x20,
    0x20, 0x20, 0x5E, 0x64, 0x61, 0x6D, 0x61, 0x67, 0x65, 0x20, 0x74, 0x6F,
    0x20, 0x20, 0x20, 0x79, 0x6F, 0x75, 0x72, 0x20, 0x20, 0x20, 0x20, 0x20,
    0x20, 0x20, 0x20, 0x20, 0x20, 0x6F, 0x70, 0x70, 0x6F, 0x6E, 0x65, 0x6E,
    0x74, 0x27, 0x73, 0x20, 0x20, 0x20, 0x20, 0x4C, 0x69, 0x66, 0x65, 0x20,
    0x50, 0x6F, 0x69, 0x6E, 0x74, 0x73, 0x20, 0x20, 0x20, 0x65, 0x71, 0x75,
    0x61, 0x6C, 0x20, 0x74, 0x6F, 0x20, 0x74, 0x68, 0x65, 0x5E, 0x6F, 0x72,
    0x69, 0x67, 0x69, 0x6E, 0x61, 0x6C, 0x20, 0x41, 0x54, 0x4B, 0x6F, 0x66,
    0x20, 0x74, 0x68, 0x65, 0x20, 0x20, 0x20, 0x20, 0x20, 0x20, 0x20, 0x20,
    0x64, 0x65, 0x73, 0x74, 0x72, 0x6F, 0x79, 0x65, 0x64, 0x20, 0x20, 0x20,
    0x20, 0x20, 0x6D, 0x6F, 0x6E, 0x73, 0x74, 0x65, 0x72, 0x2E, 0x20, 0x20,
    0x20, 0x20, 0x20, 0x20, 0x5E, 0x00,
};

const u8 gDescription_StoneStatueOfTheAztecs[] APPEND_TEXT = {
    0x20, 0x20, 0x5E, 0x32, 0x44, 0x6F, 0x75, 0x62, 0x6C, 0x65, 0x20, 0x61,
    0x6E, 0x79, 0x20, 0x20, 0x42, 0x61, 0x74, 0x74, 0x6C, 0x65, 0x20, 0x44,
    0x61, 0x6D, 0x61, 0x67, 0x65, 0x20, 0x79, 0x6F, 0x75, 0x72, 0x20, 0x6F,
    0x70, 0x70, 0x6F, 0x6E, 0x65, 0x6E, 0x74, 0x20, 0x74, 0x61, 0x6B, 0x65,
    0x73, 0x20, 0x77, 0x68, 0x65, 0x6E, 0x20, 0x20, 0x20, 0x20, 0x74, 0x68,
    0x65, 0x79, 0x20, 0x61, 0x74, 0x74, 0x61, 0x63, 0x6B, 0x20, 0x5E, 0x74,
    0x68, 0x69, 0x73, 0x20, 0x20, 0x20, 0x20, 0x20, 0x20, 0x20, 0x20, 0x6D,
    0x6F, 0x6E, 0x73, 0x74, 0x65, 0x72, 0x2E, 0x20, 0x20, 0x20, 0x20, 0x20,
    0x20, 0x5E, 0x00,
};

const u8 gDescription_SkullMarkLadyBug[] APPEND_TEXT = {
    0x20, 0x20, 0x5E, 0x32, 0x57, 0x68, 0x65, 0x6E, 0x20, 0x74, 0x68, 0x69,
    0x73, 0x20, 0x20, 0x20, 0x63, 0x61, 0x72, 0x64, 0x20, 0x69, 0x73, 0x20,
    0x73, 0x65, 0x6E, 0x74, 0x20, 0x20, 0x74, 0x6F, 0x20, 0x74, 0x68, 0x65,
    0x20, 0x20, 0x20, 0x20, 0x20, 0x20, 0x20, 0x20, 0x47, 0x72, 0x61, 0x76,
    0x65, 0x79, 0x61, 0x72, 0x64, 0x2C, 0x20, 0x20, 0x20, 0x20, 0x69, 0x6E,
    0x63, 0x72, 0x65, 0x61, 0x73, 0x65, 0x20, 0x20, 0x20, 0x20, 0x5E, 0x79,
    0x6F, 0x75, 0x72, 0x20, 0x4C, 0x69, 0x66, 0x65, 0x20, 0x20, 0x20, 0x50,
    0x6F, 0x69, 0x6E, 0x74, 0x73, 0x20, 0x62, 0x79, 0x20, 0x31, 0x30, 0x30,
    0x30, 0x70, 0x6F, 0x69, 0x6E, 0x74, 0x73, 0x2E, 0x20, 0x20, 0x20, 0x20,
    0x20, 0x20, 0x20, 0x5E, 0x00,
};

const u8 gDescription_TheUnhappyMaiden[] APPEND_TEXT = {
    0x20, 0x20, 0x5E, 0x32, 0x57, 0x68, 0x65, 0x6E, 0x20, 0x74, 0x68, 0x69,
    0x73, 0x20, 0x20, 0x20, 0x63, 0x61, 0x72, 0x64, 0x20, 0x69, 0x73, 0x20,
    0x73, 0x65, 0x6E, 0x74, 0x20, 0x20, 0x74, 0x6F, 0x20, 0x74, 0x68, 0x65,
    0x20, 0x20, 0x20, 0x20, 0x20, 0x20, 0x20, 0x20, 0x47, 0x72, 0x61, 0x76,
    0x65, 0x79, 0x61, 0x72, 0x64, 0x20, 0x61, 0x73, 0x20, 0x61, 0x72, 0x65,
    0x73, 0x75, 0x6C, 0x74, 0x20, 0x6F, 0x66, 0x20, 0x20, 0x20, 0x5E, 0x62,
    0x61, 0x74, 0x74, 0x6C, 0x65, 0x2C, 0x20, 0x74, 0x68, 0x65, 0x20, 0x42,
    0x61, 0x74, 0x74, 0x6C, 0x65, 0x20, 0x50, 0x68, 0x61, 0x73, 0x65, 0x20,
    0x20, 0x66, 0x6F, 0x72, 0x20, 0x74, 0x68, 0x61, 0x74, 0x20, 0x74, 0x75,
    0x72, 0x6E, 0x20, 0x65, 0x6E, 0x64, 0x73, 0x20, 0x20, 0x20, 0x20, 0x20,
    0x20, 0x20, 0x20, 0x20, 0x20, 0x69, 0x6D, 0x6D, 0x65, 0x64, 0x69, 0x61,
    0x74, 0x65, 0x6C, 0x79, 0x2E, 0x5E, 0x00,
};

const u8 gDescription_BlueEyesShiningDragon[] APPEND_TEXT = {
    0x20, 0x20, 0x5E, 0x35, 0x43, 0x61, 0x6E, 0x6E, 0x6F, 0x74, 0x20, 0x62,
    0x65, 0x20, 0x20, 0x20, 0x4E, 0x6F, 0x72, 0x6D, 0x61, 0x6C, 0x20, 0x20,
    0x20, 0x20, 0x20, 0x20, 0x20, 0x20, 0x53, 0x75, 0x6D, 0x6D, 0x6F, 0x6E,
    0x65, 0x64, 0x2F, 0x53, 0x65, 0x74, 0x2E, 0x20, 0x4D, 0x75, 0x73, 0x74,
    0x20, 0x62, 0x65, 0x20, 0x20, 0x20, 0x20, 0x20, 0x20, 0x20, 0x53, 0x70,
    0x65, 0x63, 0x69, 0x61, 0x6C, 0x20, 0x20, 0x20, 0x20, 0x20, 0x5E, 0x53,
    0x75, 0x6D, 0x6D, 0x6F, 0x6E, 0x65, 0x64, 0x20, 0x20, 0x20, 0x20, 0x28,
    0x66, 0x72, 0x6F, 0x6D, 0x20, 0x79, 0x6F, 0x75, 0x72, 0x20, 0x20, 0x20,
    0x20, 0x68, 0x61, 0x6E, 0x64, 0x29, 0x20, 0x62, 0x79, 0x20, 0x20, 0x20,
    0x20, 0x20, 0x20, 0x54, 0x72, 0x69, 0x62, 0x75, 0x74, 0x69, 0x6E, 0x67,
    0x20, 0x31, 0x20, 0x20, 0x20, 0x42, 0x6C, 0x75, 0x65, 0x2D, 0x45, 0x79,
    0x65, 0x73, 0x20, 0x20, 0x20, 0x5E, 0x55, 0x6C, 0x74, 0x69, 0x6D, 0x61,
    0x74, 0x65, 0x20, 0x20, 0x20, 0x20, 0x44, 0x72, 0x61, 0x67, 0x6F, 0x6E,
    0x2E, 0x20, 0x47, 0x61, 0x69, 0x6E, 0x73, 0x20, 0x33, 0x30, 0x30, 0x20,
    0x41, 0x54, 0x4B, 0x20, 0x66, 0x6F, 0x72, 0x20, 0x20, 0x20, 0x65, 0x61,
    0x63, 0x68, 0x20, 0x44, 0x72, 0x61, 0x67, 0x6F, 0x6E, 0x20, 0x20, 0x20,
    0x6D, 0x6F, 0x6E, 0x73, 0x74, 0x65, 0x72, 0x20, 0x69, 0x6E, 0x20, 0x20,
    0x5E, 0x79, 0x6F, 0x75, 0x72, 0x20, 0x47, 0x59, 0x2E, 0x20, 0x20, 0x20,
    0x20, 0x57, 0x68, 0x65, 0x6E, 0x20, 0x61, 0x20, 0x63, 0x61, 0x72, 0x64,
    0x20, 0x6F, 0x72, 0x65, 0x66, 0x66, 0x65, 0x63, 0x74, 0x20, 0x69, 0x73,
    0x20, 0x20, 0x20, 0x20, 0x20, 0x61, 0x63, 0x74, 0x69, 0x76, 0x61, 0x74,
    0x65, 0x64, 0x20, 0x74, 0x68, 0x61, 0x74, 0x74, 0x61, 0x72, 0x67, 0x65,
    0x74, 0x73, 0x20, 0x74, 0x68, 0x69, 0x73, 0x5E, 0x63, 0x61, 0x72, 0x64,
    0x20, 0x28, 0x51, 0x75, 0x69, 0x63, 0x6B, 0x20, 0x45, 0x66, 0x66, 0x65,
    0x63, 0x74, 0x29, 0x3A, 0x20, 0x59, 0x6F, 0x75, 0x20, 0x20, 0x63, 0x61,
    0x6E, 0x20, 0x6E, 0x65, 0x67, 0x61, 0x74, 0x65, 0x20, 0x20, 0x20, 0x20,
    0x74, 0x68, 0x61, 0x74, 0x20, 0x65, 0x66, 0x66, 0x65, 0x63, 0x74, 0x2E,
    0x20, 0x20, 0x5E, 0x00,
};

const u8 gDescription_BlueEyesChaosMaxDragon[] APPEND_TEXT = {
    0x20, 0x20, 0x5E, 0x36, 0x59, 0x6F, 0x75, 0x20, 0x63, 0x61, 0x6E, 0x20,
    0x20, 0x20, 0x20, 0x20, 0x52, 0x69, 0x74, 0x75, 0x61, 0x6C, 0x20, 0x53,
    0x75, 0x6D, 0x6D, 0x6F, 0x6E, 0x20, 0x74, 0x68, 0x69, 0x73, 0x20, 0x63,
    0x61, 0x72, 0x64, 0x20, 0x77, 0x69, 0x74, 0x68, 0x43, 0x68, 0x61, 0x6F,
    0x73, 0x20, 0x46, 0x6F, 0x72, 0x6D, 0x2E, 0x20, 0x20, 0x20, 0x4D, 0x75,
    0x73, 0x74, 0x20, 0x62, 0x65, 0x20, 0x20, 0x20, 0x20, 0x20, 0x5E, 0x52,
    0x69, 0x74, 0x75, 0x61, 0x6C, 0x20, 0x20, 0x20, 0x20, 0x20, 0x20, 0x53,
    0x75, 0x6D, 0x6D, 0x6F, 0x6E, 0x65, 0x64, 0x2E, 0x20, 0x59, 0x6F, 0x75,
    0x72, 0x6F, 0x70, 0x70, 0x6F, 0x6E, 0x65, 0x6E, 0x74, 0x20, 0x20, 0x20,
    0x20, 0x20, 0x20, 0x63, 0x61, 0x6E, 0x6E, 0x6F, 0x74, 0x20, 0x74, 0x61,
    0x72, 0x67, 0x65, 0x74, 0x20, 0x74, 0x68, 0x69, 0x73, 0x20, 0x63, 0x61,
    0x72, 0x64, 0x20, 0x20, 0x20, 0x5E, 0x77, 0x69, 0x74, 0x68, 0x20, 0x63,
    0x61, 0x72, 0x64, 0x20, 0x20, 0x20, 0x65, 0x66, 0x66, 0x65, 0x63, 0x74,
    0x73, 0x2C, 0x20, 0x61, 0x6C, 0x73, 0x6F, 0x20, 0x69, 0x74, 0x20, 0x63,
    0x61, 0x6E, 0x6E, 0x6F, 0x74, 0x20, 0x62, 0x65, 0x20, 0x20, 0x64, 0x65,
    0x73, 0x74, 0x72, 0x6F, 0x79, 0x65, 0x64, 0x20, 0x62, 0x79, 0x20, 0x20,
    0x79, 0x6F, 0x75, 0x72, 0x20, 0x20, 0x20, 0x20, 0x20, 0x20, 0x20, 0x20,
    0x5E, 0x6F, 0x70, 0x70, 0x6F, 0x6E, 0x65, 0x6E, 0x74, 0x27, 0x73, 0x20,
    0x20, 0x63, 0x61, 0x72, 0x64, 0x20, 0x65, 0x66, 0x66, 0x65, 0x63, 0x74,
    0x73, 0x2E, 0x20, 0x49, 0x66, 0x20, 0x74, 0x68, 0x69, 0x73, 0x20, 0x63,
    0x61, 0x72, 0x64, 0x20, 0x20, 0x61, 0x74, 0x74, 0x61, 0x63, 0x6B, 0x73,
    0x20, 0x61, 0x20, 0x20, 0x20, 0x20, 0x20, 0x44, 0x65, 0x66, 0x65, 0x6E,
    0x73, 0x65, 0x20, 0x20, 0x20, 0x20, 0x20, 0x5E, 0x50, 0x6F, 0x73, 0x69,
    0x74, 0x69, 0x6F, 0x6E, 0x20, 0x20, 0x20, 0x20, 0x6D, 0x6F, 0x6E, 0x73,
    0x74, 0x65, 0x72, 0x2C, 0x20, 0x20, 0x20, 0x20, 0x20, 0x20, 0x69, 0x6E,
    0x66, 0x6C, 0x69, 0x63, 0x74, 0x20, 0x64, 0x6F, 0x75, 0x62, 0x6C, 0x65,
    0x70, 0x69, 0x65, 0x72, 0x63, 0x69, 0x6E, 0x67, 0x20, 0x20, 0x20, 0x20,
    0x20, 0x20, 0x62, 0x61, 0x74, 0x74, 0x6C, 0x65, 0x20, 0x20, 0x20, 0x20,
    0x20, 0x20, 0x5E, 0x64, 0x61, 0x6D, 0x61, 0x67, 0x65, 0x2E, 0x20, 0x20,
    0x20, 0x20, 0x20, 0x5E, 0x00,
};

const u8 gDescription_Kaibaman[] APPEND_TEXT = {
    0x20, 0x20, 0x5E, 0x33, 0x49, 0x66, 0x20, 0x74, 0x68, 0x69, 0x73, 0x20,
    0x63, 0x61, 0x72, 0x64, 0x69, 0x73, 0x20, 0x53, 0x75, 0x6D, 0x6D, 0x6F,
    0x6E, 0x65, 0x64, 0x3A, 0x20, 0x20, 0x54, 0x61, 0x72, 0x67, 0x65, 0x74,
    0x20, 0x31, 0x20, 0x20, 0x20, 0x20, 0x20, 0x20, 0x66, 0x61, 0x63, 0x65,
    0x2D, 0x75, 0x70, 0x20, 0x20, 0x20, 0x20, 0x20, 0x20, 0x20, 0x6D, 0x6F,
    0x6E, 0x73, 0x74, 0x65, 0x72, 0x20, 0x79, 0x6F, 0x75, 0x72, 0x5E, 0x6F,
    0x70, 0x70, 0x6F, 0x6E, 0x65, 0x6E, 0x74, 0x20, 0x20, 0x20, 0x20, 0x63,
    0x6F, 0x6E, 0x74, 0x72, 0x6F, 0x6C, 0x73, 0x3B, 0x20, 0x74, 0x68, 0x69,
    0x73, 0x63, 0x61, 0x72, 0x64, 0x27, 0x73, 0x20, 0x41, 0x54, 0x4B, 0x2F,
    0x44, 0x45, 0x46, 0x62, 0x65, 0x63, 0x6F, 0x6D, 0x65, 0x20, 0x65, 0x71,
    0x75, 0x61, 0x6C, 0x20, 0x20, 0x74, 0x6F, 0x20, 0x74, 0x68, 0x61, 0x74,
    0x20, 0x20, 0x20, 0x20, 0x20, 0x5E, 0x6D, 0x6F, 0x6E, 0x73, 0x74, 0x65,
    0x72, 0x27, 0x73, 0x20, 0x20, 0x20, 0x6F, 0x72, 0x69, 0x67, 0x69, 0x6E,
    0x61, 0x6C, 0x20, 0x20, 0x20, 0x20, 0x20, 0x20, 0x41, 0x54, 0x4B, 0x2F,
    0x44, 0x45, 0x46, 0x2E, 0x20, 0x20, 0x20, 0x20, 0x20, 0x20, 0x5E, 0x00,
};

const u8 gDescription_UltimateOffering[] APPEND_TEXT = {
    0x20, 0x20, 0x5E, 0x33, 0x44, 0x75, 0x72, 0x69, 0x6E, 0x67, 0x20, 0x79,
    0x6F, 0x75, 0x72, 0x20, 0x4D, 0x61, 0x69, 0x6E, 0x20, 0x50, 0x68, 0x61,
    0x73, 0x65, 0x20, 0x6F, 0x72, 0x20, 0x79, 0x6F, 0x75, 0x72, 0x20, 0x20,
    0x20, 0x20, 0x20, 0x20, 0x20, 0x20, 0x20, 0x20, 0x6F, 0x70, 0x70, 0x6F,
    0x6E, 0x65, 0x6E, 0x74, 0x27, 0x73, 0x20, 0x20, 0x20, 0x20, 0x42, 0x61,
    0x74, 0x74, 0x6C, 0x65, 0x20, 0x20, 0x20, 0x20, 0x20, 0x20, 0x5E, 0x50,
    0x68, 0x61, 0x73, 0x65, 0x3A, 0x20, 0x59, 0x6F, 0x75, 0x20, 0x20, 0x63,
    0x61, 0x6E, 0x20, 0x70, 0x61, 0x79, 0x20, 0x35, 0x30, 0x30, 0x20, 0x20,
    0x20, 0x4C, 0x69, 0x66, 0x65, 0x20, 0x50, 0x6F, 0x69, 0x6E, 0x74, 0x73,
    0x3B, 0x20, 0x20, 0x69, 0x6D, 0x6D, 0x65, 0x64, 0x69, 0x61, 0x74, 0x65,
    0x6C, 0x79, 0x20, 0x20, 0x20, 0x61, 0x66, 0x74, 0x65, 0x72, 0x20, 0x74,
    0x68, 0x69, 0x73, 0x20, 0x20, 0x5E, 0x65, 0x66, 0x66, 0x65, 0x63, 0x74,
    0x20, 0x20, 0x20, 0x20, 0x20, 0x20, 0x72, 0x65, 0x73, 0x6F, 0x6C, 0x76,
    0x65, 0x73, 0x2C, 0x20, 0x20, 0x20, 0x20, 0x20, 0x4E, 0x6F, 0x72, 0x6D,
    0x61, 0x6C, 0x20, 0x20, 0x20, 0x20, 0x20, 0x20, 0x20, 0x20, 0x53, 0x75,
    0x6D, 0x6D, 0x6F, 0x6E, 0x2F, 0x53, 0x65, 0x74, 0x20, 0x31, 0x20, 0x20,
    0x6D, 0x6F, 0x6E, 0x73, 0x74, 0x65, 0x72, 0x2E, 0x20, 0x20, 0x20, 0x20,
    0x5E, 0x00,
};

const u8 gDescription_WaveMotionCannon[] APPEND_TEXT = {
    0x20, 0x20, 0x5E, 0x33, 0x44, 0x75, 0x72, 0x69, 0x6E, 0x67, 0x20, 0x79,
    0x6F, 0x75, 0x72, 0x20, 0x4D, 0x61, 0x69, 0x6E, 0x20, 0x50, 0x68, 0x61,
    0x73, 0x65, 0x3A, 0x20, 0x20, 0x20, 0x59, 0x6F, 0x75, 0x20, 0x63, 0x61,
    0x6E, 0x20, 0x73, 0x65, 0x6E, 0x64, 0x20, 0x20, 0x74, 0x68, 0x69, 0x73,
    0x20, 0x66, 0x61, 0x63, 0x65, 0x2D, 0x75, 0x70, 0x20, 0x20, 0x63, 0x61,
    0x72, 0x64, 0x20, 0x74, 0x6F, 0x20, 0x74, 0x68, 0x65, 0x20, 0x5E, 0x47,
    0x59, 0x3B, 0x20, 0x69, 0x6E, 0x66, 0x6C, 0x69, 0x63, 0x74, 0x20, 0x31,
    0x30, 0x30, 0x30, 0x20, 0x64, 0x61, 0x6D, 0x61, 0x67, 0x65, 0x20, 0x74,
    0x6F, 0x79, 0x6F, 0x75, 0x72, 0x20, 0x6F, 0x70, 0x70, 0x6F, 0x6E, 0x65,
    0x6E, 0x74, 0x20, 0x66, 0x6F, 0x72, 0x20, 0x65, 0x61, 0x63, 0x68, 0x20,
    0x6F, 0x66, 0x20, 0x20, 0x20, 0x79, 0x6F, 0x75, 0x72, 0x20, 0x53, 0x74,
    0x61, 0x6E, 0x64, 0x62, 0x79, 0x5E, 0x50, 0x68, 0x61, 0x73, 0x65, 0x73,
    0x20, 0x74, 0x68, 0x61, 0x74, 0x20, 0x68, 0x61, 0x76, 0x65, 0x20, 0x70,
    0x61, 0x73, 0x73, 0x65, 0x64, 0x20, 0x20, 0x20, 0x73, 0x69, 0x6E, 0x63,
    0x65, 0x20, 0x74, 0x68, 0x69, 0x73, 0x20, 0x20, 0x20, 0x20, 0x63, 0x61,
    0x72, 0x64, 0x20, 0x77, 0x61, 0x73, 0x20, 0x20, 0x20, 0x20, 0x20, 0x20,
    0x61, 0x63, 0x74, 0x69, 0x76, 0x61, 0x74, 0x65, 0x64, 0x2E, 0x20, 0x20,
    0x5E, 0x00,
};

const u8 gDescription_SoulExchange[] APPEND_TEXT = {
    0x20, 0x20, 0x5E, 0x34, 0x54, 0x61, 0x72, 0x67, 0x65, 0x74, 0x20, 0x31,
    0x20, 0x20, 0x20, 0x20, 0x6D, 0x6F, 0x6E, 0x73, 0x74, 0x65, 0x72, 0x20,
    0x79, 0x6F, 0x75, 0x72, 0x20, 0x20, 0x6F, 0x70, 0x70, 0x6F, 0x6E, 0x65,
    0x6E, 0x74, 0x20, 0x20, 0x20, 0x20, 0x20, 0x20, 0x63, 0x6F, 0x6E, 0x74,
    0x72, 0x6F, 0x6C, 0x73, 0x3B, 0x20, 0x74, 0x68, 0x69, 0x73, 0x74, 0x75,
    0x72, 0x6E, 0x2C, 0x20, 0x69, 0x66, 0x20, 0x79, 0x6F, 0x75, 0x5E, 0x54,
    0x72, 0x69, 0x62, 0x75, 0x74, 0x65, 0x20, 0x61, 0x20, 0x20, 0x20, 0x6D,
    0x6F, 0x6E, 0x73, 0x74, 0x65, 0x72, 0x2C, 0x20, 0x79, 0x6F, 0x75, 0x20,
    0x20, 0x6D, 0x75, 0x73, 0x74, 0x20, 0x54, 0x72, 0x69, 0x62, 0x75, 0x74,
    0x65, 0x20, 0x20, 0x74, 0x68, 0x61, 0x74, 0x20, 0x74, 0x61, 0x72, 0x67,
    0x65, 0x74, 0x2C, 0x20, 0x20, 0x61, 0x73, 0x20, 0x69, 0x66, 0x20, 0x79,
    0x6F, 0x75, 0x20, 0x20, 0x20, 0x5E, 0x63, 0x6F, 0x6E, 0x74, 0x72, 0x6F,
    0x6C, 0x6C, 0x65, 0x64, 0x20, 0x20, 0x69, 0x74, 0x2E, 0x20, 0x59, 0x6F,
    0x75, 0x20, 0x63, 0x61, 0x6E, 0x6E, 0x6F, 0x74, 0x63, 0x6F, 0x6E, 0x64,
    0x75, 0x63, 0x74, 0x20, 0x79, 0x6F, 0x75, 0x72, 0x20, 0x20, 0x42, 0x61,
    0x74, 0x74, 0x6C, 0x65, 0x20, 0x50, 0x68, 0x61, 0x73, 0x65, 0x20, 0x20,
    0x74, 0x68, 0x65, 0x20, 0x74, 0x75, 0x72, 0x6E, 0x20, 0x79, 0x6F, 0x75,
    0x5E, 0x61, 0x63, 0x74, 0x69, 0x76, 0x61, 0x74, 0x65, 0x20, 0x20, 0x20,
    0x20, 0x74, 0x68, 0x69, 0x73, 0x20, 0x63, 0x61, 0x72, 0x64, 0x2E, 0x20,
    0x20, 0x20, 0x20, 0x5E, 0x00,
};

const u8 gDescription_MysticalSpaceTyphoon[] APPEND_TEXT = {
    0x20, 0x20, 0x5E, 0x32, 0x54, 0x61, 0x72, 0x67, 0x65, 0x74, 0x20, 0x31,
    0x20, 0x20, 0x20, 0x20, 0x53, 0x70, 0x65, 0x6C, 0x6C, 0x2F, 0x54, 0x72,
    0x61, 0x70, 0x20, 0x6F, 0x6E, 0x20, 0x74, 0x68, 0x65, 0x20, 0x66, 0x69,
    0x65, 0x6C, 0x64, 0x3B, 0x20, 0x20, 0x20, 0x20, 0x64, 0x65, 0x73, 0x74,
    0x72, 0x6F, 0x79, 0x20, 0x74, 0x68, 0x61, 0x74, 0x20, 0x20, 0x74, 0x61,
    0x72, 0x67, 0x65, 0x74, 0x2E, 0x20, 0x20, 0x20, 0x20, 0x20, 0x5E, 0x5E,
    0x00,
};

const u8 gDescription_RareMetalDragon[] APPEND_TEXT = {
    0x20, 0x20, 0x5E, 0x32, 0x54, 0x68, 0x69, 0x73, 0x20, 0x63, 0x61, 0x72,
    0x64, 0x20, 0x20, 0x20, 0x63, 0x61, 0x6E, 0x6E, 0x6F, 0x74, 0x20, 0x62,
    0x65, 0x20, 0x20, 0x20, 0x20, 0x20, 0x4E, 0x6F, 0x72, 0x6D, 0x61, 0x6C,
    0x20, 0x20, 0x20, 0x20, 0x20, 0x20, 0x20, 0x20, 0x53, 0x75, 0x6D, 0x6D,
    0x6F, 0x6E, 0x65, 0x64, 0x20, 0x6F, 0x72, 0x20, 0x20, 0x20, 0x53, 0x65,
    0x74, 0x2E, 0x20, 0x20, 0x20, 0x20, 0x20, 0x20, 0x20, 0x20, 0x5E, 0x5E,
    0x00,
};

const u8 gDescription_MaskOfRestrict[] APPEND_TEXT = {
    0x20, 0x20, 0x5E, 0x32, 0x4E, 0x65, 0x69, 0x74, 0x68, 0x65, 0x72, 0x20,
    0x20, 0x20, 0x20, 0x20, 0x70, 0x6C, 0x61, 0x79, 0x65, 0x72, 0x20, 0x63,
    0x61, 0x6E, 0x20, 0x20, 0x20, 0x20, 0x54, 0x72, 0x69, 0x62, 0x75, 0x74,
    0x65, 0x20, 0x63, 0x61, 0x72, 0x64, 0x73, 0x2E, 0x5E, 0x5E, 0x00,
};

const u8 gDescription_BlueEyesAlternativeWhiteDragon[] APPEND_TEXT = {
    0x20, 0x20, 0x5E, 0x38, 0x43, 0x61, 0x6E, 0x6E, 0x6F, 0x74, 0x20, 0x62,
    0x65, 0x20, 0x20, 0x20, 0x4E, 0x6F, 0x72, 0x6D, 0x61, 0x6C, 0x20, 0x20,
    0x20, 0x20, 0x20, 0x20, 0x20, 0x20, 0x53, 0x75, 0x6D, 0x6D, 0x6F, 0x6E,
    0x65, 0x64, 0x2F, 0x53, 0x65, 0x74, 0x2E, 0x20, 0x4D, 0x75, 0x73, 0x74,
    0x20, 0x66, 0x69, 0x72, 0x73, 0x74, 0x20, 0x62, 0x65, 0x20, 0x53, 0x70,
    0x65, 0x63, 0x69, 0x61, 0x6C, 0x20, 0x20, 0x20, 0x20, 0x20, 0x5E, 0x53,
    0x75, 0x6D, 0x6D, 0x6F, 0x6E, 0x65, 0x64, 0x20, 0x20, 0x20, 0x20, 0x28,
    0x66, 0x72, 0x6F, 0x6D, 0x20, 0x79, 0x6F, 0x75, 0x72, 0x20, 0x20, 0x20,
    0x20, 0x68, 0x61, 0x6E, 0x64, 0x29, 0x20, 0x62, 0x79, 0x20, 0x20, 0x20,
    0x20, 0x20, 0x20, 0x72, 0x65, 0x76, 0x65, 0x61, 0x6C, 0x69, 0x6E, 0x67,
    0x20, 0x20, 0x20, 0x20, 0x20, 0x42, 0x6C, 0x75, 0x65, 0x2D, 0x45, 0x79,
    0x65, 0x73, 0x20, 0x20, 0x20, 0x5E, 0x57, 0x68, 0x69, 0x74, 0x65, 0x20,
    0x44, 0x72, 0x61, 0x67, 0x6F, 0x6E, 0x69, 0x6E, 0x20, 0x79, 0x6F, 0x75,
    0x72, 0x20, 0x68, 0x61, 0x6E, 0x64, 0x2E, 0x20, 0x59, 0x6F, 0x75, 0x20,
    0x63, 0x61, 0x6E, 0x20, 0x6F, 0x6E, 0x6C, 0x79, 0x20, 0x20, 0x53, 0x70,
    0x65, 0x63, 0x69, 0x61, 0x6C, 0x20, 0x53, 0x75, 0x6D, 0x6D, 0x6F, 0x6E,
    0x42, 0x6C, 0x75, 0x65, 0x2D, 0x45, 0x79, 0x65, 0x73, 0x20, 0x20, 0x20,
    0x5E, 0x41, 0x6C, 0x74, 0x65, 0x72, 0x6E, 0x61, 0x74, 0x69, 0x76, 0x65,
    0x20, 0x57, 0x68, 0x69, 0x74, 0x65, 0x20, 0x44, 0x72, 0x61, 0x67, 0x6F,
    0x6E, 0x20, 0x20, 0x6F, 0x6E, 0x63, 0x65, 0x20, 0x70, 0x65, 0x72, 0x20,
    0x74, 0x75, 0x72, 0x6E, 0x20, 0x74, 0x68, 0x69, 0x73, 0x20, 0x77, 0x61,
    0x79, 0x2E, 0x20, 0x54, 0x68, 0x69, 0x73, 0x63, 0x61, 0x72, 0x64, 0x27,
    0x73, 0x20, 0x6E, 0x61, 0x6D, 0x65, 0x20, 0x5E, 0x62, 0x65, 0x63, 0x6F,
    0x6D, 0x65, 0x73, 0x20, 0x20, 0x20, 0x20, 0x20, 0x42, 0x6C, 0x75, 0x65,
    0x2D, 0x45, 0x79, 0x65, 0x73, 0x20, 0x20, 0x20, 0x20, 0x20, 0x57, 0x68,
    0x69, 0x74, 0x65, 0x20, 0x44, 0x72, 0x61, 0x67, 0x6F, 0x6E, 0x20, 0x20,
    0x77, 0x68, 0x69, 0x6C, 0x65, 0x20, 0x69, 0x74, 0x20, 0x69, 0x73, 0x20,
    0x6F, 0x6E, 0x74, 0x68, 0x65, 0x20, 0x66, 0x69, 0x65, 0x6C, 0x64, 0x20,
    0x6F, 0x72, 0x5E, 0x69, 0x6E, 0x20, 0x74, 0x68, 0x65, 0x20, 0x20, 0x20,
    0x20, 0x20, 0x20, 0x47, 0x72, 0x61, 0x76, 0x65, 0x79, 0x61, 0x72, 0x64,
    0x2E, 0x20, 0x20, 0x20, 0x20, 0x4F, 0x6E, 0x63, 0x65, 0x20, 0x70, 0x65,
    0x72, 0x20, 0x74, 0x75, 0x72, 0x6E, 0x3A, 0x59, 0x6F, 0x75, 0x20, 0x63,
    0x61, 0x6E, 0x20, 0x74, 0x61, 0x72, 0x67, 0x65, 0x74, 0x31, 0x20, 0x6D,
    0x6F, 0x6E, 0x73, 0x74, 0x65, 0x72, 0x20, 0x20, 0x20, 0x5E, 0x79, 0x6F,
    0x75, 0x72, 0x20, 0x20, 0x20, 0x20, 0x20, 0x20, 0x20, 0x20, 0x6F, 0x70,
    0x70, 0x6F, 0x6E, 0x65, 0x6E, 0x74, 0x20, 0x20, 0x20, 0x20, 0x20, 0x20,
    0x63, 0x6F, 0x6E, 0x74, 0x72, 0x6F, 0x6C, 0x73, 0x3B, 0x20, 0x20, 0x20,
    0x20, 0x20, 0x64, 0x65, 0x73, 0x74, 0x72, 0x6F, 0x79, 0x20, 0x69, 0x74,
    0x2E, 0x20, 0x20, 0x20, 0x54, 0x68, 0x69, 0x73, 0x20, 0x63, 0x61, 0x72,
    0x64, 0x20, 0x20, 0x20, 0x5E, 0x63, 0x61, 0x6E, 0x6E, 0x6F, 0x74, 0x20,
    0x20, 0x20, 0x20, 0x20, 0x20, 0x61, 0x74, 0x74, 0x61, 0x63, 0x6B, 0x20,
    0x74, 0x68, 0x65, 0x20, 0x20, 0x20, 0x20, 0x74, 0x75, 0x72, 0x6E, 0x20,
    0x74, 0x68, 0x69, 0x73, 0x20, 0x20, 0x20, 0x20, 0x20, 0x65, 0x66, 0x66,
    0x65, 0x63, 0x74, 0x20, 0x69, 0x73, 0x20, 0x20, 0x20, 0x20, 0x20, 0x61,
    0x63, 0x74, 0x69, 0x76, 0x61, 0x74, 0x65, 0x64, 0x2E, 0x20, 0x20, 0x5E,
    0x00,
};

const u8 gDescription_SealOfOrichalcos[] APPEND_TEXT = {
    0x20, 0x20, 0x5E, 0x39, 0x41, 0x6C, 0x6C, 0x20, 0x6D, 0x6F, 0x6E, 0x73,
    0x74, 0x65, 0x72, 0x73, 0x79, 0x6F, 0x75, 0x20, 0x63, 0x6F, 0x6E, 0x74,
    0x72, 0x6F, 0x6C, 0x20, 0x20, 0x20, 0x67, 0x61, 0x69, 0x6E, 0x20, 0x35,
    0x30, 0x30, 0x20, 0x41, 0x54, 0x4B, 0x2E, 0x20, 0x4F, 0x6E, 0x63, 0x65,
    0x20, 0x70, 0x65, 0x72, 0x20, 0x74, 0x75, 0x72, 0x6E, 0x2C, 0x74, 0x68,
    0x69, 0x73, 0x20, 0x63, 0x61, 0x72, 0x64, 0x20, 0x20, 0x20, 0x5E, 0x63,
    0x61, 0x6E, 0x6E, 0x6F, 0x74, 0x20, 0x62, 0x65, 0x20, 0x20, 0x20, 0x64,
    0x65, 0x73, 0x74, 0x72, 0x6F, 0x79, 0x65, 0x64, 0x20, 0x62, 0x79, 0x20,
    0x20, 0x63, 0x61, 0x72, 0x64, 0x20, 0x65, 0x66, 0x66, 0x65, 0x63, 0x74,
    0x73, 0x2E, 0x20, 0x57, 0x68, 0x69, 0x6C, 0x65, 0x20, 0x79, 0x6F, 0x75,
    0x20, 0x20, 0x20, 0x20, 0x20, 0x63, 0x6F, 0x6E, 0x74, 0x72, 0x6F, 0x6C,
    0x20, 0x32, 0x20, 0x6F, 0x72, 0x5E, 0x6D, 0x6F, 0x72, 0x65, 0x20, 0x66,
    0x61, 0x63, 0x65, 0x2D, 0x75, 0x70, 0x41, 0x74, 0x74, 0x61, 0x63, 0x6B,
    0x20, 0x20, 0x20, 0x20, 0x20, 0x20, 0x20, 0x20, 0x50, 0x6F, 0x73, 0x69,
    0x74, 0x69, 0x6F, 0x6E, 0x20, 0x20, 0x20, 0x20, 0x20, 0x20, 0x6D, 0x6F,
    0x6E, 0x73, 0x74, 0x65, 0x72, 0x73, 0x2C, 0x20, 0x79, 0x6F, 0x75, 0x72,
    0x6F, 0x70, 0x70, 0x6F, 0x6E, 0x65, 0x6E, 0x74, 0x20, 0x20, 0x20, 0x20,
    0x5E, 0x63, 0x61, 0x6E, 0x6E, 0x6F, 0x74, 0x20, 0x20, 0x20, 0x20, 0x20,
    0x20, 0x74, 0x61, 0x72, 0x67, 0x65, 0x74, 0x20, 0x79, 0x6F, 0x75, 0x72,
    0x20, 0x20, 0x20, 0x6D, 0x6F, 0x6E, 0x73, 0x74, 0x65, 0x72, 0x28, 0x73,
    0x29, 0x20, 0x20, 0x20, 0x20, 0x77, 0x69, 0x74, 0x68, 0x20, 0x74, 0x68,
    0x65, 0x20, 0x20, 0x20, 0x20, 0x20, 0x20, 0x6C, 0x6F, 0x77, 0x65, 0x73,
    0x74, 0x20, 0x41, 0x54, 0x4B, 0x20, 0x20, 0x5E, 0x66, 0x6F, 0x72, 0x20,
    0x61, 0x6E, 0x20, 0x20, 0x20, 0x20, 0x20, 0x20, 0x61, 0x74, 0x74, 0x61,
    0x63, 0x6B, 0x2E, 0x20, 0x49, 0x66, 0x20, 0x20, 0x20, 0x20, 0x74, 0x68,
    0x69, 0x73, 0x20, 0x63, 0x61, 0x72, 0x64, 0x20, 0x69, 0x73, 0x20, 0x20,
    0x61, 0x63, 0x74, 0x69, 0x76, 0x61, 0x74, 0x65, 0x64, 0x3A, 0x20, 0x20,
    0x20, 0x20, 0x44, 0x65, 0x73, 0x74, 0x72, 0x6F, 0x79, 0x20, 0x61, 0x6C,
    0x6C, 0x20, 0x5E, 0x53, 0x70, 0x65, 0x63, 0x69, 0x61, 0x6C, 0x20, 0x20,
    0x20, 0x20, 0x20, 0x53, 0x75, 0x6D, 0x6D, 0x6F, 0x6E, 0x65, 0x64, 0x20,
    0x20, 0x20, 0x20, 0x20, 0x20, 0x6D, 0x6F, 0x6E, 0x73, 0x74, 0x65, 0x72,
    0x73, 0x20, 0x79, 0x6F, 0x75, 0x20, 0x20, 0x63, 0x6F, 0x6E, 0x74, 0x72,
    0x6F, 0x6C, 0x2E, 0x20, 0x59, 0x6F, 0x75, 0x20, 0x20, 0x63, 0x61, 0x6E,
    0x6E, 0x6F, 0x74, 0x20, 0x20, 0x20, 0x20, 0x20, 0x20, 0x5E, 0x53, 0x70,
    0x65, 0x63, 0x69, 0x61, 0x6C, 0x20, 0x20, 0x20, 0x20, 0x20, 0x53, 0x75,
    0x6D, 0x6D, 0x6F, 0x6E, 0x20, 0x20, 0x20, 0x20, 0x20, 0x20, 0x20, 0x20,
    0x6D, 0x6F, 0x6E, 0x73, 0x74, 0x65, 0x72, 0x73, 0x20, 0x66, 0x72, 0x6F,
    0x6D, 0x20, 0x74, 0x68, 0x65, 0x20, 0x45, 0x78, 0x74, 0x72, 0x61, 0x20,
    0x20, 0x20, 0x20, 0x20, 0x44, 0x65, 0x63, 0x6B, 0x2E, 0x20, 0x59, 0x6F,
    0x75, 0x20, 0x20, 0x20, 0x5E, 0x63, 0x61, 0x6E, 0x20, 0x6F, 0x6E, 0x6C,
    0x79, 0x20, 0x20, 0x20, 0x20, 0x61, 0x63, 0x74, 0x69, 0x76, 0x61, 0x74,
    0x65, 0x20, 0x54, 0x68, 0x65, 0x20, 0x20, 0x53, 0x65, 0x61, 0x6C, 0x20,
    0x6F, 0x66, 0x20, 0x20, 0x20, 0x20, 0x20, 0x20, 0x20, 0x4F, 0x72, 0x69,
    0x63, 0x68, 0x61, 0x6C, 0x63, 0x6F, 0x73, 0x20, 0x20, 0x20, 0x20, 0x6F,
    0x6E, 0x63, 0x65, 0x20, 0x70, 0x65, 0x72, 0x20, 0x20, 0x20, 0x20, 0x5E,
    0x44, 0x75, 0x65, 0x6C, 0x2E, 0x20, 0x20, 0x20, 0x20, 0x20, 0x20, 0x20,
    0x5E, 0x00,
};

const u8 gDescription_SkillDrain[] APPEND_TEXT = {
    0x20, 0x20, 0x5E, 0x33, 0x41, 0x63, 0x74, 0x69, 0x76, 0x61, 0x74, 0x65,
    0x20, 0x62, 0x79, 0x20, 0x70, 0x61, 0x79, 0x69, 0x6E, 0x67, 0x20, 0x31,
    0x30, 0x30, 0x30, 0x20, 0x20, 0x20, 0x4C, 0x50, 0x2E, 0x20, 0x4E, 0x65,
    0x67, 0x61, 0x74, 0x65, 0x20, 0x74, 0x68, 0x65, 0x65, 0x66, 0x66, 0x65,
    0x63, 0x74, 0x73, 0x20, 0x6F, 0x66, 0x20, 0x61, 0x6C, 0x6C, 0x66, 0x61,
    0x63, 0x65, 0x2D, 0x75, 0x70, 0x20, 0x20, 0x20, 0x20, 0x20, 0x5E, 0x6D,
    0x6F, 0x6E, 0x73, 0x74, 0x65, 0x72, 0x73, 0x20, 0x20, 0x20, 0x20, 0x77,
    0x68, 0x69, 0x6C, 0x65, 0x20, 0x74, 0x68, 0x65, 0x79, 0x20, 0x61, 0x72,
    0x65, 0x66, 0x61, 0x63, 0x65, 0x2D, 0x75, 0x70, 0x20, 0x6F, 0x6E, 0x20,
    0x74, 0x68, 0x65, 0x66, 0x69, 0x65, 0x6C, 0x64, 0x20, 0x28, 0x62, 0x75,
    0x74, 0x20, 0x20, 0x20, 0x20, 0x74, 0x68, 0x65, 0x69, 0x72, 0x20, 0x20,
    0x20, 0x20, 0x20, 0x20, 0x20, 0x5E, 0x65, 0x66, 0x66, 0x65, 0x63, 0x74,
    0x73, 0x20, 0x63, 0x61, 0x6E, 0x20, 0x73, 0x74, 0x69, 0x6C, 0x6C, 0x20,
    0x62, 0x65, 0x20, 0x20, 0x20, 0x20, 0x20, 0x20, 0x61, 0x63, 0x74, 0x69,
    0x76, 0x61, 0x74, 0x65, 0x64, 0x29, 0x2E, 0x20, 0x20, 0x20, 0x5E, 0x00,
};

const u8 gDescription_MagicCylinder[] APPEND_TEXT = {
    0x20, 0x20, 0x5E, 0x33, 0x57, 0x68, 0x65, 0x6E, 0x20, 0x61, 0x6E, 0x20,
    0x20, 0x20, 0x20, 0x20, 0x6F, 0x70, 0x70, 0x6F, 0x6E, 0x65, 0x6E, 0x74,
    0x27, 0x73, 0x20, 0x20, 0x20, 0x20, 0x6D, 0x6F, 0x6E, 0x73, 0x74, 0x65,
    0x72, 0x20, 0x20, 0x20, 0x20, 0x20, 0x20, 0x20, 0x64, 0x65, 0x63, 0x6C,
    0x61, 0x72, 0x65, 0x73, 0x20, 0x61, 0x6E, 0x20, 0x20, 0x20, 0x61, 0x74,
    0x74, 0x61, 0x63, 0x6B, 0x3A, 0x20, 0x20, 0x20, 0x20, 0x20, 0x5E, 0x54,
    0x61, 0x72, 0x67, 0x65, 0x74, 0x20, 0x74, 0x68, 0x65, 0x20, 0x20, 0x61,
    0x74, 0x74, 0x61, 0x63, 0x6B, 0x69, 0x6E, 0x67, 0x20, 0x20, 0x20, 0x20,
    0x20, 0x6D, 0x6F, 0x6E, 0x73, 0x74, 0x65, 0x72, 0x3B, 0x20, 0x20, 0x20,
    0x20, 0x20, 0x20, 0x6E, 0x65, 0x67, 0x61, 0x74, 0x65, 0x20, 0x74, 0x68,
    0x65, 0x20, 0x20, 0x20, 0x20, 0x61, 0x74, 0x74, 0x61, 0x63, 0x6B, 0x2C,
    0x20, 0x61, 0x6E, 0x64, 0x20, 0x5E, 0x69, 0x66, 0x20, 0x79, 0x6F, 0x75,
    0x20, 0x64, 0x6F, 0x2C, 0x20, 0x20, 0x69, 0x6E, 0x66, 0x6C, 0x69, 0x63,
    0x74, 0x20, 0x64, 0x61, 0x6D, 0x61, 0x67, 0x65, 0x74, 0x6F, 0x20, 0x79,
    0x6F, 0x75, 0x72, 0x20, 0x20, 0x20, 0x20, 0x20, 0x20, 0x20, 0x6F, 0x70,
    0x70, 0x6F, 0x6E, 0x65, 0x6E, 0x74, 0x20, 0x65, 0x71, 0x75, 0x61, 0x6C,
    0x74, 0x6F, 0x20, 0x69, 0x74, 0x73, 0x20, 0x41, 0x54, 0x4B, 0x2E, 0x20,
    0x5E, 0x00,
};

const u8 gDescription_DelinquentDuo[] APPEND_TEXT = {
    0x20, 0x20, 0x5E, 0x33, 0x50, 0x61, 0x79, 0x20, 0x31, 0x30, 0x30, 0x30,
    0x20, 0x4C, 0x50, 0x3B, 0x79, 0x6F, 0x75, 0x72, 0x20, 0x6F, 0x70, 0x70,
    0x6F, 0x6E, 0x65, 0x6E, 0x74, 0x20, 0x64, 0x69, 0x73, 0x63, 0x61, 0x72,
    0x64, 0x73, 0x20, 0x31, 0x20, 0x20, 0x20, 0x20, 0x72, 0x61, 0x6E, 0x64,
    0x6F, 0x6D, 0x20, 0x63, 0x61, 0x72, 0x64, 0x2C, 0x20, 0x20, 0x61, 0x6E,
    0x64, 0x20, 0x69, 0x66, 0x20, 0x74, 0x68, 0x65, 0x79, 0x20, 0x5E, 0x68,
    0x61, 0x76, 0x65, 0x20, 0x61, 0x6E, 0x79, 0x20, 0x20, 0x20, 0x20, 0x6F,
    0x74, 0x68, 0x65, 0x72, 0x20, 0x63, 0x61, 0x72, 0x64, 0x73, 0x20, 0x69,
    0x6E, 0x74, 0x68, 0x65, 0x69, 0x72, 0x20, 0x68, 0x61, 0x6E, 0x64, 0x2C,
    0x20, 0x20, 0x20, 0x64, 0x69, 0x73, 0x63, 0x61, 0x72, 0x64, 0x20, 0x31,
    0x20, 0x6D, 0x6F, 0x72, 0x65, 0x63, 0x61, 0x72, 0x64, 0x20, 0x6F, 0x66,
    0x20, 0x20, 0x20, 0x20, 0x20, 0x5E, 0x74, 0x68, 0x65, 0x69, 0x72, 0x20,
    0x20, 0x20, 0x20, 0x20, 0x20, 0x20, 0x63, 0x68, 0x6F, 0x69, 0x63, 0x65,
    0x2E, 0x20, 0x20, 0x20, 0x20, 0x20, 0x20, 0x20, 0x5E, 0x00,
};

const u8 gDescription_YataGarasu[] APPEND_TEXT = {
    0x20, 0x20, 0x5E, 0x35, 0x54, 0x68, 0x69, 0x73, 0x20, 0x63, 0x61, 0x72,
    0x64, 0x20, 0x20, 0x20, 0x63, 0x61, 0x6E, 0x6E, 0x6F, 0x74, 0x20, 0x62,
    0x65, 0x20, 0x20, 0x20, 0x20, 0x20, 0x53, 0x70, 0x65, 0x63, 0x69, 0x61,
    0x6C, 0x20, 0x20, 0x20, 0x20, 0x20, 0x20, 0x20, 0x53, 0x75, 0x6D, 0x6D,
    0x6F, 0x6E, 0x65, 0x64, 0x2E, 0x20, 0x54, 0x68, 0x69, 0x73, 0x63, 0x61,
    0x72, 0x64, 0x20, 0x72, 0x65, 0x74, 0x75, 0x72, 0x6E, 0x73, 0x5E, 0x74,
    0x6F, 0x20, 0x69, 0x74, 0x73, 0x20, 0x20, 0x20, 0x20, 0x20, 0x20, 0x6F,
    0x77, 0x6E, 0x65, 0x72, 0x27, 0x73, 0x20, 0x68, 0x61, 0x6E, 0x64, 0x20,
    0x20, 0x64, 0x75, 0x72, 0x69, 0x6E, 0x67, 0x20, 0x74, 0x68, 0x65, 0x20,
    0x45, 0x6E, 0x64, 0x50, 0x68, 0x61, 0x73, 0x65, 0x20, 0x6F, 0x66, 0x20,
    0x74, 0x68, 0x65, 0x20, 0x20, 0x74, 0x75, 0x72, 0x6E, 0x20, 0x69, 0x74,
    0x20, 0x69, 0x73, 0x20, 0x20, 0x5E, 0x4E, 0x6F, 0x72, 0x6D, 0x61, 0x6C,
    0x20, 0x20, 0x20, 0x20, 0x20, 0x20, 0x53, 0x75, 0x6D, 0x6D, 0x6F, 0x6E,
    0x65, 0x64, 0x20, 0x6F, 0x72, 0x20, 0x20, 0x20, 0x66, 0x6C, 0x69, 0x70,
    0x70, 0x65, 0x64, 0x20, 0x20, 0x20, 0x20, 0x20, 0x20, 0x20, 0x66, 0x61,
    0x63, 0x65, 0x2D, 0x75, 0x70, 0x2E, 0x20, 0x57, 0x68, 0x65, 0x6E, 0x20,
    0x74, 0x68, 0x69, 0x73, 0x20, 0x63, 0x61, 0x72, 0x64, 0x20, 0x20, 0x20,
    0x5E, 0x69, 0x6E, 0x66, 0x6C, 0x69, 0x63, 0x74, 0x73, 0x20, 0x20, 0x20,
    0x20, 0x42, 0x61, 0x74, 0x74, 0x6C, 0x65, 0x20, 0x44, 0x61, 0x6D, 0x61,
    0x67, 0x65, 0x20, 0x74, 0x6F, 0x20, 0x79, 0x6F, 0x75, 0x72, 0x20, 0x20,
    0x20, 0x20, 0x20, 0x20, 0x20, 0x6F, 0x70, 0x70, 0x6F, 0x6E, 0x65, 0x6E,
    0x74, 0x2C, 0x20, 0x74, 0x68, 0x65, 0x79, 0x73, 0x6B, 0x69, 0x70, 0x20,
    0x74, 0x68, 0x65, 0x69, 0x72, 0x20, 0x20, 0x5E, 0x6E, 0x65, 0x78, 0x74,
    0x20, 0x44, 0x72, 0x61, 0x77, 0x20, 0x20, 0x20, 0x50, 0x68, 0x61, 0x73,
    0x65, 0x2E, 0x20, 0x20, 0x20, 0x20, 0x20, 0x20, 0x20, 0x20, 0x5E, 0x00,
};

const u8 gDescription_UpstartGoblin[] APPEND_TEXT = {
    0x20, 0x20, 0x5E, 0x32, 0x44, 0x72, 0x61, 0x77, 0x20, 0x31, 0x20, 0x63,
    0x61, 0x72, 0x64, 0x2C, 0x74, 0x68, 0x65, 0x6E, 0x20, 0x79, 0x6F, 0x75,
    0x72, 0x20, 0x20, 0x20, 0x20, 0x20, 0x6F, 0x70, 0x70, 0x6F, 0x6E, 0x65,
    0x6E, 0x74, 0x20, 0x67, 0x61, 0x69, 0x6E, 0x73, 0x31, 0x30, 0x30, 0x30,
    0x20, 0x4C, 0x50, 0x2E, 0x20, 0x20, 0x20, 0x20, 0x20, 0x20, 0x5E, 0x5E,
    0x00,
};

const u8 gDescription_CallOfTheHaunted[] APPEND_TEXT = {
    0x20, 0x20, 0x5E, 0x34, 0x41, 0x63, 0x74, 0x69, 0x76, 0x61, 0x74, 0x65,
    0x20, 0x20, 0x20, 0x20, 0x74, 0x68, 0x69, 0x73, 0x20, 0x63, 0x61, 0x72,
    0x64, 0x20, 0x62, 0x79, 0x20, 0x20, 0x74, 0x61, 0x72, 0x67, 0x65, 0x74,
    0x69, 0x6E, 0x67, 0x20, 0x31, 0x20, 0x20, 0x20, 0x6D, 0x6F, 0x6E, 0x73,
    0x74, 0x65, 0x72, 0x20, 0x69, 0x6E, 0x20, 0x20, 0x20, 0x20, 0x79, 0x6F,
    0x75, 0x72, 0x20, 0x47, 0x59, 0x3B, 0x20, 0x20, 0x20, 0x20, 0x5E, 0x53,
    0x70, 0x65, 0x63, 0x69, 0x61, 0x6C, 0x20, 0x20, 0x20, 0x20, 0x20, 0x53,
    0x75, 0x6D, 0x6D, 0x6F, 0x6E, 0x20, 0x74, 0x68, 0x61, 0x74, 0x20, 0x20,
    0x20, 0x74, 0x61, 0x72, 0x67, 0x65, 0x74, 0x20, 0x69, 0x6E, 0x20, 0x20,
    0x20, 0x20, 0x20, 0x41, 0x74, 0x74, 0x61, 0x63, 0x6B, 0x20, 0x20, 0x20,
    0x20, 0x20, 0x20, 0x20, 0x20, 0x50, 0x6F, 0x73, 0x69, 0x74, 0x69, 0x6F,
    0x6E, 0x2E, 0x20, 0x20, 0x20, 0x5E, 0x57, 0x68, 0x65, 0x6E, 0x20, 0x74,
    0x68, 0x69, 0x73, 0x20, 0x20, 0x20, 0x63, 0x61, 0x72, 0x64, 0x20, 0x6C,
    0x65, 0x61, 0x76, 0x65, 0x73, 0x20, 0x20, 0x20, 0x74, 0x68, 0x65, 0x20,
    0x66, 0x69, 0x65, 0x6C, 0x64, 0x2C, 0x20, 0x20, 0x20, 0x20, 0x64, 0x65,
    0x73, 0x74, 0x72, 0x6F, 0x79, 0x20, 0x74, 0x68, 0x61, 0x74, 0x20, 0x20,
    0x6D, 0x6F, 0x6E, 0x73, 0x74, 0x65, 0x72, 0x2E, 0x20, 0x20, 0x20, 0x20,
    0x5E, 0x57, 0x68, 0x65, 0x6E, 0x20, 0x74, 0x68, 0x61, 0x74, 0x20, 0x20,
    0x20, 0x6D, 0x6F, 0x6E, 0x73, 0x74, 0x65, 0x72, 0x20, 0x69, 0x73, 0x20,
    0x20, 0x20, 0x20, 0x64, 0x65, 0x73, 0x74, 0x72, 0x6F, 0x79, 0x65, 0x64,
    0x2C, 0x20, 0x20, 0x20, 0x20, 0x64, 0x65, 0x73, 0x74, 0x72, 0x6F, 0x79,
    0x20, 0x74, 0x68, 0x69, 0x73, 0x20, 0x20, 0x63, 0x61, 0x72, 0x64, 0x2E,
    0x20, 0x20, 0x20, 0x20, 0x20, 0x20, 0x20, 0x5E, 0x00,
};

const u8 gDescription_SwiftGaiaTheFierceKnight[] APPEND_TEXT = {
    0x20, 0x20, 0x5E, 0x32, 0x49, 0x66, 0x20, 0x74, 0x68, 0x69, 0x73, 0x20,
    0x69, 0x73, 0x20, 0x20, 0x74, 0x68, 0x65, 0x20, 0x6F, 0x6E, 0x6C, 0x79,
    0x20, 0x63, 0x61, 0x72, 0x64, 0x20, 0x69, 0x6E, 0x20, 0x79, 0x6F, 0x75,
    0x72, 0x20, 0x68, 0x61, 0x6E, 0x64, 0x2C, 0x20, 0x79, 0x6F, 0x75, 0x20,
    0x63, 0x61, 0x6E, 0x20, 0x4E, 0x6F, 0x72, 0x6D, 0x61, 0x6C, 0x53, 0x75,
    0x6D, 0x6D, 0x6F, 0x6E, 0x20, 0x69, 0x74, 0x20, 0x20, 0x20, 0x5E, 0x77,
    0x69, 0x74, 0x68, 0x6F, 0x75, 0x74, 0x20, 0x20, 0x20, 0x20, 0x20, 0x54,
    0x72, 0x69, 0x62, 0x75, 0x74, 0x69, 0x6E, 0x67, 0x2E, 0x20, 0x20, 0x20,
    0x20, 0x5E, 0x00,
};

const u8 gDescription_LimiterRemoval[] APPEND_TEXT = {
    0x20, 0x20, 0x5E, 0x33, 0x44, 0x6F, 0x75, 0x62, 0x6C, 0x65, 0x20, 0x74,
    0x68, 0x65, 0x20, 0x20, 0x41, 0x54, 0x4B, 0x20, 0x6F, 0x66, 0x20, 0x61,
    0x6C, 0x6C, 0x20, 0x20, 0x20, 0x20, 0x4D, 0x61, 0x63, 0x68, 0x69, 0x6E,
    0x65, 0x20, 0x20, 0x20, 0x20, 0x20, 0x20, 0x20, 0x6D, 0x6F, 0x6E, 0x73,
    0x74, 0x65, 0x72, 0x73, 0x20, 0x79, 0x6F, 0x75, 0x20, 0x20, 0x63, 0x75,
    0x72, 0x72, 0x65, 0x6E, 0x74, 0x6C, 0x79, 0x20, 0x20, 0x20, 0x5E, 0x63,
    0x6F, 0x6E, 0x74, 0x72, 0x6F, 0x6C, 0x2C, 0x20, 0x20, 0x20, 0x20, 0x75,
    0x6E, 0x74, 0x69, 0x6C, 0x20, 0x74, 0x68, 0x65, 0x20, 0x65, 0x6E, 0x64,
    0x20, 0x6F, 0x66, 0x20, 0x74, 0x68, 0x69, 0x73, 0x20, 0x74, 0x75, 0x72,
    0x6E, 0x2E, 0x20, 0x44, 0x75, 0x72, 0x69, 0x6E, 0x67, 0x20, 0x74, 0x68,
    0x65, 0x20, 0x45, 0x6E, 0x64, 0x50, 0x68, 0x61, 0x73, 0x65, 0x20, 0x6F,
    0x66, 0x20, 0x20, 0x20, 0x20, 0x5E, 0x74, 0x68, 0x69, 0x73, 0x20, 0x74,
    0x75, 0x72, 0x6E, 0x2C, 0x20, 0x20, 0x64, 0x65, 0x73, 0x74, 0x72, 0x6F,
    0x79, 0x20, 0x74, 0x68, 0x6F, 0x73, 0x65, 0x20, 0x6D, 0x6F, 0x6E, 0x73,
    0x74, 0x65, 0x72, 0x73, 0x2E, 0x20, 0x20, 0x20, 0x20, 0x20, 0x5E, 0x00,
};

const u8 gDescription_RecklessGreed[] APPEND_TEXT = {
    0x20, 0x20, 0x5E, 0x32, 0x44, 0x72, 0x61, 0x77, 0x20, 0x32, 0x20, 0x63,
    0x61, 0x72, 0x64, 0x73, 0x61, 0x6E, 0x64, 0x20, 0x73, 0x6B, 0x69, 0x70,
    0x20, 0x79, 0x6F, 0x75, 0x72, 0x20, 0x6E, 0x65, 0x78, 0x74, 0x20, 0x32,
    0x20, 0x44, 0x72, 0x61, 0x77, 0x20, 0x20, 0x20, 0x50, 0x68, 0x61, 0x73,
    0x65, 0x73, 0x2E, 0x20, 0x20, 0x20, 0x20, 0x20, 0x20, 0x20, 0x5E, 0x5E,
    0x00,
};

const u8 gDescription_CardDestruction[] APPEND_TEXT = {
    0x20, 0x20, 0x5E, 0x33, 0x42, 0x6F, 0x74, 0x68, 0x20, 0x70, 0x6C, 0x61,
    0x79, 0x65, 0x72, 0x73, 0x64, 0x69, 0x73, 0x63, 0x61, 0x72, 0x64, 0x20,
    0x61, 0x73, 0x20, 0x20, 0x20, 0x20, 0x6D, 0x61, 0x6E, 0x79, 0x20, 0x63,
    0x61, 0x72, 0x64, 0x73, 0x20, 0x61, 0x73, 0x20, 0x70, 0x6F, 0x73, 0x73,
    0x69, 0x62, 0x6C, 0x65, 0x20, 0x66, 0x72, 0x6F, 0x6D, 0x20, 0x74, 0x68,
    0x65, 0x69, 0x72, 0x20, 0x68, 0x61, 0x6E, 0x64, 0x73, 0x2C, 0x5E, 0x74,
    0x68, 0x65, 0x6E, 0x20, 0x65, 0x61, 0x63, 0x68, 0x20, 0x20, 0x20, 0x70,
    0x6C, 0x61, 0x79, 0x65, 0x72, 0x20, 0x64, 0x72, 0x61, 0x77, 0x73, 0x20,
    0x20, 0x74, 0x68, 0x65, 0x20, 0x73, 0x61, 0x6D, 0x65, 0x20, 0x20, 0x20,
    0x20, 0x20, 0x20, 0x6E, 0x75, 0x6D, 0x62, 0x65, 0x72, 0x20, 0x6F, 0x66,
    0x20, 0x20, 0x20, 0x20, 0x20, 0x63, 0x61, 0x72, 0x64, 0x73, 0x20, 0x74,
    0x68, 0x65, 0x79, 0x20, 0x20, 0x5E, 0x64, 0x69, 0x73, 0x63, 0x61, 0x72,
    0x64, 0x65, 0x64, 0x2E, 0x20, 0x20, 0x5E, 0x00,
};

const u8 gDescription_GracefulCharity[] APPEND_TEXT = {
    0x20, 0x20, 0x5E, 0x32, 0x44, 0x72, 0x61, 0x77, 0x20, 0x33, 0x20, 0x20,
    0x20, 0x20, 0x20, 0x20, 0x63, 0x61, 0x72, 0x64, 0x73, 0x2C, 0x20, 0x74,
    0x68, 0x65, 0x6E, 0x20, 0x20, 0x20, 0x64, 0x69, 0x73, 0x63, 0x61, 0x72,
    0x64, 0x20, 0x32, 0x20, 0x20, 0x20, 0x20, 0x20, 0x63, 0x61, 0x72, 0x64,
    0x73, 0x2E, 0x20, 0x20, 0x20, 0x20, 0x20, 0x20, 0x20, 0x20, 0x5E, 0x5E,
    0x00,
};

const u8 gDescription_ImperialOrder[] APPEND_TEXT = {
    0x20, 0x20, 0x5E, 0x33, 0x4E, 0x65, 0x67, 0x61, 0x74, 0x65, 0x20, 0x61,
    0x6C, 0x6C, 0x20, 0x20, 0x53, 0x70, 0x65, 0x6C, 0x6C, 0x20, 0x65, 0x66,
    0x66, 0x65, 0x63, 0x74, 0x73, 0x20, 0x6F, 0x6E, 0x20, 0x74, 0x68, 0x65,
    0x20, 0x66, 0x69, 0x65, 0x6C, 0x64, 0x2E, 0x20, 0x4F, 0x6E, 0x63, 0x65,
    0x20, 0x70, 0x65, 0x72, 0x20, 0x74, 0x75, 0x72, 0x6E, 0x2C, 0x64, 0x75,
    0x72, 0x69, 0x6E, 0x67, 0x20, 0x74, 0x68, 0x65, 0x20, 0x20, 0x5E, 0x53,
    0x74, 0x61, 0x6E, 0x64, 0x62, 0x79, 0x20, 0x20, 0x20, 0x20, 0x20, 0x50,
    0x68, 0x61, 0x73, 0x65, 0x2C, 0x20, 0x79, 0x6F, 0x75, 0x20, 0x20, 0x20,
    0x20, 0x6D, 0x75, 0x73, 0x74, 0x20, 0x70, 0x61, 0x79, 0x20, 0x37, 0x30,
    0x30, 0x20, 0x20, 0x4C, 0x50, 0x20, 0x28, 0x74, 0x68, 0x69, 0x73, 0x20,
    0x69, 0x73, 0x20, 0x20, 0x20, 0x6E, 0x6F, 0x74, 0x20, 0x20, 0x20, 0x20,
    0x20, 0x20, 0x20, 0x20, 0x20, 0x5E, 0x6F, 0x70, 0x74, 0x69, 0x6F, 0x6E,
    0x61, 0x6C, 0x29, 0x2C, 0x20, 0x20, 0x6F, 0x72, 0x20, 0x74, 0x68, 0x69,
    0x73, 0x20, 0x63, 0x61, 0x72, 0x64, 0x20, 0x20, 0x69, 0x73, 0x20, 0x64,
    0x65, 0x73, 0x74, 0x72, 0x6F, 0x79, 0x65, 0x64, 0x2E, 0x20, 0x5E, 0x00,
};

const u8 gDescription_RoyalDecree[] APPEND_TEXT = {
    0x20, 0x20, 0x5E, 0x32, 0x53, 0x65, 0x6C, 0x65, 0x63, 0x74, 0x20, 0x31,
    0x20, 0x20, 0x20, 0x20, 0x66, 0x61, 0x63, 0x65, 0x2D, 0x75, 0x70, 0x20,
    0x54, 0x72, 0x61, 0x70, 0x20, 0x20, 0x43, 0x61, 0x72, 0x64, 0x20, 0x6F,
    0x6E, 0x20, 0x74, 0x68, 0x65, 0x20, 0x20, 0x20, 0x66, 0x69, 0x65, 0x6C,
    0x64, 0x20, 0x61, 0x6E, 0x64, 0x20, 0x20, 0x20, 0x20, 0x20, 0x64, 0x65,
    0x73, 0x74, 0x72, 0x6F, 0x79, 0x20, 0x69, 0x74, 0x2E, 0x20, 0x5E, 0x5E,
    0x00,
};

const u8 gDescription_DoubleCoston[] APPEND_TEXT = {
    0x20, 0x20, 0x5E, 0x32, 0x54, 0x68, 0x69, 0x73, 0x20, 0x63, 0x61, 0x72,
    0x64, 0x20, 0x20, 0x20, 0x63, 0x61, 0x6E, 0x20, 0x62, 0x65, 0x20, 0x74,
    0x72, 0x65, 0x61, 0x74, 0x65, 0x64, 0x61, 0x73, 0x20, 0x32, 0x20, 0x54,
    0x72, 0x69, 0x62, 0x75, 0x74, 0x65, 0x73, 0x20, 0x66, 0x6F, 0x72, 0x20,
    0x74, 0x68, 0x65, 0x20, 0x20, 0x20, 0x20, 0x20, 0x20, 0x20, 0x54, 0x72,
    0x69, 0x62, 0x75, 0x74, 0x65, 0x20, 0x20, 0x20, 0x20, 0x20, 0x5E, 0x53,
    0x75, 0x6D, 0x6D, 0x6F, 0x6E, 0x20, 0x6F, 0x66, 0x20, 0x61, 0x20, 0x44,
    0x41, 0x52, 0x4B, 0x20, 0x6D, 0x6F, 0x6E, 0x73, 0x74, 0x65, 0x72, 0x2E,
    0x20, 0x5E, 0x00,
};

const u8 gDescription_FinalCountdown[] APPEND_TEXT = {
    0x20, 0x20, 0x5E, 0x33, 0x50, 0x61, 0x79, 0x20, 0x32, 0x30, 0x30, 0x30,
    0x20, 0x20, 0x20, 0x20, 0x4C, 0x69, 0x66, 0x65, 0x20, 0x50, 0x6F, 0x69,
    0x6E, 0x74, 0x73, 0x2E, 0x20, 0x20, 0x41, 0x66, 0x74, 0x65, 0x72, 0x20,
    0x32, 0x30, 0x20, 0x74, 0x75, 0x72, 0x6E, 0x73, 0x68, 0x61, 0x76, 0x65,
    0x20, 0x70, 0x61, 0x73, 0x73, 0x65, 0x64, 0x20, 0x20, 0x20, 0x28, 0x63,
    0x6F, 0x75, 0x6E, 0x74, 0x69, 0x6E, 0x67, 0x20, 0x20, 0x20, 0x5E, 0x74,
    0x68, 0x65, 0x20, 0x74, 0x75, 0x72, 0x6E, 0x20, 0x79, 0x6F, 0x75, 0x61,
    0x63, 0x74, 0x69, 0x76, 0x61, 0x74, 0x65, 0x20, 0x74, 0x68, 0x69, 0x73,
    0x20, 0x63, 0x61, 0x72, 0x64, 0x20, 0x61, 0x73, 0x20, 0x74, 0x68, 0x65,
    0x20, 0x20, 0x20, 0x31, 0x73, 0x74, 0x20, 0x74, 0x75, 0x72, 0x6E, 0x29,
    0x2C, 0x20, 0x79, 0x6F, 0x75, 0x77, 0x69, 0x6E, 0x20, 0x74, 0x68, 0x65,
    0x20, 0x20, 0x20, 0x20, 0x20, 0x5E, 0x44, 0x75, 0x65, 0x6C, 0x2E, 0x20,
    0x20, 0x20, 0x20, 0x20, 0x20, 0x20, 0x5E, 0x00,
};

const u8 gDescription_BookOfMoon[] APPEND_TEXT = {
    0x20, 0x20, 0x5E, 0x32, 0x54, 0x61, 0x72, 0x67, 0x65, 0x74, 0x20, 0x31,
    0x20, 0x20, 0x20, 0x20, 0x66, 0x61, 0x63, 0x65, 0x2D, 0x75, 0x70, 0x20,
    0x20, 0x20, 0x20, 0x20, 0x20, 0x20, 0x6D, 0x6F, 0x6E, 0x73, 0x74, 0x65,
    0x72, 0x20, 0x6F, 0x6E, 0x20, 0x74, 0x68, 0x65, 0x66, 0x69, 0x65, 0x6C,
    0x64, 0x3B, 0x20, 0x63, 0x68, 0x61, 0x6E, 0x67, 0x65, 0x20, 0x74, 0x68,
    0x61, 0x74, 0x20, 0x74, 0x61, 0x72, 0x67, 0x65, 0x74, 0x20, 0x5E, 0x74,
    0x6F, 0x20, 0x66, 0x61, 0x63, 0x65, 0x2D, 0x64, 0x6F, 0x77, 0x6E, 0x44,
    0x65, 0x66, 0x65, 0x6E, 0x73, 0x65, 0x20, 0x20, 0x20, 0x20, 0x20, 0x20,
    0x20, 0x50, 0x6F, 0x73, 0x69, 0x74, 0x69, 0x6F, 0x6E, 0x2E, 0x20, 0x20,
    0x20, 0x20, 0x20, 0x5E, 0x00,
};

const u8 gDescription_AmazonessTiger[] APPEND_TEXT = {
    0x20, 0x20, 0x5E, 0x34, 0x59, 0x6F, 0x75, 0x20, 0x63, 0x61, 0x6E, 0x20,
    0x6F, 0x6E, 0x6C, 0x79, 0x63, 0x6F, 0x6E, 0x74, 0x72, 0x6F, 0x6C, 0x20,
    0x31, 0x20, 0x20, 0x20, 0x20, 0x20, 0x41, 0x6D, 0x61, 0x7A, 0x6F, 0x6E,
    0x65, 0x73, 0x73, 0x20, 0x20, 0x20, 0x20, 0x20, 0x54, 0x69, 0x67, 0x65,
    0x72, 0x2E, 0x20, 0x54, 0x68, 0x69, 0x73, 0x20, 0x20, 0x20, 0x63, 0x61,
    0x72, 0x64, 0x20, 0x67, 0x61, 0x69, 0x6E, 0x73, 0x20, 0x20, 0x5E, 0x34,
    0x30, 0x30, 0x20, 0x41, 0x54, 0x4B, 0x20, 0x66, 0x6F, 0x72, 0x20, 0x65,
    0x61, 0x63, 0x68, 0x20, 0x41, 0x6D, 0x61, 0x7A, 0x6F, 0x6E, 0x65, 0x73,
    0x73, 0x6D, 0x6F, 0x6E, 0x73, 0x74, 0x65, 0x72, 0x20, 0x79, 0x6F, 0x75,
    0x20, 0x20, 0x20, 0x63, 0x6F, 0x6E, 0x74, 0x72, 0x6F, 0x6C, 0x2E, 0x20,
    0x59, 0x6F, 0x75, 0x72, 0x20, 0x6F, 0x70, 0x70, 0x6F, 0x6E, 0x65, 0x6E,
    0x74, 0x20, 0x20, 0x20, 0x20, 0x5E, 0x63, 0x61, 0x6E, 0x6E, 0x6F, 0x74,
    0x20, 0x20, 0x20, 0x20, 0x20, 0x20, 0x61, 0x74, 0x74, 0x61, 0x63, 0x6B,
    0x20, 0x61, 0x6E, 0x79, 0x20, 0x20, 0x20, 0x20, 0x66, 0x61, 0x63, 0x65,
    0x2D, 0x75, 0x70, 0x20, 0x20, 0x20, 0x20, 0x20, 0x20, 0x20, 0x41, 0x6D,
    0x61, 0x7A, 0x6F, 0x6E, 0x65, 0x73, 0x73, 0x20, 0x20, 0x20, 0x20, 0x20,
    0x6D, 0x6F, 0x6E, 0x73, 0x74, 0x65, 0x72, 0x73, 0x2C, 0x20, 0x20, 0x20,
    0x5E, 0x65, 0x78, 0x63, 0x65, 0x70, 0x74, 0x20, 0x74, 0x68, 0x69, 0x73,
    0x20, 0x6F, 0x6E, 0x65, 0x2E, 0x20, 0x20, 0x20, 0x20, 0x20, 0x20, 0x20,
    0x20, 0x20, 0x20, 0x5E, 0x00,
};

const u8 gDescription_Confiscation[] APPEND_TEXT = {
    0x20, 0x20, 0x5E, 0x32, 0x50, 0x61, 0x79, 0x20, 0x31, 0x30, 0x30, 0x30,
    0x20, 0x20, 0x20, 0x20, 0x4C, 0x69, 0x66, 0x65, 0x20, 0x50, 0x6F, 0x69,
    0x6E, 0x74, 0x73, 0x2E, 0x20, 0x20, 0x4C, 0x6F, 0x6F, 0x6B, 0x20, 0x61,
    0x74, 0x20, 0x79, 0x6F, 0x75, 0x72, 0x20, 0x20, 0x6F, 0x70, 0x70, 0x6F,
    0x6E, 0x65, 0x6E, 0x74, 0x27, 0x73, 0x20, 0x20, 0x20, 0x20, 0x68, 0x61,
    0x6E, 0x64, 0x2C, 0x20, 0x73, 0x65, 0x6C, 0x65, 0x63, 0x74, 0x5E, 0x31,
    0x20, 0x63, 0x61, 0x72, 0x64, 0x20, 0x69, 0x6E, 0x20, 0x69, 0x74, 0x61,
    0x6E, 0x64, 0x20, 0x64, 0x69, 0x73, 0x63, 0x61, 0x72, 0x64, 0x20, 0x20,
    0x20, 0x74, 0x68, 0x61, 0x74, 0x20, 0x63, 0x61, 0x72, 0x64, 0x2E, 0x20,
    0x20, 0x20, 0x20, 0x5E, 0x00,
};

const u8 gDescription_ZaborgTheThunderMonarch[] APPEND_TEXT = {
    0x20, 0x20, 0x5E, 0x32, 0x49, 0x66, 0x20, 0x74, 0x68, 0x69, 0x73, 0x20,
    0x63, 0x61, 0x72, 0x64, 0x69, 0x73, 0x20, 0x54, 0x72, 0x69, 0x62, 0x75,
    0x74, 0x65, 0x20, 0x20, 0x20, 0x20, 0x53, 0x75, 0x6D, 0x6D, 0x6F, 0x6E,
    0x65, 0x64, 0x3A, 0x20, 0x20, 0x20, 0x20, 0x20, 0x54, 0x61, 0x72, 0x67,
    0x65, 0x74, 0x20, 0x31, 0x20, 0x20, 0x20, 0x20, 0x20, 0x20, 0x6D, 0x6F,
    0x6E, 0x73, 0x74, 0x65, 0x72, 0x20, 0x6F, 0x6E, 0x20, 0x20, 0x5E, 0x74,
    0x68, 0x65, 0x20, 0x66, 0x69, 0x65, 0x6C, 0x64, 0x3B, 0x20, 0x20, 0x64,
    0x65, 0x73, 0x74, 0x72, 0x6F, 0x79, 0x20, 0x74, 0x68, 0x61, 0x74, 0x20,
    0x20, 0x74, 0x61, 0x72, 0x67, 0x65, 0x74, 0x2E, 0x20, 0x20, 0x20, 0x20,
    0x20, 0x20, 0x20, 0x5E, 0x00,
};

const u8 gDescription_Polymerization[] APPEND_TEXT = {
    0x20, 0x20, 0x5E, 0x33, 0x46, 0x75, 0x73, 0x69, 0x6F, 0x6E, 0x20, 0x20,
    0x20, 0x20, 0x20, 0x20, 0x53, 0x75, 0x6D, 0x6D, 0x6F, 0x6E, 0x20, 0x31,
    0x20, 0x20, 0x20, 0x20, 0x20, 0x20, 0x46, 0x75, 0x73, 0x69, 0x6F, 0x6E,
    0x20, 0x4D, 0x6F, 0x6E, 0x73, 0x74, 0x65, 0x72, 0x66, 0x72, 0x6F, 0x6D,
    0x20, 0x79, 0x6F, 0x75, 0x72, 0x20, 0x20, 0x20, 0x20, 0x20, 0x45, 0x78,
    0x74, 0x72, 0x61, 0x20, 0x44, 0x65, 0x63, 0x6B, 0x2C, 0x20, 0x5E, 0x75,
    0x73, 0x69, 0x6E, 0x67, 0x20, 0x20, 0x20, 0x20, 0x20, 0x20, 0x20, 0x6D,
    0x6F, 0x6E, 0x73, 0x74, 0x65, 0x72, 0x73, 0x20, 0x66, 0x72, 0x6F, 0x6D,
    0x20, 0x79, 0x6F, 0x75, 0x72, 0x20, 0x68, 0x61, 0x6E, 0x64, 0x20, 0x6F,
    0x72, 0x20, 0x20, 0x66, 0x69, 0x65, 0x6C, 0x64, 0x20, 0x61, 0x73, 0x20,
    0x20, 0x20, 0x20, 0x20, 0x20, 0x46, 0x75, 0x73, 0x69, 0x6F, 0x6E, 0x20,
    0x20, 0x20, 0x20, 0x20, 0x20, 0x5E, 0x4D, 0x61, 0x74, 0x65, 0x72, 0x69,
    0x61, 0x6C, 0x2E, 0x20, 0x20, 0x20, 0x5E, 0x00,
};

const u8 gDescription_CyberDragon[] APPEND_TEXT = {
    0x20, 0x20, 0x5E, 0x32, 0x49, 0x66, 0x20, 0x6F, 0x6E, 0x6C, 0x79, 0x20,
    0x79, 0x6F, 0x75, 0x72, 0x6F, 0x70, 0x70, 0x6F, 0x6E, 0x65, 0x6E, 0x74,
    0x20, 0x20, 0x20, 0x20, 0x20, 0x20, 0x63, 0x6F, 0x6E, 0x74, 0x72, 0x6F,
    0x6C, 0x73, 0x20, 0x61, 0x20, 0x20, 0x20, 0x20, 0x6D, 0x6F, 0x6E, 0x73,
    0x74, 0x65, 0x72, 0x2C, 0x20, 0x79, 0x6F, 0x75, 0x20, 0x20, 0x63, 0x61,
    0x6E, 0x20, 0x53, 0x70, 0x65, 0x63, 0x69, 0x61, 0x6C, 0x20, 0x5E, 0x53,
    0x75, 0x6D, 0x6D, 0x6F, 0x6E, 0x20, 0x74, 0x68, 0x69, 0x73, 0x20, 0x63,
    0x61, 0x72, 0x64, 0x20, 0x28, 0x66, 0x72, 0x6F, 0x6D, 0x20, 0x20, 0x20,
    0x20, 0x79, 0x6F, 0x75, 0x72, 0x20, 0x68, 0x61, 0x6E, 0x64, 0x29, 0x2E,
    0x20, 0x20, 0x20, 0x5E, 0x00,
};

const u8 gDescription_CyberTwinDragon[] APPEND_TEXT = {
    0x20, 0x20, 0x5E, 0x33, 0x43, 0x79, 0x62, 0x65, 0x72, 0x20, 0x44, 0x72,
    0x61, 0x67, 0x6F, 0x6E, 0x2B, 0x20, 0x43, 0x79, 0x62, 0x65, 0x72, 0x20,
    0x44, 0x72, 0x61, 0x67, 0x6F, 0x6E, 0x41, 0x20, 0x46, 0x75, 0x73, 0x69,
    0x6F, 0x6E, 0x20, 0x20, 0x20, 0x20, 0x20, 0x20, 0x53, 0x75, 0x6D, 0x6D,
    0x6F, 0x6E, 0x20, 0x6F, 0x66, 0x20, 0x74, 0x68, 0x69, 0x73, 0x63, 0x61,
    0x72, 0x64, 0x20, 0x63, 0x61, 0x6E, 0x20, 0x20, 0x20, 0x20, 0x5E, 0x6F,
    0x6E, 0x6C, 0x79, 0x20, 0x62, 0x65, 0x20, 0x64, 0x6F, 0x6E, 0x65, 0x77,
    0x69, 0x74, 0x68, 0x20, 0x74, 0x68, 0x65, 0x20, 0x61, 0x62, 0x6F, 0x76,
    0x65, 0x46, 0x75, 0x73, 0x69, 0x6F, 0x6E, 0x20, 0x20, 0x20, 0x20, 0x20,
    0x20, 0x20, 0x20, 0x4D, 0x61, 0x74, 0x65, 0x72, 0x69, 0x61, 0x6C, 0x73,
    0x2E, 0x20, 0x20, 0x20, 0x20, 0x54, 0x68, 0x69, 0x73, 0x20, 0x63, 0x61,
    0x72, 0x64, 0x20, 0x20, 0x20, 0x5E, 0x63, 0x61, 0x6E, 0x20, 0x6D, 0x61,
    0x6B, 0x65, 0x20, 0x61, 0x20, 0x20, 0x73, 0x65, 0x63, 0x6F, 0x6E, 0x64,
    0x20, 0x61, 0x74, 0x74, 0x61, 0x63, 0x6B, 0x20, 0x64, 0x75, 0x72, 0x69,
    0x6E, 0x67, 0x20, 0x65, 0x61, 0x63, 0x68, 0x20, 0x20, 0x20, 0x42, 0x61,
    0x74, 0x74, 0x6C, 0x65, 0x20, 0x50, 0x68, 0x61, 0x73, 0x65, 0x2E, 0x20,
    0x5E, 0x00,
};

const u8 gDescription_CyberEndDragon[] APPEND_TEXT = {
    0x20, 0x20, 0x5E, 0x34, 0x43, 0x79, 0x62, 0x65, 0x72, 0x20, 0x44, 0x72,
    0x61, 0x67, 0x6F, 0x6E, 0x2B, 0x20, 0x43, 0x79, 0x62, 0x65, 0x72, 0x20,
    0x44, 0x72, 0x61, 0x67, 0x6F, 0x6E, 0x2B, 0x20, 0x43, 0x79, 0x62, 0x65,
    0x72, 0x20, 0x44, 0x72, 0x61, 0x67, 0x6F, 0x6E, 0x41, 0x20, 0x46, 0x75,
    0x73, 0x69, 0x6F, 0x6E, 0x20, 0x20, 0x20, 0x20, 0x20, 0x20, 0x53, 0x75,
    0x6D, 0x6D, 0x6F, 0x6E, 0x20, 0x6F, 0x66, 0x20, 0x20, 0x20, 0x5E, 0x74,
    0x68, 0x69, 0x73, 0x20, 0x63, 0x61, 0x72, 0x64, 0x20, 0x20, 0x20, 0x63,
    0x61, 0x6E, 0x20, 0x6F, 0x6E, 0x6C, 0x79, 0x20, 0x62, 0x65, 0x20, 0x20,
    0x20, 0x64, 0x6F, 0x6E, 0x65, 0x20, 0x77, 0x69, 0x74, 0x68, 0x20, 0x74,
    0x68, 0x65, 0x20, 0x61, 0x62, 0x6F, 0x76, 0x65, 0x20, 0x46, 0x75, 0x73,
    0x69, 0x6F, 0x6E, 0x20, 0x20, 0x4D, 0x61, 0x74, 0x65, 0x72, 0x69, 0x61,
    0x6C, 0x73, 0x2E, 0x20, 0x20, 0x5E, 0x49, 0x66, 0x20, 0x74, 0x68, 0x69,
    0x73, 0x20, 0x63, 0x61, 0x72, 0x64, 0x61, 0x74, 0x74, 0x61, 0x63, 0x6B,
    0x73, 0x20, 0x61, 0x20, 0x20, 0x20, 0x20, 0x20, 0x44, 0x65, 0x66, 0x65,
    0x6E, 0x73, 0x65, 0x20, 0x20, 0x20, 0x20, 0x20, 0x20, 0x20, 0x50, 0x6F,
    0x73, 0x69, 0x74, 0x69, 0x6F, 0x6E, 0x20, 0x20, 0x20, 0x20, 0x20, 0x20,
    0x6D, 0x6F, 0x6E, 0x73, 0x74, 0x65, 0x72, 0x2C, 0x20, 0x20, 0x20, 0x20,
    0x5E, 0x69, 0x6E, 0x66, 0x6C, 0x69, 0x63, 0x74, 0x20, 0x20, 0x20, 0x20,
    0x20, 0x70, 0x69, 0x65, 0x72, 0x63, 0x69, 0x6E, 0x67, 0x20, 0x20, 0x20,
    0x20, 0x20, 0x20, 0x62, 0x61, 0x74, 0x74, 0x6C, 0x65, 0x20, 0x64, 0x61,
    0x6D, 0x61, 0x67, 0x65, 0x2E, 0x5E, 0x00,
};

const u8 gDescription_CaiusTheShadowMonarch[] APPEND_TEXT = {
    0x20, 0x20, 0x5E, 0x37, 0x32, 0x20, 0x54, 0x75, 0x6E, 0x65, 0x72, 0x73,
    0x20, 0x2B, 0x20, 0x20, 0x52, 0x65, 0x64, 0x20, 0x44, 0x72, 0x61, 0x67,
    0x6F, 0x6E, 0x20, 0x20, 0x20, 0x20, 0x41, 0x72, 0x63, 0x68, 0x66, 0x69,
    0x65, 0x6E, 0x64, 0x20, 0x54, 0x68, 0x69, 0x73, 0x63, 0x61, 0x72, 0x64,
    0x20, 0x67, 0x61, 0x69, 0x6E, 0x73, 0x20, 0x35, 0x30, 0x30, 0x41, 0x54,
    0x4B, 0x20, 0x66, 0x6F, 0x72, 0x20, 0x65, 0x61, 0x63, 0x68, 0x5E, 0x54,
    0x75, 0x6E, 0x65, 0x72, 0x20, 0x20, 0x20, 0x20, 0x20, 0x20, 0x20, 0x6D,
    0x6F, 0x6E, 0x73, 0x74, 0x65, 0x72, 0x20, 0x69, 0x6E, 0x20, 0x20, 0x20,
    0x20, 0x79, 0x6F, 0x75, 0x72, 0x20, 0x20, 0x20, 0x20, 0x20, 0x20, 0x20,
    0x20, 0x20, 0x20, 0x47, 0x72, 0x61, 0x76, 0x65, 0x79, 0x61, 0x72, 0x64,
    0x2E, 0x20, 0x20, 0x20, 0x20, 0x43, 0x61, 0x6E, 0x6E, 0x6F, 0x74, 0x20,
    0x62, 0x65, 0x20, 0x20, 0x20, 0x5E, 0x64, 0x65, 0x73, 0x74, 0x72, 0x6F,
    0x79, 0x65, 0x64, 0x20, 0x62, 0x79, 0x61, 0x6E, 0x20, 0x6F, 0x70, 0x70,
    0x6F, 0x6E, 0x65, 0x6E, 0x74, 0x27, 0x73, 0x20, 0x63, 0x61, 0x72, 0x64,
    0x20, 0x65, 0x66, 0x66, 0x65, 0x63, 0x74, 0x73, 0x2E, 0x20, 0x57, 0x68,
    0x65, 0x6E, 0x20, 0x61, 0x6E, 0x20, 0x20, 0x20, 0x20, 0x20, 0x20, 0x20,
    0x6F, 0x70, 0x70, 0x6F, 0x6E, 0x65, 0x6E, 0x74, 0x27, 0x73, 0x20, 0x20,
    0x5E, 0x6D, 0x6F, 0x6E, 0x73, 0x74, 0x65, 0x72, 0x20, 0x20, 0x20, 0x20,
    0x20, 0x64, 0x65, 0x63, 0x6C, 0x61, 0x72, 0x65, 0x73, 0x20, 0x61, 0x6E,
    0x20, 0x20, 0x20, 0x61, 0x74, 0x74, 0x61, 0x63, 0x6B, 0x3A, 0x20, 0x59,
    0x6F, 0x75, 0x20, 0x20, 0x20, 0x63, 0x61, 0x6E, 0x20, 0x74, 0x61, 0x72,
    0x67, 0x65, 0x74, 0x20, 0x74, 0x68, 0x65, 0x61, 0x74, 0x74, 0x61, 0x63,
    0x6B, 0x69, 0x6E, 0x67, 0x20, 0x20, 0x20, 0x5E, 0x6D, 0x6F, 0x6E, 0x73,
    0x74, 0x65, 0x72, 0x3B, 0x20, 0x20, 0x20, 0x20, 0x62, 0x61, 0x6E, 0x69,
    0x73, 0x68, 0x20, 0x74, 0x68, 0x69, 0x73, 0x20, 0x20, 0x20, 0x63, 0x61,
    0x72, 0x64, 0x2C, 0x20, 0x61, 0x6E, 0x64, 0x20, 0x69, 0x66, 0x20, 0x20,
    0x79, 0x6F, 0x75, 0x20, 0x64, 0x6F, 0x2C, 0x20, 0x6E, 0x65, 0x67, 0x61,
    0x74, 0x65, 0x74, 0x68, 0x61, 0x74, 0x20, 0x61, 0x74, 0x74, 0x61, 0x63,
    0x6B, 0x2E, 0x5E, 0x44, 0x75, 0x72, 0x69, 0x6E, 0x67, 0x20, 0x74, 0x68,
    0x65, 0x20, 0x20, 0x6E, 0x65, 0x78, 0x74, 0x20, 0x45, 0x6E, 0x64, 0x20,
    0x20, 0x20, 0x20, 0x20, 0x20, 0x50, 0x68, 0x61, 0x73, 0x65, 0x3A, 0x20,
    0x53, 0x70, 0x65, 0x63, 0x69, 0x61, 0x6C, 0x53, 0x75, 0x6D, 0x6D, 0x6F,
    0x6E, 0x20, 0x74, 0x68, 0x69, 0x73, 0x20, 0x20, 0x20, 0x63, 0x61, 0x72,
    0x64, 0x20, 0x20, 0x20, 0x20, 0x20, 0x20, 0x20, 0x20, 0x5E, 0x62, 0x61,
    0x6E, 0x69, 0x73, 0x68, 0x65, 0x64, 0x20, 0x62, 0x79, 0x20, 0x74, 0x68,
    0x69, 0x73, 0x20, 0x65, 0x66, 0x66, 0x65, 0x63, 0x74, 0x2E, 0x20, 0x20,
    0x5E, 0x00,
};

const u8 gDescription_MobiusTheFrostMonarch[] APPEND_TEXT = {
    0x20, 0x20, 0x5E, 0x33, 0x57, 0x68, 0x65, 0x6E, 0x20, 0x74, 0x68, 0x69,
    0x73, 0x20, 0x20, 0x20, 0x63, 0x61, 0x72, 0x64, 0x20, 0x69, 0x73, 0x20,
    0x20, 0x20, 0x20, 0x20, 0x20, 0x20, 0x54, 0x72, 0x69, 0x62, 0x75, 0x74,
    0x65, 0x20, 0x20, 0x20, 0x20, 0x20, 0x20, 0x20, 0x53, 0x75, 0x6D, 0x6D,
    0x6F, 0x6E, 0x65, 0x64, 0x3A, 0x20, 0x59, 0x6F, 0x75, 0x20, 0x63, 0x61,
    0x6E, 0x20, 0x74, 0x61, 0x72, 0x67, 0x65, 0x74, 0x20, 0x20, 0x5E, 0x75,
    0x70, 0x20, 0x74, 0x6F, 0x20, 0x32, 0x20, 0x20, 0x20, 0x20, 0x20, 0x53,
    0x70, 0x65, 0x6C, 0x6C, 0x2F, 0x54, 0x72, 0x61, 0x70, 0x20, 0x20, 0x20,
    0x20, 0x43, 0x61, 0x72, 0x64, 0x73, 0x20, 0x6F, 0x6E, 0x20, 0x74, 0x68,
    0x65, 0x20, 0x20, 0x66, 0x69, 0x65, 0x6C, 0x64, 0x3B, 0x20, 0x64, 0x65,
    0x73, 0x74, 0x72, 0x6F, 0x79, 0x74, 0x68, 0x6F, 0x73, 0x65, 0x20, 0x20,
    0x20, 0x20, 0x20, 0x20, 0x20, 0x5E, 0x74, 0x61, 0x72, 0x67, 0x65, 0x74,
    0x73, 0x2E, 0x20, 0x20, 0x20, 0x20, 0x5E, 0x00,
};

const u8 gDescription_ProtoCyberDragon[] APPEND_TEXT = {
    0x20, 0x20, 0x5E, 0x32, 0x54, 0x68, 0x69, 0x73, 0x20, 0x63, 0x61, 0x72,
    0x64, 0x27, 0x73, 0x20, 0x6E, 0x61, 0x6D, 0x65, 0x20, 0x62, 0x65, 0x63,
    0x6F, 0x6D, 0x65, 0x73, 0x20, 0x20, 0x43, 0x79, 0x62, 0x65, 0x72, 0x20,
    0x44, 0x72, 0x61, 0x67, 0x6F, 0x6E, 0x20, 0x20, 0x77, 0x68, 0x69, 0x6C,
    0x65, 0x20, 0x6F, 0x6E, 0x20, 0x74, 0x68, 0x65, 0x20, 0x20, 0x66, 0x69,
    0x65, 0x6C, 0x64, 0x2E, 0x20, 0x20, 0x20, 0x20, 0x20, 0x20, 0x5E, 0x5E,
    0x00,
};

const u8 gDescription_AmazonessArcher[] APPEND_TEXT = {
    0x20, 0x20, 0x5E, 0x32, 0x59, 0x6F, 0x75, 0x20, 0x63, 0x61, 0x6E, 0x20,
    0x20, 0x20, 0x20, 0x20, 0x54, 0x72, 0x69, 0x62, 0x75, 0x74, 0x65, 0x20,
    0x32, 0x20, 0x20, 0x20, 0x20, 0x20, 0x6D, 0x6F, 0x6E, 0x73, 0x74, 0x65,
    0x72, 0x73, 0x3B, 0x20, 0x20, 0x20, 0x20, 0x20, 0x69, 0x6E, 0x66, 0x6C,
    0x69, 0x63, 0x74, 0x20, 0x31, 0x32, 0x30, 0x30, 0x20, 0x20, 0x64, 0x61,
    0x6D, 0x61, 0x67, 0x65, 0x20, 0x74, 0x6F, 0x20, 0x20, 0x20, 0x5E, 0x79,
    0x6F, 0x75, 0x72, 0x20, 0x20, 0x20, 0x20, 0x20, 0x20, 0x20, 0x20, 0x6F,
    0x70, 0x70, 0x6F, 0x6E, 0x65, 0x6E, 0x74, 0x2E, 0x20, 0x20, 0x20, 0x20,
    0x20, 0x5E, 0x00,
};

const u8 gDescription_ElementalHeroWildheart[] APPEND_TEXT = {
    0x20, 0x20, 0x5E, 0x32, 0x54, 0x68, 0x69, 0x73, 0x20, 0x63, 0x61, 0x72,
    0x64, 0x20, 0x69, 0x73, 0x75, 0x6E, 0x61, 0x66, 0x66, 0x65, 0x63, 0x74,
    0x65, 0x64, 0x20, 0x62, 0x79, 0x20, 0x54, 0x72, 0x61, 0x70, 0x20, 0x65,
    0x66, 0x66, 0x65, 0x63, 0x74, 0x73, 0x2E, 0x20, 0x5E, 0x5E, 0x00,
};

const u8 gDescription_TheSanctuaryInTheSky[] APPEND_TEXT = {
    0x20, 0x20, 0x5E, 0x32, 0x42, 0x61, 0x74, 0x74, 0x6C, 0x65, 0x20, 0x20,
    0x20, 0x20, 0x20, 0x20, 0x64, 0x61, 0x6D, 0x61, 0x67, 0x65, 0x20, 0x74,
    0x6F, 0x20, 0x74, 0x68, 0x65, 0x20, 0x63, 0x6F, 0x6E, 0x74, 0x72, 0x6F,
    0x6C, 0x6C, 0x65, 0x72, 0x20, 0x6F, 0x66, 0x20, 0x61, 0x20, 0x46, 0x61,
    0x69, 0x72, 0x79, 0x20, 0x20, 0x20, 0x20, 0x20, 0x20, 0x20, 0x6D, 0x6F,
    0x6E, 0x73, 0x74, 0x65, 0x72, 0x20, 0x66, 0x72, 0x6F, 0x6D, 0x5E, 0x61,
    0x20, 0x62, 0x61, 0x74, 0x74, 0x6C, 0x65, 0x20, 0x20, 0x20, 0x20, 0x69,
    0x6E, 0x76, 0x6F, 0x6C, 0x76, 0x69, 0x6E, 0x67, 0x20, 0x74, 0x68, 0x61,
    0x74, 0x6D, 0x6F, 0x6E, 0x73, 0x74, 0x65, 0x72, 0x20, 0x20, 0x20, 0x20,
    0x20, 0x20, 0x20, 0x62, 0x65, 0x63, 0x6F, 0x6D, 0x65, 0x73, 0x20, 0x30,
    0x2E, 0x20, 0x20, 0x20, 0x20, 0x5E, 0x00,
};

const u8 gDescription_MirrorForce[] APPEND_TEXT = {
    0x20, 0x20, 0x5E, 0x33, 0x57, 0x68, 0x65, 0x6E, 0x20, 0x61, 0x6E, 0x20,
    0x20, 0x20, 0x20, 0x20, 0x6F, 0x70, 0x70, 0x6F, 0x6E, 0x65, 0x6E, 0x74,
    0x27, 0x73, 0x20, 0x20, 0x20, 0x20, 0x6D, 0x6F, 0x6E, 0x73, 0x74, 0x65,
    0x72, 0x20, 0x20, 0x20, 0x20, 0x20, 0x20, 0x20, 0x64, 0x65, 0x63, 0x6C,
    0x61, 0x72, 0x65, 0x73, 0x20, 0x61, 0x6E, 0x20, 0x20, 0x20, 0x61, 0x74,
    0x74, 0x61, 0x63, 0x6B, 0x3A, 0x20, 0x20, 0x20, 0x20, 0x20, 0x5E, 0x44,
    0x65, 0x73, 0x74, 0x72, 0x6F, 0x79, 0x20, 0x61, 0x6C, 0x6C, 0x20, 0x79,
    0x6F, 0x75, 0x72, 0x20, 0x20, 0x20, 0x20, 0x20, 0x20, 0x20, 0x20, 0x20,
    0x20, 0x6F, 0x70, 0x70, 0x6F, 0x6E, 0x65, 0x6E, 0x74, 0x27, 0x73, 0x20,
    0x20, 0x20, 0x20, 0x41, 0x74, 0x74, 0x61, 0x63, 0x6B, 0x20, 0x20, 0x20,
    0x20, 0x20, 0x20, 0x20, 0x20, 0x50, 0x6F, 0x73, 0x69, 0x74, 0x69, 0x6F,
    0x6E, 0x20, 0x20, 0x20, 0x20, 0x5E, 0x6D, 0x6F, 0x6E, 0x73, 0x74, 0x65,
    0x72, 0x73, 0x2E, 0x20, 0x20, 0x20, 0x5E, 0x00,
};

const u8 gDescription_BlueEyesChaosDragon[] APPEND_TEXT = {
    0x20, 0x20, 0x5E, 0x32, 0x59, 0x6F, 0x75, 0x20, 0x63, 0x61, 0x6E, 0x20,
    0x52, 0x69, 0x74, 0x75, 0x61, 0x6C, 0x20, 0x53, 0x75, 0x6D, 0x6D, 0x6F,
    0x6E, 0x20, 0x74, 0x68, 0x69, 0x73, 0x20, 0x63, 0x61, 0x72, 0x64, 0x20,
    0x77, 0x69, 0x74, 0x68, 0x20, 0x43, 0x68, 0x61, 0x6F, 0x73, 0x20, 0x46,
    0x6F, 0x72, 0x6D, 0x2E, 0x20, 0x4D, 0x75, 0x73, 0x74, 0x20, 0x62, 0x65,
    0x20, 0x52, 0x69, 0x74, 0x75, 0x61, 0x6C, 0x20, 0x53, 0x75, 0x6D, 0x6D,
    0x6F, 0x6E, 0x65, 0x64, 0x2E, 0x20, 0x59, 0x6F, 0x75, 0x72, 0x20, 0x6F,
    0x70, 0x70, 0x6F, 0x6E, 0x65, 0x6E, 0x74, 0x20, 0x63, 0x61, 0x6E, 0x6E,
    0x6F, 0x74, 0x20, 0x74, 0x61, 0x72, 0x67, 0x65, 0x74, 0x20, 0x74, 0x68,
    0x69, 0x73, 0x20, 0x63, 0x61, 0x72, 0x64, 0x20, 0x77, 0x69, 0x74, 0x68,
    0x20, 0x63, 0x61, 0x72, 0x64, 0x20, 0x65, 0x66, 0x66, 0x65, 0x63, 0x74,
    0x73, 0x2C, 0x20, 0x61, 0x6C, 0x73, 0x6F, 0x20, 0x69, 0x74, 0x20, 0x63,
    0x61, 0x6E, 0x6E, 0x6F, 0x74, 0x20, 0x62, 0x65, 0x20, 0x64, 0x65, 0x73,
    0x74, 0x72, 0x6F, 0x79, 0x65, 0x64, 0x20, 0x62, 0x79, 0x20, 0x79, 0x6F,
    0x75, 0x72, 0x20, 0x6F, 0x70, 0x70, 0x6F, 0x6E, 0x65, 0x6E, 0x74, 0x27,
    0x73, 0x20, 0x63, 0x61, 0x72, 0x64, 0x20, 0x65, 0x66, 0x66, 0x65, 0x63,
    0x74, 0x73, 0x2E, 0x20, 0x49, 0x66, 0x20, 0x74, 0x68, 0x69, 0x73, 0x20,
    0x63, 0x61, 0x72, 0x64, 0x20, 0x77, 0x61, 0x73, 0x20, 0x52, 0x69, 0x74,
    0x75, 0x61, 0x6C, 0x20, 0x53, 0x75, 0x6D, 0x6D, 0x6F, 0x6E, 0x65, 0x64,
    0x20, 0x75, 0x73, 0x69, 0x6E, 0x67, 0x20, 0x42, 0x6C, 0x75, 0x65, 0x2D,
    0x45, 0x79, 0x65, 0x73, 0x20, 0x57, 0x68, 0x69, 0x74, 0x65, 0x20, 0x44,
    0x72, 0x61, 0x67, 0x6F, 0x6E, 0x2C, 0x20, 0x77, 0x68, 0x65, 0x6E, 0x20,
    0x69, 0x74, 0x20, 0x64, 0x65, 0x63, 0x6C, 0x61, 0x72, 0x65, 0x73, 0x20,
    0x61, 0x6E, 0x20, 0x61, 0x74, 0x74, 0x61, 0x63, 0x6B, 0x3A, 0x20, 0x59,
    0x6F, 0x75, 0x20, 0x63, 0x61, 0x6E, 0x20, 0x63, 0x68, 0x61, 0x6E, 0x67,
    0x65, 0x20, 0x74, 0x68, 0x65, 0x20, 0x62, 0x61, 0x74, 0x74, 0x6C, 0x65,
    0x20, 0x70, 0x6F, 0x73, 0x69, 0x74, 0x69, 0x6F, 0x6E, 0x73, 0x20, 0x6F,
    0x66, 0x20, 0x61, 0x73, 0x20, 0x6D, 0x61, 0x6E, 0x79, 0x20, 0x6D, 0x6F,
    0x6E, 0x73, 0x74, 0x65, 0x72, 0x73, 0x20, 0x79, 0x6F, 0x75, 0x72, 0x20,
    0x6F, 0x70, 0x70, 0x6F, 0x6E, 0x65, 0x6E, 0x74, 0x20, 0x63, 0x6F, 0x6E,
    0x74, 0x72, 0x6F, 0x6C, 0x73, 0x20, 0x61, 0x73, 0x20, 0x70, 0x6F, 0x73,
    0x73, 0x69, 0x62, 0x6C, 0x65, 0x2C, 0x20, 0x61, 0x6E, 0x64, 0x20, 0x69,
    0x66, 0x20, 0x79, 0x6F, 0x75, 0x20, 0x64, 0x6F, 0x2C, 0x20, 0x74, 0x68,
    0x65, 0x20, 0x41, 0x54, 0x4B, 0x2F, 0x44, 0x45, 0x46, 0x20, 0x6F, 0x66,
    0x20, 0x74, 0x68, 0x6F, 0x73, 0x65, 0x20, 0x63, 0x68, 0x61, 0x6E, 0x67,
    0x65, 0x64, 0x20, 0x6D, 0x6F, 0x6E, 0x73, 0x74, 0x65, 0x72, 0x73, 0x20,
    0x62, 0x65, 0x63, 0x6F, 0x6D, 0x65, 0x20, 0x30, 0x2C, 0x20, 0x61, 0x6C,
    0x73, 0x6F, 0x2C, 0x20, 0x74, 0x68, 0x69, 0x73, 0x20, 0x74, 0x75, 0x72,
    0x6E, 0x2C, 0x20, 0x69, 0x66, 0x20, 0x74, 0x68, 0x69, 0x73, 0x20, 0x63,
    0x61, 0x72, 0x64, 0x20, 0x61, 0x74, 0x74, 0x61, 0x63, 0x6B, 0x73, 0x20,
    0x61, 0x20, 0x44, 0x65, 0x66, 0x65, 0x6E, 0x73, 0x65, 0x20, 0x50, 0x6F,
    0x73, 0x69, 0x74, 0x69, 0x6F, 0x6E, 0x20, 0x6D, 0x6F, 0x6E, 0x73, 0x74,
    0x65, 0x72, 0x2C, 0x20, 0x69, 0x6E, 0x66, 0x6C, 0x69, 0x63, 0x74, 0x20,
    0x70, 0x69, 0x65, 0x72, 0x63, 0x69, 0x6E, 0x67, 0x20, 0x62, 0x61, 0x74,
    0x74, 0x6C, 0x65, 0x20, 0x64, 0x61, 0x6D, 0x61, 0x67, 0x65, 0x2E, 0x5E,
    0x5E, 0x00,
};

const u8 gDescription_DeFusion[] APPEND_TEXT = {
    0x20, 0x20, 0x5E, 0x34, 0x54, 0x61, 0x72, 0x67, 0x65, 0x74, 0x20, 0x31,
    0x20, 0x20, 0x20, 0x20, 0x46, 0x75, 0x73, 0x69, 0x6F, 0x6E, 0x20, 0x4D,
    0x6F, 0x6E, 0x73, 0x74, 0x65, 0x72, 0x6F, 0x6E, 0x20, 0x74, 0x68, 0x65,
    0x20, 0x66, 0x69, 0x65, 0x6C, 0x64, 0x3B, 0x20, 0x72, 0x65, 0x74, 0x75,
    0x72, 0x6E, 0x20, 0x74, 0x68, 0x61, 0x74, 0x20, 0x20, 0x20, 0x74, 0x61,
    0x72, 0x67, 0x65, 0x74, 0x20, 0x74, 0x6F, 0x20, 0x20, 0x20, 0x5E, 0x74,
    0x68, 0x65, 0x20, 0x45, 0x78, 0x74, 0x72, 0x61, 0x20, 0x20, 0x20, 0x44,
    0x65, 0x63, 0x6B, 0x2C, 0x20, 0x74, 0x68, 0x65, 0x6E, 0x2C, 0x20, 0x69,
    0x66, 0x61, 0x6C, 0x6C, 0x20, 0x74, 0x68, 0x65, 0x20, 0x46, 0x75, 0x73,
    0x69, 0x6F, 0x6E, 0x4D, 0x61, 0x74, 0x65, 0x72, 0x69, 0x61, 0x6C, 0x73,
    0x20, 0x74, 0x68, 0x61, 0x74, 0x77, 0x65, 0x72, 0x65, 0x20, 0x75, 0x73,
    0x65, 0x64, 0x20, 0x20, 0x20, 0x5E, 0x66, 0x6F, 0x72, 0x20, 0x69, 0x74,
    0x73, 0x20, 0x20, 0x20, 0x20, 0x20, 0x46, 0x75, 0x73, 0x69, 0x6F, 0x6E,
    0x20, 0x53, 0x75, 0x6D, 0x6D, 0x6F, 0x6E, 0x20, 0x61, 0x72, 0x65, 0x20,
    0x69, 0x6E, 0x20, 0x79, 0x6F, 0x75, 0x72, 0x20, 0x20, 0x20, 0x47, 0x59,
    0x2C, 0x20, 0x79, 0x6F, 0x75, 0x20, 0x63, 0x61, 0x6E, 0x20, 0x20, 0x20,
    0x53, 0x70, 0x65, 0x63, 0x69, 0x61, 0x6C, 0x20, 0x20, 0x20, 0x20, 0x20,
    0x5E, 0x53, 0x75, 0x6D, 0x6D, 0x6F, 0x6E, 0x20, 0x61, 0x6C, 0x6C, 0x20,
    0x20, 0x6F, 0x66, 0x20, 0x74, 0x68, 0x65, 0x6D, 0x2E, 0x20, 0x20, 0x20,
    0x20, 0x20, 0x20, 0x5E, 0x00,
};

const u8 gDescription_ALegendaryOcean[] APPEND_TEXT = {
    0x20, 0x20, 0x5E, 0x34, 0x28, 0x54, 0x68, 0x69, 0x73, 0x20, 0x63, 0x61,
    0x72, 0x64, 0x27, 0x73, 0x6E, 0x61, 0x6D, 0x65, 0x20, 0x69, 0x73, 0x20,
    0x61, 0x6C, 0x77, 0x61, 0x79, 0x73, 0x74, 0x72, 0x65, 0x61, 0x74, 0x65,
    0x64, 0x20, 0x61, 0x73, 0x20, 0x20, 0x20, 0x20, 0x55, 0x6D, 0x69, 0x2E,
    0x29, 0x20, 0x41, 0x6C, 0x6C, 0x20, 0x20, 0x20, 0x20, 0x20, 0x57, 0x41,
    0x54, 0x45, 0x52, 0x20, 0x20, 0x20, 0x20, 0x20, 0x20, 0x20, 0x5E, 0x6D,
    0x6F, 0x6E, 0x73, 0x74, 0x65, 0x72, 0x73, 0x20, 0x6F, 0x6E, 0x20, 0x74,
    0x68, 0x65, 0x20, 0x66, 0x69, 0x65, 0x6C, 0x64, 0x20, 0x67, 0x61, 0x69,
    0x6E, 0x32, 0x30, 0x30, 0x20, 0x41, 0x54, 0x4B, 0x2F, 0x44, 0x45, 0x46,
    0x2E, 0x20, 0x20, 0x52, 0x65, 0x64, 0x75, 0x63, 0x65, 0x20, 0x74, 0x68,
    0x65, 0x20, 0x20, 0x20, 0x20, 0x4C, 0x65, 0x76, 0x65, 0x6C, 0x20, 0x6F,
    0x66, 0x20, 0x61, 0x6C, 0x6C, 0x5E, 0x57, 0x41, 0x54, 0x45, 0x52, 0x20,
    0x20, 0x20, 0x20, 0x20, 0x20, 0x20, 0x6D, 0x6F, 0x6E, 0x73, 0x74, 0x65,
    0x72, 0x73, 0x20, 0x69, 0x6E, 0x20, 0x20, 0x20, 0x62, 0x6F, 0x74, 0x68,
    0x20, 0x70, 0x6C, 0x61, 0x79, 0x65, 0x72, 0x73, 0x27, 0x20, 0x68, 0x61,
    0x6E, 0x64, 0x73, 0x20, 0x61, 0x6E, 0x64, 0x20, 0x6F, 0x6E, 0x20, 0x20,
    0x74, 0x68, 0x65, 0x20, 0x66, 0x69, 0x65, 0x6C, 0x64, 0x20, 0x62, 0x79,
    0x5E, 0x31, 0x2E, 0x20, 0x20, 0x20, 0x20, 0x20, 0x20, 0x20, 0x20, 0x20,
    0x20, 0x5E, 0x00,
};

const u8 gDescription_DarkMagicianOfChaos[] APPEND_TEXT = {
    0x20, 0x20, 0x5E, 0x37, 0x44, 0x75, 0x72, 0x69, 0x6E, 0x67, 0x20, 0x74,
    0x68, 0x65, 0x20, 0x20, 0x45, 0x6E, 0x64, 0x20, 0x50, 0x68, 0x61, 0x73,
    0x65, 0x2C, 0x20, 0x69, 0x66, 0x20, 0x74, 0x68, 0x69, 0x73, 0x20, 0x63,
    0x61, 0x72, 0x64, 0x20, 0x77, 0x61, 0x73, 0x20, 0x4E, 0x6F, 0x72, 0x6D,
    0x61, 0x6C, 0x20, 0x6F, 0x72, 0x20, 0x20, 0x20, 0x20, 0x20, 0x53, 0x70,
    0x65, 0x63, 0x69, 0x61, 0x6C, 0x20, 0x20, 0x20, 0x20, 0x20, 0x5E, 0x53,
    0x75, 0x6D, 0x6D, 0x6F, 0x6E, 0x65, 0x64, 0x20, 0x20, 0x20, 0x20, 0x74,
    0x68, 0x69, 0x73, 0x20, 0x74, 0x75, 0x72, 0x6E, 0x3A, 0x20, 0x59, 0x6F,
    0x75, 0x63, 0x61, 0x6E, 0x20, 0x74, 0x61, 0x72, 0x67, 0x65, 0x74, 0x20,
    0x31, 0x20, 0x20, 0x53, 0x70, 0x65, 0x6C, 0x6C, 0x20, 0x69, 0x6E, 0x20,
    0x79, 0x6F, 0x75, 0x72, 0x20, 0x47, 0x59, 0x3B, 0x20, 0x61, 0x64, 0x64,
    0x20, 0x69, 0x74, 0x20, 0x20, 0x5E, 0x74, 0x6F, 0x20, 0x79, 0x6F, 0x75,
    0x72, 0x20, 0x20, 0x20, 0x20, 0x20, 0x68, 0x61, 0x6E, 0x64, 0x2E, 0x20,
    0x59, 0x6F, 0x75, 0x20, 0x63, 0x61, 0x6E, 0x20, 0x6F, 0x6E, 0x6C, 0x79,
    0x20, 0x75, 0x73, 0x65, 0x20, 0x74, 0x68, 0x69, 0x73, 0x20, 0x65, 0x66,
    0x66, 0x65, 0x63, 0x74, 0x20, 0x6F, 0x66, 0x20, 0x44, 0x61, 0x72, 0x6B,
    0x4D, 0x61, 0x67, 0x69, 0x63, 0x69, 0x61, 0x6E, 0x20, 0x6F, 0x66, 0x20,
    0x5E, 0x43, 0x68, 0x61, 0x6F, 0x73, 0x20, 0x6F, 0x6E, 0x63, 0x65, 0x20,
    0x20, 0x70, 0x65, 0x72, 0x20, 0x74, 0x75, 0x72, 0x6E, 0x2E, 0x20, 0x49,
    0x66, 0x20, 0x20, 0x74, 0x68, 0x69, 0x73, 0x20, 0x63, 0x61, 0x72, 0x64,
    0x20, 0x20, 0x20, 0x20, 0x20, 0x64, 0x65, 0x73, 0x74, 0x72, 0x6F, 0x79,
    0x73, 0x20, 0x61, 0x6E, 0x20, 0x20, 0x20, 0x6F, 0x70, 0x70, 0x6F, 0x6E,
    0x65, 0x6E, 0x74, 0x27, 0x73, 0x20, 0x20, 0x5E, 0x6D, 0x6F, 0x6E, 0x73,
    0x74, 0x65, 0x72, 0x20, 0x62, 0x79, 0x20, 0x20, 0x62, 0x61, 0x74, 0x74,
    0x6C, 0x65, 0x2C, 0x20, 0x61, 0x66, 0x74, 0x65, 0x72, 0x20, 0x64, 0x61,
    0x6D, 0x61, 0x67, 0x65, 0x20, 0x20, 0x20, 0x20, 0x20, 0x20, 0x20, 0x20,
    0x63, 0x61, 0x6C, 0x63, 0x75, 0x6C, 0x61, 0x74, 0x69, 0x6F, 0x6E, 0x3A,
    0x20, 0x20, 0x42, 0x61, 0x6E, 0x69, 0x73, 0x68, 0x20, 0x74, 0x68, 0x61,
    0x74, 0x20, 0x5E, 0x6F, 0x70, 0x70, 0x6F, 0x6E, 0x65, 0x6E, 0x74, 0x27,
    0x73, 0x20, 0x20, 0x6D, 0x6F, 0x6E, 0x73, 0x74, 0x65, 0x72, 0x2E, 0x20,
    0x49, 0x66, 0x20, 0x20, 0x20, 0x74, 0x68, 0x69, 0x73, 0x20, 0x66, 0x61,
    0x63, 0x65, 0x2D, 0x75, 0x70, 0x20, 0x20, 0x63, 0x61, 0x72, 0x64, 0x20,
    0x77, 0x6F, 0x75, 0x6C, 0x64, 0x20, 0x20, 0x20, 0x20, 0x6C, 0x65, 0x61,
    0x76, 0x65, 0x20, 0x74, 0x68, 0x65, 0x20, 0x20, 0x20, 0x5E, 0x66, 0x69,
    0x65, 0x6C, 0x64, 0x2C, 0x20, 0x20, 0x20, 0x20, 0x20, 0x20, 0x62, 0x61,
    0x6E, 0x69, 0x73, 0x68, 0x20, 0x69, 0x74, 0x20, 0x20, 0x20, 0x20, 0x20,
    0x69, 0x6E, 0x73, 0x74, 0x65, 0x61, 0x64, 0x2E, 0x20, 0x20, 0x20, 0x20,
    0x20, 0x20, 0x5E, 0x00,
};

const u8 gDescription_ElementalHeroPhoenixEnforcer[] APPEND_TEXT = {
    0x20, 0x20, 0x5E, 0x33, 0x45, 0x6C, 0x65, 0x6D, 0x65, 0x6E, 0x74, 0x61,
    0x6C, 0x20, 0x20, 0x20, 0x48, 0x45, 0x52, 0x4F, 0x20, 0x41, 0x76, 0x69,
    0x61, 0x6E, 0x20, 0x2B, 0x20, 0x20, 0x45, 0x6C, 0x65, 0x6D, 0x65, 0x6E,
    0x74, 0x61, 0x6C, 0x20, 0x48, 0x45, 0x52, 0x4F, 0x42, 0x75, 0x72, 0x73,
    0x74, 0x69, 0x6E, 0x61, 0x74, 0x72, 0x69, 0x78, 0x20, 0x20, 0x4D, 0x75,
    0x73, 0x74, 0x20, 0x62, 0x65, 0x20, 0x20, 0x20, 0x20, 0x20, 0x5E, 0x46,
    0x75, 0x73, 0x69, 0x6F, 0x6E, 0x20, 0x20, 0x20, 0x20, 0x20, 0x20, 0x53,
    0x75, 0x6D, 0x6D, 0x6F, 0x6E, 0x65, 0x64, 0x20, 0x61, 0x6E, 0x64, 0x20,
    0x20, 0x63, 0x61, 0x6E, 0x6E, 0x6F, 0x74, 0x20, 0x62, 0x65, 0x20, 0x20,
    0x20, 0x20, 0x20, 0x53, 0x70, 0x65, 0x63, 0x69, 0x61, 0x6C, 0x20, 0x20,
    0x20, 0x20, 0x20, 0x20, 0x20, 0x53, 0x75, 0x6D, 0x6D, 0x6F, 0x6E, 0x65,
    0x64, 0x20, 0x62, 0x79, 0x20, 0x5E, 0x6F, 0x74, 0x68, 0x65, 0x72, 0x20,
    0x77, 0x61, 0x79, 0x73, 0x2E, 0x20, 0x54, 0x68, 0x69, 0x73, 0x20, 0x63,
    0x61, 0x72, 0x64, 0x20, 0x20, 0x20, 0x20, 0x20, 0x63, 0x61, 0x6E, 0x6E,
    0x6F, 0x74, 0x20, 0x62, 0x65, 0x20, 0x20, 0x20, 0x20, 0x20, 0x64, 0x65,
    0x73, 0x74, 0x72, 0x6F, 0x79, 0x65, 0x64, 0x20, 0x62, 0x79, 0x20, 0x20,
    0x62, 0x61, 0x74, 0x74, 0x6C, 0x65, 0x2E, 0x20, 0x20, 0x20, 0x20, 0x20,
    0x5E, 0x00,
};

const u8 gDescription_ElementalHeroFlameWingman[] APPEND_TEXT = {
    0x20, 0x20, 0x5E, 0x35, 0x45, 0x6C, 0x65, 0x6D, 0x65, 0x6E, 0x74, 0x61,
    0x6C, 0x20, 0x20, 0x20, 0x48, 0x45, 0x52, 0x4F, 0x20, 0x41, 0x76, 0x69,
    0x61, 0x6E, 0x20, 0x2B, 0x20, 0x20, 0x45, 0x6C, 0x65, 0x6D, 0x65, 0x6E,
    0x74, 0x61, 0x6C, 0x20, 0x48, 0x45, 0x52, 0x4F, 0x42, 0x75, 0x72, 0x73,
    0x74, 0x69, 0x6E, 0x61, 0x74, 0x72, 0x69, 0x78, 0x20, 0x20, 0x4D, 0x75,
    0x73, 0x74, 0x20, 0x62, 0x65, 0x20, 0x20, 0x20, 0x20, 0x20, 0x5E, 0x46,
    0x75, 0x73, 0x69, 0x6F, 0x6E, 0x20, 0x20, 0x20, 0x20, 0x20, 0x20, 0x53,
    0x75, 0x6D, 0x6D, 0x6F, 0x6E, 0x65, 0x64, 0x20, 0x61, 0x6E, 0x64, 0x20,
    0x20, 0x63, 0x61, 0x6E, 0x6E, 0x6F, 0x74, 0x20, 0x62, 0x65, 0x20, 0x20,
    0x20, 0x20, 0x20, 0x53, 0x70, 0x65, 0x63, 0x69, 0x61, 0x6C, 0x20, 0x20,
    0x20, 0x20, 0x20, 0x20, 0x20, 0x53, 0x75, 0x6D, 0x6D, 0x6F, 0x6E, 0x65,
    0x64, 0x20, 0x62, 0x79, 0x20, 0x5E, 0x6F, 0x74, 0x68, 0x65, 0x72, 0x20,
    0x77, 0x61, 0x79, 0x73, 0x2E, 0x20, 0x57, 0x68, 0x65, 0x6E, 0x20, 0x74,
    0x68, 0x69, 0x73, 0x20, 0x63, 0x61, 0x72, 0x64, 0x64, 0x65, 0x73, 0x74,
    0x72, 0x6F, 0x79, 0x73, 0x20, 0x61, 0x20, 0x20, 0x20, 0x20, 0x6D, 0x6F,
    0x6E, 0x73, 0x74, 0x65, 0x72, 0x20, 0x62, 0x79, 0x20, 0x20, 0x20, 0x20,
    0x62, 0x61, 0x74, 0x74, 0x6C, 0x65, 0x20, 0x61, 0x6E, 0x64, 0x20, 0x20,
    0x5E, 0x73, 0x65, 0x6E, 0x64, 0x73, 0x20, 0x69, 0x74, 0x20, 0x74, 0x6F,
    0x20, 0x74, 0x68, 0x65, 0x20, 0x47, 0x72, 0x61, 0x76, 0x65, 0x79, 0x61,
    0x72, 0x64, 0x3A, 0x49, 0x6E, 0x66, 0x6C, 0x69, 0x63, 0x74, 0x20, 0x64,
    0x61, 0x6D, 0x61, 0x67, 0x65, 0x74, 0x6F, 0x20, 0x79, 0x6F, 0x75, 0x72,
    0x20, 0x20, 0x20, 0x20, 0x20, 0x20, 0x20, 0x6F, 0x70, 0x70, 0x6F, 0x6E,
    0x65, 0x6E, 0x74, 0x20, 0x20, 0x20, 0x20, 0x5E, 0x65, 0x71, 0x75, 0x61,
    0x6C, 0x20, 0x74, 0x6F, 0x20, 0x74, 0x68, 0x65, 0x41, 0x54, 0x4B, 0x20,
    0x6F, 0x66, 0x20, 0x74, 0x68, 0x65, 0x20, 0x20, 0x20, 0x20, 0x64, 0x65,
    0x73, 0x74, 0x72, 0x6F, 0x79, 0x65, 0x64, 0x20, 0x20, 0x20, 0x20, 0x20,
    0x6D, 0x6F, 0x6E, 0x73, 0x74, 0x65, 0x72, 0x20, 0x69, 0x6E, 0x20, 0x74,
    0x68, 0x65, 0x47, 0x72, 0x61, 0x76, 0x65, 0x79, 0x61, 0x72, 0x64, 0x2E,
    0x20, 0x20, 0x5E, 0x00,
};

const u8 gDescription_ElementalHeroShiningFlareWingman[] APPEND_TEXT = {
    0x20, 0x20, 0x5E, 0x37, 0x45, 0x6C, 0x65, 0x6D, 0x65, 0x6E, 0x74, 0x61,
    0x6C, 0x20, 0x20, 0x20, 0x48, 0x45, 0x52, 0x4F, 0x20, 0x46, 0x6C, 0x61,
    0x6D, 0x65, 0x20, 0x20, 0x20, 0x20, 0x57, 0x69, 0x6E, 0x67, 0x6D, 0x61,
    0x6E, 0x20, 0x2B, 0x20, 0x20, 0x20, 0x20, 0x20, 0x45, 0x6C, 0x65, 0x6D,
    0x65, 0x6E, 0x74, 0x61, 0x6C, 0x20, 0x48, 0x45, 0x52, 0x4F, 0x53, 0x70,
    0x61, 0x72, 0x6B, 0x6D, 0x61, 0x6E, 0x20, 0x20, 0x20, 0x20, 0x5E, 0x4D,
    0x75, 0x73, 0x74, 0x20, 0x62, 0x65, 0x20, 0x20, 0x20, 0x20, 0x20, 0x46,
    0x75, 0x73, 0x69, 0x6F, 0x6E, 0x20, 0x20, 0x20, 0x20, 0x20, 0x20, 0x20,
    0x20, 0x53, 0x75, 0x6D, 0x6D, 0x6F, 0x6E, 0x65, 0x64, 0x20, 0x61, 0x6E,
    0x64, 0x20, 0x20, 0x63, 0x61, 0x6E, 0x6E, 0x6F, 0x74, 0x20, 0x62, 0x65,
    0x20, 0x20, 0x20, 0x20, 0x20, 0x53, 0x70, 0x65, 0x63, 0x69, 0x61, 0x6C,
    0x20, 0x20, 0x20, 0x20, 0x20, 0x5E, 0x53, 0x75, 0x6D, 0x6D, 0x6F, 0x6E,
    0x65, 0x64, 0x20, 0x62, 0x79, 0x20, 0x6F, 0x74, 0x68, 0x65, 0x72, 0x20,
    0x77, 0x61, 0x79, 0x73, 0x2E, 0x20, 0x20, 0x20, 0x54, 0x68, 0x69, 0x73,
    0x20, 0x63, 0x61, 0x72, 0x64, 0x20, 0x20, 0x20, 0x20, 0x20, 0x67, 0x61,
    0x69, 0x6E, 0x73, 0x20, 0x33, 0x30, 0x30, 0x20, 0x41, 0x54, 0x4B, 0x20,
    0x66, 0x6F, 0x72, 0x20, 0x65, 0x61, 0x63, 0x68, 0x20, 0x20, 0x20, 0x20,
    0x5E, 0x45, 0x6C, 0x65, 0x6D, 0x65, 0x6E, 0x74, 0x61, 0x6C, 0x20, 0x20,
    0x20, 0x48, 0x45, 0x52, 0x4F, 0x20, 0x63, 0x61, 0x72, 0x64, 0x20, 0x69,
    0x6E, 0x20, 0x20, 0x79, 0x6F, 0x75, 0x72, 0x20, 0x20, 0x20, 0x20, 0x20,
    0x20, 0x20, 0x20, 0x20, 0x20, 0x47, 0x72, 0x61, 0x76, 0x65, 0x79, 0x61,
    0x72, 0x64, 0x2E, 0x20, 0x20, 0x20, 0x20, 0x57, 0x68, 0x65, 0x6E, 0x20,
    0x74, 0x68, 0x69, 0x73, 0x20, 0x20, 0x20, 0x5E, 0x63, 0x61, 0x72, 0x64,
    0x20, 0x20, 0x20, 0x20, 0x20, 0x20, 0x20, 0x20, 0x64, 0x65, 0x73, 0x74,
    0x72, 0x6F, 0x79, 0x73, 0x20, 0x61, 0x20, 0x20, 0x20, 0x20, 0x6D, 0x6F,
    0x6E, 0x73, 0x74, 0x65, 0x72, 0x20, 0x62, 0x79, 0x20, 0x20, 0x20, 0x20,
    0x62, 0x61, 0x74, 0x74, 0x6C, 0x65, 0x20, 0x61, 0x6E, 0x64, 0x20, 0x20,
    0x20, 0x20, 0x73, 0x65, 0x6E, 0x64, 0x73, 0x20, 0x69, 0x74, 0x20, 0x74,
    0x6F, 0x20, 0x5E, 0x74, 0x68, 0x65, 0x20, 0x20, 0x20, 0x20, 0x20, 0x20,
    0x20, 0x20, 0x20, 0x47, 0x72, 0x61, 0x76, 0x65, 0x79, 0x61, 0x72, 0x64,
    0x3A, 0x20, 0x20, 0x20, 0x20, 0x49, 0x6E, 0x66, 0x6C, 0x69, 0x63, 0x74,
    0x20, 0x64, 0x61, 0x6D, 0x61, 0x67, 0x65, 0x74, 0x6F, 0x20, 0x79, 0x6F,
    0x75, 0x72, 0x20, 0x20, 0x20, 0x20, 0x20, 0x20, 0x20, 0x6F, 0x70, 0x70,
    0x6F, 0x6E, 0x65, 0x6E, 0x74, 0x20, 0x20, 0x20, 0x20, 0x5E, 0x65, 0x71,
    0x75, 0x61, 0x6C, 0x20, 0x74, 0x6F, 0x20, 0x74, 0x68, 0x65, 0x41, 0x54,
    0x4B, 0x20, 0x6F, 0x66, 0x20, 0x74, 0x68, 0x65, 0x20, 0x20, 0x20, 0x20,
    0x64, 0x65, 0x73, 0x74, 0x72, 0x6F, 0x79, 0x65, 0x64, 0x20, 0x20, 0x20,
    0x20, 0x20, 0x6D, 0x6F, 0x6E, 0x73, 0x74, 0x65, 0x72, 0x20, 0x69, 0x6E,
    0x20, 0x74, 0x68, 0x65, 0x47, 0x72, 0x61, 0x76, 0x65, 0x79, 0x61, 0x72,
    0x64, 0x2E, 0x20, 0x20, 0x5E, 0x00,
};

const u8 gDescription_MiracleFusion[] APPEND_TEXT = {
    0x20, 0x20, 0x5E, 0x33, 0x46, 0x75, 0x73, 0x69, 0x6F, 0x6E, 0x20, 0x20,
    0x20, 0x20, 0x20, 0x20, 0x53, 0x75, 0x6D, 0x6D, 0x6F, 0x6E, 0x20, 0x31,
    0x20, 0x20, 0x20, 0x20, 0x20, 0x20, 0x45, 0x6C, 0x65, 0x6D, 0x65, 0x6E,
    0x74, 0x61, 0x6C, 0x20, 0x48, 0x45, 0x52, 0x4F, 0x46, 0x75, 0x73, 0x69,
    0x6F, 0x6E, 0x20, 0x4D, 0x6F, 0x6E, 0x73, 0x74, 0x65, 0x72, 0x66, 0x72,
    0x6F, 0x6D, 0x20, 0x79, 0x6F, 0x75, 0x72, 0x20, 0x20, 0x20, 0x5E, 0x45,
    0x78, 0x74, 0x72, 0x61, 0x20, 0x44, 0x65, 0x63, 0x6B, 0x2C, 0x20, 0x62,
    0x79, 0x20, 0x62, 0x61, 0x6E, 0x69, 0x73, 0x68, 0x69, 0x6E, 0x67, 0x20,
    0x20, 0x46, 0x75, 0x73, 0x69, 0x6F, 0x6E, 0x20, 0x20, 0x20, 0x20, 0x20,
    0x20, 0x20, 0x20, 0x4D, 0x61, 0x74, 0x65, 0x72, 0x69, 0x61, 0x6C, 0x73,
    0x20, 0x20, 0x20, 0x20, 0x20, 0x6C, 0x69, 0x73, 0x74, 0x65, 0x64, 0x20,
    0x6F, 0x6E, 0x20, 0x69, 0x74, 0x5E, 0x66, 0x72, 0x6F, 0x6D, 0x20, 0x79,
    0x6F, 0x75, 0x72, 0x20, 0x20, 0x20, 0x66, 0x69, 0x65, 0x6C, 0x64, 0x20,
    0x6F, 0x72, 0x20, 0x79, 0x6F, 0x75, 0x72, 0x20, 0x47, 0x59, 0x2E, 0x20,
    0x20, 0x20, 0x20, 0x20, 0x20, 0x20, 0x20, 0x20, 0x20, 0x20, 0x5E, 0x00,
};

const u8 gDescription_ChaosEmperorDragonEnvoyOfTheEnd[] APPEND_TEXT = {
    0x20, 0x20, 0x5E, 0x38, 0x43, 0x61, 0x6E, 0x6E, 0x6F, 0x74, 0x20, 0x62,
    0x65, 0x20, 0x20, 0x20, 0x4E, 0x6F, 0x72, 0x6D, 0x61, 0x6C, 0x20, 0x20,
    0x20, 0x20, 0x20, 0x20, 0x20, 0x20, 0x53, 0x75, 0x6D, 0x6D, 0x6F, 0x6E,
    0x65, 0x64, 0x2F, 0x53, 0x65, 0x74, 0x2E, 0x20, 0x4D, 0x75, 0x73, 0x74,
    0x20, 0x62, 0x65, 0x20, 0x20, 0x20, 0x20, 0x20, 0x20, 0x20, 0x53, 0x70,
    0x65, 0x63, 0x69, 0x61, 0x6C, 0x20, 0x20, 0x20, 0x20, 0x20, 0x5E, 0x53,
    0x75, 0x6D, 0x6D, 0x6F, 0x6E, 0x65, 0x64, 0x20, 0x20, 0x20, 0x20, 0x28,
    0x66, 0x72, 0x6F, 0x6D, 0x20, 0x79, 0x6F, 0x75, 0x72, 0x20, 0x20, 0x20,
    0x20, 0x68, 0x61, 0x6E, 0x64, 0x29, 0x20, 0x62, 0x79, 0x20, 0x20, 0x20,
    0x20, 0x20, 0x20, 0x62, 0x61, 0x6E, 0x69, 0x73, 0x68, 0x69, 0x6E, 0x67,
    0x20, 0x31, 0x20, 0x20, 0x20, 0x4C, 0x49, 0x47, 0x48, 0x54, 0x20, 0x61,
    0x6E, 0x64, 0x20, 0x31, 0x20, 0x5E, 0x44, 0x41, 0x52, 0x4B, 0x20, 0x6D,
    0x6F, 0x6E, 0x73, 0x74, 0x65, 0x72, 0x66, 0x72, 0x6F, 0x6D, 0x20, 0x79,
    0x6F, 0x75, 0x72, 0x20, 0x47, 0x59, 0x2E, 0x20, 0x4F, 0x6E, 0x63, 0x65,
    0x20, 0x70, 0x65, 0x72, 0x20, 0x74, 0x75, 0x72, 0x6E, 0x3A, 0x59, 0x6F,
    0x75, 0x20, 0x63, 0x61, 0x6E, 0x20, 0x70, 0x61, 0x79, 0x20, 0x20, 0x20,
    0x31, 0x30, 0x30, 0x30, 0x20, 0x4C, 0x50, 0x3B, 0x20, 0x20, 0x20, 0x20,
    0x5E, 0x73, 0x65, 0x6E, 0x64, 0x20, 0x61, 0x73, 0x20, 0x6D, 0x61, 0x6E,
    0x79, 0x63, 0x61, 0x72, 0x64, 0x73, 0x20, 0x69, 0x6E, 0x20, 0x62, 0x6F,
    0x74, 0x68, 0x20, 0x70, 0x6C, 0x61, 0x79, 0x65, 0x72, 0x73, 0x27, 0x20,
    0x68, 0x61, 0x6E, 0x64, 0x73, 0x61, 0x6E, 0x64, 0x20, 0x6F, 0x6E, 0x20,
    0x74, 0x68, 0x65, 0x20, 0x20, 0x20, 0x20, 0x66, 0x69, 0x65, 0x6C, 0x64,
    0x20, 0x61, 0x73, 0x20, 0x20, 0x20, 0x20, 0x5E, 0x70, 0x6F, 0x73, 0x73,
    0x69, 0x62, 0x6C, 0x65, 0x20, 0x74, 0x6F, 0x20, 0x74, 0x68, 0x65, 0x20,
    0x47, 0x59, 0x2C, 0x20, 0x74, 0x68, 0x65, 0x6E, 0x20, 0x20, 0x69, 0x6E,
    0x66, 0x6C, 0x69, 0x63, 0x74, 0x20, 0x33, 0x30, 0x30, 0x20, 0x20, 0x20,
    0x64, 0x61, 0x6D, 0x61, 0x67, 0x65, 0x20, 0x74, 0x6F, 0x20, 0x79, 0x6F,
    0x75, 0x72, 0x6F, 0x70, 0x70, 0x6F, 0x6E, 0x65, 0x6E, 0x74, 0x20, 0x66,
    0x6F, 0x72, 0x5E, 0x65, 0x61, 0x63, 0x68, 0x20, 0x63, 0x61, 0x72, 0x64,
    0x20, 0x20, 0x20, 0x73, 0x65, 0x6E, 0x74, 0x20, 0x74, 0x6F, 0x20, 0x74,
    0x68, 0x65, 0x20, 0x20, 0x20, 0x6F, 0x70, 0x70, 0x6F, 0x6E, 0x65, 0x6E,
    0x74, 0x27, 0x73, 0x20, 0x47, 0x59, 0x20, 0x62, 0x79, 0x20, 0x74, 0x68,
    0x69, 0x73, 0x20, 0x20, 0x20, 0x20, 0x20, 0x20, 0x20, 0x65, 0x66, 0x66,
    0x65, 0x63, 0x74, 0x2E, 0x20, 0x59, 0x6F, 0x75, 0x20, 0x5E, 0x63, 0x61,
    0x6E, 0x6E, 0x6F, 0x74, 0x20, 0x20, 0x20, 0x20, 0x20, 0x20, 0x61, 0x63,
    0x74, 0x69, 0x76, 0x61, 0x74, 0x65, 0x20, 0x6F, 0x74, 0x68, 0x65, 0x72,
    0x63, 0x61, 0x72, 0x64, 0x73, 0x20, 0x6F, 0x72, 0x20, 0x20, 0x20, 0x20,
    0x20, 0x20, 0x65, 0x66, 0x66, 0x65, 0x63, 0x74, 0x73, 0x20, 0x64, 0x75,
    0x72, 0x69, 0x6E, 0x67, 0x74, 0x68, 0x65, 0x20, 0x74, 0x75, 0x72, 0x6E,
    0x20, 0x79, 0x6F, 0x75, 0x5E, 0x61, 0x63, 0x74, 0x69, 0x76, 0x61, 0x74,
    0x65, 0x20, 0x20, 0x20, 0x20, 0x74, 0x68, 0x69, 0x73, 0x20, 0x63, 0x61,
    0x72, 0x64, 0x27, 0x73, 0x20, 0x20, 0x20, 0x65, 0x66, 0x66, 0x65, 0x63,
    0x74, 0x2E, 0x20, 0x20, 0x20, 0x20, 0x20, 0x20, 0x20, 0x5E, 0x00,
};

const u8 gDescription_BlackLusterSoldierEnvoyOfTheBeginning[] APPEND_TEXT = {
    0x20, 0x20, 0x5E, 0x37, 0x43, 0x61, 0x6E, 0x6E, 0x6F, 0x74, 0x20, 0x62,
    0x65, 0x20, 0x20, 0x20, 0x4E, 0x6F, 0x72, 0x6D, 0x61, 0x6C, 0x20, 0x20,
    0x20, 0x20, 0x20, 0x20, 0x20, 0x20, 0x53, 0x75, 0x6D, 0x6D, 0x6F, 0x6E,
    0x65, 0x64, 0x2F, 0x53, 0x65, 0x74, 0x2E, 0x20, 0x4D, 0x75, 0x73, 0x74,
    0x20, 0x66, 0x69, 0x72, 0x73, 0x74, 0x20, 0x62, 0x65, 0x20, 0x53, 0x70,
    0x65, 0x63, 0x69, 0x61, 0x6C, 0x20, 0x20, 0x20, 0x20, 0x20, 0x5E, 0x53,
    0x75, 0x6D, 0x6D, 0x6F, 0x6E, 0x65, 0x64, 0x20, 0x20, 0x20, 0x20, 0x28,
    0x66, 0x72, 0x6F, 0x6D, 0x20, 0x79, 0x6F, 0x75, 0x72, 0x20, 0x20, 0x20,
    0x20, 0x68, 0x61, 0x6E, 0x64, 0x29, 0x20, 0x62, 0x79, 0x20, 0x20, 0x20,
    0x20, 0x20, 0x20, 0x62, 0x61, 0x6E, 0x69, 0x73, 0x68, 0x69, 0x6E, 0x67,
    0x20, 0x31, 0x20, 0x20, 0x20, 0x4C, 0x49, 0x47, 0x48, 0x54, 0x20, 0x61,
    0x6E, 0x64, 0x20, 0x31, 0x20, 0x5E, 0x44, 0x41, 0x52, 0x4B, 0x20, 0x6D,
    0x6F, 0x6E, 0x73, 0x74, 0x65, 0x72, 0x66, 0x72, 0x6F, 0x6D, 0x20, 0x79,
    0x6F, 0x75, 0x72, 0x20, 0x47, 0x59, 0x2E, 0x20, 0x4F, 0x6E, 0x63, 0x65,
    0x20, 0x70, 0x65, 0x72, 0x20, 0x74, 0x75, 0x72, 0x6E, 0x2C, 0x79, 0x6F,
    0x75, 0x20, 0x63, 0x61, 0x6E, 0x20, 0x20, 0x20, 0x20, 0x20, 0x20, 0x20,
    0x61, 0x63, 0x74, 0x69, 0x76, 0x61, 0x74, 0x65, 0x20, 0x31, 0x20, 0x20,
    0x5E, 0x6F, 0x66, 0x20, 0x74, 0x68, 0x65, 0x73, 0x65, 0x20, 0x20, 0x20,
    0x20, 0x65, 0x66, 0x66, 0x65, 0x63, 0x74, 0x73, 0x2E, 0x20, 0x20, 0x20,
    0x20, 0x20, 0x20, 0x54, 0x61, 0x72, 0x67, 0x65, 0x74, 0x20, 0x31, 0x20,
    0x20, 0x20, 0x20, 0x20, 0x20, 0x6D, 0x6F, 0x6E, 0x73, 0x74, 0x65, 0x72,
    0x20, 0x6F, 0x6E, 0x20, 0x74, 0x68, 0x65, 0x66, 0x69, 0x65, 0x6C, 0x64,
    0x3B, 0x20, 0x20, 0x20, 0x20, 0x20, 0x20, 0x5E, 0x62, 0x61, 0x6E, 0x69,
    0x73, 0x68, 0x20, 0x69, 0x74, 0x2E, 0x20, 0x20, 0x54, 0x68, 0x69, 0x73,
    0x20, 0x63, 0x61, 0x72, 0x64, 0x20, 0x20, 0x20, 0x20, 0x20, 0x63, 0x61,
    0x6E, 0x6E, 0x6F, 0x74, 0x20, 0x61, 0x74, 0x74, 0x61, 0x63, 0x6B, 0x20,
    0x74, 0x68, 0x65, 0x20, 0x74, 0x75, 0x72, 0x6E, 0x20, 0x74, 0x68, 0x69,
    0x73, 0x20, 0x65, 0x66, 0x66, 0x65, 0x63, 0x74, 0x20, 0x69, 0x73, 0x20,
    0x20, 0x20, 0x5E, 0x61, 0x63, 0x74, 0x69, 0x76, 0x61, 0x74, 0x65, 0x64,
    0x2E, 0x20, 0x20, 0x49, 0x66, 0x20, 0x74, 0x68, 0x69, 0x73, 0x20, 0x20,
    0x20, 0x20, 0x20, 0x20, 0x20, 0x61, 0x74, 0x74, 0x61, 0x63, 0x6B, 0x69,
    0x6E, 0x67, 0x20, 0x63, 0x61, 0x72, 0x64, 0x64, 0x65, 0x73, 0x74, 0x72,
    0x6F, 0x79, 0x73, 0x20, 0x61, 0x6E, 0x20, 0x20, 0x20, 0x6F, 0x70, 0x70,
    0x6F, 0x6E, 0x65, 0x6E, 0x74, 0x27, 0x73, 0x20, 0x20, 0x5E, 0x6D, 0x6F,
    0x6E, 0x73, 0x74, 0x65, 0x72, 0x20, 0x62, 0x79, 0x20, 0x20, 0x62, 0x61,
    0x74, 0x74, 0x6C, 0x65, 0x3A, 0x20, 0x49, 0x74, 0x20, 0x63, 0x61, 0x6E,
    0x6D, 0x61, 0x6B, 0x65, 0x20, 0x61, 0x20, 0x73, 0x65, 0x63, 0x6F, 0x6E,
    0x64, 0x20, 0x61, 0x74, 0x74, 0x61, 0x63, 0x6B, 0x20, 0x69, 0x6E, 0x20,
    0x61, 0x20, 0x20, 0x20, 0x72, 0x6F, 0x77, 0x2E, 0x20, 0x20, 0x20, 0x20,
    0x20, 0x20, 0x20, 0x20, 0x5E, 0x00,
};

const u8 gDescription_ElementalHeroNeos[] APPEND_TEXT = {
    0x20, 0x20, 0x5E, 0x33, 0x27, 0x27, 0x41, 0x20, 0x6E, 0x65, 0x77, 0x20,
    0x20, 0x20, 0x20, 0x20, 0x45, 0x6C, 0x65, 0x6D, 0x65, 0x6E, 0x74, 0x61,
    0x6C, 0x20, 0x48, 0x45, 0x52, 0x4F, 0x68, 0x61, 0x73, 0x20, 0x61, 0x72,
    0x72, 0x69, 0x76, 0x65, 0x64, 0x20, 0x20, 0x20, 0x66, 0x72, 0x6F, 0x6D,
    0x20, 0x20, 0x20, 0x20, 0x20, 0x20, 0x20, 0x20, 0x20, 0x20, 0x4E, 0x65,
    0x6F, 0x2D, 0x53, 0x70, 0x61, 0x63, 0x65, 0x21, 0x20, 0x20, 0x5E, 0x57,
    0x68, 0x65, 0x6E, 0x20, 0x68, 0x65, 0x20, 0x20, 0x20, 0x20, 0x20, 0x69,
    0x6E, 0x69, 0x74, 0x69, 0x61, 0x74, 0x65, 0x73, 0x20, 0x61, 0x20, 0x20,
    0x20, 0x43, 0x6F, 0x6E, 0x74, 0x61, 0x63, 0x74, 0x20, 0x46, 0x75, 0x73,
    0x69, 0x6F, 0x6E, 0x77, 0x69, 0x74, 0x68, 0x20, 0x61, 0x20, 0x20, 0x20,
    0x20, 0x20, 0x20, 0x20, 0x20, 0x4E, 0x65, 0x6F, 0x2D, 0x53, 0x70, 0x61,
    0x63, 0x69, 0x61, 0x6E, 0x20, 0x5E, 0x68, 0x69, 0x73, 0x20, 0x75, 0x6E,
    0x6B, 0x6E, 0x6F, 0x77, 0x6E, 0x20, 0x70, 0x6F, 0x77, 0x65, 0x72, 0x73,
    0x20, 0x61, 0x72, 0x65, 0x20, 0x20, 0x20, 0x20, 0x75, 0x6E, 0x6C, 0x65,
    0x61, 0x73, 0x68, 0x65, 0x64, 0x2E, 0x27, 0x27, 0x20, 0x20, 0x5E, 0x00,
};

const u8 gDescription_FusionRecovery[] APPEND_TEXT = {
    0x20, 0x20, 0x5E, 0x32, 0x54, 0x61, 0x72, 0x67, 0x65, 0x74, 0x20, 0x31,
    0x20, 0x69, 0x6F, 0x6E, 0x69, 0x6E, 0x20, 0x79, 0x6F, 0x75, 0x72, 0x20,
    0x47, 0x59, 0x2C, 0x20, 0x20, 0x20, 0x61, 0x6E, 0x64, 0x20, 0x31, 0x20,
    0x6D, 0x6F, 0x6E, 0x73, 0x74, 0x65, 0x72, 0x20, 0x69, 0x6E, 0x20, 0x79,
    0x6F, 0x75, 0x72, 0x20, 0x47, 0x59, 0x20, 0x20, 0x20, 0x20, 0x74, 0x68,
    0x61, 0x74, 0x20, 0x20, 0x20, 0x20, 0x20, 0x20, 0x20, 0x20, 0x5E, 0x77,
    0x61, 0x73, 0x20, 0x75, 0x73, 0x65, 0x64, 0x20, 0x61, 0x73, 0x20, 0x6D,
    0x61, 0x74, 0x65, 0x72, 0x69, 0x61, 0x6C, 0x20, 0x66, 0x6F, 0x72, 0x20,
    0x61, 0x46, 0x75, 0x73, 0x69, 0x6F, 0x6E, 0x20, 0x53, 0x75, 0x6D, 0x6D,
    0x6F, 0x6E, 0x3B, 0x61, 0x64, 0x64, 0x20, 0x74, 0x68, 0x65, 0x6D, 0x20,
    0x74, 0x6F, 0x20, 0x20, 0x20, 0x79, 0x6F, 0x75, 0x72, 0x20, 0x68, 0x61,
    0x6E, 0x64, 0x2E, 0x20, 0x20, 0x5E, 0x00,
};

const u8 gDescription_Skyscraper[] APPEND_TEXT = {
    0x20, 0x20, 0x5E, 0x33, 0x49, 0x66, 0x20, 0x61, 0x6E, 0x20, 0x20, 0x20,
    0x20, 0x20, 0x20, 0x20, 0x45, 0x6C, 0x65, 0x6D, 0x65, 0x6E, 0x74, 0x61,
    0x6C, 0x20, 0x48, 0x45, 0x52, 0x4F, 0x6D, 0x6F, 0x6E, 0x73, 0x74, 0x65,
    0x72, 0x20, 0x20, 0x20, 0x20, 0x20, 0x20, 0x20, 0x61, 0x74, 0x74, 0x61,
    0x63, 0x6B, 0x73, 0x20, 0x61, 0x20, 0x20, 0x20, 0x20, 0x20, 0x6D, 0x6F,
    0x6E, 0x73, 0x74, 0x65, 0x72, 0x20, 0x74, 0x68, 0x61, 0x74, 0x5E, 0x68,
    0x61, 0x73, 0x20, 0x61, 0x20, 0x68, 0x69, 0x67, 0x68, 0x65, 0x72, 0x41,
    0x54, 0x4B, 0x2C, 0x20, 0x74, 0x68, 0x65, 0x20, 0x20, 0x20, 0x20, 0x20,
    0x20, 0x61, 0x74, 0x74, 0x61, 0x63, 0x6B, 0x69, 0x6E, 0x67, 0x20, 0x20,
    0x20, 0x20, 0x20, 0x6D, 0x6F, 0x6E, 0x73, 0x74, 0x65, 0x72, 0x20, 0x67,
    0x61, 0x69, 0x6E, 0x73, 0x20, 0x31, 0x30, 0x30, 0x30, 0x20, 0x41, 0x54,
    0x4B, 0x20, 0x20, 0x20, 0x20, 0x5E, 0x64, 0x75, 0x72, 0x69, 0x6E, 0x67,
    0x20, 0x20, 0x20, 0x20, 0x20, 0x20, 0x64, 0x61, 0x6D, 0x61, 0x67, 0x65,
    0x20, 0x20, 0x20, 0x20, 0x20, 0x20, 0x20, 0x20, 0x63, 0x61, 0x6C, 0x63,
    0x75, 0x6C, 0x61, 0x74, 0x69, 0x6F, 0x6E, 0x20, 0x20, 0x20, 0x6F, 0x6E,
    0x6C, 0x79, 0x2E, 0x20, 0x20, 0x20, 0x20, 0x20, 0x20, 0x20, 0x20, 0x20,
    0x5E, 0x00,
};

const u8 gDescription_HHeatedHeart[] APPEND_TEXT = {
    0x20, 0x20, 0x5E, 0x34, 0x54, 0x61, 0x72, 0x67, 0x65, 0x74, 0x20, 0x31,
    0x20, 0x20, 0x20, 0x20, 0x66, 0x61, 0x63, 0x65, 0x2D, 0x75, 0x70, 0x20,
    0x20, 0x20, 0x20, 0x20, 0x20, 0x20, 0x6D, 0x6F, 0x6E, 0x73, 0x74, 0x65,
    0x72, 0x20, 0x79, 0x6F, 0x75, 0x20, 0x20, 0x20, 0x63, 0x6F, 0x6E, 0x74,
    0x72, 0x6F, 0x6C, 0x3B, 0x20, 0x75, 0x6E, 0x74, 0x69, 0x6C, 0x74, 0x68,
    0x65, 0x20, 0x65, 0x6E, 0x64, 0x20, 0x6F, 0x66, 0x20, 0x20, 0x5E, 0x74,
    0x68, 0x69, 0x73, 0x20, 0x74, 0x75, 0x72, 0x6E, 0x2C, 0x20, 0x20, 0x69,
    0x74, 0x20, 0x67, 0x61, 0x69, 0x6E, 0x73, 0x20, 0x35, 0x30, 0x30, 0x20,
    0x20, 0x41, 0x54, 0x4B, 0x2C, 0x20, 0x61, 0x6E, 0x64, 0x20, 0x69, 0x66,
    0x20, 0x69, 0x74, 0x61, 0x74, 0x74, 0x61, 0x63, 0x6B, 0x73, 0x20, 0x61,
    0x20, 0x20, 0x20, 0x20, 0x20, 0x44, 0x65, 0x66, 0x65, 0x6E, 0x73, 0x65,
    0x20, 0x20, 0x20, 0x20, 0x20, 0x5E, 0x50, 0x6F, 0x73, 0x69, 0x74, 0x69,
    0x6F, 0x6E, 0x20, 0x20, 0x20, 0x20, 0x6D, 0x6F, 0x6E, 0x73, 0x74, 0x65,
    0x72, 0x2C, 0x20, 0x20, 0x20, 0x20, 0x20, 0x20, 0x69, 0x6E, 0x66, 0x6C,
    0x69, 0x63, 0x74, 0x20, 0x20, 0x20, 0x20, 0x20, 0x20, 0x20, 0x70, 0x69,
    0x65, 0x72, 0x63, 0x69, 0x6E, 0x67, 0x20, 0x20, 0x20, 0x20, 0x20, 0x20,
    0x62, 0x61, 0x74, 0x74, 0x6C, 0x65, 0x20, 0x20, 0x20, 0x20, 0x20, 0x20,
    0x5E, 0x64, 0x61, 0x6D, 0x61, 0x67, 0x65, 0x20, 0x74, 0x6F, 0x20, 0x20,
    0x20, 0x79, 0x6F, 0x75, 0x72, 0x20, 0x6F, 0x70, 0x70, 0x6F, 0x6E, 0x65,
    0x6E, 0x74, 0x2E, 0x5E, 0x00,
};

const u8 gDescription_EEmergencyCall[] APPEND_TEXT = {
    0x20, 0x20, 0x5E, 0x32, 0x41, 0x64, 0x64, 0x20, 0x31, 0x20, 0x20, 0x20,
    0x20, 0x20, 0x20, 0x20, 0x45, 0x6C, 0x65, 0x6D, 0x65, 0x6E, 0x74, 0x61,
    0x6C, 0x20, 0x48, 0x45, 0x52, 0x4F, 0x6D, 0x6F, 0x6E, 0x73, 0x74, 0x65,
    0x72, 0x20, 0x66, 0x72, 0x6F, 0x6D, 0x20, 0x20, 0x79, 0x6F, 0x75, 0x72,
    0x20, 0x44, 0x65, 0x63, 0x6B, 0x20, 0x74, 0x6F, 0x20, 0x20, 0x79, 0x6F,
    0x75, 0x72, 0x20, 0x68, 0x61, 0x6E, 0x64, 0x2E, 0x20, 0x20, 0x5E, 0x5E,
    0x00,
};

const u8 gDescription_ElementalHeroIceEdge[] APPEND_TEXT = {
    0x20, 0x20, 0x5E, 0x36, 0x57, 0x68, 0x65, 0x6E, 0x20, 0x74, 0x68, 0x69,
    0x73, 0x20, 0x20, 0x20, 0x63, 0x61, 0x72, 0x64, 0x20, 0x69, 0x6E, 0x66,
    0x6C, 0x69, 0x63, 0x74, 0x73, 0x20, 0x62, 0x61, 0x74, 0x74, 0x6C, 0x65,
    0x20, 0x64, 0x61, 0x6D, 0x61, 0x67, 0x65, 0x20, 0x74, 0x6F, 0x20, 0x79,
    0x6F, 0x75, 0x72, 0x20, 0x20, 0x20, 0x20, 0x20, 0x20, 0x20, 0x6F, 0x70,
    0x70, 0x6F, 0x6E, 0x65, 0x6E, 0x74, 0x20, 0x62, 0x79, 0x20, 0x5E, 0x61,
    0x20, 0x64, 0x69, 0x72, 0x65, 0x63, 0x74, 0x20, 0x20, 0x20, 0x20, 0x61,
    0x74, 0x74, 0x61, 0x63, 0x6B, 0x3A, 0x20, 0x59, 0x6F, 0x75, 0x20, 0x20,
    0x20, 0x63, 0x61, 0x6E, 0x20, 0x74, 0x61, 0x72, 0x67, 0x65, 0x74, 0x20,
    0x31, 0x20, 0x20, 0x53, 0x65, 0x74, 0x20, 0x63, 0x61, 0x72, 0x64, 0x20,
    0x69, 0x6E, 0x20, 0x20, 0x20, 0x79, 0x6F, 0x75, 0x72, 0x20, 0x20, 0x20,
    0x20, 0x20, 0x20, 0x20, 0x20, 0x5E, 0x6F, 0x70, 0x70, 0x6F, 0x6E, 0x65,
    0x6E, 0x74, 0x27, 0x73, 0x20, 0x20, 0x53, 0x70, 0x65, 0x6C, 0x6C, 0x20,
    0x26, 0x20, 0x54, 0x72, 0x61, 0x70, 0x20, 0x20, 0x43, 0x61, 0x72, 0x64,
    0x20, 0x5A, 0x6F, 0x6E, 0x65, 0x3B, 0x20, 0x20, 0x20, 0x20, 0x64, 0x65,
    0x73, 0x74, 0x72, 0x6F, 0x79, 0x20, 0x74, 0x68, 0x61, 0x74, 0x20, 0x20,
    0x74, 0x61, 0x72, 0x67, 0x65, 0x74, 0x2E, 0x20, 0x4F, 0x6E, 0x63, 0x65,
    0x5E, 0x70, 0x65, 0x72, 0x20, 0x74, 0x75, 0x72, 0x6E, 0x2C, 0x20, 0x20,
    0x20, 0x64, 0x75, 0x72, 0x69, 0x6E, 0x67, 0x20, 0x79, 0x6F, 0x75, 0x72,
    0x20, 0x20, 0x20, 0x4D, 0x61, 0x69, 0x6E, 0x20, 0x50, 0x68, 0x61, 0x73,
    0x65, 0x20, 0x31, 0x3A, 0x20, 0x59, 0x6F, 0x75, 0x20, 0x63, 0x61, 0x6E,
    0x20, 0x20, 0x20, 0x20, 0x20, 0x20, 0x20, 0x64, 0x69, 0x73, 0x63, 0x61,
    0x72, 0x64, 0x20, 0x31, 0x20, 0x20, 0x20, 0x5E, 0x63, 0x61, 0x72, 0x64,
    0x3B, 0x20, 0x74, 0x68, 0x69, 0x73, 0x20, 0x20, 0x63, 0x61, 0x72, 0x64,
    0x20, 0x63, 0x61, 0x6E, 0x20, 0x20, 0x20, 0x20, 0x20, 0x20, 0x61, 0x74,
    0x74, 0x61, 0x63, 0x6B, 0x20, 0x79, 0x6F, 0x75, 0x72, 0x20, 0x20, 0x20,
    0x6F, 0x70, 0x70, 0x6F, 0x6E, 0x65, 0x6E, 0x74, 0x20, 0x20, 0x20, 0x20,
    0x20, 0x20, 0x64, 0x69, 0x72, 0x65, 0x63, 0x74, 0x6C, 0x79, 0x20, 0x20,
    0x20, 0x20, 0x5E, 0x74, 0x68, 0x69, 0x73, 0x20, 0x74, 0x75, 0x72, 0x6E,
    0x2E, 0x20, 0x20, 0x5E, 0x00,
};

const u8 gDescription_ElementalHeroBlazeman[] APPEND_TEXT = {
    0x20, 0x20, 0x5E, 0x32, 0x49, 0x66, 0x20, 0x74, 0x68, 0x69, 0x73, 0x20,
    0x63, 0x61, 0x72, 0x64, 0x20, 0x69, 0x73, 0x20, 0x4E, 0x6F, 0x72, 0x6D,
    0x61, 0x6C, 0x20, 0x6F, 0x72, 0x20, 0x53, 0x70, 0x65, 0x63, 0x69, 0x61,
    0x6C, 0x20, 0x53, 0x75, 0x6D, 0x6D, 0x6F, 0x6E, 0x65, 0x64, 0x3A, 0x20,
    0x59, 0x6F, 0x75, 0x20, 0x63, 0x61, 0x6E, 0x20, 0x61, 0x64, 0x64, 0x20,
    0x31, 0x20, 0x50, 0x6F, 0x6C, 0x79, 0x6D, 0x65, 0x72, 0x69, 0x7A, 0x61,
    0x74, 0x69, 0x6F, 0x6E, 0x20, 0x66, 0x72, 0x6F, 0x6D, 0x20, 0x79, 0x6F,
    0x75, 0x72, 0x20, 0x44, 0x65, 0x63, 0x6B, 0x20, 0x74, 0x6F, 0x20, 0x79,
    0x6F, 0x75, 0x72, 0x20, 0x68, 0x61, 0x6E, 0x64, 0x2E, 0x20, 0x44, 0x75,
    0x72, 0x69, 0x6E, 0x67, 0x20, 0x79, 0x6F, 0x75, 0x72, 0x20, 0x4D, 0x61,
    0x69, 0x6E, 0x20, 0x50, 0x68, 0x61, 0x73, 0x65, 0x3A, 0x20, 0x59, 0x6F,
    0x75, 0x20, 0x63, 0x61, 0x6E, 0x20, 0x61, 0x63, 0x74, 0x69, 0x76, 0x61,
    0x74, 0x65, 0x20, 0x74, 0x68, 0x69, 0x73, 0x20, 0x65, 0x66, 0x66, 0x65,
    0x63, 0x74, 0x3B, 0x20, 0x79, 0x6F, 0x75, 0x20, 0x63, 0x61, 0x6E, 0x6E,
    0x6F, 0x74, 0x20, 0x53, 0x70, 0x65, 0x63, 0x69, 0x61, 0x6C, 0x20, 0x53,
    0x75, 0x6D, 0x6D, 0x6F, 0x6E, 0x20, 0x6D, 0x6F, 0x6E, 0x73, 0x74, 0x65,
    0x72, 0x73, 0x20, 0x66, 0x6F, 0x72, 0x20, 0x74, 0x68, 0x65, 0x20, 0x72,
    0x65, 0x73, 0x74, 0x20, 0x6F, 0x66, 0x20, 0x74, 0x68, 0x69, 0x73, 0x20,
    0x74, 0x75, 0x72, 0x6E, 0x2C, 0x20, 0x65, 0x78, 0x63, 0x65, 0x70, 0x74,
    0x20, 0x46, 0x75, 0x73, 0x69, 0x6F, 0x6E, 0x20, 0x4D, 0x6F, 0x6E, 0x73,
    0x74, 0x65, 0x72, 0x73, 0x2C, 0x20, 0x61, 0x6C, 0x73, 0x6F, 0x20, 0x73,
    0x65, 0x6E, 0x64, 0x20, 0x31, 0x20, 0x45, 0x6C, 0x65, 0x6D, 0x65, 0x6E,
    0x74, 0x61, 0x6C, 0x20, 0x48, 0x45, 0x52, 0x4F, 0x20, 0x6D, 0x6F, 0x6E,
    0x73, 0x74, 0x65, 0x72, 0x20, 0x66, 0x72, 0x6F, 0x6D, 0x20, 0x79, 0x6F,
    0x75, 0x72, 0x20, 0x44, 0x65, 0x63, 0x6B, 0x20, 0x74, 0x6F, 0x20, 0x74,
    0x68, 0x65, 0x20, 0x47, 0x59, 0x2C, 0x20, 0x65, 0x78, 0x63, 0x65, 0x70,
    0x74, 0x20, 0x45, 0x6C, 0x65, 0x6D, 0x65, 0x6E, 0x74, 0x61, 0x6C, 0x20,
    0x48, 0x45, 0x52, 0x4F, 0x20, 0x42, 0x6C, 0x61, 0x7A, 0x65, 0x6D, 0x61,
    0x6E, 0x2C, 0x20, 0x61, 0x6E, 0x64, 0x20, 0x69, 0x66, 0x20, 0x79, 0x6F,
    0x75, 0x20, 0x64, 0x6F, 0x2C, 0x20, 0x74, 0x68, 0x69, 0x73, 0x20, 0x63,
    0x61, 0x72, 0x64, 0x27, 0x73, 0x20, 0x41, 0x74, 0x74, 0x72, 0x69, 0x62,
    0x75, 0x74, 0x65, 0x20, 0x61, 0x6E, 0x64, 0x20, 0x41, 0x54, 0x4B, 0x2F,
    0x44, 0x45, 0x46, 0x20, 0x62, 0x65, 0x63, 0x6F, 0x6D, 0x65, 0x20, 0x74,
    0x68, 0x65, 0x20, 0x73, 0x61, 0x6D, 0x65, 0x20, 0x61, 0x73, 0x20, 0x74,
    0x68, 0x65, 0x20, 0x6D, 0x6F, 0x6E, 0x73, 0x74, 0x65, 0x72, 0x20, 0x73,
    0x65, 0x6E, 0x74, 0x20, 0x74, 0x6F, 0x20, 0x74, 0x68, 0x65, 0x20, 0x47,
    0x59, 0x2C, 0x20, 0x75, 0x6E, 0x74, 0x69, 0x6C, 0x20, 0x74, 0x68, 0x65,
    0x20, 0x65, 0x6E, 0x64, 0x20, 0x6F, 0x66, 0x20, 0x74, 0x68, 0x69, 0x73,
    0x20, 0x74, 0x75, 0x72, 0x6E, 0x2E, 0x20, 0x59, 0x6F, 0x75, 0x20, 0x63,
    0x61, 0x6E, 0x20, 0x6F, 0x6E, 0x6C, 0x79, 0x20, 0x75, 0x73, 0x65, 0x20,
    0x31, 0x20, 0x45, 0x6C, 0x65, 0x6D, 0x65, 0x6E, 0x74, 0x61, 0x6C, 0x20,
    0x48, 0x45, 0x52, 0x4F, 0x20, 0x42, 0x6C, 0x61, 0x7A, 0x65, 0x6D, 0x61,
    0x6E, 0x20, 0x65, 0x66, 0x66, 0x65, 0x63, 0x74, 0x20, 0x70, 0x65, 0x72,
    0x20, 0x74, 0x75, 0x72, 0x6E, 0x2C, 0x20, 0x61, 0x6E, 0x64, 0x20, 0x6F,
    0x6E, 0x6C, 0x79, 0x20, 0x6F, 0x6E, 0x63, 0x65, 0x20, 0x74, 0x68, 0x61,
    0x74, 0x20, 0x74, 0x75, 0x72, 0x6E, 0x2E, 0x5E, 0x5E, 0x00,
};

const u8 gDescription_ElementalHeroStratos[] APPEND_TEXT = {
    0x20, 0x20, 0x5E, 0x34, 0x57, 0x68, 0x65, 0x6E, 0x20, 0x74, 0x68, 0x69,
    0x73, 0x20, 0x20, 0x20, 0x63, 0x61, 0x72, 0x64, 0x20, 0x69, 0x73, 0x20,
    0x4E, 0x6F, 0x72, 0x6D, 0x61, 0x6C, 0x6F, 0x72, 0x20, 0x53, 0x70, 0x65,
    0x63, 0x69, 0x61, 0x6C, 0x20, 0x20, 0x20, 0x20, 0x53, 0x75, 0x6D, 0x6D,
    0x6F, 0x6E, 0x65, 0x64, 0x3A, 0x20, 0x59, 0x6F, 0x75, 0x20, 0x63, 0x61,
    0x6E, 0x20, 0x61, 0x63, 0x74, 0x69, 0x76, 0x61, 0x74, 0x65, 0x5E, 0x31,
    0x20, 0x6F, 0x66, 0x20, 0x74, 0x68, 0x65, 0x73, 0x65, 0x20, 0x20, 0x65,
    0x66, 0x66, 0x65, 0x63, 0x74, 0x73, 0x2E, 0x20, 0x20, 0x20, 0x20, 0x20,
    0x20, 0x44, 0x65, 0x73, 0x74, 0x72, 0x6F, 0x79, 0x20, 0x20, 0x20, 0x20,
    0x20, 0x20, 0x20, 0x53, 0x70, 0x65, 0x6C, 0x6C, 0x73, 0x2F, 0x54, 0x72,
    0x61, 0x70, 0x73, 0x20, 0x20, 0x6F, 0x6E, 0x20, 0x74, 0x68, 0x65, 0x20,
    0x20, 0x20, 0x20, 0x20, 0x20, 0x5E, 0x66, 0x69, 0x65, 0x6C, 0x64, 0x2C,
    0x20, 0x75, 0x70, 0x20, 0x74, 0x6F, 0x74, 0x68, 0x65, 0x20, 0x6E, 0x75,
    0x6D, 0x62, 0x65, 0x72, 0x20, 0x6F, 0x66, 0x20, 0x48, 0x45, 0x52, 0x4F,
    0x20, 0x6D, 0x6F, 0x6E, 0x73, 0x74, 0x65, 0x72, 0x73, 0x20, 0x79, 0x6F,
    0x75, 0x20, 0x63, 0x6F, 0x6E, 0x74, 0x72, 0x6F, 0x6C, 0x2C, 0x20, 0x20,
    0x65, 0x78, 0x63, 0x65, 0x70, 0x74, 0x20, 0x74, 0x68, 0x69, 0x73, 0x20,
    0x5E, 0x63, 0x61, 0x72, 0x64, 0x2E, 0x20, 0x41, 0x64, 0x64, 0x20, 0x31,
    0x20, 0x48, 0x45, 0x52, 0x4F, 0x20, 0x6D, 0x6F, 0x6E, 0x73, 0x74, 0x65,
    0x72, 0x20, 0x20, 0x66, 0x72, 0x6F, 0x6D, 0x20, 0x79, 0x6F, 0x75, 0x72,
    0x20, 0x44, 0x65, 0x63, 0x6B, 0x74, 0x6F, 0x20, 0x79, 0x6F, 0x75, 0x72,
    0x20, 0x68, 0x61, 0x6E, 0x64, 0x2E, 0x20, 0x5E, 0x00,
};

const u8 gDescription_ChimeratechOverdragon[] APPEND_TEXT = {
    0x20, 0x20, 0x5E, 0x38, 0x43, 0x79, 0x62, 0x65, 0x72, 0x20, 0x44, 0x72,
    0x61, 0x67, 0x6F, 0x6E, 0x2B, 0x20, 0x31, 0x2B, 0x20, 0x4D, 0x61, 0x63,
    0x68, 0x69, 0x6E, 0x65, 0x20, 0x20, 0x6D, 0x6F, 0x6E, 0x73, 0x74, 0x65,
    0x72, 0x73, 0x20, 0x4D, 0x75, 0x73, 0x74, 0x20, 0x62, 0x65, 0x20, 0x46,
    0x75, 0x73, 0x69, 0x6F, 0x6E, 0x20, 0x20, 0x20, 0x20, 0x20, 0x53, 0x75,
    0x6D, 0x6D, 0x6F, 0x6E, 0x65, 0x64, 0x2E, 0x20, 0x49, 0x66, 0x5E, 0x74,
    0x68, 0x69, 0x73, 0x20, 0x63, 0x61, 0x72, 0x64, 0x20, 0x69, 0x73, 0x46,
    0x75, 0x73, 0x69, 0x6F, 0x6E, 0x20, 0x20, 0x20, 0x20, 0x20, 0x20, 0x20,
    0x20, 0x53, 0x75, 0x6D, 0x6D, 0x6F, 0x6E, 0x65, 0x64, 0x3A, 0x20, 0x53,
    0x65, 0x6E, 0x64, 0x61, 0x6C, 0x6C, 0x20, 0x6F, 0x74, 0x68, 0x65, 0x72,
    0x20, 0x20, 0x20, 0x20, 0x20, 0x63, 0x61, 0x72, 0x64, 0x73, 0x20, 0x79,
    0x6F, 0x75, 0x20, 0x20, 0x20, 0x5E, 0x63, 0x6F, 0x6E, 0x74, 0x72, 0x6F,
    0x6C, 0x20, 0x74, 0x6F, 0x20, 0x20, 0x74, 0x68, 0x65, 0x20, 0x47, 0x59,
    0x2E, 0x20, 0x54, 0x68, 0x65, 0x20, 0x20, 0x20, 0x6F, 0x72, 0x69, 0x67,
    0x69, 0x6E, 0x61, 0x6C, 0x20, 0x20, 0x20, 0x20, 0x20, 0x20, 0x41, 0x54,
    0x4B, 0x2F, 0x44, 0x45, 0x46, 0x20, 0x6F, 0x66, 0x20, 0x20, 0x20, 0x20,
    0x74, 0x68, 0x69, 0x73, 0x20, 0x63, 0x61, 0x72, 0x64, 0x20, 0x20, 0x20,
    0x5E, 0x65, 0x61, 0x63, 0x68, 0x20, 0x62, 0x65, 0x63, 0x6F, 0x6D, 0x65,
    0x20, 0x65, 0x71, 0x75, 0x61, 0x6C, 0x20, 0x74, 0x6F, 0x20, 0x74, 0x68,
    0x65, 0x20, 0x20, 0x6E, 0x75, 0x6D, 0x62, 0x65, 0x72, 0x20, 0x6F, 0x66,
    0x20, 0x20, 0x20, 0x20, 0x20, 0x46, 0x75, 0x73, 0x69, 0x6F, 0x6E, 0x20,
    0x20, 0x20, 0x20, 0x20, 0x20, 0x20, 0x20, 0x4D, 0x61, 0x74, 0x65, 0x72,
    0x69, 0x61, 0x6C, 0x73, 0x20, 0x20, 0x20, 0x5E, 0x75, 0x73, 0x65, 0x64,
    0x20, 0x66, 0x6F, 0x72, 0x20, 0x69, 0x74, 0x73, 0x46, 0x75, 0x73, 0x69,
    0x6F, 0x6E, 0x20, 0x53, 0x75, 0x6D, 0x6D, 0x6F, 0x6E, 0x20, 0x78, 0x20,
    0x38, 0x30, 0x30, 0x2E, 0x20, 0x45, 0x61, 0x63, 0x68, 0x20, 0x20, 0x20,
    0x74, 0x75, 0x72, 0x6E, 0x2C, 0x20, 0x74, 0x68, 0x69, 0x73, 0x20, 0x20,
    0x20, 0x20, 0x63, 0x61, 0x72, 0x64, 0x20, 0x63, 0x61, 0x6E, 0x20, 0x20,
    0x20, 0x20, 0x5E, 0x61, 0x74, 0x74, 0x61, 0x63, 0x6B, 0x20, 0x79, 0x6F,
    0x75, 0x72, 0x20, 0x6F, 0x70, 0x70, 0x6F, 0x6E, 0x65, 0x6E, 0x74, 0x27,
    0x73, 0x20, 0x20, 0x20, 0x20, 0x6D, 0x6F, 0x6E, 0x73, 0x74, 0x65, 0x72,
    0x73, 0x20, 0x61, 0x20, 0x20, 0x20, 0x20, 0x6E, 0x75, 0x6D, 0x62, 0x65,
    0x72, 0x20, 0x6F, 0x66, 0x20, 0x20, 0x20, 0x20, 0x20, 0x74, 0x69, 0x6D,
    0x65, 0x73, 0x20, 0x65, 0x71, 0x75, 0x61, 0x6C, 0x20, 0x5E, 0x74, 0x6F,
    0x20, 0x74, 0x68, 0x65, 0x20, 0x20, 0x20, 0x20, 0x20, 0x20, 0x6E, 0x75,
    0x6D, 0x62, 0x65, 0x72, 0x20, 0x6F, 0x66, 0x20, 0x20, 0x20, 0x20, 0x20,
    0x46, 0x75, 0x73, 0x69, 0x6F, 0x6E, 0x20, 0x20, 0x20, 0x20, 0x20, 0x20,
    0x20, 0x20, 0x4D, 0x61, 0x74, 0x65, 0x72, 0x69, 0x61, 0x6C, 0x73, 0x20,
    0x75, 0x73, 0x65, 0x64, 0x66, 0x6F, 0x72, 0x20, 0x69, 0x74, 0x73, 0x20,
    0x20, 0x20, 0x20, 0x20, 0x5E, 0x46, 0x75, 0x73, 0x69, 0x6F, 0x6E, 0x20,
    0x20, 0x20, 0x20, 0x20, 0x20, 0x53, 0x75, 0x6D, 0x6D, 0x6F, 0x6E, 0x2E,
    0x20, 0x20, 0x20, 0x20, 0x20, 0x20, 0x20, 0x5E, 0x00,
};

const u8 gDescription_CyberneticFusionSupport[] APPEND_TEXT = {
    0x20, 0x20, 0x5E, 0x34, 0x50, 0x61, 0x79, 0x20, 0x68, 0x61, 0x6C, 0x66,
    0x20, 0x20, 0x20, 0x20, 0x79, 0x6F, 0x75, 0x72, 0x20, 0x4C, 0x50, 0x3B,
    0x20, 0x6F, 0x6E, 0x63, 0x65, 0x2C, 0x69, 0x66, 0x20, 0x79, 0x6F, 0x75,
    0x20, 0x46, 0x75, 0x73, 0x69, 0x6F, 0x6E, 0x20, 0x53, 0x75, 0x6D, 0x6D,
    0x6F, 0x6E, 0x20, 0x61, 0x20, 0x20, 0x20, 0x20, 0x20, 0x20, 0x4D, 0x61,
    0x63, 0x68, 0x69, 0x6E, 0x65, 0x20, 0x20, 0x20, 0x20, 0x20, 0x5E, 0x46,
    0x75, 0x73, 0x69, 0x6F, 0x6E, 0x20, 0x20, 0x20, 0x20, 0x20, 0x20, 0x4D,
    0x6F, 0x6E, 0x73, 0x74, 0x65, 0x72, 0x20, 0x74, 0x68, 0x69, 0x73, 0x20,
    0x20, 0x74, 0x75, 0x72, 0x6E, 0x2C, 0x20, 0x79, 0x6F, 0x75, 0x20, 0x63,
    0x61, 0x6E, 0x20, 0x62, 0x61, 0x6E, 0x69, 0x73, 0x68, 0x20, 0x20, 0x20,
    0x20, 0x20, 0x20, 0x20, 0x20, 0x6D, 0x6F, 0x6E, 0x73, 0x74, 0x65, 0x72,
    0x73, 0x20, 0x20, 0x20, 0x20, 0x5E, 0x66, 0x72, 0x6F, 0x6D, 0x20, 0x79,
    0x6F, 0x75, 0x72, 0x20, 0x20, 0x20, 0x68, 0x61, 0x6E, 0x64, 0x2C, 0x20,
    0x66, 0x69, 0x65, 0x6C, 0x64, 0x2C, 0x20, 0x20, 0x61, 0x6E, 0x64, 0x2F,
    0x6F, 0x72, 0x20, 0x47, 0x59, 0x20, 0x61, 0x73, 0x20, 0x20, 0x74, 0x68,
    0x65, 0x20, 0x46, 0x75, 0x73, 0x69, 0x6F, 0x6E, 0x20, 0x20, 0x20, 0x20,
    0x4D, 0x61, 0x74, 0x65, 0x72, 0x69, 0x61, 0x6C, 0x73, 0x2E, 0x20, 0x20,
    0x5E, 0x59, 0x6F, 0x75, 0x20, 0x63, 0x61, 0x6E, 0x20, 0x6F, 0x6E, 0x6C,
    0x79, 0x61, 0x63, 0x74, 0x69, 0x76, 0x61, 0x74, 0x65, 0x20, 0x31, 0x20,
    0x20, 0x20, 0x20, 0x43, 0x79, 0x62, 0x65, 0x72, 0x6E, 0x65, 0x74, 0x69,
    0x63, 0x20, 0x20, 0x20, 0x20, 0x46, 0x75, 0x73, 0x69, 0x6F, 0x6E, 0x20,
    0x53, 0x75, 0x70, 0x70, 0x6F, 0x72, 0x74, 0x70, 0x65, 0x72, 0x20, 0x74,
    0x75, 0x72, 0x6E, 0x2E, 0x20, 0x20, 0x20, 0x5E, 0x00,
};

const u8 gDescription_OverloadFusion[] APPEND_TEXT = {
    0x20, 0x20, 0x5E, 0x33, 0x46, 0x75, 0x73, 0x69, 0x6F, 0x6E, 0x20, 0x20,
    0x20, 0x20, 0x20, 0x20, 0x53, 0x75, 0x6D, 0x6D, 0x6F, 0x6E, 0x20, 0x31,
    0x20, 0x44, 0x41, 0x52, 0x4B, 0x20, 0x4D, 0x61, 0x63, 0x68, 0x69, 0x6E,
    0x65, 0x20, 0x46, 0x75, 0x73, 0x69, 0x6F, 0x6E, 0x4D, 0x6F, 0x6E, 0x73,
    0x74, 0x65, 0x72, 0x20, 0x66, 0x72, 0x6F, 0x6D, 0x20, 0x20, 0x79, 0x6F,
    0x75, 0x72, 0x20, 0x45, 0x78, 0x74, 0x72, 0x61, 0x20, 0x20, 0x5E, 0x44,
    0x65, 0x63, 0x6B, 0x2C, 0x20, 0x62, 0x79, 0x20, 0x20, 0x20, 0x20, 0x62,
    0x61, 0x6E, 0x69, 0x73, 0x68, 0x69, 0x6E, 0x67, 0x20, 0x20, 0x20, 0x20,
    0x20, 0x46, 0x75, 0x73, 0x69, 0x6F, 0x6E, 0x20, 0x20, 0x20, 0x20, 0x20,
    0x20, 0x20, 0x20, 0x4D, 0x61, 0x74, 0x65, 0x72, 0x69, 0x61, 0x6C, 0x73,
    0x20, 0x20, 0x20, 0x20, 0x20, 0x6C, 0x69, 0x73, 0x74, 0x65, 0x64, 0x20,
    0x6F, 0x6E, 0x20, 0x69, 0x74, 0x5E, 0x66, 0x72, 0x6F, 0x6D, 0x20, 0x79,
    0x6F, 0x75, 0x72, 0x20, 0x20, 0x20, 0x66, 0x69, 0x65, 0x6C, 0x64, 0x20,
    0x6F, 0x72, 0x20, 0x47, 0x59, 0x2E, 0x20, 0x20, 0x5E, 0x00,
};

const u8 gDescription_PowerBond[] APPEND_TEXT = {
    0x20, 0x20, 0x5E, 0x36, 0x46, 0x75, 0x73, 0x69, 0x6F, 0x6E, 0x20, 0x20,
    0x20, 0x20, 0x20, 0x20, 0x53, 0x75, 0x6D, 0x6D, 0x6F, 0x6E, 0x20, 0x31,
    0x20, 0x20, 0x20, 0x20, 0x20, 0x20, 0x4D, 0x61, 0x63, 0x68, 0x69, 0x6E,
    0x65, 0x20, 0x46, 0x75, 0x73, 0x69, 0x6F, 0x6E, 0x4D, 0x6F, 0x6E, 0x73,
    0x74, 0x65, 0x72, 0x20, 0x66, 0x72, 0x6F, 0x6D, 0x20, 0x20, 0x79, 0x6F,
    0x75, 0x72, 0x20, 0x45, 0x78, 0x74, 0x72, 0x61, 0x20, 0x20, 0x5E, 0x44,
    0x65, 0x63, 0x6B, 0x2C, 0x20, 0x75, 0x73, 0x69, 0x6E, 0x67, 0x20, 0x6D,
    0x6F, 0x6E, 0x73, 0x74, 0x65, 0x72, 0x73, 0x20, 0x66, 0x72, 0x6F, 0x6D,
    0x20, 0x79, 0x6F, 0x75, 0x72, 0x20, 0x68, 0x61, 0x6E, 0x64, 0x20, 0x6F,
    0x72, 0x20, 0x20, 0x66, 0x69, 0x65, 0x6C, 0x64, 0x20, 0x61, 0x73, 0x20,
    0x20, 0x20, 0x20, 0x20, 0x20, 0x46, 0x75, 0x73, 0x69, 0x6F, 0x6E, 0x20,
    0x20, 0x20, 0x20, 0x20, 0x20, 0x5E, 0x4D, 0x61, 0x74, 0x65, 0x72, 0x69,
    0x61, 0x6C, 0x2C, 0x20, 0x20, 0x20, 0x61, 0x6E, 0x64, 0x20, 0x69, 0x74,
    0x20, 0x67, 0x61, 0x69, 0x6E, 0x73, 0x20, 0x20, 0x41, 0x54, 0x4B, 0x20,
    0x65, 0x71, 0x75, 0x61, 0x6C, 0x20, 0x74, 0x6F, 0x20, 0x20, 0x69, 0x74,
    0x73, 0x20, 0x6F, 0x72, 0x69, 0x67, 0x69, 0x6E, 0x61, 0x6C, 0x20, 0x20,
    0x41, 0x54, 0x4B, 0x2E, 0x20, 0x44, 0x75, 0x72, 0x69, 0x6E, 0x67, 0x20,
    0x5E, 0x74, 0x68, 0x65, 0x20, 0x45, 0x6E, 0x64, 0x20, 0x20, 0x20, 0x20,
    0x20, 0x50, 0x68, 0x61, 0x73, 0x65, 0x20, 0x6F, 0x66, 0x20, 0x74, 0x68,
    0x65, 0x20, 0x20, 0x74, 0x75, 0x72, 0x6E, 0x20, 0x74, 0x68, 0x69, 0x73,
    0x20, 0x63, 0x61, 0x72, 0x64, 0x69, 0x73, 0x20, 0x61, 0x63, 0x74, 0x69,
    0x76, 0x61, 0x74, 0x65, 0x64, 0x2C, 0x20, 0x79, 0x6F, 0x75, 0x20, 0x74,
    0x61, 0x6B, 0x65, 0x20, 0x20, 0x20, 0x20, 0x5E, 0x64, 0x61, 0x6D, 0x61,
    0x67, 0x65, 0x20, 0x65, 0x71, 0x75, 0x61, 0x6C, 0x74, 0x6F, 0x20, 0x74,
    0x68, 0x65, 0x20, 0x61, 0x6D, 0x6F, 0x75, 0x6E, 0x74, 0x20, 0x6F, 0x66,
    0x20, 0x41, 0x54, 0x4B, 0x20, 0x67, 0x61, 0x69, 0x6E, 0x65, 0x64, 0x20,
    0x66, 0x72, 0x6F, 0x6D, 0x20, 0x74, 0x68, 0x69, 0x73, 0x20, 0x20, 0x20,
    0x20, 0x20, 0x65, 0x66, 0x66, 0x65, 0x63, 0x74, 0x20, 0x61, 0x74, 0x20,
    0x20, 0x20, 0x5E, 0x74, 0x68, 0x65, 0x20, 0x74, 0x69, 0x6D, 0x65, 0x20,
    0x6F, 0x66, 0x20, 0x74, 0x68, 0x65, 0x20, 0x53, 0x75, 0x6D, 0x6D, 0x6F,
    0x6E, 0x2E, 0x20, 0x20, 0x20, 0x5E, 0x00,
};

const u8 gDescription_DivineSanctuary[] APPEND_TEXT = {
    0x20, 0x20, 0x5E, 0x32, 0x42, 0x61, 0x74, 0x74, 0x6C, 0x65, 0x20, 0x20,
    0x20, 0x20, 0x20, 0x20, 0x64, 0x61, 0x6D, 0x61, 0x67, 0x65, 0x20, 0x74,
    0x6F, 0x20, 0x74, 0x68, 0x65, 0x20, 0x63, 0x6F, 0x6E, 0x74, 0x72, 0x6F,
    0x6C, 0x6C, 0x65, 0x72, 0x20, 0x6F, 0x66, 0x20, 0x61, 0x20, 0x46, 0x61,
    0x69, 0x72, 0x79, 0x20, 0x20, 0x20, 0x20, 0x20, 0x20, 0x20, 0x6D, 0x6F,
    0x6E, 0x73, 0x74, 0x65, 0x72, 0x20, 0x66, 0x72, 0x6F, 0x6D, 0x5E, 0x61,
    0x20, 0x62, 0x61, 0x74, 0x74, 0x6C, 0x65, 0x20, 0x20, 0x20, 0x20, 0x69,
    0x6E, 0x76, 0x6F, 0x6C, 0x76, 0x69, 0x6E, 0x67, 0x20, 0x74, 0x68, 0x61,
    0x74, 0x6D, 0x6F, 0x6E, 0x73, 0x74, 0x65, 0x72, 0x20, 0x20, 0x20, 0x20,
    0x20, 0x20, 0x20, 0x62, 0x65, 0x63, 0x6F, 0x6D, 0x65, 0x73, 0x20, 0x30,
    0x2E, 0x20, 0x20, 0x20, 0x20, 0x5E, 0x00,
};

const u8 gDescription_Yubel[] APPEND_TEXT = {
    0x20, 0x20, 0x5E, 0x39, 0x54, 0x68, 0x69, 0x73, 0x20, 0x63, 0x61, 0x72,
    0x64, 0x20, 0x20, 0x20, 0x63, 0x61, 0x6E, 0x6E, 0x6F, 0x74, 0x20, 0x62,
    0x65, 0x20, 0x20, 0x20, 0x20, 0x20, 0x64, 0x65, 0x73, 0x74, 0x72, 0x6F,
    0x79, 0x65, 0x64, 0x20, 0x62, 0x79, 0x20, 0x20, 0x62, 0x61, 0x74, 0x74,
    0x6C, 0x65, 0x2E, 0x20, 0x59, 0x6F, 0x75, 0x20, 0x20, 0x20, 0x74, 0x61,
    0x6B, 0x65, 0x20, 0x6E, 0x6F, 0x20, 0x20, 0x20, 0x20, 0x20, 0x5E, 0x42,
    0x61, 0x74, 0x74, 0x6C, 0x65, 0x20, 0x20, 0x20, 0x20, 0x20, 0x20, 0x44,
    0x61, 0x6D, 0x61, 0x67, 0x65, 0x20, 0x66, 0x72, 0x6F, 0x6D, 0x20, 0x20,
    0x20, 0x62, 0x61, 0x74, 0x74, 0x6C, 0x65, 0x73, 0x20, 0x20, 0x20, 0x20,
    0x20, 0x20, 0x20, 0x69, 0x6E, 0x76, 0x6F, 0x6C, 0x76, 0x69, 0x6E, 0x67,
    0x20, 0x74, 0x68, 0x69, 0x73, 0x63, 0x61, 0x72, 0x64, 0x2E, 0x20, 0x42,
    0x65, 0x66, 0x6F, 0x72, 0x65, 0x5E, 0x64, 0x61, 0x6D, 0x61, 0x67, 0x65,
    0x20, 0x20, 0x20, 0x20, 0x20, 0x20, 0x63, 0x61, 0x6C, 0x63, 0x75, 0x6C,
    0x61, 0x74, 0x69, 0x6F, 0x6E, 0x2C, 0x20, 0x20, 0x77, 0x68, 0x65, 0x6E,
    0x20, 0x74, 0x68, 0x69, 0x73, 0x20, 0x20, 0x20, 0x20, 0x20, 0x66, 0x61,
    0x63, 0x65, 0x2D, 0x75, 0x70, 0x20, 0x41, 0x74, 0x74, 0x61, 0x63, 0x6B,
    0x50, 0x6F, 0x73, 0x69, 0x74, 0x69, 0x6F, 0x6E, 0x20, 0x20, 0x20, 0x20,
    0x5E, 0x63, 0x61, 0x72, 0x64, 0x20, 0x69, 0x73, 0x20, 0x20, 0x20, 0x20,
    0x20, 0x61, 0x74, 0x74, 0x61, 0x63, 0x6B, 0x65, 0x64, 0x20, 0x62, 0x79,
    0x20, 0x61, 0x6E, 0x6F, 0x70, 0x70, 0x6F, 0x6E, 0x65, 0x6E, 0x74, 0x27,
    0x73, 0x20, 0x20, 0x20, 0x20, 0x6D, 0x6F, 0x6E, 0x73, 0x74, 0x65, 0x72,
    0x3A, 0x20, 0x20, 0x20, 0x20, 0x20, 0x20, 0x49, 0x6E, 0x66, 0x6C, 0x69,
    0x63, 0x74, 0x20, 0x20, 0x20, 0x20, 0x20, 0x5E, 0x64, 0x61, 0x6D, 0x61,
    0x67, 0x65, 0x20, 0x74, 0x6F, 0x20, 0x20, 0x20, 0x79, 0x6F, 0x75, 0x72,
    0x20, 0x6F, 0x70, 0x70, 0x6F, 0x6E, 0x65, 0x6E, 0x74, 0x20, 0x65, 0x71,
    0x75, 0x61, 0x6C, 0x20, 0x74, 0x6F, 0x20, 0x74, 0x68, 0x61, 0x74, 0x20,
    0x6D, 0x6F, 0x6E, 0x73, 0x74, 0x65, 0x72, 0x27, 0x73, 0x20, 0x41, 0x54,
    0x4B, 0x2E, 0x44, 0x75, 0x72, 0x69, 0x6E, 0x67, 0x20, 0x79, 0x6F, 0x75,
    0x72, 0x20, 0x5E, 0x45, 0x6E, 0x64, 0x20, 0x50, 0x68, 0x61, 0x73, 0x65,
    0x3A, 0x20, 0x20, 0x54, 0x72, 0x69, 0x62, 0x75, 0x74, 0x65, 0x20, 0x31,
    0x20, 0x20, 0x20, 0x20, 0x20, 0x6F, 0x74, 0x68, 0x65, 0x72, 0x20, 0x6D,
    0x6F, 0x6E, 0x73, 0x74, 0x65, 0x72, 0x20, 0x6F, 0x72, 0x20, 0x64, 0x65,
    0x73, 0x74, 0x72, 0x6F, 0x79, 0x20, 0x20, 0x20, 0x20, 0x74, 0x68, 0x69,
    0x73, 0x20, 0x63, 0x61, 0x72, 0x64, 0x2E, 0x20, 0x20, 0x5E, 0x57, 0x68,
    0x65, 0x6E, 0x20, 0x74, 0x68, 0x69, 0x73, 0x20, 0x20, 0x20, 0x63, 0x61,
    0x72, 0x64, 0x20, 0x69, 0x73, 0x20, 0x20, 0x20, 0x20, 0x20, 0x20, 0x20,
    0x64, 0x65, 0x73, 0x74, 0x72, 0x6F, 0x79, 0x65, 0x64, 0x2C, 0x20, 0x20,
    0x20, 0x20, 0x65, 0x78, 0x63, 0x65, 0x70, 0x74, 0x20, 0x62, 0x79, 0x20,
    0x69, 0x74, 0x73, 0x20, 0x6F, 0x77, 0x6E, 0x20, 0x65, 0x66, 0x66, 0x65,
    0x63, 0x74, 0x3A, 0x20, 0x5E, 0x49, 0x74, 0x73, 0x20, 0x6F, 0x77, 0x6E,
    0x65, 0x72, 0x20, 0x20, 0x20, 0x63, 0x61, 0x6E, 0x20, 0x53, 0x70, 0x65,
    0x63, 0x69, 0x61, 0x6C, 0x20, 0x20, 0x20, 0x53, 0x75, 0x6D, 0x6D, 0x6F,
    0x6E, 0x20, 0x31, 0x20, 0x59, 0x75, 0x62, 0x65, 0x6C, 0x2D, 0x20, 0x54,
    0x65, 0x72, 0x72, 0x6F, 0x72, 0x20, 0x20, 0x20, 0x20, 0x20, 0x20, 0x49,
    0x6E, 0x63, 0x61, 0x72, 0x6E, 0x61, 0x74, 0x65, 0x20, 0x20, 0x20, 0x5E,
    0x66, 0x72, 0x6F, 0x6D, 0x20, 0x74, 0x68, 0x65, 0x69, 0x72, 0x20, 0x20,
    0x68, 0x61, 0x6E, 0x64, 0x2C, 0x20, 0x44, 0x65, 0x63, 0x6B, 0x2C, 0x20,
    0x6F, 0x72, 0x47, 0x72, 0x61, 0x76, 0x65, 0x79, 0x61, 0x72, 0x64, 0x2E,
    0x20, 0x20, 0x20, 0x20, 0x5E, 0x00,
};

const u8 gDescription_YubelTerrorIncarnate[] APPEND_TEXT = {
    0x20, 0x20, 0x5E, 0x32, 0x43, 0x61, 0x6E, 0x6E, 0x6F, 0x74, 0x20, 0x62,
    0x65, 0x20, 0x4E, 0x6F, 0x72, 0x6D, 0x61, 0x6C, 0x20, 0x53, 0x75, 0x6D,
    0x6D, 0x6F, 0x6E, 0x65, 0x64, 0x20, 0x6F, 0x72, 0x20, 0x53, 0x65, 0x74,
    0x2E, 0x20, 0x4D, 0x75, 0x73, 0x74, 0x20, 0x62, 0x65, 0x20, 0x53, 0x70,
    0x65, 0x63, 0x69, 0x61, 0x6C, 0x20, 0x53, 0x75, 0x6D, 0x6D, 0x6F, 0x6E,
    0x65, 0x64, 0x20, 0x62, 0x79, 0x20, 0x59, 0x75, 0x62, 0x65, 0x6C, 0x2C,
    0x20, 0x61, 0x6E, 0x64, 0x20, 0x63, 0x61, 0x6E, 0x6E, 0x6F, 0x74, 0x20,
    0x62, 0x65, 0x20, 0x53, 0x70, 0x65, 0x63, 0x69, 0x61, 0x6C, 0x20, 0x53,
    0x75, 0x6D, 0x6D, 0x6F, 0x6E, 0x65, 0x64, 0x20, 0x62, 0x79, 0x20, 0x6F,
    0x74, 0x68, 0x65, 0x72, 0x20, 0x77, 0x61, 0x79, 0x73, 0x2E, 0x20, 0x54,
    0x68, 0x69, 0x73, 0x20, 0x63, 0x61, 0x72, 0x64, 0x20, 0x63, 0x61, 0x6E,
    0x6E, 0x6F, 0x74, 0x20, 0x62, 0x65, 0x20, 0x64, 0x65, 0x73, 0x74, 0x72,
    0x6F, 0x79, 0x65, 0x64, 0x20, 0x62, 0x79, 0x20, 0x62, 0x61, 0x74, 0x74,
    0x6C, 0x65, 0x2E, 0x20, 0x59, 0x6F, 0x75, 0x20, 0x74, 0x61, 0x6B, 0x65,
    0x20, 0x6E, 0x6F, 0x20, 0x42, 0x61, 0x74, 0x74, 0x6C, 0x65, 0x20, 0x44,
    0x61, 0x6D, 0x61, 0x67, 0x65, 0x20, 0x66, 0x72, 0x6F, 0x6D, 0x20, 0x62,
    0x61, 0x74, 0x74, 0x6C, 0x65, 0x73, 0x20, 0x69, 0x6E, 0x76, 0x6F, 0x6C,
    0x76, 0x69, 0x6E, 0x67, 0x20, 0x74, 0x68, 0x69, 0x73, 0x20, 0x63, 0x61,
    0x72, 0x64, 0x2E, 0x20, 0x42, 0x65, 0x66, 0x6F, 0x72, 0x65, 0x20, 0x64,
    0x61, 0x6D, 0x61, 0x67, 0x65, 0x20, 0x63, 0x61, 0x6C, 0x63, 0x75, 0x6C,
    0x61, 0x74, 0x69, 0x6F, 0x6E, 0x2C, 0x20, 0x77, 0x68, 0x65, 0x6E, 0x20,
    0x74, 0x68, 0x69, 0x73, 0x20, 0x66, 0x61, 0x63, 0x65, 0x2D, 0x75, 0x70,
    0x20, 0x41, 0x74, 0x74, 0x61, 0x63, 0x6B, 0x20, 0x50, 0x6F, 0x73, 0x69,
    0x74, 0x69, 0x6F, 0x6E, 0x20, 0x63, 0x61, 0x72, 0x64, 0x20, 0x69, 0x73,
    0x20, 0x61, 0x74, 0x74, 0x61, 0x63, 0x6B, 0x65, 0x64, 0x20, 0x62, 0x79,
    0x20, 0x61, 0x6E, 0x20, 0x6F, 0x70, 0x70, 0x6F, 0x6E, 0x65, 0x6E, 0x74,
    0x27, 0x73, 0x20, 0x6D, 0x6F, 0x6E, 0x73, 0x74, 0x65, 0x72, 0x3A, 0x20,
    0x49, 0x6E, 0x66, 0x6C, 0x69, 0x63, 0x74, 0x20, 0x64, 0x61, 0x6D, 0x61,
    0x67, 0x65, 0x20, 0x74, 0x6F, 0x20, 0x79, 0x6F, 0x75, 0x72, 0x20, 0x6F,
    0x70, 0x70, 0x6F, 0x6E, 0x65, 0x6E, 0x74, 0x20, 0x65, 0x71, 0x75, 0x61,
    0x6C, 0x20, 0x74, 0x6F, 0x20, 0x74, 0x68, 0x61, 0x74, 0x20, 0x6D, 0x6F,
    0x6E, 0x73, 0x74, 0x65, 0x72, 0x27, 0x73, 0x20, 0x41, 0x54, 0x4B, 0x2E,
    0x20, 0x44, 0x75, 0x72, 0x69, 0x6E, 0x67, 0x20, 0x79, 0x6F, 0x75, 0x72,
    0x20, 0x45, 0x6E, 0x64, 0x20, 0x50, 0x68, 0x61, 0x73, 0x65, 0x3A, 0x20,
    0x44, 0x65, 0x73, 0x74, 0x72, 0x6F, 0x79, 0x20, 0x61, 0x6C, 0x6C, 0x20,
    0x6F, 0x74, 0x68, 0x65, 0x72, 0x20, 0x6D, 0x6F, 0x6E, 0x73, 0x74, 0x65,
    0x72, 0x73, 0x20, 0x6F, 0x6E, 0x20, 0x74, 0x68, 0x65, 0x20, 0x66, 0x69,
    0x65, 0x6C, 0x64, 0x2E, 0x20, 0x57, 0x68, 0x65, 0x6E, 0x20, 0x74, 0x68,
    0x69, 0x73, 0x20, 0x66, 0x61, 0x63, 0x65, 0x2D, 0x75, 0x70, 0x20, 0x63,
    0x61, 0x72, 0x64, 0x20, 0x6C, 0x65, 0x61, 0x76, 0x65, 0x73, 0x20, 0x74,
    0x68, 0x65, 0x20, 0x66, 0x69, 0x65, 0x6C, 0x64, 0x3A, 0x20, 0x59, 0x6F,
    0x75, 0x20, 0x63, 0x61, 0x6E, 0x20, 0x53, 0x70, 0x65, 0x63, 0x69, 0x61,
    0x6C, 0x20, 0x53, 0x75, 0x6D, 0x6D, 0x6F, 0x6E, 0x20, 0x31, 0x20, 0x59,
    0x75, 0x62, 0x65, 0x6C, 0x20, 0x2D, 0x20, 0x54, 0x68, 0x65, 0x20, 0x55,
    0x6C, 0x74, 0x69, 0x6D, 0x61, 0x74, 0x65, 0x20, 0x4E, 0x69, 0x67, 0x68,
    0x74, 0x6D, 0x61, 0x72, 0x65, 0x20, 0x66, 0x72, 0x6F, 0x6D, 0x20, 0x79,
    0x6F, 0x75, 0x72, 0x20, 0x68, 0x61, 0x6E, 0x64, 0x2C, 0x20, 0x44, 0x65,
    0x63, 0x6B, 0x2C, 0x20, 0x6F, 0x72, 0x20, 0x47, 0x72, 0x61, 0x76, 0x65,
    0x79, 0x61, 0x72, 0x64, 0x2E, 0x5E, 0x5E, 0x00,
};

const u8 gDescription_YubelTheUltimateNightmare[] APPEND_TEXT = {
    0x20, 0x20, 0x5E, 0x38, 0x43, 0x61, 0x6E, 0x6E, 0x6F, 0x74, 0x20, 0x62,
    0x65, 0x20, 0x20, 0x20, 0x4E, 0x6F, 0x72, 0x6D, 0x61, 0x6C, 0x20, 0x20,
    0x20, 0x20, 0x20, 0x20, 0x20, 0x20, 0x53, 0x75, 0x6D, 0x6D, 0x6F, 0x6E,
    0x65, 0x64, 0x20, 0x6F, 0x72, 0x20, 0x20, 0x20, 0x53, 0x65, 0x74, 0x2E,
    0x20, 0x4D, 0x75, 0x73, 0x74, 0x20, 0x62, 0x65, 0x20, 0x20, 0x53, 0x70,
    0x65, 0x63, 0x69, 0x61, 0x6C, 0x20, 0x20, 0x20, 0x20, 0x20, 0x5E, 0x53,
    0x75, 0x6D, 0x6D, 0x6F, 0x6E, 0x65, 0x64, 0x20, 0x62, 0x79, 0x20, 0x59,
    0x75, 0x62, 0x65, 0x6C, 0x20, 0x2D, 0x20, 0x54, 0x65, 0x72, 0x72, 0x6F,
    0x72, 0x49, 0x6E, 0x63, 0x61, 0x72, 0x6E, 0x61, 0x74, 0x65, 0x2C, 0x20,
    0x61, 0x6E, 0x64, 0x63, 0x61, 0x6E, 0x6E, 0x6F, 0x74, 0x20, 0x62, 0x65,
    0x20, 0x20, 0x20, 0x20, 0x20, 0x53, 0x70, 0x65, 0x63, 0x69, 0x61, 0x6C,
    0x20, 0x20, 0x20, 0x20, 0x20, 0x5E, 0x53, 0x75, 0x6D, 0x6D, 0x6F, 0x6E,
    0x65, 0x64, 0x20, 0x62, 0x79, 0x20, 0x6F, 0x74, 0x68, 0x65, 0x72, 0x20,
    0x77, 0x61, 0x79, 0x73, 0x2E, 0x20, 0x20, 0x20, 0x54, 0x68, 0x69, 0x73,
    0x20, 0x63, 0x61, 0x72, 0x64, 0x20, 0x20, 0x20, 0x20, 0x20, 0x63, 0x61,
    0x6E, 0x6E, 0x6F, 0x74, 0x20, 0x62, 0x65, 0x20, 0x20, 0x20, 0x20, 0x20,
    0x64, 0x65, 0x73, 0x74, 0x72, 0x6F, 0x79, 0x65, 0x64, 0x20, 0x62, 0x79,
    0x5E, 0x62, 0x61, 0x74, 0x74, 0x6C, 0x65, 0x2E, 0x20, 0x59, 0x6F, 0x75,
    0x20, 0x74, 0x61, 0x6B, 0x65, 0x20, 0x6E, 0x6F, 0x20, 0x42, 0x61, 0x74,
    0x74, 0x6C, 0x65, 0x44, 0x61, 0x6D, 0x61, 0x67, 0x65, 0x20, 0x66, 0x72,
    0x6F, 0x6D, 0x20, 0x20, 0x20, 0x62, 0x61, 0x74, 0x74, 0x6C, 0x65, 0x73,
    0x20, 0x20, 0x20, 0x20, 0x20, 0x20, 0x20, 0x69, 0x6E, 0x76, 0x6F, 0x6C,
    0x76, 0x69, 0x6E, 0x67, 0x20, 0x20, 0x20, 0x5E, 0x74, 0x68, 0x69, 0x73,
    0x20, 0x63, 0x61, 0x72, 0x64, 0x2E, 0x20, 0x20, 0x41, 0x74, 0x20, 0x74,
    0x68, 0x65, 0x20, 0x65, 0x6E, 0x64, 0x20, 0x6F, 0x66, 0x20, 0x74, 0x68,
    0x65, 0x20, 0x44, 0x61, 0x6D, 0x61, 0x67, 0x65, 0x20, 0x20, 0x20, 0x20,
    0x53, 0x74, 0x65, 0x70, 0x2C, 0x20, 0x69, 0x66, 0x20, 0x74, 0x68, 0x69,
    0x73, 0x20, 0x66, 0x61, 0x63, 0x65, 0x2D, 0x75, 0x70, 0x20, 0x20, 0x20,
    0x20, 0x20, 0x5E, 0x41, 0x74, 0x74, 0x61, 0x63, 0x6B, 0x20, 0x20, 0x20,
    0x20, 0x20, 0x20, 0x50, 0x6F, 0x73, 0x69, 0x74, 0x69, 0x6F, 0x6E, 0x20,
    0x63, 0x61, 0x72, 0x64, 0x20, 0x62, 0x61, 0x74, 0x74, 0x6C, 0x65, 0x73,
    0x20, 0x61, 0x6E, 0x20, 0x20, 0x20, 0x20, 0x6F, 0x70, 0x70, 0x6F, 0x6E,
    0x65, 0x6E, 0x74, 0x27, 0x73, 0x20, 0x20, 0x20, 0x20, 0x6D, 0x6F, 0x6E,
    0x73, 0x74, 0x65, 0x72, 0x3A, 0x20, 0x20, 0x20, 0x20, 0x5E, 0x49, 0x6E,
    0x66, 0x6C, 0x69, 0x63, 0x74, 0x20, 0x20, 0x20, 0x20, 0x20, 0x64, 0x61,
    0x6D, 0x61, 0x67, 0x65, 0x20, 0x65, 0x71, 0x75, 0x61, 0x6C, 0x20, 0x20,
    0x74, 0x6F, 0x20, 0x74, 0x68, 0x61, 0x74, 0x20, 0x20, 0x20, 0x20, 0x20,
    0x20, 0x20, 0x6D, 0x6F, 0x6E, 0x73, 0x74, 0x65, 0x72, 0x27, 0x73, 0x20,
    0x41, 0x54, 0x4B, 0x20, 0x74, 0x6F, 0x20, 0x79, 0x6F, 0x75, 0x72, 0x20,
    0x20, 0x20, 0x20, 0x20, 0x5E, 0x6F, 0x70, 0x70, 0x6F, 0x6E, 0x65, 0x6E,
    0x74, 0x2C, 0x20, 0x20, 0x20, 0x61, 0x6C, 0x73, 0x6F, 0x20, 0x64, 0x65,
    0x73, 0x74, 0x72, 0x6F, 0x79, 0x20, 0x20, 0x74, 0x68, 0x61, 0x74, 0x20,
    0x6D, 0x6F, 0x6E, 0x73, 0x74, 0x65, 0x72, 0x2E, 0x20, 0x5E, 0x00,
};

const u8 gDescription_TradeIn[] APPEND_TEXT = {
    0x20, 0x20, 0x5E, 0x32, 0x44, 0x69, 0x73, 0x63, 0x61, 0x72, 0x64, 0x20,
    0x31, 0x20, 0x20, 0x20, 0x4C, 0x65, 0x76, 0x65, 0x6C, 0x20, 0x38, 0x20,
    0x20, 0x20, 0x20, 0x20, 0x20, 0x20, 0x6D, 0x6F, 0x6E, 0x73, 0x74, 0x65,
    0x72, 0x3B, 0x20, 0x64, 0x72, 0x61, 0x77, 0x20, 0x32, 0x20, 0x63, 0x61,
    0x72, 0x64, 0x73, 0x2E, 0x20, 0x20, 0x20, 0x20, 0x20, 0x20, 0x5E, 0x5E,
    0x00,
};

const u8 gDescription_CyberBarrierDragon[] APPEND_TEXT = {
    0x20, 0x20, 0x5E, 0x34, 0x54, 0x68, 0x69, 0x73, 0x20, 0x63, 0x61, 0x72,
    0x64, 0x20, 0x20, 0x20, 0x63, 0x61, 0x6E, 0x6E, 0x6F, 0x74, 0x20, 0x62,
    0x65, 0x20, 0x20, 0x20, 0x20, 0x20, 0x4E, 0x6F, 0x72, 0x6D, 0x61, 0x6C,
    0x20, 0x20, 0x20, 0x20, 0x20, 0x20, 0x20, 0x20, 0x53, 0x75, 0x6D, 0x6D,
    0x6F, 0x6E, 0x65, 0x64, 0x20, 0x6F, 0x72, 0x20, 0x20, 0x20, 0x53, 0x65,
    0x74, 0x2E, 0x20, 0x54, 0x68, 0x69, 0x73, 0x20, 0x20, 0x20, 0x5E, 0x63,
    0x61, 0x72, 0x64, 0x20, 0x63, 0x61, 0x6E, 0x6E, 0x6F, 0x74, 0x20, 0x62,
    0x65, 0x20, 0x53, 0x70, 0x65, 0x63, 0x69, 0x61, 0x6C, 0x20, 0x20, 0x20,
    0x20, 0x53, 0x75, 0x6D, 0x6D, 0x6F, 0x6E, 0x65, 0x64, 0x20, 0x20, 0x20,
    0x20, 0x20, 0x20, 0x65, 0x78, 0x63, 0x65, 0x70, 0x74, 0x20, 0x77, 0x69,
    0x74, 0x68, 0x20, 0x20, 0x20, 0x41, 0x74, 0x74, 0x61, 0x63, 0x6B, 0x20,
    0x20, 0x20, 0x20, 0x20, 0x20, 0x5E, 0x52, 0x65, 0x66, 0x6C, 0x65, 0x63,
    0x74, 0x6F, 0x72, 0x20, 0x20, 0x20, 0x55, 0x6E, 0x69, 0x74, 0x2E, 0x20,
    0x4F, 0x6E, 0x63, 0x65, 0x20, 0x70, 0x65, 0x72, 0x74, 0x75, 0x72, 0x6E,
    0x2C, 0x20, 0x77, 0x68, 0x69, 0x6C, 0x65, 0x20, 0x20, 0x20, 0x74, 0x68,
    0x69, 0x73, 0x20, 0x63, 0x61, 0x72, 0x64, 0x20, 0x69, 0x73, 0x20, 0x20,
    0x69, 0x6E, 0x20, 0x41, 0x74, 0x74, 0x61, 0x63, 0x6B, 0x20, 0x20, 0x20,
    0x5E, 0x50, 0x6F, 0x73, 0x69, 0x74, 0x69, 0x6F, 0x6E, 0x2C, 0x20, 0x20,
    0x20, 0x79, 0x6F, 0x75, 0x72, 0x20, 0x20, 0x20, 0x20, 0x20, 0x20, 0x20,
    0x20, 0x20, 0x20, 0x6F, 0x70, 0x70, 0x6F, 0x6E, 0x65, 0x6E, 0x74, 0x27,
    0x73, 0x20, 0x20, 0x20, 0x20, 0x6E, 0x65, 0x78, 0x74, 0x20, 0x61, 0x74,
    0x74, 0x61, 0x63, 0x6B, 0x20, 0x69, 0x73, 0x6E, 0x65, 0x67, 0x61, 0x74,
    0x65, 0x64, 0x2E, 0x20, 0x20, 0x20, 0x20, 0x5E, 0x00,
};

const u8 gDescription_CyberLaserDragon[] APPEND_TEXT = {
    0x20, 0x20, 0x5E, 0x34, 0x54, 0x68, 0x69, 0x73, 0x20, 0x63, 0x61, 0x72,
    0x64, 0x20, 0x20, 0x20, 0x63, 0x61, 0x6E, 0x6E, 0x6F, 0x74, 0x20, 0x62,
    0x65, 0x20, 0x20, 0x20, 0x20, 0x20, 0x4E, 0x6F, 0x72, 0x6D, 0x61, 0x6C,
    0x20, 0x20, 0x20, 0x20, 0x20, 0x20, 0x20, 0x20, 0x53, 0x75, 0x6D, 0x6D,
    0x6F, 0x6E, 0x65, 0x64, 0x20, 0x6F, 0x72, 0x20, 0x20, 0x20, 0x53, 0x65,
    0x74, 0x2E, 0x20, 0x54, 0x68, 0x69, 0x73, 0x20, 0x20, 0x20, 0x5E, 0x63,
    0x61, 0x72, 0x64, 0x20, 0x63, 0x61, 0x6E, 0x6E, 0x6F, 0x74, 0x20, 0x62,
    0x65, 0x20, 0x53, 0x70, 0x65, 0x63, 0x69, 0x61, 0x6C, 0x20, 0x20, 0x20,
    0x20, 0x53, 0x75, 0x6D, 0x6D, 0x6F, 0x6E, 0x65, 0x64, 0x20, 0x20, 0x20,
    0x20, 0x20, 0x20, 0x65, 0x78, 0x63, 0x65, 0x70, 0x74, 0x20, 0x77, 0x69,
    0x74, 0x68, 0x20, 0x20, 0x20, 0x50, 0x68, 0x6F, 0x74, 0x6F, 0x6E, 0x20,
    0x20, 0x20, 0x20, 0x20, 0x20, 0x5E, 0x47, 0x65, 0x6E, 0x65, 0x72, 0x61,
    0x74, 0x6F, 0x72, 0x20, 0x20, 0x20, 0x55, 0x6E, 0x69, 0x74, 0x2E, 0x20,
    0x4F, 0x6E, 0x63, 0x65, 0x20, 0x70, 0x65, 0x72, 0x74, 0x75, 0x72, 0x6E,
    0x2C, 0x20, 0x79, 0x6F, 0x75, 0x20, 0x63, 0x61, 0x6E, 0x20, 0x64, 0x65,
    0x73, 0x74, 0x72, 0x6F, 0x79, 0x20, 0x31, 0x20, 0x20, 0x20, 0x20, 0x20,
    0x6D, 0x6F, 0x6E, 0x73, 0x74, 0x65, 0x72, 0x20, 0x77, 0x69, 0x74, 0x68,
    0x5E, 0x41, 0x54, 0x4B, 0x20, 0x6F, 0x72, 0x20, 0x44, 0x45, 0x46, 0x20,
    0x20, 0x65, 0x71, 0x75, 0x61, 0x6C, 0x20, 0x74, 0x6F, 0x20, 0x6F, 0x72,
    0x20, 0x20, 0x20, 0x68, 0x69, 0x67, 0x68, 0x65, 0x72, 0x20, 0x74, 0x68,
    0x61, 0x6E, 0x20, 0x20, 0x20, 0x74, 0x68, 0x65, 0x20, 0x41, 0x54, 0x4B,
    0x20, 0x6F, 0x66, 0x20, 0x20, 0x20, 0x20, 0x74, 0x68, 0x69, 0x73, 0x20,
    0x63, 0x61, 0x72, 0x64, 0x2E, 0x20, 0x20, 0x5E, 0x00,
};

const u8 gDescription_DestinyHeroBladeMaster[] APPEND_TEXT = {
    0x20, 0x20, 0x5E, 0x33, 0x44, 0x75, 0x72, 0x69, 0x6E, 0x67, 0x20, 0x79,
    0x6F, 0x75, 0x72, 0x20, 0x6F, 0x70, 0x70, 0x6F, 0x6E, 0x65, 0x6E, 0x74,
    0x27, 0x73, 0x20, 0x20, 0x20, 0x20, 0x42, 0x61, 0x74, 0x74, 0x6C, 0x65,
    0x20, 0x50, 0x68, 0x61, 0x73, 0x65, 0x3A, 0x20, 0x59, 0x6F, 0x75, 0x20,
    0x63, 0x61, 0x6E, 0x20, 0x20, 0x20, 0x20, 0x20, 0x20, 0x20, 0x64, 0x69,
    0x73, 0x63, 0x61, 0x72, 0x64, 0x20, 0x74, 0x68, 0x69, 0x73, 0x5E, 0x63,
    0x61, 0x72, 0x64, 0x3B, 0x20, 0x61, 0x6C, 0x6C, 0x20, 0x20, 0x20, 0x66,
    0x61, 0x63, 0x65, 0x2D, 0x75, 0x70, 0x20, 0x20, 0x20, 0x20, 0x20, 0x20,
    0x20, 0x44, 0x65, 0x73, 0x74, 0x69, 0x6E, 0x79, 0x20, 0x48, 0x45, 0x52,
    0x4F, 0x20, 0x20, 0x6D, 0x6F, 0x6E, 0x73, 0x74, 0x65, 0x72, 0x73, 0x20,
    0x79, 0x6F, 0x75, 0x20, 0x20, 0x63, 0x6F, 0x6E, 0x74, 0x72, 0x6F, 0x6C,
    0x20, 0x67, 0x61, 0x69, 0x6E, 0x5E, 0x38, 0x30, 0x30, 0x20, 0x41, 0x54,
    0x4B, 0x20, 0x20, 0x20, 0x20, 0x20, 0x75, 0x6E, 0x74, 0x69, 0x6C, 0x20,
    0x74, 0x68, 0x65, 0x20, 0x45, 0x6E, 0x64, 0x20, 0x50, 0x68, 0x61, 0x73,
    0x65, 0x2E, 0x20, 0x20, 0x20, 0x20, 0x20, 0x20, 0x20, 0x20, 0x5E, 0x00,
};

const u8 gDescription_DestinyHeroCaptainTenacious[] APPEND_TEXT = {
    0x20, 0x20, 0x5E, 0x35, 0x4F, 0x6E, 0x63, 0x65, 0x20, 0x70, 0x65, 0x72,
    0x20, 0x20, 0x20, 0x20, 0x74, 0x75, 0x72, 0x6E, 0x2C, 0x20, 0x64, 0x75,
    0x72, 0x69, 0x6E, 0x67, 0x20, 0x20, 0x79, 0x6F, 0x75, 0x72, 0x20, 0x53,
    0x74, 0x61, 0x6E, 0x64, 0x62, 0x79, 0x20, 0x20, 0x50, 0x68, 0x61, 0x73,
    0x65, 0x3A, 0x20, 0x59, 0x6F, 0x75, 0x20, 0x63, 0x61, 0x6E, 0x74, 0x61,
    0x72, 0x67, 0x65, 0x74, 0x20, 0x31, 0x20, 0x20, 0x20, 0x20, 0x5E, 0x44,
    0x65, 0x73, 0x74, 0x69, 0x6E, 0x79, 0x20, 0x48, 0x45, 0x52, 0x4F, 0x6D,
    0x6F, 0x6E, 0x73, 0x74, 0x65, 0x72, 0x20, 0x69, 0x6E, 0x20, 0x20, 0x20,
    0x20, 0x79, 0x6F, 0x75, 0x72, 0x20, 0x47, 0x72, 0x61, 0x76, 0x65, 0x79,
    0x61, 0x72, 0x64, 0x74, 0x68, 0x61, 0x74, 0x20, 0x77, 0x61, 0x73, 0x20,
    0x20, 0x20, 0x20, 0x20, 0x20, 0x64, 0x65, 0x73, 0x74, 0x72, 0x6F, 0x79,
    0x65, 0x64, 0x20, 0x62, 0x79, 0x5E, 0x62, 0x61, 0x74, 0x74, 0x6C, 0x65,
    0x20, 0x73, 0x69, 0x6E, 0x63, 0x65, 0x79, 0x6F, 0x75, 0x72, 0x20, 0x6C,
    0x61, 0x73, 0x74, 0x20, 0x20, 0x20, 0x20, 0x20, 0x53, 0x74, 0x61, 0x6E,
    0x64, 0x62, 0x79, 0x20, 0x50, 0x68, 0x61, 0x73, 0x65, 0x2C, 0x69, 0x66,
    0x20, 0x79, 0x6F, 0x75, 0x20, 0x20, 0x20, 0x20, 0x20, 0x20, 0x20, 0x20,
    0x63, 0x6F, 0x6E, 0x74, 0x72, 0x6F, 0x6C, 0x6C, 0x65, 0x64, 0x20, 0x20,
    0x5E, 0x74, 0x68, 0x69, 0x73, 0x20, 0x66, 0x61, 0x63, 0x65, 0x2D, 0x75,
    0x70, 0x63, 0x61, 0x72, 0x64, 0x20, 0x77, 0x68, 0x65, 0x6E, 0x20, 0x74,
    0x68, 0x65, 0x20, 0x74, 0x61, 0x72, 0x67, 0x65, 0x74, 0x20, 0x77, 0x61,
    0x73, 0x20, 0x20, 0x20, 0x20, 0x64, 0x65, 0x73, 0x74, 0x72, 0x6F, 0x79,
    0x65, 0x64, 0x3B, 0x20, 0x20, 0x20, 0x20, 0x53, 0x70, 0x65, 0x63, 0x69,
    0x61, 0x6C, 0x20, 0x20, 0x20, 0x20, 0x20, 0x5E, 0x53, 0x75, 0x6D, 0x6D,
    0x6F, 0x6E, 0x20, 0x74, 0x68, 0x61, 0x74, 0x20, 0x74, 0x61, 0x72, 0x67,
    0x65, 0x74, 0x2E, 0x20, 0x20, 0x20, 0x20, 0x20, 0x20, 0x20, 0x5E, 0x00,
};

const u8 gDescription_DestinyHeroCelestial[] APPEND_TEXT = {
    0x20, 0x20, 0x5E, 0x37, 0x57, 0x68, 0x65, 0x6E, 0x20, 0x74, 0x68, 0x69,
    0x73, 0x20, 0x20, 0x20, 0x63, 0x61, 0x72, 0x64, 0x20, 0x64, 0x65, 0x63,
    0x6C, 0x61, 0x72, 0x65, 0x73, 0x20, 0x61, 0x6E, 0x20, 0x61, 0x74, 0x74,
    0x61, 0x63, 0x6B, 0x3A, 0x20, 0x59, 0x6F, 0x75, 0x63, 0x61, 0x6E, 0x20,
    0x74, 0x61, 0x72, 0x67, 0x65, 0x74, 0x20, 0x31, 0x20, 0x20, 0x66, 0x61,
    0x63, 0x65, 0x2D, 0x75, 0x70, 0x20, 0x20, 0x20, 0x20, 0x20, 0x5E, 0x53,
    0x70, 0x65, 0x6C, 0x6C, 0x20, 0x79, 0x6F, 0x75, 0x72, 0x20, 0x20, 0x6F,
    0x70, 0x70, 0x6F, 0x6E, 0x65, 0x6E, 0x74, 0x20, 0x20, 0x20, 0x20, 0x20,
    0x20, 0x63, 0x6F, 0x6E, 0x74, 0x72, 0x6F, 0x6C, 0x73, 0x3B, 0x20, 0x20,
    0x20, 0x20, 0x20, 0x64, 0x65, 0x73, 0x74, 0x72, 0x6F, 0x79, 0x20, 0x69,
    0x74, 0x2C, 0x20, 0x20, 0x20, 0x61, 0x6E, 0x64, 0x20, 0x69, 0x66, 0x20,
    0x79, 0x6F, 0x75, 0x20, 0x20, 0x5E, 0x64, 0x6F, 0x2C, 0x20, 0x69, 0x6E,
    0x66, 0x6C, 0x69, 0x63, 0x74, 0x20, 0x35, 0x30, 0x30, 0x20, 0x64, 0x61,
    0x6D, 0x61, 0x67, 0x65, 0x20, 0x74, 0x6F, 0x20, 0x79, 0x6F, 0x75, 0x72,
    0x20, 0x6F, 0x70, 0x70, 0x6F, 0x6E, 0x65, 0x6E, 0x74, 0x2E, 0x20, 0x57,
    0x68, 0x69, 0x6C, 0x65, 0x20, 0x79, 0x6F, 0x75, 0x20, 0x68, 0x61, 0x76,
    0x65, 0x20, 0x6E, 0x6F, 0x20, 0x63, 0x61, 0x72, 0x64, 0x73, 0x20, 0x69,
    0x6E, 0x5E, 0x79, 0x6F, 0x75, 0x72, 0x20, 0x68, 0x61, 0x6E, 0x64, 0x2C,
    0x20, 0x20, 0x65, 0x78, 0x63, 0x65, 0x70, 0x74, 0x20, 0x74, 0x68, 0x65,
    0x20, 0x20, 0x20, 0x20, 0x74, 0x75, 0x72, 0x6E, 0x20, 0x74, 0x68, 0x69,
    0x73, 0x20, 0x63, 0x61, 0x72, 0x64, 0x77, 0x61, 0x73, 0x20, 0x73, 0x65,
    0x6E, 0x74, 0x20, 0x74, 0x6F, 0x20, 0x20, 0x20, 0x74, 0x68, 0x65, 0x20,
    0x47, 0x59, 0x3A, 0x20, 0x59, 0x6F, 0x75, 0x20, 0x5E, 0x63, 0x61, 0x6E,
    0x20, 0x62, 0x61, 0x6E, 0x69, 0x73, 0x68, 0x20, 0x20, 0x74, 0x68, 0x69,
    0x73, 0x20, 0x63, 0x61, 0x72, 0x64, 0x20, 0x61, 0x6E, 0x64, 0x20, 0x31,
    0x20, 0x44, 0x65, 0x73, 0x74, 0x69, 0x6E, 0x79, 0x20, 0x48, 0x45, 0x52,
    0x4F, 0x6D, 0x6F, 0x6E, 0x73, 0x74, 0x65, 0x72, 0x20, 0x66, 0x72, 0x6F,
    0x6D, 0x20, 0x20, 0x79, 0x6F, 0x75, 0x72, 0x20, 0x47, 0x59, 0x3B, 0x20,
    0x20, 0x20, 0x20, 0x5E, 0x64, 0x72, 0x61, 0x77, 0x20, 0x32, 0x20, 0x20,
    0x20, 0x20, 0x20, 0x20, 0x63, 0x61, 0x72, 0x64, 0x73, 0x2E, 0x20, 0x59,
    0x6F, 0x75, 0x20, 0x63, 0x61, 0x6E, 0x6F, 0x6E, 0x6C, 0x79, 0x20, 0x75,
    0x73, 0x65, 0x20, 0x74, 0x68, 0x69, 0x73, 0x20, 0x65, 0x66, 0x66, 0x65,
    0x63, 0x74, 0x20, 0x6F, 0x66, 0x20, 0x20, 0x20, 0x20, 0x20, 0x44, 0x65,
    0x73, 0x74, 0x69, 0x6E, 0x79, 0x20, 0x48, 0x45, 0x52, 0x4F, 0x5E, 0x2D,
    0x20, 0x43, 0x65, 0x6C, 0x65, 0x73, 0x74, 0x69, 0x61, 0x6C, 0x20, 0x6F,
    0x6E, 0x63, 0x65, 0x20, 0x70, 0x65, 0x72, 0x20, 0x74, 0x75, 0x72, 0x6E,
    0x2E, 0x5E, 0x00,
};

const u8 gDescription_DestinyHeroDangerous[] APPEND_TEXT = {
    0x20, 0x20, 0x5E, 0x36, 0x31, 0x20, 0x44, 0x65, 0x73, 0x74, 0x69, 0x6E,
    0x79, 0x20, 0x20, 0x20, 0x48, 0x45, 0x52, 0x4F, 0x20, 0x6D, 0x6F, 0x6E,
    0x73, 0x74, 0x65, 0x72, 0x20, 0x2B, 0x31, 0x20, 0x44, 0x41, 0x52, 0x4B,
    0x20, 0x45, 0x66, 0x66, 0x65, 0x63, 0x74, 0x20, 0x4D, 0x6F, 0x6E, 0x73,
    0x74, 0x65, 0x72, 0x20, 0x28, 0x51, 0x75, 0x69, 0x63, 0x6B, 0x45, 0x66,
    0x66, 0x65, 0x63, 0x74, 0x29, 0x3A, 0x20, 0x59, 0x6F, 0x75, 0x5E, 0x63,
    0x61, 0x6E, 0x20, 0x64, 0x69, 0x73, 0x63, 0x61, 0x72, 0x64, 0x20, 0x31,
    0x20, 0x63, 0x61, 0x72, 0x64, 0x3B, 0x20, 0x73, 0x65, 0x6E, 0x64, 0x20,
    0x31, 0x44, 0x65, 0x73, 0x74, 0x69, 0x6E, 0x79, 0x20, 0x48, 0x45, 0x52,
    0x4F, 0x20, 0x20, 0x6D, 0x6F, 0x6E, 0x73, 0x74, 0x65, 0x72, 0x20, 0x66,
    0x72, 0x6F, 0x6D, 0x20, 0x20, 0x79, 0x6F, 0x75, 0x72, 0x20, 0x68, 0x61,
    0x6E, 0x64, 0x20, 0x6F, 0x72, 0x5E, 0x44, 0x65, 0x63, 0x6B, 0x20, 0x74,
    0x6F, 0x20, 0x74, 0x68, 0x65, 0x20, 0x47, 0x59, 0x2C, 0x20, 0x61, 0x6E,
    0x64, 0x20, 0x69, 0x66, 0x20, 0x79, 0x6F, 0x75, 0x64, 0x6F, 0x2C, 0x20,
    0x44, 0x65, 0x73, 0x74, 0x69, 0x6E, 0x79, 0x20, 0x20, 0x20, 0x48, 0x45,
    0x52, 0x4F, 0x20, 0x6D, 0x6F, 0x6E, 0x73, 0x74, 0x65, 0x72, 0x73, 0x20,
    0x79, 0x6F, 0x75, 0x20, 0x63, 0x6F, 0x6E, 0x74, 0x72, 0x6F, 0x6C, 0x20,
    0x5E, 0x67, 0x61, 0x69, 0x6E, 0x20, 0x32, 0x30, 0x30, 0x20, 0x41, 0x54,
    0x4B, 0x66, 0x6F, 0x72, 0x20, 0x65, 0x61, 0x63, 0x68, 0x20, 0x20, 0x20,
    0x20, 0x20, 0x20, 0x44, 0x65, 0x73, 0x74, 0x69, 0x6E, 0x79, 0x20, 0x48,
    0x45, 0x52, 0x4F, 0x20, 0x20, 0x6D, 0x6F, 0x6E, 0x73, 0x74, 0x65, 0x72,
    0x20, 0x69, 0x6E, 0x20, 0x20, 0x20, 0x20, 0x79, 0x6F, 0x75, 0x72, 0x20,
    0x47, 0x59, 0x20, 0x20, 0x20, 0x20, 0x20, 0x5E, 0x75, 0x6E, 0x74, 0x69,
    0x6C, 0x20, 0x74, 0x68, 0x65, 0x20, 0x20, 0x20, 0x65, 0x6E, 0x64, 0x20,
    0x6F, 0x66, 0x20, 0x74, 0x68, 0x69, 0x73, 0x20, 0x20, 0x20, 0x74, 0x75,
    0x72, 0x6E, 0x2E, 0x20, 0x59, 0x6F, 0x75, 0x20, 0x63, 0x61, 0x6E, 0x20,
    0x6F, 0x6E, 0x6C, 0x79, 0x20, 0x75, 0x73, 0x65, 0x20, 0x74, 0x68, 0x69,
    0x73, 0x20, 0x65, 0x66, 0x66, 0x65, 0x63, 0x74, 0x20, 0x6F, 0x66, 0x20,
    0x20, 0x20, 0x5E, 0x44, 0x65, 0x73, 0x74, 0x69, 0x6E, 0x79, 0x20, 0x48,
    0x45, 0x52, 0x4F, 0x2D, 0x20, 0x44, 0x61, 0x6E, 0x67, 0x65, 0x72, 0x6F,
    0x75, 0x73, 0x20, 0x20, 0x20, 0x6F, 0x6E, 0x63, 0x65, 0x20, 0x70, 0x65,
    0x72, 0x20, 0x74, 0x75, 0x72, 0x6E, 0x2E, 0x5E, 0x00,
};

const u8 gDescription_DestinyHeroDasher[] APPEND_TEXT = {
    0x20, 0x20, 0x5E, 0x37, 0x4F, 0x6E, 0x63, 0x65, 0x20, 0x70, 0x65, 0x72,
    0x20, 0x20, 0x20, 0x20, 0x74, 0x75, 0x72, 0x6E, 0x3A, 0x20, 0x59, 0x6F,
    0x75, 0x20, 0x63, 0x61, 0x6E, 0x20, 0x54, 0x72, 0x69, 0x62, 0x75, 0x74,
    0x65, 0x20, 0x31, 0x20, 0x20, 0x20, 0x20, 0x20, 0x6F, 0x74, 0x68, 0x65,
    0x72, 0x20, 0x6D, 0x6F, 0x6E, 0x73, 0x74, 0x65, 0x72, 0x3B, 0x74, 0x68,
    0x69, 0x73, 0x20, 0x63, 0x61, 0x72, 0x64, 0x20, 0x20, 0x20, 0x5E, 0x67,
    0x61, 0x69, 0x6E, 0x73, 0x20, 0x31, 0x30, 0x30, 0x30, 0x20, 0x20, 0x41,
    0x54, 0x4B, 0x20, 0x75, 0x6E, 0x74, 0x69, 0x6C, 0x20, 0x74, 0x68, 0x65,
    0x20, 0x45, 0x6E, 0x64, 0x20, 0x50, 0x68, 0x61, 0x73, 0x65, 0x2E, 0x20,
    0x49, 0x66, 0x20, 0x74, 0x68, 0x69, 0x73, 0x20, 0x63, 0x61, 0x72, 0x64,
    0x20, 0x20, 0x20, 0x20, 0x20, 0x61, 0x74, 0x74, 0x61, 0x63, 0x6B, 0x73,
    0x2C, 0x20, 0x20, 0x20, 0x20, 0x5E, 0x63, 0x68, 0x61, 0x6E, 0x67, 0x65,
    0x20, 0x69, 0x74, 0x20, 0x74, 0x6F, 0x44, 0x65, 0x66, 0x65, 0x6E, 0x73,
    0x65, 0x20, 0x20, 0x20, 0x20, 0x20, 0x20, 0x20, 0x50, 0x6F, 0x73, 0x69,
    0x74, 0x69, 0x6F, 0x6E, 0x20, 0x61, 0x74, 0x20, 0x20, 0x20, 0x74, 0x68,
    0x65, 0x20, 0x65, 0x6E, 0x64, 0x20, 0x6F, 0x66, 0x20, 0x74, 0x68, 0x65,
    0x42, 0x61, 0x74, 0x74, 0x6C, 0x65, 0x20, 0x20, 0x20, 0x20, 0x20, 0x20,
    0x5E, 0x50, 0x68, 0x61, 0x73, 0x65, 0x2E, 0x20, 0x4F, 0x6E, 0x65, 0x20,
    0x20, 0x74, 0x69, 0x6D, 0x65, 0x20, 0x6F, 0x6E, 0x6C, 0x79, 0x2C, 0x20,
    0x20, 0x20, 0x20, 0x77, 0x68, 0x65, 0x6E, 0x20, 0x79, 0x6F, 0x75, 0x20,
    0x64, 0x72, 0x61, 0x77, 0x20, 0x61, 0x20, 0x4D, 0x6F, 0x6E, 0x73, 0x74,
    0x65, 0x72, 0x20, 0x43, 0x61, 0x72, 0x64, 0x64, 0x75, 0x72, 0x69, 0x6E,
    0x67, 0x20, 0x79, 0x6F, 0x75, 0x72, 0x20, 0x5E, 0x44, 0x72, 0x61, 0x77,
    0x20, 0x50, 0x68, 0x61, 0x73, 0x65, 0x20, 0x20, 0x77, 0x68, 0x69, 0x6C,
    0x65, 0x20, 0x74, 0x68, 0x69, 0x73, 0x20, 0x20, 0x20, 0x20, 0x63, 0x61,
    0x72, 0x64, 0x20, 0x69, 0x73, 0x20, 0x69, 0x6E, 0x20, 0x20, 0x20, 0x20,
    0x79, 0x6F, 0x75, 0x72, 0x20, 0x20, 0x20, 0x20, 0x20, 0x20, 0x20, 0x20,
    0x20, 0x20, 0x47, 0x72, 0x61, 0x76, 0x65, 0x79, 0x61, 0x72, 0x64, 0x3A,
    0x20, 0x20, 0x5E, 0x59, 0x6F, 0x75, 0x20, 0x63, 0x61, 0x6E, 0x20, 0x20,
    0x20, 0x20, 0x20, 0x72, 0x65, 0x76, 0x65, 0x61, 0x6C, 0x20, 0x69, 0x74,
    0x3B, 0x20, 0x20, 0x20, 0x20, 0x53, 0x70, 0x65, 0x63, 0x69, 0x61, 0x6C,
    0x20, 0x53, 0x75, 0x6D, 0x6D, 0x6F, 0x6E, 0x69, 0x74, 0x2E, 0x20, 0x54,
    0x68, 0x69, 0x73, 0x20, 0x63, 0x61, 0x72, 0x64, 0x20, 0x6D, 0x75, 0x73,
    0x74, 0x20, 0x62, 0x65, 0x20, 0x69, 0x6E, 0x20, 0x20, 0x5E, 0x74, 0x68,
    0x65, 0x20, 0x20, 0x20, 0x20, 0x20, 0x20, 0x20, 0x20, 0x20, 0x47, 0x72,
    0x61, 0x76, 0x65, 0x79, 0x61, 0x72, 0x64, 0x20, 0x74, 0x6F, 0x20, 0x20,
    0x61, 0x63, 0x74, 0x69, 0x76, 0x61, 0x74, 0x65, 0x20, 0x61, 0x6E, 0x64,
    0x20, 0x20, 0x74, 0x6F, 0x20, 0x72, 0x65, 0x73, 0x6F, 0x6C, 0x76, 0x65,
    0x20, 0x20, 0x20, 0x20, 0x74, 0x68, 0x69, 0x73, 0x20, 0x65, 0x66, 0x66,
    0x65, 0x63, 0x74, 0x2E, 0x5E, 0x00,
};

const u8 gDescription_DoomVirusDragon[] APPEND_TEXT = {
    0x20, 0x20, 0x5E, 0x36, 0x4D, 0x75, 0x73, 0x74, 0x20, 0x62, 0x65, 0x20,
    0x20, 0x20, 0x20, 0x20, 0x53, 0x70, 0x65, 0x63, 0x69, 0x61, 0x6C, 0x20,
    0x20, 0x20, 0x20, 0x20, 0x20, 0x20, 0x53, 0x75, 0x6D, 0x6D, 0x6F, 0x6E,
    0x65, 0x64, 0x20, 0x77, 0x69, 0x74, 0x68, 0x20, 0x54, 0x68, 0x65, 0x20,
    0x46, 0x61, 0x6E, 0x67, 0x20, 0x6F, 0x66, 0x20, 0x20, 0x20, 0x43, 0x72,
    0x69, 0x74, 0x69, 0x61, 0x73, 0x2C, 0x20, 0x20, 0x20, 0x20, 0x5E, 0x75,
    0x73, 0x69, 0x6E, 0x67, 0x20, 0x43, 0x72, 0x75, 0x73, 0x68, 0x20, 0x43,
    0x61, 0x72, 0x64, 0x20, 0x56, 0x69, 0x72, 0x75, 0x73, 0x2E, 0x20, 0x49,
    0x66, 0x74, 0x68, 0x69, 0x73, 0x20, 0x63, 0x61, 0x72, 0x64, 0x20, 0x69,
    0x73, 0x20, 0x20, 0x53, 0x70, 0x65, 0x63, 0x69, 0x61, 0x6C, 0x20, 0x20,
    0x20, 0x20, 0x20, 0x20, 0x20, 0x53, 0x75, 0x6D, 0x6D, 0x6F, 0x6E, 0x65,
    0x64, 0x3A, 0x20, 0x20, 0x20, 0x5E, 0x4C, 0x6F, 0x6F, 0x6B, 0x20, 0x61,
    0x74, 0x20, 0x79, 0x6F, 0x75, 0x72, 0x6F, 0x70, 0x70, 0x6F, 0x6E, 0x65,
    0x6E, 0x74, 0x27, 0x73, 0x20, 0x20, 0x20, 0x20, 0x68, 0x61, 0x6E, 0x64,
    0x2C, 0x20, 0x61, 0x6C, 0x6C, 0x20, 0x20, 0x20, 0x20, 0x20, 0x6D, 0x6F,
    0x6E, 0x73, 0x74, 0x65, 0x72, 0x73, 0x20, 0x74, 0x68, 0x65, 0x79, 0x20,
    0x63, 0x6F, 0x6E, 0x74, 0x72, 0x6F, 0x6C, 0x2C, 0x20, 0x61, 0x6E, 0x64,
    0x5E, 0x61, 0x6C, 0x6C, 0x20, 0x63, 0x61, 0x72, 0x64, 0x73, 0x20, 0x20,
    0x20, 0x74, 0x68, 0x65, 0x79, 0x20, 0x64, 0x72, 0x61, 0x77, 0x20, 0x20,
    0x20, 0x20, 0x20, 0x75, 0x6E, 0x74, 0x69, 0x6C, 0x20, 0x74, 0x68, 0x65,
    0x20, 0x65, 0x6E, 0x64, 0x20, 0x6F, 0x66, 0x20, 0x74, 0x68, 0x65, 0x69,
    0x72, 0x20, 0x33, 0x72, 0x64, 0x20, 0x20, 0x74, 0x75, 0x72, 0x6E, 0x20,
    0x61, 0x66, 0x74, 0x65, 0x72, 0x20, 0x20, 0x5E, 0x74, 0x68, 0x69, 0x73,
    0x20, 0x20, 0x20, 0x20, 0x20, 0x20, 0x20, 0x20, 0x65, 0x66, 0x66, 0x65,
    0x63, 0x74, 0x27, 0x73, 0x20, 0x20, 0x20, 0x20, 0x20, 0x20, 0x61, 0x63,
    0x74, 0x69, 0x76, 0x61, 0x74, 0x69, 0x6F, 0x6E, 0x2C, 0x20, 0x20, 0x20,
    0x61, 0x6E, 0x64, 0x20, 0x64, 0x65, 0x73, 0x74, 0x72, 0x6F, 0x79, 0x20,
    0x20, 0x20, 0x61, 0x6C, 0x6C, 0x20, 0x74, 0x68, 0x6F, 0x73, 0x65, 0x20,
    0x20, 0x20, 0x5E, 0x6D, 0x6F, 0x6E, 0x73, 0x74, 0x65, 0x72, 0x73, 0x20,
    0x20, 0x20, 0x20, 0x77, 0x69, 0x74, 0x68, 0x20, 0x31, 0x35, 0x30, 0x30,
    0x20, 0x6F, 0x72, 0x20, 0x20, 0x6D, 0x6F, 0x72, 0x65, 0x20, 0x41, 0x54,
    0x4B, 0x2E, 0x20, 0x20, 0x20, 0x20, 0x20, 0x5E, 0x00,
};

const u8 gDescription_InstantFusion[] APPEND_TEXT = {
    0x20, 0x20, 0x5E, 0x34, 0x50, 0x61, 0x79, 0x20, 0x31, 0x30, 0x30, 0x30,
    0x20, 0x4C, 0x50, 0x3B, 0x53, 0x70, 0x65, 0x63, 0x69, 0x61, 0x6C, 0x20,
    0x53, 0x75, 0x6D, 0x6D, 0x6F, 0x6E, 0x31, 0x20, 0x4C, 0x65, 0x76, 0x65,
    0x6C, 0x20, 0x35, 0x20, 0x6F, 0x72, 0x20, 0x20, 0x6C, 0x6F, 0x77, 0x65,
    0x72, 0x20, 0x46, 0x75, 0x73, 0x69, 0x6F, 0x6E, 0x20, 0x20, 0x4D, 0x6F,
    0x6E, 0x73, 0x74, 0x65, 0x72, 0x20, 0x66, 0x72, 0x6F, 0x6D, 0x5E, 0x79,
    0x6F, 0x75, 0x72, 0x20, 0x45, 0x78, 0x74, 0x72, 0x61, 0x20, 0x20, 0x44,
    0x65, 0x63, 0x6B, 0x2C, 0x20, 0x62, 0x75, 0x74, 0x20, 0x69, 0x74, 0x20,
    0x20, 0x63, 0x61, 0x6E, 0x6E, 0x6F, 0x74, 0x20, 0x61, 0x74, 0x74, 0x61,
    0x63, 0x6B, 0x2C, 0x61, 0x6C, 0x73, 0x6F, 0x20, 0x69, 0x74, 0x20, 0x69,
    0x73, 0x20, 0x20, 0x20, 0x20, 0x64, 0x65, 0x73, 0x74, 0x72, 0x6F, 0x79,
    0x65, 0x64, 0x20, 0x20, 0x20, 0x5E, 0x64, 0x75, 0x72, 0x69, 0x6E, 0x67,
    0x20, 0x74, 0x68, 0x65, 0x20, 0x20, 0x45, 0x6E, 0x64, 0x20, 0x50, 0x68,
    0x61, 0x73, 0x65, 0x2E, 0x20, 0x20, 0x20, 0x20, 0x28, 0x54, 0x68, 0x69,
    0x73, 0x20, 0x69, 0x73, 0x20, 0x20, 0x20, 0x20, 0x20, 0x20, 0x74, 0x72,
    0x65, 0x61, 0x74, 0x65, 0x64, 0x20, 0x61, 0x73, 0x20, 0x61, 0x20, 0x20,
    0x46, 0x75, 0x73, 0x69, 0x6F, 0x6E, 0x20, 0x20, 0x20, 0x20, 0x20, 0x20,
    0x5E, 0x53, 0x75, 0x6D, 0x6D, 0x6F, 0x6E, 0x2E, 0x29, 0x20, 0x59, 0x6F,
    0x75, 0x63, 0x61, 0x6E, 0x20, 0x6F, 0x6E, 0x6C, 0x79, 0x20, 0x20, 0x20,
    0x20, 0x20, 0x20, 0x61, 0x63, 0x74, 0x69, 0x76, 0x61, 0x74, 0x65, 0x20,
    0x31, 0x20, 0x20, 0x20, 0x20, 0x49, 0x6E, 0x73, 0x74, 0x61, 0x6E, 0x74,
    0x20, 0x46, 0x75, 0x73, 0x69, 0x6F, 0x6E, 0x70, 0x65, 0x72, 0x20, 0x74,
    0x75, 0x72, 0x6E, 0x2E, 0x20, 0x20, 0x20, 0x5E, 0x00,
};

const u8 gDescription_JudgmentDragon[] APPEND_TEXT = {
    0x20, 0x20, 0x5E, 0x36, 0x43, 0x61, 0x6E, 0x6E, 0x6F, 0x74, 0x20, 0x62,
    0x65, 0x20, 0x20, 0x20, 0x4E, 0x6F, 0x72, 0x6D, 0x61, 0x6C, 0x20, 0x20,
    0x20, 0x20, 0x20, 0x20, 0x20, 0x20, 0x53, 0x75, 0x6D, 0x6D, 0x6F, 0x6E,
    0x65, 0x64, 0x2F, 0x53, 0x65, 0x74, 0x2E, 0x20, 0x4D, 0x75, 0x73, 0x74,
    0x20, 0x62, 0x65, 0x20, 0x20, 0x20, 0x20, 0x20, 0x20, 0x20, 0x53, 0x70,
    0x65, 0x63, 0x69, 0x61, 0x6C, 0x20, 0x20, 0x20, 0x20, 0x20, 0x5E, 0x53,
    0x75, 0x6D, 0x6D, 0x6F, 0x6E, 0x65, 0x64, 0x20, 0x20, 0x20, 0x20, 0x28,
    0x66, 0x72, 0x6F, 0x6D, 0x20, 0x79, 0x6F, 0x75, 0x72, 0x20, 0x20, 0x20,
    0x20, 0x68, 0x61, 0x6E, 0x64, 0x29, 0x20, 0x62, 0x79, 0x20, 0x20, 0x20,
    0x20, 0x20, 0x20, 0x68, 0x61, 0x76, 0x69, 0x6E, 0x67, 0x20, 0x34, 0x20,
    0x6F, 0x72, 0x20, 0x20, 0x20, 0x6D, 0x6F, 0x72, 0x65, 0x20, 0x20, 0x20,
    0x20, 0x20, 0x20, 0x20, 0x20, 0x5E, 0x4C, 0x69, 0x67, 0x68, 0x74, 0x73,
    0x77, 0x6F, 0x72, 0x6E, 0x20, 0x20, 0x6D, 0x6F, 0x6E, 0x73, 0x74, 0x65,
    0x72, 0x73, 0x20, 0x77, 0x69, 0x74, 0x68, 0x20, 0x64, 0x69, 0x66, 0x66,
    0x65, 0x72, 0x65, 0x6E, 0x74, 0x20, 0x20, 0x20, 0x20, 0x20, 0x6E, 0x61,
    0x6D, 0x65, 0x73, 0x20, 0x69, 0x6E, 0x20, 0x79, 0x6F, 0x75, 0x72, 0x20,
    0x47, 0x59, 0x2E, 0x20, 0x59, 0x6F, 0x75, 0x20, 0x63, 0x61, 0x6E, 0x20,
    0x5E, 0x70, 0x61, 0x79, 0x20, 0x31, 0x30, 0x30, 0x30, 0x20, 0x4C, 0x50,
    0x3B, 0x64, 0x65, 0x73, 0x74, 0x72, 0x6F, 0x79, 0x20, 0x61, 0x6C, 0x6C,
    0x20, 0x20, 0x20, 0x6F, 0x74, 0x68, 0x65, 0x72, 0x20, 0x63, 0x61, 0x72,
    0x64, 0x73, 0x20, 0x6F, 0x6E, 0x74, 0x68, 0x65, 0x20, 0x66, 0x69, 0x65,
    0x6C, 0x64, 0x2E, 0x20, 0x20, 0x20, 0x20, 0x4F, 0x6E, 0x63, 0x65, 0x20,
    0x70, 0x65, 0x72, 0x20, 0x20, 0x20, 0x20, 0x5E, 0x74, 0x75, 0x72, 0x6E,
    0x2C, 0x20, 0x64, 0x75, 0x72, 0x69, 0x6E, 0x67, 0x79, 0x6F, 0x75, 0x72,
    0x20, 0x45, 0x6E, 0x64, 0x20, 0x20, 0x20, 0x20, 0x20, 0x20, 0x50, 0x68,
    0x61, 0x73, 0x65, 0x3A, 0x20, 0x53, 0x65, 0x6E, 0x64, 0x20, 0x20, 0x20,
    0x74, 0x68, 0x65, 0x20, 0x74, 0x6F, 0x70, 0x20, 0x34, 0x20, 0x20, 0x20,
    0x20, 0x20, 0x63, 0x61, 0x72, 0x64, 0x73, 0x20, 0x6F, 0x66, 0x20, 0x20,
    0x20, 0x20, 0x5E, 0x79, 0x6F, 0x75, 0x72, 0x20, 0x44, 0x65, 0x63, 0x6B,
    0x20, 0x74, 0x6F, 0x74, 0x68, 0x65, 0x20, 0x47, 0x59, 0x2E, 0x20, 0x20,
    0x20, 0x20, 0x20, 0x20, 0x20, 0x5E, 0x00,
};

const u8 gDescription_ManjuOfTheTenThousandHands[] APPEND_TEXT = {
    0x20, 0x20, 0x5E, 0x33, 0x57, 0x68, 0x65, 0x6E, 0x20, 0x74, 0x68, 0x69,
    0x73, 0x20, 0x20, 0x20, 0x63, 0x61, 0x72, 0x64, 0x20, 0x69, 0x73, 0x20,
    0x4E, 0x6F, 0x72, 0x6D, 0x61, 0x6C, 0x6F, 0x72, 0x20, 0x46, 0x6C, 0x69,
    0x70, 0x20, 0x20, 0x20, 0x20, 0x20, 0x20, 0x20, 0x53, 0x75, 0x6D, 0x6D,
    0x6F, 0x6E, 0x65, 0x64, 0x3A, 0x20, 0x59, 0x6F, 0x75, 0x20, 0x63, 0x61,
    0x6E, 0x20, 0x61, 0x64, 0x64, 0x20, 0x31, 0x20, 0x20, 0x20, 0x5E, 0x52,
    0x69, 0x74, 0x75, 0x61, 0x6C, 0x20, 0x20, 0x20, 0x20, 0x20, 0x20, 0x4D,
    0x6F, 0x6E, 0x73, 0x74, 0x65, 0x72, 0x20, 0x6F, 0x72, 0x20, 0x31, 0x20,
    0x20, 0x52, 0x69, 0x74, 0x75, 0x61, 0x6C, 0x20, 0x53, 0x70, 0x65, 0x6C,
    0x6C, 0x20, 0x20, 0x66, 0x72, 0x6F, 0x6D, 0x20, 0x79, 0x6F, 0x75, 0x72,
    0x20, 0x44, 0x65, 0x63, 0x6B, 0x74, 0x6F, 0x20, 0x79, 0x6F, 0x75, 0x72,
    0x20, 0x20, 0x20, 0x20, 0x20, 0x5E, 0x68, 0x61, 0x6E, 0x64, 0x2E, 0x20,
    0x20, 0x20, 0x20, 0x20, 0x20, 0x20, 0x5E, 0x00,
};

const u8 gDescription_Marshmallon[] APPEND_TEXT = {
    0x20, 0x20, 0x5E, 0x33, 0x43, 0x61, 0x6E, 0x6E, 0x6F, 0x74, 0x20, 0x62,
    0x65, 0x20, 0x20, 0x20, 0x64, 0x65, 0x73, 0x74, 0x72, 0x6F, 0x79, 0x65,
    0x64, 0x20, 0x62, 0x79, 0x20, 0x20, 0x62, 0x61, 0x74, 0x74, 0x6C, 0x65,
    0x2E, 0x20, 0x41, 0x66, 0x74, 0x65, 0x72, 0x20, 0x64, 0x61, 0x6D, 0x61,
    0x67, 0x65, 0x20, 0x20, 0x20, 0x20, 0x20, 0x20, 0x20, 0x20, 0x63, 0x61,
    0x6C, 0x63, 0x75, 0x6C, 0x61, 0x74, 0x69, 0x6F, 0x6E, 0x2C, 0x5E, 0x69,
    0x66, 0x20, 0x74, 0x68, 0x69, 0x73, 0x20, 0x63, 0x61, 0x72, 0x64, 0x77,
    0x61, 0x73, 0x20, 0x61, 0x74, 0x74, 0x61, 0x63, 0x6B, 0x65, 0x64, 0x2C,
    0x20, 0x61, 0x6E, 0x64, 0x20, 0x77, 0x61, 0x73, 0x20, 0x20, 0x20, 0x20,
    0x20, 0x20, 0x20, 0x66, 0x61, 0x63, 0x65, 0x2D, 0x64, 0x6F, 0x77, 0x6E,
    0x20, 0x61, 0x74, 0x20, 0x20, 0x74, 0x68, 0x65, 0x20, 0x73, 0x74, 0x61,
    0x72, 0x74, 0x20, 0x6F, 0x66, 0x5E, 0x74, 0x68, 0x65, 0x20, 0x44, 0x61,
    0x6D, 0x61, 0x67, 0x65, 0x20, 0x20, 0x53, 0x74, 0x65, 0x70, 0x3A, 0x20,
    0x54, 0x68, 0x65, 0x20, 0x20, 0x20, 0x20, 0x20, 0x61, 0x74, 0x74, 0x61,
    0x63, 0x6B, 0x69, 0x6E, 0x67, 0x20, 0x20, 0x20, 0x20, 0x20, 0x70, 0x6C,
    0x61, 0x79, 0x65, 0x72, 0x20, 0x74, 0x61, 0x6B, 0x65, 0x73, 0x20, 0x20,
    0x31, 0x30, 0x30, 0x30, 0x20, 0x64, 0x61, 0x6D, 0x61, 0x67, 0x65, 0x2E,
    0x5E, 0x00,
};

const u8 gDescription_Necrovalley[] APPEND_TEXT = {
    0x20, 0x20, 0x5E, 0x35, 0x41, 0x6C, 0x6C, 0x20, 0x27, 0x73, 0x20, 0x20,
    0x20, 0x20, 0x20, 0x20, 0x6D, 0x6F, 0x6E, 0x73, 0x74, 0x65, 0x72, 0x73,
    0x20, 0x67, 0x61, 0x69, 0x6E, 0x20, 0x35, 0x30, 0x30, 0x20, 0x41, 0x54,
    0x4B, 0x20, 0x61, 0x6E, 0x64, 0x20, 0x20, 0x20, 0x44, 0x45, 0x46, 0x2E,
    0x20, 0x43, 0x61, 0x72, 0x64, 0x73, 0x20, 0x69, 0x6E, 0x20, 0x74, 0x68,
    0x65, 0x20, 0x20, 0x20, 0x20, 0x20, 0x20, 0x20, 0x20, 0x20, 0x5E, 0x47,
    0x72, 0x61, 0x76, 0x65, 0x79, 0x61, 0x72, 0x64, 0x20, 0x20, 0x20, 0x63,
    0x61, 0x6E, 0x6E, 0x6F, 0x74, 0x20, 0x62, 0x65, 0x20, 0x20, 0x20, 0x20,
    0x20, 0x62, 0x61, 0x6E, 0x69, 0x73, 0x68, 0x65, 0x64, 0x2E, 0x20, 0x20,
    0x20, 0x20, 0x20, 0x4E, 0x65, 0x67, 0x61, 0x74, 0x65, 0x20, 0x61, 0x6E,
    0x79, 0x20, 0x20, 0x20, 0x20, 0x63, 0x61, 0x72, 0x64, 0x20, 0x65, 0x66,
    0x66, 0x65, 0x63, 0x74, 0x20, 0x5E, 0x74, 0x68, 0x61, 0x74, 0x20, 0x77,
    0x6F, 0x75, 0x6C, 0x64, 0x20, 0x20, 0x6D, 0x6F, 0x76, 0x65, 0x20, 0x61,
    0x20, 0x63, 0x61, 0x72, 0x64, 0x20, 0x69, 0x6E, 0x74, 0x68, 0x65, 0x20,
    0x47, 0x72, 0x61, 0x76, 0x65, 0x79, 0x61, 0x72, 0x64, 0x20, 0x74, 0x6F,
    0x20, 0x61, 0x20, 0x64, 0x69, 0x66, 0x66, 0x65, 0x72, 0x65, 0x6E, 0x74,
    0x70, 0x6C, 0x61, 0x63, 0x65, 0x2E, 0x20, 0x20, 0x20, 0x20, 0x20, 0x20,
    0x5E, 0x4E, 0x65, 0x67, 0x61, 0x74, 0x65, 0x20, 0x61, 0x6E, 0x79, 0x20,
    0x20, 0x63, 0x61, 0x72, 0x64, 0x20, 0x65, 0x66, 0x66, 0x65, 0x63, 0x74,
    0x20, 0x20, 0x20, 0x74, 0x68, 0x61, 0x74, 0x20, 0x63, 0x68, 0x61, 0x6E,
    0x67, 0x65, 0x73, 0x20, 0x20, 0x54, 0x79, 0x70, 0x65, 0x73, 0x20, 0x6F,
    0x72, 0x20, 0x20, 0x20, 0x20, 0x20, 0x20, 0x41, 0x74, 0x74, 0x72, 0x69,
    0x62, 0x75, 0x74, 0x65, 0x73, 0x20, 0x20, 0x5E, 0x69, 0x6E, 0x20, 0x74,
    0x68, 0x65, 0x20, 0x20, 0x20, 0x20, 0x20, 0x20, 0x47, 0x72, 0x61, 0x76,
    0x65, 0x79, 0x61, 0x72, 0x64, 0x2E, 0x20, 0x20, 0x20, 0x20, 0x5E, 0x00,
};

const u8 gDescription_NibiruThePrimalBeing[] APPEND_TEXT = {
    0x20, 0x20, 0x5E, 0x39, 0x44, 0x75, 0x72, 0x69, 0x6E, 0x67, 0x20, 0x74,
    0x68, 0x65, 0x20, 0x20, 0x4D, 0x61, 0x69, 0x6E, 0x20, 0x50, 0x68, 0x61,
    0x73, 0x65, 0x2C, 0x20, 0x69, 0x66, 0x79, 0x6F, 0x75, 0x72, 0x20, 0x6F,
    0x70, 0x70, 0x6F, 0x6E, 0x65, 0x6E, 0x74, 0x20, 0x4E, 0x6F, 0x72, 0x6D,
    0x61, 0x6C, 0x20, 0x6F, 0x72, 0x20, 0x20, 0x20, 0x20, 0x20, 0x53, 0x70,
    0x65, 0x63, 0x69, 0x61, 0x6C, 0x20, 0x20, 0x20, 0x20, 0x20, 0x5E, 0x53,
    0x75, 0x6D, 0x6D, 0x6F, 0x6E, 0x65, 0x64, 0x20, 0x35, 0x20, 0x20, 0x6F,
    0x72, 0x20, 0x6D, 0x6F, 0x72, 0x65, 0x20, 0x20, 0x20, 0x20, 0x20, 0x20,
    0x20, 0x6D, 0x6F, 0x6E, 0x73, 0x74, 0x65, 0x72, 0x73, 0x20, 0x74, 0x68,
    0x69, 0x73, 0x20, 0x74, 0x75, 0x72, 0x6E, 0x20, 0x28, 0x51, 0x75, 0x69,
    0x63, 0x6B, 0x20, 0x20, 0x20, 0x45, 0x66, 0x66, 0x65, 0x63, 0x74, 0x29,
    0x3A, 0x20, 0x59, 0x6F, 0x75, 0x5E, 0x63, 0x61, 0x6E, 0x20, 0x54, 0x72,
    0x69, 0x62, 0x75, 0x74, 0x65, 0x20, 0x61, 0x73, 0x20, 0x6D, 0x61, 0x6E,
    0x79, 0x20, 0x20, 0x20, 0x20, 0x20, 0x20, 0x20, 0x66, 0x61, 0x63, 0x65,
    0x2D, 0x75, 0x70, 0x20, 0x20, 0x20, 0x20, 0x20, 0x20, 0x20, 0x6D, 0x6F,
    0x6E, 0x73, 0x74, 0x65, 0x72, 0x73, 0x20, 0x6F, 0x6E, 0x20, 0x20, 0x20,
    0x74, 0x68, 0x65, 0x20, 0x66, 0x69, 0x65, 0x6C, 0x64, 0x20, 0x61, 0x73,
    0x5E, 0x70, 0x6F, 0x73, 0x73, 0x69, 0x62, 0x6C, 0x65, 0x2C, 0x20, 0x20,
    0x20, 0x61, 0x6E, 0x64, 0x20, 0x69, 0x66, 0x20, 0x79, 0x6F, 0x75, 0x20,
    0x64, 0x6F, 0x2C, 0x53, 0x70, 0x65, 0x63, 0x69, 0x61, 0x6C, 0x20, 0x53,
    0x75, 0x6D, 0x6D, 0x6F, 0x6E, 0x74, 0x68, 0x69, 0x73, 0x20, 0x63, 0x61,
    0x72, 0x64, 0x20, 0x66, 0x72, 0x6F, 0x6D, 0x79, 0x6F, 0x75, 0x72, 0x20,
    0x68, 0x61, 0x6E, 0x64, 0x2C, 0x20, 0x20, 0x5E, 0x74, 0x68, 0x65, 0x6E,
    0x20, 0x53, 0x70, 0x65, 0x63, 0x69, 0x61, 0x6C, 0x53, 0x75, 0x6D, 0x6D,
    0x6F, 0x6E, 0x20, 0x31, 0x20, 0x20, 0x20, 0x20, 0x20, 0x20, 0x50, 0x72,
    0x69, 0x6D, 0x61, 0x6C, 0x20, 0x42, 0x65, 0x69, 0x6E, 0x67, 0x20, 0x20,
    0x54, 0x6F, 0x6B, 0x65, 0x6E, 0x20, 0x65, 0x76, 0x65, 0x6C, 0x20, 0x20,
    0x20, 0x20, 0x31, 0x31, 0x2F, 0x41, 0x54, 0x4B, 0x20, 0x20, 0x20, 0x20,
    0x20, 0x20, 0x5E, 0x3F, 0x2F, 0x44, 0x45, 0x46, 0x20, 0x3F, 0x29, 0x20,
    0x74, 0x6F, 0x20, 0x79, 0x6F, 0x75, 0x72, 0x20, 0x20, 0x20, 0x20, 0x20,
    0x20, 0x20, 0x20, 0x20, 0x20, 0x6F, 0x70, 0x70, 0x6F, 0x6E, 0x65, 0x6E,
    0x74, 0x27, 0x73, 0x20, 0x20, 0x20, 0x20, 0x66, 0x69, 0x65, 0x6C, 0x64,
    0x2E, 0x20, 0x28, 0x54, 0x68, 0x69, 0x73, 0x20, 0x20, 0x54, 0x6F, 0x6B,
    0x65, 0x6E, 0x27, 0x73, 0x20, 0x20, 0x20, 0x20, 0x20, 0x5E, 0x41, 0x54,
    0x4B, 0x2F, 0x44, 0x45, 0x46, 0x20, 0x20, 0x20, 0x20, 0x20, 0x62, 0x65,
    0x63, 0x6F, 0x6D, 0x65, 0x20, 0x74, 0x68, 0x65, 0x20, 0x20, 0x20, 0x20,
    0x63, 0x6F, 0x6D, 0x62, 0x69, 0x6E, 0x65, 0x64, 0x20, 0x20, 0x20, 0x20,
    0x20, 0x20, 0x6F, 0x72, 0x69, 0x67, 0x69, 0x6E, 0x61, 0x6C, 0x20, 0x20,
    0x20, 0x20, 0x20, 0x20, 0x41, 0x54, 0x4B, 0x2F, 0x44, 0x45, 0x46, 0x20,
    0x6F, 0x66, 0x20, 0x20, 0x5E, 0x74, 0x68, 0x65, 0x20, 0x54, 0x72, 0x69,
    0x62, 0x75, 0x74, 0x65, 0x64, 0x20, 0x6D, 0x6F, 0x6E, 0x73, 0x74, 0x65,
    0x72, 0x73, 0x2E, 0x29, 0x20, 0x59, 0x6F, 0x75, 0x20, 0x63, 0x61, 0x6E,
    0x20, 0x6F, 0x6E, 0x6C, 0x79, 0x20, 0x75, 0x73, 0x65, 0x20, 0x74, 0x68,
    0x69, 0x73, 0x20, 0x65, 0x66, 0x66, 0x65, 0x63, 0x74, 0x20, 0x6F, 0x66,
    0x20, 0x4E, 0x69, 0x62, 0x69, 0x72, 0x75, 0x2C, 0x20, 0x74, 0x68, 0x65,
    0x5E, 0x50, 0x72, 0x69, 0x6D, 0x61, 0x6C, 0x20, 0x42, 0x65, 0x69, 0x6E,
    0x67, 0x6F, 0x6E, 0x63, 0x65, 0x20, 0x70, 0x65, 0x72, 0x20, 0x74, 0x75,
    0x72, 0x6E, 0x2E, 0x5E, 0x00,
};

const u8 gDescription_PhotonGeneratorUnit[] APPEND_TEXT = {
    0x20, 0x20, 0x5E, 0x32, 0x54, 0x72, 0x69, 0x62, 0x75, 0x74, 0x65, 0x20,
    0x32, 0x20, 0x20, 0x20, 0x43, 0x79, 0x62, 0x65, 0x72, 0x20, 0x44, 0x72,
    0x61, 0x67, 0x6F, 0x6E, 0x73, 0x2E, 0x53, 0x70, 0x65, 0x63, 0x69, 0x61,
    0x6C, 0x20, 0x53, 0x75, 0x6D, 0x6D, 0x6F, 0x6E, 0x31, 0x20, 0x43, 0x79,
    0x62, 0x65, 0x72, 0x20, 0x4C, 0x61, 0x73, 0x65, 0x72, 0x20, 0x44, 0x72,
    0x61, 0x67, 0x6F, 0x6E, 0x20, 0x66, 0x72, 0x6F, 0x6D, 0x20, 0x5E, 0x79,
    0x6F, 0x75, 0x72, 0x20, 0x68, 0x61, 0x6E, 0x64, 0x2C, 0x20, 0x20, 0x44,
    0x65, 0x63, 0x6B, 0x2C, 0x20, 0x6F, 0x72, 0x20, 0x20, 0x20, 0x20, 0x20,
    0x20, 0x47, 0x72, 0x61, 0x76, 0x65, 0x79, 0x61, 0x72, 0x64, 0x2E, 0x20,
    0x20, 0x20, 0x20, 0x5E, 0x00,
};

const u8 gDescription_ReaperScytheDreadscythe[] APPEND_TEXT = {
    0x20, 0x20, 0x5E, 0x32, 0x45, 0x71, 0x75, 0x69, 0x70, 0x20, 0x6F, 0x6E,
    0x6C, 0x79, 0x20, 0x20, 0x74, 0x6F, 0x20, 0x47, 0x75, 0x61, 0x72, 0x64,
    0x69, 0x61, 0x6E, 0x20, 0x20, 0x20, 0x44, 0x72, 0x65, 0x61, 0x64, 0x73,
    0x63, 0x79, 0x74, 0x68, 0x65, 0x2E, 0x20, 0x20, 0x49, 0x74, 0x20, 0x67,
    0x61, 0x69, 0x6E, 0x73, 0x20, 0x35, 0x30, 0x30, 0x20, 0x20, 0x41, 0x54,
    0x4B, 0x20, 0x66, 0x6F, 0x72, 0x20, 0x65, 0x61, 0x63, 0x68, 0x5E, 0x6D,
    0x6F, 0x6E, 0x73, 0x74, 0x65, 0x72, 0x20, 0x69, 0x6E, 0x20, 0x20, 0x74,
    0x68, 0x65, 0x20, 0x20, 0x20, 0x20, 0x20, 0x20, 0x20, 0x20, 0x20, 0x20,
    0x20, 0x47, 0x72, 0x61, 0x76, 0x65, 0x79, 0x61, 0x72, 0x64, 0x73, 0x2E,
    0x20, 0x20, 0x20, 0x5E, 0x00,
};

const u8 gDescription_RedEyesBlackDragonSword[] APPEND_TEXT = {
    0x20, 0x20, 0x5E, 0x35, 0x4D, 0x75, 0x73, 0x74, 0x20, 0x62, 0x65, 0x20,
    0x20, 0x20, 0x20, 0x20, 0x53, 0x70, 0x65, 0x63, 0x69, 0x61, 0x6C, 0x20,
    0x20, 0x20, 0x20, 0x20, 0x20, 0x20, 0x53, 0x75, 0x6D, 0x6D, 0x6F, 0x6E,
    0x65, 0x64, 0x20, 0x77, 0x69, 0x74, 0x68, 0x20, 0x54, 0x68, 0x65, 0x20,
    0x43, 0x6C, 0x61, 0x77, 0x20, 0x6F, 0x66, 0x20, 0x20, 0x20, 0x48, 0x65,
    0x72, 0x6D, 0x6F, 0x73, 0x2C, 0x20, 0x20, 0x20, 0x20, 0x20, 0x5E, 0x75,
    0x73, 0x69, 0x6E, 0x67, 0x20, 0x61, 0x20, 0x20, 0x20, 0x20, 0x20, 0x44,
    0x72, 0x61, 0x67, 0x6F, 0x6E, 0x20, 0x20, 0x20, 0x20, 0x20, 0x20, 0x20,
    0x20, 0x6D, 0x6F, 0x6E, 0x73, 0x74, 0x65, 0x72, 0x2E, 0x20, 0x49, 0x66,
    0x20, 0x20, 0x20, 0x74, 0x68, 0x69, 0x73, 0x20, 0x63, 0x61, 0x72, 0x64,
    0x20, 0x69, 0x73, 0x20, 0x20, 0x53, 0x70, 0x65, 0x63, 0x69, 0x61, 0x6C,
    0x20, 0x20, 0x20, 0x20, 0x20, 0x5E, 0x53, 0x75, 0x6D, 0x6D, 0x6F, 0x6E,
    0x65, 0x64, 0x3A, 0x20, 0x20, 0x20, 0x54, 0x61, 0x72, 0x67, 0x65, 0x74,
    0x20, 0x31, 0x20, 0x6F, 0x74, 0x68, 0x65, 0x72, 0x66, 0x61, 0x63, 0x65,
    0x2D, 0x75, 0x70, 0x20, 0x20, 0x20, 0x20, 0x20, 0x20, 0x20, 0x6D, 0x6F,
    0x6E, 0x73, 0x74, 0x65, 0x72, 0x20, 0x6F, 0x6E, 0x20, 0x74, 0x68, 0x65,
    0x66, 0x69, 0x65, 0x6C, 0x64, 0x3B, 0x20, 0x65, 0x71, 0x75, 0x69, 0x70,
    0x5E, 0x74, 0x68, 0x69, 0x73, 0x20, 0x63, 0x61, 0x72, 0x64, 0x20, 0x74,
    0x6F, 0x69, 0x74, 0x2E, 0x20, 0x49, 0x74, 0x20, 0x67, 0x61, 0x69, 0x6E,
    0x73, 0x20, 0x20, 0x31, 0x30, 0x30, 0x30, 0x20, 0x41, 0x54, 0x4B, 0x2C,
    0x20, 0x61, 0x6E, 0x64, 0x20, 0x35, 0x30, 0x30, 0x20, 0x41, 0x54, 0x4B,
    0x2F, 0x44, 0x45, 0x46, 0x20, 0x20, 0x20, 0x66, 0x6F, 0x72, 0x20, 0x65,
    0x61, 0x63, 0x68, 0x20, 0x20, 0x20, 0x20, 0x5E, 0x44, 0x72, 0x61, 0x67,
    0x6F, 0x6E, 0x20, 0x20, 0x20, 0x20, 0x20, 0x20, 0x6D, 0x6F, 0x6E, 0x73,
    0x74, 0x65, 0x72, 0x20, 0x6F, 0x6E, 0x20, 0x74, 0x68, 0x65, 0x66, 0x69,
    0x65, 0x6C, 0x64, 0x20, 0x61, 0x6E, 0x64, 0x20, 0x69, 0x6E, 0x20, 0x20,
    0x74, 0x68, 0x65, 0x20, 0x47, 0x59, 0x73, 0x2E, 0x20, 0x20, 0x20, 0x20,
    0x20, 0x20, 0x5E, 0x00,
};

const u8 gDescription_RedGadget[] APPEND_TEXT = {
    0x20, 0x20, 0x5E, 0x32, 0x57, 0x68, 0x65, 0x6E, 0x20, 0x74, 0x68, 0x69,
    0x73, 0x20, 0x20, 0x20, 0x63, 0x61, 0x72, 0x64, 0x20, 0x69, 0x73, 0x20,
    0x4E, 0x6F, 0x72, 0x6D, 0x61, 0x6C, 0x6F, 0x72, 0x20, 0x53, 0x70, 0x65,
    0x63, 0x69, 0x61, 0x6C, 0x20, 0x20, 0x20, 0x20, 0x53, 0x75, 0x6D, 0x6D,
    0x6F, 0x6E, 0x65, 0x64, 0x3A, 0x20, 0x59, 0x6F, 0x75, 0x20, 0x63, 0x61,
    0x6E, 0x20, 0x61, 0x64, 0x64, 0x20, 0x31, 0x20, 0x20, 0x20, 0x5E, 0x59,
    0x65, 0x6C, 0x6C, 0x6F, 0x77, 0x20, 0x20, 0x20, 0x20, 0x20, 0x20, 0x47,
    0x61, 0x64, 0x67, 0x65, 0x74, 0x20, 0x66, 0x72, 0x6F, 0x6D, 0x20, 0x20,
    0x20, 0x79, 0x6F, 0x75, 0x72, 0x20, 0x44, 0x65, 0x63, 0x6B, 0x20, 0x74,
    0x6F, 0x20, 0x20, 0x79, 0x6F, 0x75, 0x72, 0x20, 0x68, 0x61, 0x6E, 0x64,
    0x2E, 0x20, 0x20, 0x20, 0x20, 0x5E, 0x00,
};

const u8 gDescription_RocketHermosCannon[] APPEND_TEXT = {
    0x20, 0x20, 0x5E, 0x36, 0x4D, 0x75, 0x73, 0x74, 0x20, 0x62, 0x65, 0x20,
    0x20, 0x20, 0x20, 0x20, 0x53, 0x70, 0x65, 0x63, 0x69, 0x61, 0x6C, 0x20,
    0x20, 0x20, 0x20, 0x20, 0x20, 0x20, 0x53, 0x75, 0x6D, 0x6D, 0x6F, 0x6E,
    0x65, 0x64, 0x20, 0x77, 0x69, 0x74, 0x68, 0x20, 0x54, 0x68, 0x65, 0x20,
    0x43, 0x6C, 0x61, 0x77, 0x20, 0x6F, 0x66, 0x20, 0x20, 0x20, 0x48, 0x65,
    0x72, 0x6D, 0x6F, 0x73, 0x2C, 0x20, 0x20, 0x20, 0x20, 0x20, 0x5E, 0x75,
    0x73, 0x69, 0x6E, 0x67, 0x20, 0x61, 0x20, 0x20, 0x20, 0x20, 0x20, 0x57,
    0x61, 0x72, 0x72, 0x69, 0x6F, 0x72, 0x20, 0x20, 0x20, 0x20, 0x20, 0x20,
    0x20, 0x6D, 0x6F, 0x6E, 0x73, 0x74, 0x65, 0x72, 0x2E, 0x20, 0x49, 0x66,
    0x20, 0x20, 0x20, 0x74, 0x68, 0x69, 0x73, 0x20, 0x63, 0x61, 0x72, 0x64,
    0x20, 0x69, 0x73, 0x20, 0x20, 0x53, 0x70, 0x65, 0x63, 0x69, 0x61, 0x6C,
    0x20, 0x20, 0x20, 0x20, 0x20, 0x5E, 0x53, 0x75, 0x6D, 0x6D, 0x6F, 0x6E,
    0x65, 0x64, 0x3A, 0x20, 0x20, 0x20, 0x54, 0x61, 0x72, 0x67, 0x65, 0x74,
    0x20, 0x31, 0x20, 0x6F, 0x74, 0x68, 0x65, 0x72, 0x66, 0x61, 0x63, 0x65,
    0x2D, 0x75, 0x70, 0x20, 0x20, 0x20, 0x20, 0x20, 0x20, 0x20, 0x6D, 0x6F,
    0x6E, 0x73, 0x74, 0x65, 0x72, 0x20, 0x6F, 0x6E, 0x20, 0x74, 0x68, 0x65,
    0x66, 0x69, 0x65, 0x6C, 0x64, 0x3B, 0x20, 0x65, 0x71, 0x75, 0x69, 0x70,
    0x5E, 0x74, 0x68, 0x69, 0x73, 0x20, 0x63, 0x61, 0x72, 0x64, 0x20, 0x74,
    0x6F, 0x69, 0x74, 0x2E, 0x20, 0x49, 0x74, 0x20, 0x63, 0x61, 0x6E, 0x20,
    0x20, 0x20, 0x20, 0x6D, 0x61, 0x6B, 0x65, 0x20, 0x61, 0x20, 0x73, 0x65,
    0x63, 0x6F, 0x6E, 0x64, 0x20, 0x61, 0x74, 0x74, 0x61, 0x63, 0x6B, 0x20,
    0x64, 0x75, 0x72, 0x69, 0x6E, 0x67, 0x20, 0x65, 0x61, 0x63, 0x68, 0x20,
    0x42, 0x61, 0x74, 0x74, 0x6C, 0x65, 0x20, 0x5E, 0x50, 0x68, 0x61, 0x73,
    0x65, 0x2C, 0x20, 0x61, 0x6C, 0x73, 0x6F, 0x2C, 0x69, 0x66, 0x20, 0x69,
    0x74, 0x20, 0x61, 0x74, 0x74, 0x61, 0x63, 0x6B, 0x73, 0x20, 0x61, 0x20,
    0x44, 0x65, 0x66, 0x65, 0x6E, 0x73, 0x65, 0x20, 0x20, 0x20, 0x20, 0x20,
    0x50, 0x6F, 0x73, 0x69, 0x74, 0x69, 0x6F, 0x6E, 0x20, 0x20, 0x20, 0x20,
    0x20, 0x20, 0x6D, 0x6F, 0x6E, 0x73, 0x74, 0x65, 0x72, 0x2C, 0x20, 0x20,
    0x20, 0x20, 0x5E, 0x69, 0x6E, 0x66, 0x6C, 0x69, 0x63, 0x74, 0x20, 0x20,
    0x20, 0x20, 0x20, 0x70, 0x69, 0x65, 0x72, 0x63, 0x69, 0x6E, 0x67, 0x20,
    0x20, 0x20, 0x20, 0x20, 0x20, 0x62, 0x61, 0x74, 0x74, 0x6C, 0x65, 0x20,
    0x64, 0x61, 0x6D, 0x61, 0x67, 0x65, 0x20, 0x74, 0x6F, 0x20, 0x79, 0x6F,
    0x75, 0x72, 0x20, 0x20, 0x20, 0x20, 0x20, 0x20, 0x20, 0x6F, 0x70, 0x70,
    0x6F, 0x6E, 0x65, 0x6E, 0x74, 0x2E, 0x20, 0x20, 0x20, 0x5E, 0x00,
};

const u8 gDescription_Scapegoat[] APPEND_TEXT = {
    0x20, 0x20, 0x5E, 0x34, 0x53, 0x70, 0x65, 0x63, 0x69, 0x61, 0x6C, 0x20,
    0x20, 0x20, 0x20, 0x20, 0x53, 0x75, 0x6D, 0x6D, 0x6F, 0x6E, 0x20, 0x34,
    0x20, 0x53, 0x68, 0x65, 0x65, 0x70, 0x54, 0x6F, 0x6B, 0x65, 0x6E, 0x73,
    0x20, 0x4C, 0x65, 0x76, 0x65, 0x6C, 0x20, 0x20, 0x31, 0x2F, 0x41, 0x54,
    0x4B, 0x20, 0x30, 0x2F, 0x44, 0x45, 0x46, 0x20, 0x30, 0x29, 0x69, 0x6E,
    0x20, 0x20, 0x20, 0x20, 0x20, 0x20, 0x20, 0x20, 0x20, 0x20, 0x5E, 0x44,
    0x65, 0x66, 0x65, 0x6E, 0x73, 0x65, 0x20, 0x20, 0x20, 0x20, 0x20, 0x50,
    0x6F, 0x73, 0x69, 0x74, 0x69, 0x6F, 0x6E, 0x2E, 0x20, 0x54, 0x68, 0x65,
    0x79, 0x63, 0x61, 0x6E, 0x6E, 0x6F, 0x74, 0x20, 0x62, 0x65, 0x20, 0x20,
    0x20, 0x20, 0x20, 0x54, 0x72, 0x69, 0x62, 0x75, 0x74, 0x65, 0x64, 0x20,
    0x66, 0x6F, 0x72, 0x20, 0x61, 0x54, 0x72, 0x69, 0x62, 0x75, 0x74, 0x65,
    0x20, 0x20, 0x20, 0x20, 0x20, 0x5E, 0x53, 0x75, 0x6D, 0x6D, 0x6F, 0x6E,
    0x2E, 0x20, 0x59, 0x6F, 0x75, 0x20, 0x63, 0x61, 0x6E, 0x6E, 0x6F, 0x74,
    0x20, 0x53, 0x75, 0x6D, 0x6D, 0x6F, 0x6E, 0x20, 0x6F, 0x74, 0x68, 0x65,
    0x72, 0x20, 0x6D, 0x6F, 0x6E, 0x73, 0x74, 0x65, 0x72, 0x73, 0x74, 0x68,
    0x65, 0x20, 0x74, 0x75, 0x72, 0x6E, 0x20, 0x79, 0x6F, 0x75, 0x20, 0x20,
    0x61, 0x63, 0x74, 0x69, 0x76, 0x61, 0x74, 0x65, 0x20, 0x20, 0x20, 0x20,
    0x5E, 0x74, 0x68, 0x69, 0x73, 0x20, 0x63, 0x61, 0x72, 0x64, 0x20, 0x20,
    0x20, 0x28, 0x62, 0x75, 0x74, 0x20, 0x79, 0x6F, 0x75, 0x20, 0x63, 0x61,
    0x6E, 0x20, 0x20, 0x4E, 0x6F, 0x72, 0x6D, 0x61, 0x6C, 0x20, 0x53, 0x65,
    0x74, 0x29, 0x2E, 0x20, 0x20, 0x5E, 0x00,
};

const u8 gDescription_SolemnJudgment[] APPEND_TEXT = {
    0x20, 0x20, 0x5E, 0x33, 0x57, 0x68, 0x65, 0x6E, 0x20, 0x61, 0x20, 0x20,
    0x20, 0x20, 0x20, 0x20, 0x6D, 0x6F, 0x6E, 0x73, 0x74, 0x65, 0x72, 0x28,
    0x73, 0x29, 0x20, 0x20, 0x20, 0x20, 0x77, 0x6F, 0x75, 0x6C, 0x64, 0x20,
    0x62, 0x65, 0x20, 0x20, 0x20, 0x20, 0x20, 0x20, 0x53, 0x75, 0x6D, 0x6D,
    0x6F, 0x6E, 0x65, 0x64, 0x2C, 0x20, 0x4F, 0x52, 0x20, 0x61, 0x53, 0x70,
    0x65, 0x6C, 0x6C, 0x2F, 0x54, 0x72, 0x61, 0x70, 0x20, 0x20, 0x5E, 0x43,
    0x61, 0x72, 0x64, 0x20, 0x69, 0x73, 0x20, 0x20, 0x20, 0x20, 0x20, 0x61,
    0x63, 0x74, 0x69, 0x76, 0x61, 0x74, 0x65, 0x64, 0x3A, 0x20, 0x50, 0x61,
    0x79, 0x68, 0x61, 0x6C, 0x66, 0x20, 0x79, 0x6F, 0x75, 0x72, 0x20, 0x4C,
    0x50, 0x3B, 0x20, 0x6E, 0x65, 0x67, 0x61, 0x74, 0x65, 0x20, 0x74, 0x68,
    0x65, 0x20, 0x20, 0x20, 0x20, 0x53, 0x75, 0x6D, 0x6D, 0x6F, 0x6E, 0x20,
    0x6F, 0x72, 0x20, 0x20, 0x20, 0x5E, 0x61, 0x63, 0x74, 0x69, 0x76, 0x61,
    0x74, 0x69, 0x6F, 0x6E, 0x2C, 0x20, 0x61, 0x6E, 0x64, 0x20, 0x69, 0x66,
    0x20, 0x79, 0x6F, 0x75, 0x20, 0x64, 0x6F, 0x2C, 0x64, 0x65, 0x73, 0x74,
    0x72, 0x6F, 0x79, 0x20, 0x74, 0x68, 0x61, 0x74, 0x20, 0x20, 0x63, 0x61,
    0x72, 0x64, 0x2E, 0x20, 0x20, 0x20, 0x20, 0x20, 0x20, 0x20, 0x20, 0x20,
    0x5E, 0x00,
};

const u8 gDescription_SuperPolymerization[] APPEND_TEXT = {
    0x20, 0x20, 0x5E, 0x34, 0x44, 0x69, 0x73, 0x63, 0x61, 0x72, 0x64, 0x20,
    0x31, 0x20, 0x20, 0x20, 0x63, 0x61, 0x72, 0x64, 0x3B, 0x20, 0x46, 0x75,
    0x73, 0x69, 0x6F, 0x6E, 0x20, 0x20, 0x53, 0x75, 0x6D, 0x6D, 0x6F, 0x6E,
    0x20, 0x31, 0x20, 0x20, 0x20, 0x20, 0x20, 0x20, 0x46, 0x75, 0x73, 0x69,
    0x6F, 0x6E, 0x20, 0x4D, 0x6F, 0x6E, 0x73, 0x74, 0x65, 0x72, 0x66, 0x72,
    0x6F, 0x6D, 0x20, 0x79, 0x6F, 0x75, 0x72, 0x20, 0x20, 0x20, 0x5E, 0x45,
    0x78, 0x74, 0x72, 0x61, 0x20, 0x44, 0x65, 0x63, 0x6B, 0x2C, 0x20, 0x75,
    0x73, 0x69, 0x6E, 0x67, 0x20, 0x6D, 0x6F, 0x6E, 0x73, 0x74, 0x65, 0x72,
    0x73, 0x66, 0x72, 0x6F, 0x6D, 0x20, 0x65, 0x69, 0x74, 0x68, 0x65, 0x72,
    0x20, 0x20, 0x20, 0x66, 0x69, 0x65, 0x6C, 0x64, 0x20, 0x61, 0x73, 0x20,
    0x20, 0x20, 0x20, 0x20, 0x20, 0x46, 0x75, 0x73, 0x69, 0x6F, 0x6E, 0x20,
    0x20, 0x20, 0x20, 0x20, 0x20, 0x5E, 0x4D, 0x61, 0x74, 0x65, 0x72, 0x69,
    0x61, 0x6C, 0x2E, 0x20, 0x20, 0x20, 0x4E, 0x65, 0x69, 0x74, 0x68, 0x65,
    0x72, 0x20, 0x70, 0x6C, 0x61, 0x79, 0x65, 0x72, 0x63, 0x61, 0x6E, 0x20,
    0x61, 0x63, 0x74, 0x69, 0x76, 0x61, 0x74, 0x65, 0x20, 0x20, 0x63, 0x61,
    0x72, 0x64, 0x73, 0x20, 0x6F, 0x72, 0x20, 0x20, 0x20, 0x20, 0x20, 0x20,
    0x65, 0x66, 0x66, 0x65, 0x63, 0x74, 0x73, 0x20, 0x69, 0x6E, 0x20, 0x20,
    0x5E, 0x72, 0x65, 0x73, 0x70, 0x6F, 0x6E, 0x73, 0x65, 0x20, 0x74, 0x6F,
    0x20, 0x74, 0x68, 0x69, 0x73, 0x20, 0x63, 0x61, 0x72, 0x64, 0x27, 0x73,
    0x20, 0x20, 0x20, 0x61, 0x63, 0x74, 0x69, 0x76, 0x61, 0x74, 0x69, 0x6F,
    0x6E, 0x2E, 0x20, 0x20, 0x20, 0x5E, 0x00,
};

const u8 gDescription_VisionHeroAdoration[] APPEND_TEXT = {
    0x20, 0x20, 0x5E, 0x35, 0x32, 0x20, 0x48, 0x45, 0x52, 0x4F, 0x20, 0x20,
    0x20, 0x20, 0x20, 0x20, 0x6D, 0x6F, 0x6E, 0x73, 0x74, 0x65, 0x72, 0x73,
    0x20, 0x4F, 0x6E, 0x63, 0x65, 0x20, 0x70, 0x65, 0x72, 0x20, 0x74, 0x75,
    0x72, 0x6E, 0x3A, 0x20, 0x59, 0x6F, 0x75, 0x20, 0x63, 0x61, 0x6E, 0x20,
    0x74, 0x61, 0x72, 0x67, 0x65, 0x74, 0x20, 0x31, 0x20, 0x20, 0x66, 0x61,
    0x63, 0x65, 0x2D, 0x75, 0x70, 0x20, 0x20, 0x20, 0x20, 0x20, 0x5E, 0x6D,
    0x6F, 0x6E, 0x73, 0x74, 0x65, 0x72, 0x20, 0x79, 0x6F, 0x75, 0x72, 0x6F,
    0x70, 0x70, 0x6F, 0x6E, 0x65, 0x6E, 0x74, 0x20, 0x20, 0x20, 0x20, 0x20,
    0x20, 0x63, 0x6F, 0x6E, 0x74, 0x72, 0x6F, 0x6C, 0x73, 0x20, 0x61, 0x6E,
    0x64, 0x20, 0x31, 0x6F, 0x74, 0x68, 0x65, 0x72, 0x20, 0x48, 0x45, 0x52,
    0x4F, 0x20, 0x20, 0x20, 0x20, 0x6D, 0x6F, 0x6E, 0x73, 0x74, 0x65, 0x72,
    0x20, 0x79, 0x6F, 0x75, 0x20, 0x5E, 0x63, 0x6F, 0x6E, 0x74, 0x72, 0x6F,
    0x6C, 0x3B, 0x20, 0x74, 0x68, 0x65, 0x6F, 0x70, 0x70, 0x6F, 0x6E, 0x65,
    0x6E, 0x74, 0x27, 0x73, 0x20, 0x20, 0x20, 0x20, 0x74, 0x61, 0x72, 0x67,
    0x65, 0x74, 0x65, 0x64, 0x20, 0x20, 0x20, 0x20, 0x20, 0x20, 0x6D, 0x6F,
    0x6E, 0x73, 0x74, 0x65, 0x72, 0x20, 0x6C, 0x6F, 0x73, 0x65, 0x73, 0x20,
    0x41, 0x54, 0x4B, 0x20, 0x61, 0x6E, 0x64, 0x20, 0x44, 0x45, 0x46, 0x20,
    0x5E, 0x65, 0x71, 0x75, 0x61, 0x6C, 0x20, 0x74, 0x6F, 0x20, 0x74, 0x68,
    0x65, 0x41, 0x54, 0x4B, 0x20, 0x6F, 0x66, 0x20, 0x79, 0x6F, 0x75, 0x72,
    0x20, 0x20, 0x20, 0x74, 0x61, 0x72, 0x67, 0x65, 0x74, 0x65, 0x64, 0x20,
    0x20, 0x20, 0x20, 0x20, 0x20, 0x6D, 0x6F, 0x6E, 0x73, 0x74, 0x65, 0x72,
    0x2C, 0x20, 0x75, 0x6E, 0x74, 0x69, 0x6C, 0x74, 0x68, 0x65, 0x20, 0x65,
    0x6E, 0x64, 0x20, 0x6F, 0x66, 0x20, 0x20, 0x5E, 0x74, 0x68, 0x69, 0x73,
    0x20, 0x74, 0x75, 0x72, 0x6E, 0x2E, 0x20, 0x20, 0x5E, 0x00,
};

const u8 gDescription_VisionHeroFaris[] APPEND_TEXT = {
    0x20, 0x20, 0x5E, 0x38, 0x59, 0x6F, 0x75, 0x20, 0x63, 0x61, 0x6E, 0x20,
    0x20, 0x20, 0x20, 0x20, 0x64, 0x69, 0x73, 0x63, 0x61, 0x72, 0x64, 0x20,
    0x31, 0x20, 0x20, 0x20, 0x20, 0x20, 0x6F, 0x74, 0x68, 0x65, 0x72, 0x20,
    0x48, 0x45, 0x52, 0x4F, 0x20, 0x20, 0x20, 0x20, 0x6D, 0x6F, 0x6E, 0x73,
    0x74, 0x65, 0x72, 0x3B, 0x20, 0x20, 0x20, 0x20, 0x20, 0x20, 0x53, 0x70,
    0x65, 0x63, 0x69, 0x61, 0x6C, 0x20, 0x20, 0x20, 0x20, 0x20, 0x5E, 0x53,
    0x75, 0x6D, 0x6D, 0x6F, 0x6E, 0x20, 0x74, 0x68, 0x69, 0x73, 0x20, 0x63,
    0x61, 0x72, 0x64, 0x20, 0x66, 0x72, 0x6F, 0x6D, 0x20, 0x79, 0x6F, 0x75,
    0x72, 0x68, 0x61, 0x6E, 0x64, 0x2E, 0x20, 0x49, 0x66, 0x20, 0x74, 0x68,
    0x69, 0x73, 0x20, 0x63, 0x61, 0x72, 0x64, 0x20, 0x69, 0x73, 0x20, 0x4E,
    0x6F, 0x72, 0x6D, 0x61, 0x6C, 0x6F, 0x72, 0x20, 0x53, 0x70, 0x65, 0x63,
    0x69, 0x61, 0x6C, 0x20, 0x20, 0x5E, 0x53, 0x75, 0x6D, 0x6D, 0x6F, 0x6E,
    0x65, 0x64, 0x3A, 0x20, 0x20, 0x20, 0x59, 0x6F, 0x75, 0x20, 0x63, 0x61,
    0x6E, 0x20, 0x70, 0x6C, 0x61, 0x63, 0x65, 0x20, 0x31, 0x20, 0x56, 0x69,
    0x73, 0x69, 0x6F, 0x6E, 0x20, 0x48, 0x45, 0x52, 0x4F, 0x20, 0x6D, 0x6F,
    0x6E, 0x73, 0x74, 0x65, 0x72, 0x20, 0x66, 0x72, 0x6F, 0x6D, 0x20, 0x20,
    0x79, 0x6F, 0x75, 0x72, 0x20, 0x44, 0x65, 0x63, 0x6B, 0x2C, 0x20, 0x20,
    0x5E, 0x65, 0x78, 0x63, 0x65, 0x70, 0x74, 0x20, 0x20, 0x20, 0x20, 0x20,
    0x20, 0x56, 0x69, 0x73, 0x69, 0x6F, 0x6E, 0x20, 0x48, 0x45, 0x52, 0x4F,
    0x20, 0x20, 0x20, 0x46, 0x61, 0x72, 0x69, 0x73, 0x2C, 0x20, 0x69, 0x6E,
    0x20, 0x79, 0x6F, 0x75, 0x72, 0x53, 0x70, 0x65, 0x6C, 0x6C, 0x20, 0x26,
    0x20, 0x54, 0x72, 0x61, 0x70, 0x20, 0x20, 0x5A, 0x6F, 0x6E, 0x65, 0x20,
    0x61, 0x73, 0x20, 0x61, 0x20, 0x20, 0x20, 0x5E, 0x66, 0x61, 0x63, 0x65,
    0x2D, 0x75, 0x70, 0x20, 0x20, 0x20, 0x20, 0x20, 0x43, 0x6F, 0x6E, 0x74,
    0x69, 0x6E, 0x75, 0x6F, 0x75, 0x73, 0x20, 0x20, 0x20, 0x20, 0x54, 0x72,
    0x61, 0x70, 0x2C, 0x20, 0x61, 0x6C, 0x73, 0x6F, 0x20, 0x79, 0x6F, 0x75,
    0x63, 0x61, 0x6E, 0x6E, 0x6F, 0x74, 0x20, 0x53, 0x70, 0x65, 0x63, 0x69,
    0x61, 0x6C, 0x53, 0x75, 0x6D, 0x6D, 0x6F, 0x6E, 0x20, 0x20, 0x20, 0x20,
    0x20, 0x20, 0x5E, 0x6D, 0x6F, 0x6E, 0x73, 0x74, 0x65, 0x72, 0x73, 0x20,
    0x20, 0x20, 0x20, 0x66, 0x72, 0x6F, 0x6D, 0x20, 0x74, 0x68, 0x65, 0x20,
    0x45, 0x78, 0x74, 0x72, 0x61, 0x44, 0x65, 0x63, 0x6B, 0x20, 0x66, 0x6F,
    0x72, 0x20, 0x74, 0x68, 0x65, 0x20, 0x20, 0x72, 0x65, 0x73, 0x74, 0x20,
    0x6F, 0x66, 0x20, 0x74, 0x68, 0x69, 0x73, 0x20, 0x20, 0x74, 0x75, 0x72,
    0x6E, 0x2C, 0x20, 0x65, 0x78, 0x63, 0x65, 0x70, 0x74, 0x5E, 0x48, 0x45,
    0x52, 0x4F, 0x20, 0x20, 0x20, 0x20, 0x20, 0x20, 0x20, 0x20, 0x6D, 0x6F,
    0x6E, 0x73, 0x74, 0x65, 0x72, 0x73, 0x2E, 0x20, 0x59, 0x6F, 0x75, 0x20,
    0x63, 0x61, 0x6E, 0x20, 0x6F, 0x6E, 0x6C, 0x79, 0x20, 0x75, 0x73, 0x65,
    0x20, 0x20, 0x65, 0x61, 0x63, 0x68, 0x20, 0x65, 0x66, 0x66, 0x65, 0x63,
    0x74, 0x20, 0x6F, 0x66, 0x56, 0x69, 0x73, 0x69, 0x6F, 0x6E, 0x20, 0x48,
    0x45, 0x52, 0x4F, 0x20, 0x5E, 0x46, 0x61, 0x72, 0x69, 0x73, 0x20, 0x6F,
    0x6E, 0x63, 0x65, 0x20, 0x20, 0x70, 0x65, 0x72, 0x20, 0x74, 0x75, 0x72,
    0x6E, 0x2E, 0x20, 0x20, 0x20, 0x20, 0x20, 0x5E, 0x00,
};

const u8 gDescription_VisionHeroGravito[] APPEND_TEXT = {
    0x20, 0x20, 0x5E, 0x35, 0x49, 0x66, 0x20, 0x74, 0x68, 0x69, 0x73, 0x20,
    0x63, 0x61, 0x72, 0x64, 0x69, 0x73, 0x20, 0x4E, 0x6F, 0x72, 0x6D, 0x61,
    0x6C, 0x20, 0x6F, 0x72, 0x20, 0x20, 0x53, 0x70, 0x65, 0x63, 0x69, 0x61,
    0x6C, 0x20, 0x20, 0x20, 0x20, 0x20, 0x20, 0x20, 0x53, 0x75, 0x6D, 0x6D,
    0x6F, 0x6E, 0x65, 0x64, 0x3A, 0x20, 0x59, 0x6F, 0x75, 0x20, 0x63, 0x61,
    0x6E, 0x20, 0x74, 0x61, 0x72, 0x67, 0x65, 0x74, 0x20, 0x31, 0x5E, 0x6F,
    0x66, 0x20, 0x79, 0x6F, 0x75, 0x72, 0x20, 0x20, 0x20, 0x20, 0x20, 0x62,
    0x61, 0x6E, 0x69, 0x73, 0x68, 0x65, 0x64, 0x20, 0x48, 0x45, 0x52, 0x4F,
    0x20, 0x6D, 0x6F, 0x6E, 0x73, 0x74, 0x65, 0x72, 0x73, 0x3B, 0x20, 0x61,
    0x64, 0x64, 0x20, 0x69, 0x74, 0x20, 0x74, 0x6F, 0x20, 0x79, 0x6F, 0x75,
    0x72, 0x20, 0x20, 0x20, 0x20, 0x68, 0x61, 0x6E, 0x64, 0x2E, 0x20, 0x59,
    0x6F, 0x75, 0x20, 0x20, 0x20, 0x5E, 0x63, 0x61, 0x6E, 0x20, 0x54, 0x72,
    0x69, 0x62, 0x75, 0x74, 0x65, 0x20, 0x74, 0x68, 0x69, 0x73, 0x20, 0x63,
    0x61, 0x72, 0x64, 0x2C, 0x20, 0x20, 0x20, 0x20, 0x74, 0x68, 0x65, 0x6E,
    0x20, 0x74, 0x61, 0x72, 0x67, 0x65, 0x74, 0x20, 0x32, 0x20, 0x56, 0x69,
    0x73, 0x69, 0x6F, 0x6E, 0x20, 0x48, 0x45, 0x52, 0x4F, 0x20, 0x20, 0x20,
    0x4D, 0x6F, 0x6E, 0x73, 0x74, 0x65, 0x72, 0x20, 0x20, 0x20, 0x20, 0x20,
    0x5E, 0x43, 0x61, 0x72, 0x64, 0x73, 0x20, 0x69, 0x6E, 0x20, 0x20, 0x20,
    0x20, 0x79, 0x6F, 0x75, 0x72, 0x20, 0x53, 0x70, 0x65, 0x6C, 0x6C, 0x20,
    0x26, 0x20, 0x20, 0x54, 0x72, 0x61, 0x70, 0x20, 0x5A, 0x6F, 0x6E, 0x65,
    0x3B, 0x20, 0x20, 0x20, 0x20, 0x53, 0x70, 0x65, 0x63, 0x69, 0x61, 0x6C,
    0x20, 0x53, 0x75, 0x6D, 0x6D, 0x6F, 0x6E, 0x74, 0x68, 0x65, 0x6D, 0x2E,
    0x20, 0x59, 0x6F, 0x75, 0x20, 0x20, 0x20, 0x5E, 0x63, 0x61, 0x6E, 0x20,
    0x6F, 0x6E, 0x6C, 0x79, 0x20, 0x75, 0x73, 0x65, 0x65, 0x61, 0x63, 0x68,
    0x20, 0x65, 0x66, 0x66, 0x65, 0x63, 0x74, 0x20, 0x6F, 0x66, 0x56, 0x69,
    0x73, 0x69, 0x6F, 0x6E, 0x20, 0x48, 0x45, 0x52, 0x4F, 0x20, 0x20, 0x20,
    0x47, 0x72, 0x61, 0x76, 0x69, 0x74, 0x6F, 0x20, 0x6F, 0x6E, 0x63, 0x65,
    0x20, 0x20, 0x70, 0x65, 0x72, 0x20, 0x74, 0x75, 0x72, 0x6E, 0x2E, 0x20,
    0x20, 0x20, 0x5E, 0x00,
};

const u8 gDescription_VisionHeroIncrease[] APPEND_TEXT = {
    0x20, 0x20, 0x5E, 0x39, 0x49, 0x66, 0x20, 0x79, 0x6F, 0x75, 0x20, 0x74,
    0x61, 0x6B, 0x65, 0x20, 0x62, 0x61, 0x74, 0x74, 0x6C, 0x65, 0x20, 0x6F,
    0x72, 0x20, 0x20, 0x20, 0x20, 0x20, 0x65, 0x66, 0x66, 0x65, 0x63, 0x74,
    0x20, 0x64, 0x61, 0x6D, 0x61, 0x67, 0x65, 0x20, 0x77, 0x68, 0x69, 0x6C,
    0x65, 0x20, 0x74, 0x68, 0x69, 0x73, 0x20, 0x20, 0x20, 0x20, 0x63, 0x61,
    0x72, 0x64, 0x20, 0x69, 0x73, 0x20, 0x69, 0x6E, 0x20, 0x20, 0x5E, 0x79,
    0x6F, 0x75, 0x72, 0x20, 0x47, 0x59, 0x3A, 0x20, 0x59, 0x6F, 0x75, 0x63,
    0x61, 0x6E, 0x20, 0x70, 0x6C, 0x61, 0x63, 0x65, 0x20, 0x74, 0x68, 0x69,
    0x73, 0x63, 0x61, 0x72, 0x64, 0x20, 0x66, 0x72, 0x6F, 0x6D, 0x20, 0x79,
    0x6F, 0x75, 0x72, 0x47, 0x59, 0x20, 0x69, 0x6E, 0x20, 0x79, 0x6F, 0x75,
    0x72, 0x20, 0x20, 0x20, 0x20, 0x53, 0x70, 0x65, 0x6C, 0x6C, 0x20, 0x26,
    0x20, 0x54, 0x72, 0x61, 0x70, 0x5E, 0x5A, 0x6F, 0x6E, 0x65, 0x20, 0x61,
    0x73, 0x20, 0x61, 0x20, 0x20, 0x20, 0x66, 0x61, 0x63, 0x65, 0x2D, 0x75,
    0x70, 0x20, 0x20, 0x20, 0x20, 0x20, 0x20, 0x20, 0x43, 0x6F, 0x6E, 0x74,
    0x69, 0x6E, 0x75, 0x6F, 0x75, 0x73, 0x20, 0x20, 0x20, 0x20, 0x54, 0x72,
    0x61, 0x70, 0x2E, 0x20, 0x44, 0x75, 0x72, 0x69, 0x6E, 0x67, 0x20, 0x20,
    0x74, 0x68, 0x65, 0x20, 0x4D, 0x61, 0x69, 0x6E, 0x20, 0x20, 0x20, 0x20,
    0x5E, 0x50, 0x68, 0x61, 0x73, 0x65, 0x2C, 0x20, 0x69, 0x66, 0x20, 0x20,
    0x20, 0x74, 0x68, 0x69, 0x73, 0x20, 0x63, 0x61, 0x72, 0x64, 0x20, 0x69,
    0x73, 0x20, 0x20, 0x74, 0x72, 0x65, 0x61, 0x74, 0x65, 0x64, 0x20, 0x61,
    0x73, 0x20, 0x61, 0x20, 0x20, 0x43, 0x6F, 0x6E, 0x74, 0x69, 0x6E, 0x75,
    0x6F, 0x75, 0x73, 0x20, 0x20, 0x20, 0x20, 0x54, 0x72, 0x61, 0x70, 0x3A,
    0x20, 0x59, 0x6F, 0x75, 0x20, 0x20, 0x20, 0x5E, 0x63, 0x61, 0x6E, 0x20,
    0x54, 0x72, 0x69, 0x62, 0x75, 0x74, 0x65, 0x20, 0x31, 0x20, 0x48, 0x45,
    0x52, 0x4F, 0x20, 0x20, 0x20, 0x20, 0x20, 0x20, 0x20, 0x20, 0x6D, 0x6F,
    0x6E, 0x73, 0x74, 0x65, 0x72, 0x3B, 0x20, 0x20, 0x20, 0x20, 0x20, 0x20,
    0x53, 0x70, 0x65, 0x63, 0x69, 0x61, 0x6C, 0x20, 0x53, 0x75, 0x6D, 0x6D,
    0x6F, 0x6E, 0x74, 0x68, 0x69, 0x73, 0x20, 0x63, 0x61, 0x72, 0x64, 0x2E,
    0x20, 0x20, 0x5E, 0x49, 0x66, 0x20, 0x74, 0x68, 0x69, 0x73, 0x20, 0x63,
    0x61, 0x72, 0x64, 0x69, 0x73, 0x20, 0x53, 0x70, 0x65, 0x63, 0x69, 0x61,
    0x6C, 0x20, 0x20, 0x20, 0x20, 0x53, 0x75, 0x6D, 0x6D, 0x6F, 0x6E, 0x65,
    0x64, 0x20, 0x66, 0x72, 0x6F, 0x6D, 0x20, 0x74, 0x68, 0x65, 0x20, 0x53,
    0x70, 0x65, 0x6C, 0x6C, 0x20, 0x26, 0x20, 0x20, 0x20, 0x54, 0x72, 0x61,
    0x70, 0x20, 0x5A, 0x6F, 0x6E, 0x65, 0x3A, 0x20, 0x20, 0x5E, 0x59, 0x6F,
    0x75, 0x20, 0x63, 0x61, 0x6E, 0x20, 0x20, 0x20, 0x20, 0x20, 0x53, 0x70,
    0x65, 0x63, 0x69, 0x61, 0x6C, 0x20, 0x53, 0x75, 0x6D, 0x6D, 0x6F, 0x6E,
    0x31, 0x20, 0x4C, 0x65, 0x76, 0x65, 0x6C, 0x20, 0x34, 0x20, 0x6F, 0x72,
    0x20, 0x20, 0x6C, 0x6F, 0x77, 0x65, 0x72, 0x20, 0x56, 0x69, 0x73, 0x69,
    0x6F, 0x6E, 0x20, 0x20, 0x48, 0x45, 0x52, 0x4F, 0x20, 0x6D, 0x6F, 0x6E,
    0x73, 0x74, 0x65, 0x72, 0x5E, 0x66, 0x72, 0x6F, 0x6D, 0x20, 0x79, 0x6F,
    0x75, 0x72, 0x20, 0x20, 0x20, 0x44, 0x65, 0x63, 0x6B, 0x2E, 0x20, 0x59,
    0x6F, 0x75, 0x20, 0x63, 0x61, 0x6E, 0x20, 0x6F, 0x6E, 0x6C, 0x79, 0x20,
    0x75, 0x73, 0x65, 0x20, 0x65, 0x61, 0x63, 0x68, 0x20, 0x65, 0x66, 0x66,
    0x65, 0x63, 0x74, 0x20, 0x6F, 0x66, 0x20, 0x20, 0x20, 0x20, 0x20, 0x56,
    0x69, 0x73, 0x69, 0x6F, 0x6E, 0x20, 0x48, 0x45, 0x52, 0x4F, 0x20, 0x5E,
    0x49, 0x6E, 0x63, 0x72, 0x65, 0x61, 0x73, 0x65, 0x20, 0x20, 0x20, 0x20,
    0x6F, 0x6E, 0x63, 0x65, 0x20, 0x70, 0x65, 0x72, 0x20, 0x74, 0x75, 0x72,
    0x6E, 0x2E, 0x5E, 0x00,
};

const u8 gDescription_AromaBlend[] APPEND_TEXT = {
    0x20, 0x20, 0x5E, 0x38, 0x44, 0x69, 0x73, 0x63, 0x61, 0x72, 0x64, 0x20,
    0x31, 0x20, 0x20, 0x20, 0x63, 0x61, 0x72, 0x64, 0x3B, 0x20, 0x70, 0x6C,
    0x61, 0x63, 0x65, 0x20, 0x31, 0x20, 0x48, 0x75, 0x6D, 0x69, 0x64, 0x20,
    0x57, 0x69, 0x6E, 0x64, 0x73, 0x2C, 0x20, 0x20, 0x44, 0x72, 0x69, 0x65,
    0x64, 0x20, 0x57, 0x69, 0x6E, 0x64, 0x73, 0x2C, 0x20, 0x20, 0x6F, 0x72,
    0x20, 0x42, 0x6C, 0x65, 0x73, 0x73, 0x65, 0x64, 0x20, 0x20, 0x5E, 0x57,
    0x69, 0x6E, 0x64, 0x73, 0x20, 0x66, 0x72, 0x6F, 0x6D, 0x20, 0x20, 0x79,
    0x6F, 0x75, 0x72, 0x20, 0x68, 0x61, 0x6E, 0x64, 0x20, 0x6F, 0x72, 0x20,
    0x20, 0x44, 0x65, 0x63, 0x6B, 0x2C, 0x20, 0x66, 0x61, 0x63, 0x65, 0x2D,
    0x75, 0x70, 0x20, 0x69, 0x6E, 0x20, 0x79, 0x6F, 0x75, 0x72, 0x20, 0x53,
    0x70, 0x65, 0x6C, 0x6C, 0x20, 0x26, 0x20, 0x54, 0x72, 0x61, 0x70, 0x20,
    0x5A, 0x6F, 0x6E, 0x65, 0x2E, 0x5E, 0x59, 0x6F, 0x75, 0x20, 0x63, 0x61,
    0x6E, 0x20, 0x20, 0x20, 0x20, 0x20, 0x62, 0x61, 0x6E, 0x69, 0x73, 0x68,
    0x20, 0x74, 0x68, 0x69, 0x73, 0x20, 0x20, 0x20, 0x63, 0x61, 0x72, 0x64,
    0x20, 0x66, 0x72, 0x6F, 0x6D, 0x20, 0x79, 0x6F, 0x75, 0x72, 0x47, 0x59,
    0x3B, 0x20, 0x46, 0x75, 0x73, 0x69, 0x6F, 0x6E, 0x20, 0x20, 0x20, 0x20,
    0x53, 0x75, 0x6D, 0x6D, 0x6F, 0x6E, 0x20, 0x31, 0x20, 0x20, 0x20, 0x20,
    0x5E, 0x50, 0x6C, 0x61, 0x6E, 0x74, 0x20, 0x46, 0x75, 0x73, 0x69, 0x6F,
    0x6E, 0x4D, 0x6F, 0x6E, 0x73, 0x74, 0x65, 0x72, 0x20, 0x66, 0x72, 0x6F,
    0x6D, 0x20, 0x20, 0x79, 0x6F, 0x75, 0x72, 0x20, 0x45, 0x78, 0x74, 0x72,
    0x61, 0x20, 0x20, 0x20, 0x20, 0x44, 0x65, 0x63, 0x6B, 0x2C, 0x20, 0x62,
    0x79, 0x20, 0x20, 0x20, 0x20, 0x20, 0x20, 0x62, 0x61, 0x6E, 0x69, 0x73,
    0x68, 0x69, 0x6E, 0x67, 0x20, 0x20, 0x20, 0x5E, 0x69, 0x74, 0x73, 0x20,
    0x20, 0x20, 0x20, 0x20, 0x20, 0x20, 0x20, 0x20, 0x6D, 0x61, 0x74, 0x65,
    0x72, 0x69, 0x61, 0x6C, 0x73, 0x20, 0x66, 0x72, 0x6F, 0x6D, 0x79, 0x6F,
    0x75, 0x72, 0x20, 0x68, 0x61, 0x6E, 0x64, 0x20, 0x6F, 0x72, 0x20, 0x20,
    0x66, 0x69, 0x65, 0x6C, 0x64, 0x2E, 0x20, 0x49, 0x66, 0x20, 0x79, 0x6F,
    0x75, 0x72, 0x4C, 0x50, 0x20, 0x61, 0x72, 0x65, 0x20, 0x20, 0x20, 0x20,
    0x20, 0x20, 0x5E, 0x68, 0x69, 0x67, 0x68, 0x65, 0x72, 0x20, 0x74, 0x68,
    0x61, 0x6E, 0x20, 0x79, 0x6F, 0x75, 0x72, 0x20, 0x20, 0x20, 0x20, 0x20,
    0x20, 0x20, 0x20, 0x20, 0x20, 0x6F, 0x70, 0x70, 0x6F, 0x6E, 0x65, 0x6E,
    0x74, 0x27, 0x73, 0x2C, 0x20, 0x20, 0x20, 0x79, 0x6F, 0x75, 0x20, 0x63,
    0x61, 0x6E, 0x20, 0x61, 0x6C, 0x73, 0x6F, 0x20, 0x20, 0x62, 0x61, 0x6E,
    0x69, 0x73, 0x68, 0x20, 0x50, 0x6C, 0x61, 0x6E, 0x74, 0x5E, 0x6D, 0x6F,
    0x6E, 0x73, 0x74, 0x65, 0x72, 0x73, 0x20, 0x20, 0x20, 0x20, 0x66, 0x72,
    0x6F, 0x6D, 0x20, 0x79, 0x6F, 0x75, 0x72, 0x20, 0x47, 0x59, 0x20, 0x20,
    0x61, 0x73, 0x20, 0x6D, 0x61, 0x74, 0x65, 0x72, 0x69, 0x61, 0x6C, 0x2E,
    0x20, 0x20, 0x59, 0x6F, 0x75, 0x20, 0x63, 0x61, 0x6E, 0x20, 0x6F, 0x6E,
    0x6C, 0x79, 0x20, 0x20, 0x75, 0x73, 0x65, 0x20, 0x65, 0x61, 0x63, 0x68,
    0x20, 0x20, 0x20, 0x20, 0x5E, 0x65, 0x66, 0x66, 0x65, 0x63, 0x74, 0x20,
    0x6F, 0x66, 0x20, 0x20, 0x20, 0x41, 0x72, 0x6F, 0x6D, 0x61, 0x20, 0x42,
    0x6C, 0x65, 0x6E, 0x64, 0x20, 0x20, 0x20, 0x6F, 0x6E, 0x63, 0x65, 0x20,
    0x70, 0x65, 0x72, 0x20, 0x74, 0x75, 0x72, 0x6E, 0x2E, 0x5E, 0x00,
};

const u8 gDescription_AromaGarden[] APPEND_TEXT = {
    0x20, 0x20, 0x5E, 0x36, 0x4F, 0x6E, 0x63, 0x65, 0x20, 0x70, 0x65, 0x72,
    0x20, 0x20, 0x20, 0x20, 0x74, 0x75, 0x72, 0x6E, 0x2C, 0x20, 0x69, 0x66,
    0x20, 0x79, 0x6F, 0x75, 0x20, 0x20, 0x63, 0x6F, 0x6E, 0x74, 0x72, 0x6F,
    0x6C, 0x20, 0x61, 0x6E, 0x20, 0x20, 0x20, 0x20, 0x41, 0x72, 0x6F, 0x6D,
    0x61, 0x20, 0x6D, 0x6F, 0x6E, 0x73, 0x74, 0x65, 0x72, 0x3A, 0x59, 0x6F,
    0x75, 0x20, 0x63, 0x61, 0x6E, 0x20, 0x67, 0x61, 0x69, 0x6E, 0x5E, 0x35,
    0x30, 0x30, 0x20, 0x4C, 0x50, 0x2C, 0x20, 0x61, 0x6C, 0x73, 0x6F, 0x61,
    0x6C, 0x6C, 0x20, 0x6D, 0x6F, 0x6E, 0x73, 0x74, 0x65, 0x72, 0x73, 0x20,
    0x20, 0x79, 0x6F, 0x75, 0x20, 0x63, 0x6F, 0x6E, 0x74, 0x72, 0x6F, 0x6C,
    0x20, 0x20, 0x20, 0x67, 0x61, 0x69, 0x6E, 0x20, 0x35, 0x30, 0x30, 0x20,
    0x41, 0x54, 0x4B, 0x20, 0x20, 0x61, 0x6E, 0x64, 0x20, 0x44, 0x45, 0x46,
    0x20, 0x20, 0x20, 0x20, 0x20, 0x5E, 0x75, 0x6E, 0x74, 0x69, 0x6C, 0x20,
    0x74, 0x68, 0x65, 0x20, 0x20, 0x20, 0x65, 0x6E, 0x64, 0x20, 0x6F, 0x66,
    0x20, 0x79, 0x6F, 0x75, 0x72, 0x20, 0x20, 0x20, 0x6F, 0x70, 0x70, 0x6F,
    0x6E, 0x65, 0x6E, 0x74, 0x27, 0x73, 0x20, 0x20, 0x20, 0x20, 0x6E, 0x65,
    0x78, 0x74, 0x20, 0x74, 0x75, 0x72, 0x6E, 0x20, 0x20, 0x20, 0x20, 0x20,
    0x28, 0x65, 0x76, 0x65, 0x6E, 0x20, 0x69, 0x66, 0x20, 0x20, 0x20, 0x20,
    0x5E, 0x74, 0x68, 0x69, 0x73, 0x20, 0x63, 0x61, 0x72, 0x64, 0x20, 0x20,
    0x20, 0x6C, 0x65, 0x61, 0x76, 0x65, 0x73, 0x20, 0x74, 0x68, 0x65, 0x20,
    0x20, 0x20, 0x20, 0x66, 0x69, 0x65, 0x6C, 0x64, 0x29, 0x2E, 0x20, 0x49,
    0x66, 0x20, 0x61, 0x20, 0x20, 0x66, 0x61, 0x63, 0x65, 0x2D, 0x75, 0x70,
    0x20, 0x41, 0x72, 0x6F, 0x6D, 0x61, 0x20, 0x6D, 0x6F, 0x6E, 0x73, 0x74,
    0x65, 0x72, 0x20, 0x79, 0x6F, 0x75, 0x20, 0x5E, 0x63, 0x6F, 0x6E, 0x74,
    0x72, 0x6F, 0x6C, 0x20, 0x69, 0x73, 0x20, 0x20, 0x64, 0x65, 0x73, 0x74,
    0x72, 0x6F, 0x79, 0x65, 0x64, 0x20, 0x62, 0x79, 0x20, 0x20, 0x62, 0x61,
    0x74, 0x74, 0x6C, 0x65, 0x20, 0x6F, 0x72, 0x20, 0x63, 0x61, 0x72, 0x64,
    0x65, 0x66, 0x66, 0x65, 0x63, 0x74, 0x20, 0x61, 0x6E, 0x64, 0x20, 0x20,
    0x20, 0x20, 0x73, 0x65, 0x6E, 0x74, 0x20, 0x74, 0x6F, 0x20, 0x74, 0x68,
    0x65, 0x20, 0x5E, 0x47, 0x72, 0x61, 0x76, 0x65, 0x79, 0x61, 0x72, 0x64,
    0x3A, 0x20, 0x20, 0x47, 0x61, 0x69, 0x6E, 0x20, 0x31, 0x30, 0x30, 0x30,
    0x20, 0x4C, 0x50, 0x2E, 0x20, 0x5E, 0x00,
};

const u8 gDescription_AromaGardening[] APPEND_TEXT = {
    0x20, 0x20, 0x5E, 0x36, 0x49, 0x66, 0x20, 0x79, 0x6F, 0x75, 0x20, 0x20,
    0x20, 0x20, 0x20, 0x20, 0x4E, 0x6F, 0x72, 0x6D, 0x61, 0x6C, 0x20, 0x6F,
    0x72, 0x20, 0x20, 0x20, 0x20, 0x20, 0x53, 0x70, 0x65, 0x63, 0x69, 0x61,
    0x6C, 0x20, 0x53, 0x75, 0x6D, 0x6D, 0x6F, 0x6E, 0x61, 0x6E, 0x20, 0x41,
    0x72, 0x6F, 0x6D, 0x61, 0x20, 0x20, 0x20, 0x20, 0x20, 0x20, 0x6D, 0x6F,
    0x6E, 0x73, 0x74, 0x65, 0x72, 0x28, 0x73, 0x29, 0x20, 0x20, 0x5E, 0x28,
    0x65, 0x78, 0x63, 0x65, 0x70, 0x74, 0x20, 0x20, 0x20, 0x20, 0x20, 0x64,
    0x75, 0x72, 0x69, 0x6E, 0x67, 0x20, 0x74, 0x68, 0x65, 0x20, 0x20, 0x20,
    0x20, 0x44, 0x61, 0x6D, 0x61, 0x67, 0x65, 0x20, 0x53, 0x74, 0x65, 0x70,
    0x29, 0x3A, 0x20, 0x59, 0x6F, 0x75, 0x20, 0x63, 0x61, 0x6E, 0x20, 0x67,
    0x61, 0x69, 0x6E, 0x20, 0x20, 0x31, 0x30, 0x30, 0x30, 0x20, 0x4C, 0x50,
    0x2E, 0x20, 0x20, 0x20, 0x20, 0x5E, 0x57, 0x68, 0x65, 0x6E, 0x20, 0x61,
    0x6E, 0x20, 0x20, 0x20, 0x20, 0x20, 0x6F, 0x70, 0x70, 0x6F, 0x6E, 0x65,
    0x6E, 0x74, 0x27, 0x73, 0x20, 0x20, 0x20, 0x20, 0x6D, 0x6F, 0x6E, 0x73,
    0x74, 0x65, 0x72, 0x20, 0x20, 0x20, 0x20, 0x20, 0x20, 0x20, 0x64, 0x65,
    0x63, 0x6C, 0x61, 0x72, 0x65, 0x73, 0x20, 0x61, 0x6E, 0x20, 0x20, 0x20,
    0x61, 0x74, 0x74, 0x61, 0x63, 0x6B, 0x2C, 0x20, 0x20, 0x20, 0x20, 0x20,
    0x5E, 0x77, 0x68, 0x69, 0x6C, 0x65, 0x20, 0x79, 0x6F, 0x75, 0x72, 0x20,
    0x20, 0x4C, 0x50, 0x20, 0x61, 0x72, 0x65, 0x20, 0x6C, 0x6F, 0x77, 0x65,
    0x72, 0x20, 0x20, 0x74, 0x68, 0x61, 0x6E, 0x20, 0x79, 0x6F, 0x75, 0x72,
    0x20, 0x20, 0x20, 0x20, 0x20, 0x6F, 0x70, 0x70, 0x6F, 0x6E, 0x65, 0x6E,
    0x74, 0x27, 0x73, 0x3A, 0x20, 0x20, 0x20, 0x59, 0x6F, 0x75, 0x20, 0x63,
    0x61, 0x6E, 0x20, 0x20, 0x20, 0x20, 0x20, 0x5E, 0x53, 0x70, 0x65, 0x63,
    0x69, 0x61, 0x6C, 0x20, 0x20, 0x20, 0x20, 0x20, 0x53, 0x75, 0x6D, 0x6D,
    0x6F, 0x6E, 0x20, 0x31, 0x20, 0x41, 0x72, 0x6F, 0x6D, 0x61, 0x6D, 0x6F,
    0x6E, 0x73, 0x74, 0x65, 0x72, 0x20, 0x66, 0x72, 0x6F, 0x6D, 0x20, 0x20,
    0x79, 0x6F, 0x75, 0x72, 0x20, 0x44, 0x65, 0x63, 0x6B, 0x2E, 0x20, 0x59,
    0x6F, 0x75, 0x63, 0x61, 0x6E, 0x20, 0x6F, 0x6E, 0x6C, 0x79, 0x20, 0x75,
    0x73, 0x65, 0x5E, 0x65, 0x61, 0x63, 0x68, 0x20, 0x65, 0x66, 0x66, 0x65,
    0x63, 0x74, 0x20, 0x6F, 0x66, 0x20, 0x41, 0x72, 0x6F, 0x6D, 0x61, 0x20,
    0x20, 0x20, 0x20, 0x20, 0x20, 0x47, 0x61, 0x72, 0x64, 0x65, 0x6E, 0x69,
    0x6E, 0x67, 0x20, 0x6F, 0x6E, 0x63, 0x65, 0x70, 0x65, 0x72, 0x20, 0x74,
    0x75, 0x72, 0x6E, 0x2E, 0x20, 0x20, 0x20, 0x20, 0x20, 0x5E, 0x00,
};

const u8 gDescription_AromaJar[] APPEND_TEXT = {
    0x20, 0x20, 0x5E, 0x33, 0x49, 0x66, 0x20, 0x74, 0x68, 0x69, 0x73, 0x20,
    0x63, 0x61, 0x72, 0x64, 0x69, 0x73, 0x20, 0x66, 0x6C, 0x69, 0x70, 0x70,
    0x65, 0x64, 0x20, 0x20, 0x20, 0x20, 0x66, 0x61, 0x63, 0x65, 0x2D, 0x75,
    0x70, 0x2C, 0x20, 0x74, 0x68, 0x69, 0x73, 0x20, 0x63, 0x61, 0x72, 0x64,
    0x20, 0x63, 0x61, 0x6E, 0x6E, 0x6F, 0x74, 0x20, 0x62, 0x65, 0x64, 0x65,
    0x73, 0x74, 0x72, 0x6F, 0x79, 0x65, 0x64, 0x20, 0x62, 0x79, 0x5E, 0x62,
    0x61, 0x74, 0x74, 0x6C, 0x65, 0x20, 0x77, 0x68, 0x69, 0x6C, 0x65, 0x69,
    0x74, 0x20, 0x69, 0x73, 0x20, 0x66, 0x61, 0x63, 0x65, 0x2D, 0x75, 0x70,
    0x20, 0x6F, 0x6E, 0x20, 0x74, 0x68, 0x65, 0x20, 0x66, 0x69, 0x65, 0x6C,
    0x64, 0x2E, 0x20, 0x49, 0x66, 0x20, 0x74, 0x68, 0x69, 0x73, 0x20, 0x63,
    0x61, 0x72, 0x64, 0x20, 0x20, 0x69, 0x73, 0x20, 0x66, 0x6C, 0x69, 0x70,
    0x70, 0x65, 0x64, 0x20, 0x20, 0x5E, 0x66, 0x61, 0x63, 0x65, 0x2D, 0x75,
    0x70, 0x2C, 0x20, 0x20, 0x20, 0x20, 0x64, 0x75, 0x72, 0x69, 0x6E, 0x67,
    0x20, 0x65, 0x61, 0x63, 0x68, 0x20, 0x20, 0x20, 0x70, 0x6C, 0x61, 0x79,
    0x65, 0x72, 0x27, 0x73, 0x20, 0x45, 0x6E, 0x64, 0x20, 0x20, 0x50, 0x68,
    0x61, 0x73, 0x65, 0x3A, 0x20, 0x59, 0x6F, 0x75, 0x20, 0x20, 0x20, 0x20,
    0x67, 0x61, 0x69, 0x6E, 0x20, 0x35, 0x30, 0x30, 0x20, 0x4C, 0x50, 0x2E,
    0x5E, 0x00,
};

const u8 gDescription_BlueEyesJetDragon[] APPEND_TEXT = {
    0x20, 0x20, 0x5E, 0x32, 0x4F, 0x74, 0x68, 0x65, 0x72, 0x20, 0x63, 0x61,
    0x72, 0x64, 0x73, 0x20, 0x79, 0x6F, 0x75, 0x20, 0x63, 0x6F, 0x6E, 0x74,
    0x72, 0x6F, 0x6C, 0x20, 0x63, 0x61, 0x6E, 0x6E, 0x6F, 0x74, 0x20, 0x62,
    0x65, 0x20, 0x64, 0x65, 0x73, 0x74, 0x72, 0x6F, 0x79, 0x65, 0x64, 0x20,
    0x62, 0x79, 0x20, 0x79, 0x6F, 0x75, 0x72, 0x20, 0x6F, 0x70, 0x70, 0x6F,
    0x6E, 0x65, 0x6E, 0x74, 0x27, 0x73, 0x20, 0x63, 0x61, 0x72, 0x64, 0x20,
    0x65, 0x66, 0x66, 0x65, 0x63, 0x74, 0x73, 0x2E, 0x20, 0x59, 0x6F, 0x75,
    0x20, 0x63, 0x61, 0x6E, 0x20, 0x6F, 0x6E, 0x6C, 0x79, 0x20, 0x75, 0x73,
    0x65, 0x20, 0x65, 0x61, 0x63, 0x68, 0x20, 0x6F, 0x66, 0x20, 0x74, 0x68,
    0x65, 0x20, 0x66, 0x6F, 0x6C, 0x6C, 0x6F, 0x77, 0x69, 0x6E, 0x67, 0x20,
    0x65, 0x66, 0x66, 0x65, 0x63, 0x74, 0x73, 0x20, 0x6F, 0x66, 0x20, 0x42,
    0x6C, 0x75, 0x65, 0x2D, 0x45, 0x79, 0x65, 0x73, 0x20, 0x4A, 0x65, 0x74,
    0x20, 0x44, 0x72, 0x61, 0x67, 0x6F, 0x6E, 0x20, 0x6F, 0x6E, 0x63, 0x65,
    0x20, 0x70, 0x65, 0x72, 0x20, 0x74, 0x75, 0x72, 0x6E, 0x2C, 0x20, 0x61,
    0x6E, 0x64, 0x20, 0x63, 0x61, 0x6E, 0x20, 0x6F, 0x6E, 0x6C, 0x79, 0x20,
    0x61, 0x63, 0x74, 0x69, 0x76, 0x61, 0x74, 0x65, 0x20, 0x74, 0x68, 0x65,
    0x6D, 0x20, 0x77, 0x68, 0x69, 0x6C, 0x65, 0x20, 0x42, 0x6C, 0x75, 0x65,
    0x2D, 0x45, 0x79, 0x65, 0x73, 0x20, 0x57, 0x68, 0x69, 0x74, 0x65, 0x20,
    0x44, 0x72, 0x61, 0x67, 0x6F, 0x6E, 0x20, 0x69, 0x73, 0x20, 0x6F, 0x6E,
    0x20, 0x79, 0x6F, 0x75, 0x72, 0x20, 0x66, 0x69, 0x65, 0x6C, 0x64, 0x20,
    0x6F, 0x72, 0x20, 0x69, 0x6E, 0x20, 0x79, 0x6F, 0x75, 0x72, 0x20, 0x47,
    0x59, 0x2E, 0x20, 0x49, 0x66, 0x20, 0x61, 0x20, 0x63, 0x61, 0x72, 0x64,
    0x28, 0x73, 0x29, 0x20, 0x6F, 0x6E, 0x20, 0x74, 0x68, 0x65, 0x20, 0x66,
    0x69, 0x65, 0x6C, 0x64, 0x20, 0x69, 0x73, 0x20, 0x64, 0x65, 0x73, 0x74,
    0x72, 0x6F, 0x79, 0x65, 0x64, 0x20, 0x62, 0x79, 0x20, 0x62, 0x61, 0x74,
    0x74, 0x6C, 0x65, 0x20, 0x6F, 0x72, 0x20, 0x63, 0x61, 0x72, 0x64, 0x20,
    0x65, 0x66, 0x66, 0x65, 0x63, 0x74, 0x3A, 0x20, 0x59, 0x6F, 0x75, 0x20,
    0x63, 0x61, 0x6E, 0x20, 0x53, 0x70, 0x65, 0x63, 0x69, 0x61, 0x6C, 0x20,
    0x53, 0x75, 0x6D, 0x6D, 0x6F, 0x6E, 0x20, 0x74, 0x68, 0x69, 0x73, 0x20,
    0x63, 0x61, 0x72, 0x64, 0x20, 0x66, 0x72, 0x6F, 0x6D, 0x20, 0x74, 0x68,
    0x65, 0x20, 0x47, 0x59, 0x20, 0x28, 0x69, 0x66, 0x20, 0x69, 0x74, 0x20,
    0x77, 0x61, 0x73, 0x20, 0x74, 0x68, 0x65, 0x72, 0x65, 0x20, 0x77, 0x68,
    0x65, 0x6E, 0x20, 0x74, 0x68, 0x65, 0x20, 0x63, 0x61, 0x72, 0x64, 0x20,
    0x77, 0x61, 0x73, 0x20, 0x64, 0x65, 0x73, 0x74, 0x72, 0x6F, 0x79, 0x65,
    0x64, 0x29, 0x20, 0x6F, 0x72, 0x20, 0x68, 0x61, 0x6E, 0x64, 0x20, 0x28,
    0x65, 0x76, 0x65, 0x6E, 0x20, 0x69, 0x66, 0x20, 0x6E, 0x6F, 0x74, 0x29,
    0x2E, 0x20, 0x41, 0x74, 0x20, 0x74, 0x68, 0x65, 0x20, 0x73, 0x74, 0x61,
    0x72, 0x74, 0x20, 0x6F, 0x66, 0x20, 0x74, 0x68, 0x65, 0x20, 0x44, 0x61,
    0x6D, 0x61, 0x67, 0x65, 0x20, 0x53, 0x74, 0x65, 0x70, 0x2C, 0x20, 0x69,
    0x66, 0x20, 0x74, 0x68, 0x69, 0x73, 0x20, 0x63, 0x61, 0x72, 0x64, 0x20,
    0x62, 0x61, 0x74, 0x74, 0x6C, 0x65, 0x73, 0x3A, 0x20, 0x59, 0x6F, 0x75,
    0x20, 0x63, 0x61, 0x6E, 0x20, 0x74, 0x61, 0x72, 0x67, 0x65, 0x74, 0x20,
    0x31, 0x20, 0x63, 0x61, 0x72, 0x64, 0x20, 0x79, 0x6F, 0x75, 0x72, 0x20,
    0x6F, 0x70, 0x70, 0x6F, 0x6E, 0x65, 0x6E, 0x74, 0x20, 0x63, 0x6F, 0x6E,
    0x74, 0x72, 0x6F, 0x6C, 0x73, 0x3B, 0x20, 0x72, 0x65, 0x74, 0x75, 0x72,
    0x6E, 0x20, 0x69, 0x74, 0x20, 0x74, 0x6F, 0x20, 0x74, 0x68, 0x65, 0x20,
    0x68, 0x61, 0x6E, 0x64, 0x2E, 0x5E, 0x5E, 0x00,
};

const u8 gDescription_BlueEyesSolidDragon[] APPEND_TEXT = {
    0x20, 0x20, 0x5E, 0x38, 0x49, 0x66, 0x20, 0x74, 0x68, 0x69, 0x73, 0x20,
    0x63, 0x61, 0x72, 0x64, 0x69, 0x73, 0x20, 0x4E, 0x6F, 0x72, 0x6D, 0x61,
    0x6C, 0x20, 0x6F, 0x72, 0x20, 0x20, 0x53, 0x70, 0x65, 0x63, 0x69, 0x61,
    0x6C, 0x20, 0x20, 0x20, 0x20, 0x20, 0x20, 0x20, 0x53, 0x75, 0x6D, 0x6D,
    0x6F, 0x6E, 0x65, 0x64, 0x3A, 0x20, 0x59, 0x6F, 0x75, 0x20, 0x63, 0x61,
    0x6E, 0x20, 0x74, 0x61, 0x72, 0x67, 0x65, 0x74, 0x20, 0x31, 0x5E, 0x66,
    0x61, 0x63, 0x65, 0x2D, 0x75, 0x70, 0x20, 0x20, 0x20, 0x20, 0x20, 0x6D,
    0x6F, 0x6E, 0x73, 0x74, 0x65, 0x72, 0x20, 0x79, 0x6F, 0x75, 0x72, 0x20,
    0x20, 0x6F, 0x70, 0x70, 0x6F, 0x6E, 0x65, 0x6E, 0x74, 0x20, 0x20, 0x20,
    0x20, 0x20, 0x20, 0x63, 0x6F, 0x6E, 0x74, 0x72, 0x6F, 0x6C, 0x73, 0x3B,
    0x20, 0x20, 0x20, 0x20, 0x20, 0x6E, 0x65, 0x67, 0x61, 0x74, 0x65, 0x20,
    0x69, 0x74, 0x73, 0x20, 0x20, 0x5E, 0x65, 0x66, 0x66, 0x65, 0x63, 0x74,
    0x73, 0x2E, 0x20, 0x20, 0x20, 0x20, 0x57, 0x68, 0x65, 0x6E, 0x20, 0x79,
    0x6F, 0x75, 0x72, 0x20, 0x20, 0x20, 0x20, 0x20, 0x6F, 0x70, 0x70, 0x6F,
    0x6E, 0x65, 0x6E, 0x74, 0x20, 0x20, 0x20, 0x20, 0x20, 0x20, 0x61, 0x63,
    0x74, 0x69, 0x76, 0x61, 0x74, 0x65, 0x73, 0x20, 0x61, 0x20, 0x20, 0x20,
    0x63, 0x61, 0x72, 0x64, 0x20, 0x6F, 0x72, 0x20, 0x20, 0x20, 0x20, 0x20,
    0x5E, 0x65, 0x66, 0x66, 0x65, 0x63, 0x74, 0x20, 0x20, 0x20, 0x20, 0x20,
    0x20, 0x28, 0x51, 0x75, 0x69, 0x63, 0x6B, 0x20, 0x20, 0x20, 0x20, 0x20,
    0x20, 0x20, 0x20, 0x45, 0x66, 0x66, 0x65, 0x63, 0x74, 0x29, 0x3A, 0x20,
    0x59, 0x6F, 0x75, 0x20, 0x20, 0x63, 0x61, 0x6E, 0x20, 0x73, 0x68, 0x75,
    0x66, 0x66, 0x6C, 0x65, 0x20, 0x20, 0x20, 0x74, 0x68, 0x69, 0x73, 0x20,
    0x63, 0x61, 0x72, 0x64, 0x20, 0x20, 0x20, 0x5E, 0x66, 0x72, 0x6F, 0x6D,
    0x20, 0x74, 0x68, 0x65, 0x20, 0x20, 0x20, 0x20, 0x66, 0x69, 0x65, 0x6C,
    0x64, 0x20, 0x69, 0x6E, 0x74, 0x6F, 0x20, 0x74, 0x68, 0x65, 0x44, 0x65,
    0x63, 0x6B, 0x2C, 0x20, 0x61, 0x6E, 0x64, 0x20, 0x69, 0x66, 0x20, 0x20,
    0x79, 0x6F, 0x75, 0x20, 0x64, 0x6F, 0x2C, 0x20, 0x20, 0x20, 0x20, 0x20,
    0x20, 0x20, 0x53, 0x70, 0x65, 0x63, 0x69, 0x61, 0x6C, 0x20, 0x20, 0x20,
    0x20, 0x20, 0x5E, 0x53, 0x75, 0x6D, 0x6D, 0x6F, 0x6E, 0x20, 0x31, 0x20,
    0x20, 0x20, 0x20, 0x42, 0x6C, 0x75, 0x65, 0x2D, 0x45, 0x79, 0x65, 0x73,
    0x20, 0x20, 0x20, 0x20, 0x20, 0x57, 0x68, 0x69, 0x74, 0x65, 0x20, 0x44,
    0x72, 0x61, 0x67, 0x6F, 0x6E, 0x20, 0x20, 0x66, 0x72, 0x6F, 0x6D, 0x20,
    0x79, 0x6F, 0x75, 0x72, 0x20, 0x20, 0x20, 0x20, 0x20, 0x44, 0x65, 0x63,
    0x6B, 0x2E, 0x20, 0x59, 0x6F, 0x75, 0x20, 0x20, 0x20, 0x5E, 0x63, 0x61,
    0x6E, 0x20, 0x6F, 0x6E, 0x6C, 0x79, 0x20, 0x75, 0x73, 0x65, 0x65, 0x61,
    0x63, 0x68, 0x20, 0x65, 0x66, 0x66, 0x65, 0x63, 0x74, 0x20, 0x6F, 0x66,
    0x42, 0x6C, 0x75, 0x65, 0x2D, 0x45, 0x79, 0x65, 0x73, 0x20, 0x20, 0x20,
    0x20, 0x20, 0x53, 0x6F, 0x6C, 0x69, 0x64, 0x20, 0x44, 0x72, 0x61, 0x67,
    0x6F, 0x6E, 0x20, 0x20, 0x6F, 0x6E, 0x63, 0x65, 0x20, 0x70, 0x65, 0x72,
    0x20, 0x20, 0x20, 0x20, 0x5E, 0x74, 0x75, 0x72, 0x6E, 0x2E, 0x20, 0x20,
    0x20, 0x20, 0x20, 0x20, 0x20, 0x5E, 0x00,
};

const u8 gDescription_BrionacDragonOfTheIceBarrier[] APPEND_TEXT = {
    0x20, 0x20, 0x5E, 0x35, 0x31, 0x20, 0x54, 0x75, 0x6E, 0x65, 0x72, 0x20,
    0x2B, 0x20, 0x31, 0x2B, 0x6E, 0x6F, 0x6E, 0x2D, 0x54, 0x75, 0x6E, 0x65,
    0x72, 0x20, 0x20, 0x20, 0x20, 0x20, 0x6D, 0x6F, 0x6E, 0x73, 0x74, 0x65,
    0x72, 0x73, 0x20, 0x59, 0x6F, 0x75, 0x20, 0x20, 0x63, 0x61, 0x6E, 0x20,
    0x64, 0x69, 0x73, 0x63, 0x61, 0x72, 0x64, 0x20, 0x20, 0x20, 0x61, 0x6E,
    0x79, 0x20, 0x6E, 0x75, 0x6D, 0x62, 0x65, 0x72, 0x20, 0x20, 0x5E, 0x6F,
    0x66, 0x20, 0x63, 0x61, 0x72, 0x64, 0x73, 0x20, 0x74, 0x6F, 0x20, 0x74,
    0x68, 0x65, 0x20, 0x47, 0x59, 0x2C, 0x20, 0x74, 0x68, 0x65, 0x6E, 0x20,
    0x20, 0x74, 0x61, 0x72, 0x67, 0x65, 0x74, 0x20, 0x74, 0x68, 0x65, 0x20,
    0x20, 0x20, 0x20, 0x73, 0x61, 0x6D, 0x65, 0x20, 0x6E, 0x75, 0x6D, 0x62,
    0x65, 0x72, 0x20, 0x6F, 0x66, 0x63, 0x61, 0x72, 0x64, 0x73, 0x20, 0x79,
    0x6F, 0x75, 0x72, 0x20, 0x20, 0x5E, 0x6F, 0x70, 0x70, 0x6F, 0x6E, 0x65,
    0x6E, 0x74, 0x20, 0x20, 0x20, 0x20, 0x63, 0x6F, 0x6E, 0x74, 0x72, 0x6F,
    0x6C, 0x73, 0x3B, 0x20, 0x20, 0x20, 0x20, 0x20, 0x72, 0x65, 0x74, 0x75,
    0x72, 0x6E, 0x20, 0x74, 0x68, 0x6F, 0x73, 0x65, 0x20, 0x20, 0x63, 0x61,
    0x72, 0x64, 0x73, 0x20, 0x74, 0x6F, 0x20, 0x74, 0x68, 0x65, 0x20, 0x20,
    0x68, 0x61, 0x6E, 0x64, 0x2E, 0x20, 0x59, 0x6F, 0x75, 0x20, 0x20, 0x20,
    0x5E, 0x63, 0x61, 0x6E, 0x20, 0x6F, 0x6E, 0x6C, 0x79, 0x20, 0x75, 0x73,
    0x65, 0x74, 0x68, 0x69, 0x73, 0x20, 0x65, 0x66, 0x66, 0x65, 0x63, 0x74,
    0x20, 0x6F, 0x66, 0x42, 0x72, 0x69, 0x6F, 0x6E, 0x61, 0x63, 0x2C, 0x20,
    0x20, 0x20, 0x20, 0x20, 0x20, 0x44, 0x72, 0x61, 0x67, 0x6F, 0x6E, 0x20,
    0x6F, 0x66, 0x20, 0x74, 0x68, 0x65, 0x20, 0x49, 0x63, 0x65, 0x20, 0x42,
    0x61, 0x72, 0x72, 0x69, 0x65, 0x72, 0x20, 0x5E, 0x6F, 0x6E, 0x63, 0x65,
    0x20, 0x70, 0x65, 0x72, 0x20, 0x20, 0x20, 0x20, 0x74, 0x75, 0x72, 0x6E,
    0x2E, 0x20, 0x20, 0x20, 0x20, 0x20, 0x20, 0x20, 0x20, 0x20, 0x5E, 0x00,
};

const u8 gDescription_CyberSlashHarpieLady[] APPEND_TEXT = {
    0x20, 0x20, 0x5E, 0x38, 0x31, 0x20, 0x54, 0x75, 0x6E, 0x65, 0x72, 0x20,
    0x2B, 0x20, 0x31, 0x2B, 0x6E, 0x6F, 0x6E, 0x2D, 0x54, 0x75, 0x6E, 0x65,
    0x72, 0x20, 0x20, 0x20, 0x20, 0x20, 0x6D, 0x6F, 0x6E, 0x73, 0x74, 0x65,
    0x72, 0x73, 0x20, 0x46, 0x6F, 0x72, 0x20, 0x20, 0x74, 0x68, 0x69, 0x73,
    0x20, 0x63, 0x61, 0x72, 0x64, 0x27, 0x73, 0x20, 0x20, 0x20, 0x53, 0x79,
    0x6E, 0x63, 0x68, 0x72, 0x6F, 0x20, 0x20, 0x20, 0x20, 0x20, 0x5E, 0x53,
    0x75, 0x6D, 0x6D, 0x6F, 0x6E, 0x2C, 0x20, 0x79, 0x6F, 0x75, 0x20, 0x63,
    0x61, 0x6E, 0x20, 0x74, 0x72, 0x65, 0x61, 0x74, 0x20, 0x31, 0x20, 0x20,
    0x20, 0x48, 0x61, 0x72, 0x70, 0x69, 0x65, 0x20, 0x6D, 0x6F, 0x6E, 0x73,
    0x74, 0x65, 0x72, 0x79, 0x6F, 0x75, 0x20, 0x63, 0x6F, 0x6E, 0x74, 0x72,
    0x6F, 0x6C, 0x20, 0x61, 0x73, 0x61, 0x20, 0x54, 0x75, 0x6E, 0x65, 0x72,
    0x2E, 0x20, 0x20, 0x20, 0x20, 0x5E, 0x54, 0x68, 0x69, 0x73, 0x20, 0x63,
    0x61, 0x72, 0x64, 0x27, 0x73, 0x20, 0x6E, 0x61, 0x6D, 0x65, 0x20, 0x62,
    0x65, 0x63, 0x6F, 0x6D, 0x65, 0x73, 0x20, 0x20, 0x48, 0x61, 0x72, 0x70,
    0x69, 0x65, 0x20, 0x4C, 0x61, 0x64, 0x79, 0x20, 0x20, 0x20, 0x77, 0x68,
    0x69, 0x6C, 0x65, 0x20, 0x6F, 0x6E, 0x20, 0x74, 0x68, 0x65, 0x20, 0x20,
    0x66, 0x69, 0x65, 0x6C, 0x64, 0x20, 0x6F, 0x72, 0x20, 0x69, 0x6E, 0x20,
    0x5E, 0x74, 0x68, 0x65, 0x20, 0x47, 0x59, 0x2E, 0x20, 0x57, 0x68, 0x65,
    0x6E, 0x61, 0x20, 0x53, 0x70, 0x65, 0x6C, 0x6C, 0x2F, 0x54, 0x72, 0x61,
    0x70, 0x20, 0x20, 0x43, 0x61, 0x72, 0x64, 0x20, 0x6F, 0x72, 0x20, 0x65,
    0x66, 0x66, 0x65, 0x63, 0x74, 0x69, 0x73, 0x20, 0x61, 0x63, 0x74, 0x69,
    0x76, 0x61, 0x74, 0x65, 0x64, 0x20, 0x20, 0x28, 0x65, 0x78, 0x63, 0x65,
    0x70, 0x74, 0x20, 0x20, 0x20, 0x20, 0x20, 0x5E, 0x64, 0x75, 0x72, 0x69,
    0x6E, 0x67, 0x20, 0x74, 0x68, 0x65, 0x20, 0x20, 0x44, 0x61, 0x6D, 0x61,
    0x67, 0x65, 0x20, 0x53, 0x74, 0x65, 0x70, 0x29, 0x20, 0x20, 0x28, 0x51,
    0x75, 0x69, 0x63, 0x6B, 0x20, 0x20, 0x20, 0x20, 0x20, 0x20, 0x20, 0x20,
    0x45, 0x66, 0x66, 0x65, 0x63, 0x74, 0x29, 0x3A, 0x20, 0x59, 0x6F, 0x75,
    0x20, 0x20, 0x63, 0x61, 0x6E, 0x20, 0x74, 0x61, 0x72, 0x67, 0x65, 0x74,
    0x20, 0x31, 0x5E, 0x6D, 0x6F, 0x6E, 0x73, 0x74, 0x65, 0x72, 0x20, 0x79,
    0x6F, 0x75, 0x72, 0x6F, 0x70, 0x70, 0x6F, 0x6E, 0x65, 0x6E, 0x74, 0x20,
    0x20, 0x20, 0x20, 0x20, 0x20, 0x63, 0x6F, 0x6E, 0x74, 0x72, 0x6F, 0x6C,
    0x73, 0x20, 0x6F, 0x72, 0x20, 0x31, 0x20, 0x48, 0x61, 0x72, 0x70, 0x69,
    0x65, 0x20, 0x6D, 0x6F, 0x6E, 0x73, 0x74, 0x65, 0x72, 0x79, 0x6F, 0x75,
    0x20, 0x63, 0x6F, 0x6E, 0x74, 0x72, 0x6F, 0x6C, 0x3B, 0x5E, 0x72, 0x65,
    0x74, 0x75, 0x72, 0x6E, 0x20, 0x69, 0x74, 0x20, 0x74, 0x6F, 0x74, 0x68,
    0x65, 0x20, 0x68, 0x61, 0x6E, 0x64, 0x2E, 0x20, 0x59, 0x6F, 0x75, 0x20,
    0x63, 0x61, 0x6E, 0x20, 0x6F, 0x6E, 0x6C, 0x79, 0x20, 0x75, 0x73, 0x65,
    0x20, 0x20, 0x74, 0x68, 0x69, 0x73, 0x20, 0x65, 0x66, 0x66, 0x65, 0x63,
    0x74, 0x20, 0x6F, 0x66, 0x43, 0x79, 0x62, 0x65, 0x72, 0x20, 0x53, 0x6C,
    0x61, 0x73, 0x68, 0x20, 0x5E, 0x48, 0x61, 0x72, 0x70, 0x69, 0x65, 0x20,
    0x4C, 0x61, 0x64, 0x79, 0x20, 0x6F, 0x6E, 0x63, 0x65, 0x20, 0x70, 0x65,
    0x72, 0x20, 0x74, 0x75, 0x72, 0x6E, 0x2E, 0x5E, 0x00,
};

const u8 gDescription_DarkMagicAttack[] APPEND_TEXT = {
    0x20, 0x20, 0x5E, 0x32, 0x49, 0x66, 0x20, 0x79, 0x6F, 0x75, 0x20, 0x20,
    0x20, 0x20, 0x20, 0x20, 0x63, 0x6F, 0x6E, 0x74, 0x72, 0x6F, 0x6C, 0x20,
    0x44, 0x61, 0x72, 0x6B, 0x20, 0x20, 0x4D, 0x61, 0x67, 0x69, 0x63, 0x69,
    0x61, 0x6E, 0x3A, 0x20, 0x20, 0x20, 0x20, 0x20, 0x44, 0x65, 0x73, 0x74,
    0x72, 0x6F, 0x79, 0x20, 0x61, 0x6C, 0x6C, 0x20, 0x20, 0x20, 0x53, 0x70,
    0x65, 0x6C, 0x6C, 0x73, 0x20, 0x61, 0x6E, 0x64, 0x20, 0x20, 0x5E, 0x54,
    0x72, 0x61, 0x70, 0x73, 0x20, 0x79, 0x6F, 0x75, 0x72, 0x20, 0x20, 0x6F,
    0x70, 0x70, 0x6F, 0x6E, 0x65, 0x6E, 0x74, 0x20, 0x20, 0x20, 0x20, 0x20,
    0x20, 0x63, 0x6F, 0x6E, 0x74, 0x72, 0x6F, 0x6C, 0x73, 0x2E, 0x20, 0x20,
    0x20, 0x20, 0x20, 0x5E, 0x00,
};

const u8 gDescription_DarkMagicInheritance[] APPEND_TEXT = {
    0x20, 0x20, 0x5E, 0x35, 0x42, 0x61, 0x6E, 0x69, 0x73, 0x68, 0x20, 0x32,
    0x20, 0x20, 0x20, 0x20, 0x53, 0x70, 0x65, 0x6C, 0x6C, 0x73, 0x20, 0x66,
    0x72, 0x6F, 0x6D, 0x20, 0x20, 0x20, 0x79, 0x6F, 0x75, 0x72, 0x20, 0x47,
    0x59, 0x3B, 0x20, 0x61, 0x64, 0x64, 0x20, 0x31, 0x53, 0x70, 0x65, 0x6C,
    0x6C, 0x2F, 0x54, 0x72, 0x61, 0x70, 0x20, 0x20, 0x20, 0x20, 0x66, 0x72,
    0x6F, 0x6D, 0x20, 0x79, 0x6F, 0x75, 0x72, 0x20, 0x20, 0x20, 0x5E, 0x44,
    0x65, 0x63, 0x6B, 0x20, 0x74, 0x6F, 0x20, 0x79, 0x6F, 0x75, 0x72, 0x68,
    0x61, 0x6E, 0x64, 0x2C, 0x20, 0x74, 0x68, 0x61, 0x74, 0x20, 0x20, 0x20,
    0x20, 0x73, 0x70, 0x65, 0x63, 0x69, 0x66, 0x69, 0x63, 0x61, 0x6C, 0x6C,
    0x79, 0x20, 0x20, 0x6C, 0x69, 0x73, 0x74, 0x73, 0x20, 0x74, 0x68, 0x65,
    0x20, 0x63, 0x61, 0x72, 0x64, 0x44, 0x61, 0x72, 0x6B, 0x20, 0x20, 0x20,
    0x20, 0x20, 0x20, 0x20, 0x20, 0x5E, 0x4D, 0x61, 0x67, 0x69, 0x63, 0x69,
    0x61, 0x6E, 0x20, 0x6F, 0x72, 0x20, 0x44, 0x61, 0x72, 0x6B, 0x20, 0x4D,
    0x61, 0x67, 0x69, 0x63, 0x69, 0x61, 0x6E, 0x20, 0x47, 0x69, 0x72, 0x6C,
    0x20, 0x69, 0x6E, 0x20, 0x69, 0x74, 0x73, 0x20, 0x20, 0x20, 0x74, 0x65,
    0x78, 0x74, 0x2C, 0x20, 0x65, 0x78, 0x63, 0x65, 0x70, 0x74, 0x20, 0x20,
    0x44, 0x61, 0x72, 0x6B, 0x20, 0x4D, 0x61, 0x67, 0x69, 0x63, 0x20, 0x20,
    0x5E, 0x49, 0x6E, 0x68, 0x65, 0x72, 0x69, 0x74, 0x61, 0x6E, 0x63, 0x65,
    0x2E, 0x59, 0x6F, 0x75, 0x20, 0x63, 0x61, 0x6E, 0x20, 0x6F, 0x6E, 0x6C,
    0x79, 0x20, 0x20, 0x61, 0x63, 0x74, 0x69, 0x76, 0x61, 0x74, 0x65, 0x20,
    0x31, 0x20, 0x20, 0x20, 0x20, 0x44, 0x61, 0x72, 0x6B, 0x20, 0x4D, 0x61,
    0x67, 0x69, 0x63, 0x20, 0x20, 0x20, 0x20, 0x49, 0x6E, 0x68, 0x65, 0x72,
    0x69, 0x74, 0x61, 0x6E, 0x63, 0x65, 0x20, 0x5E, 0x70, 0x65, 0x72, 0x20,
    0x74, 0x75, 0x72, 0x6E, 0x2E, 0x20, 0x20, 0x20, 0x5E, 0x00,
};

const u8 gDescription_DarkMagicVeil[] APPEND_TEXT = {
    0x20, 0x20, 0x5E, 0x32, 0x50, 0x61, 0x79, 0x20, 0x31, 0x30, 0x30, 0x30,
    0x20, 0x4C, 0x50, 0x3B, 0x53, 0x70, 0x65, 0x63, 0x69, 0x61, 0x6C, 0x20,
    0x53, 0x75, 0x6D, 0x6D, 0x6F, 0x6E, 0x31, 0x20, 0x44, 0x41, 0x52, 0x4B,
    0x20, 0x79, 0x70, 0x65, 0x20, 0x20, 0x20, 0x20, 0x6D, 0x6F, 0x6E, 0x73,
    0x74, 0x65, 0x72, 0x20, 0x66, 0x72, 0x6F, 0x6D, 0x20, 0x20, 0x79, 0x6F,
    0x75, 0x72, 0x20, 0x20, 0x20, 0x20, 0x20, 0x20, 0x20, 0x20, 0x5E, 0x68,
    0x61, 0x6E, 0x64, 0x20, 0x6F, 0x72, 0x20, 0x20, 0x20, 0x20, 0x20, 0x47,
    0x72, 0x61, 0x76, 0x65, 0x79, 0x61, 0x72, 0x64, 0x2E, 0x20, 0x20, 0x20,
    0x20, 0x5E, 0x00,
};

const u8 gDescription_DarkMagicalCircle[] APPEND_TEXT = {
    0x20, 0x20, 0x5E, 0x39, 0x57, 0x68, 0x65, 0x6E, 0x20, 0x74, 0x68, 0x69,
    0x73, 0x20, 0x20, 0x20, 0x63, 0x61, 0x72, 0x64, 0x20, 0x69, 0x73, 0x20,
    0x20, 0x20, 0x20, 0x20, 0x20, 0x20, 0x61, 0x63, 0x74, 0x69, 0x76, 0x61,
    0x74, 0x65, 0x64, 0x3A, 0x20, 0x20, 0x20, 0x20, 0x4C, 0x6F, 0x6F, 0x6B,
    0x20, 0x61, 0x74, 0x20, 0x74, 0x68, 0x65, 0x20, 0x20, 0x20, 0x74, 0x6F,
    0x70, 0x20, 0x33, 0x20, 0x63, 0x61, 0x72, 0x64, 0x73, 0x20, 0x5E, 0x6F,
    0x66, 0x20, 0x79, 0x6F, 0x75, 0x72, 0x20, 0x20, 0x20, 0x20, 0x20, 0x44,
    0x65, 0x63, 0x6B, 0x2C, 0x20, 0x74, 0x68, 0x65, 0x6E, 0x20, 0x79, 0x6F,
    0x75, 0x63, 0x61, 0x6E, 0x20, 0x72, 0x65, 0x76, 0x65, 0x61, 0x6C, 0x20,
    0x31, 0x20, 0x20, 0x6F, 0x66, 0x20, 0x74, 0x68, 0x65, 0x6D, 0x20, 0x74,
    0x68, 0x61, 0x74, 0x20, 0x20, 0x69, 0x73, 0x20, 0x44, 0x61, 0x72, 0x6B,
    0x20, 0x20, 0x20, 0x20, 0x20, 0x5E, 0x4D, 0x61, 0x67, 0x69, 0x63, 0x69,
    0x61, 0x6E, 0x20, 0x6F, 0x72, 0x20, 0x61, 0x20, 0x53, 0x70, 0x65, 0x6C,
    0x6C, 0x2F, 0x54, 0x72, 0x61, 0x70, 0x20, 0x20, 0x74, 0x68, 0x61, 0x74,
    0x20, 0x6D, 0x65, 0x6E, 0x74, 0x69, 0x6F, 0x6E, 0x73, 0x20, 0x44, 0x61,
    0x72, 0x6B, 0x20, 0x4D, 0x61, 0x67, 0x69, 0x63, 0x69, 0x61, 0x6E, 0x2C,
    0x61, 0x6E, 0x64, 0x20, 0x61, 0x64, 0x64, 0x20, 0x69, 0x74, 0x20, 0x20,
    0x5E, 0x74, 0x6F, 0x20, 0x79, 0x6F, 0x75, 0x72, 0x20, 0x20, 0x20, 0x20,
    0x20, 0x68, 0x61, 0x6E, 0x64, 0x2C, 0x20, 0x61, 0x6C, 0x73, 0x6F, 0x20,
    0x20, 0x20, 0x20, 0x70, 0x6C, 0x61, 0x63, 0x65, 0x20, 0x74, 0x68, 0x65,
    0x20, 0x20, 0x20, 0x20, 0x20, 0x72, 0x65, 0x6D, 0x61, 0x69, 0x6E, 0x69,
    0x6E, 0x67, 0x20, 0x20, 0x20, 0x20, 0x20, 0x63, 0x61, 0x72, 0x64, 0x73,
    0x20, 0x6F, 0x6E, 0x20, 0x74, 0x6F, 0x70, 0x5E, 0x6F, 0x66, 0x20, 0x79,
    0x6F, 0x75, 0x72, 0x20, 0x44, 0x65, 0x63, 0x6B, 0x69, 0x6E, 0x20, 0x61,
    0x6E, 0x79, 0x20, 0x6F, 0x72, 0x64, 0x65, 0x72, 0x2E, 0x20, 0x49, 0x66,
    0x20, 0x44, 0x61, 0x72, 0x6B, 0x20, 0x20, 0x20, 0x20, 0x20, 0x20, 0x20,
    0x4D, 0x61, 0x67, 0x69, 0x63, 0x69, 0x61, 0x6E, 0x20, 0x69, 0x73, 0x20,
    0x20, 0x20, 0x4E, 0x6F, 0x72, 0x6D, 0x61, 0x6C, 0x20, 0x6F, 0x72, 0x20,
    0x20, 0x20, 0x5E, 0x53, 0x70, 0x65, 0x63, 0x69, 0x61, 0x6C, 0x20, 0x20,
    0x20, 0x20, 0x20, 0x53, 0x75, 0x6D, 0x6D, 0x6F, 0x6E, 0x65, 0x64, 0x20,
    0x74, 0x6F, 0x20, 0x20, 0x20, 0x79, 0x6F, 0x75, 0x72, 0x20, 0x66, 0x69,
    0x65, 0x6C, 0x64, 0x20, 0x20, 0x20, 0x20, 0x28, 0x65, 0x78, 0x63, 0x65,
    0x70, 0x74, 0x20, 0x64, 0x75, 0x72, 0x69, 0x6E, 0x67, 0x74, 0x68, 0x65,
    0x20, 0x44, 0x61, 0x6D, 0x61, 0x67, 0x65, 0x20, 0x20, 0x5E, 0x53, 0x74,
    0x65, 0x70, 0x29, 0x3A, 0x20, 0x59, 0x6F, 0x75, 0x20, 0x20, 0x63, 0x61,
    0x6E, 0x20, 0x74, 0x61, 0x72, 0x67, 0x65, 0x74, 0x20, 0x31, 0x20, 0x20,
    0x63, 0x61, 0x72, 0x64, 0x20, 0x79, 0x6F, 0x75, 0x72, 0x20, 0x20, 0x20,
    0x20, 0x20, 0x6F, 0x70, 0x70, 0x6F, 0x6E, 0x65, 0x6E, 0x74, 0x20, 0x20,
    0x20, 0x20, 0x20, 0x20, 0x63, 0x6F, 0x6E, 0x74, 0x72, 0x6F, 0x6C, 0x73,
    0x3B, 0x20, 0x20, 0x20, 0x5E, 0x62, 0x61, 0x6E, 0x69, 0x73, 0x68, 0x20,
    0x69, 0x74, 0x2E, 0x20, 0x20, 0x59, 0x6F, 0x75, 0x20, 0x63, 0x61, 0x6E,
    0x20, 0x6F, 0x6E, 0x6C, 0x79, 0x20, 0x20, 0x75, 0x73, 0x65, 0x20, 0x65,
    0x61, 0x63, 0x68, 0x20, 0x20, 0x20, 0x20, 0x20, 0x20, 0x65, 0x66, 0x66,
    0x65, 0x63, 0x74, 0x20, 0x6F, 0x66, 0x20, 0x44, 0x61, 0x72, 0x6B, 0x4D,
    0x61, 0x67, 0x69, 0x63, 0x61, 0x6C, 0x20, 0x20, 0x20, 0x20, 0x20, 0x5E,
    0x43, 0x69, 0x72, 0x63, 0x6C, 0x65, 0x20, 0x6F, 0x6E, 0x63, 0x65, 0x20,
    0x70, 0x65, 0x72, 0x20, 0x74, 0x75, 0x72, 0x6E, 0x2E, 0x20, 0x20, 0x20,
    0x20, 0x20, 0x5E, 0x00,
};

const u8 gDescription_DarkMagicianOfDestruction[] APPEND_TEXT = {
    0x20, 0x20, 0x5E, 0x32, 0x44, 0x61, 0x72, 0x6B, 0x20, 0x4D, 0x61, 0x67,
    0x69, 0x63, 0x69, 0x61, 0x6E, 0x20, 0x2B, 0x20, 0x31, 0x20, 0x4C, 0x49,
    0x47, 0x48, 0x54, 0x20, 0x6F, 0x72, 0x20, 0x44, 0x41, 0x52, 0x4B, 0x20,
    0x6D, 0x6F, 0x6E, 0x73, 0x74, 0x65, 0x72, 0x20, 0x4D, 0x75, 0x73, 0x74,
    0x20, 0x62, 0x65, 0x20, 0x65, 0x69, 0x74, 0x68, 0x65, 0x72, 0x20, 0x46,
    0x75, 0x73, 0x69, 0x6F, 0x6E, 0x20, 0x53, 0x75, 0x6D, 0x6D, 0x6F, 0x6E,
    0x65, 0x64, 0x2C, 0x20, 0x6F, 0x72, 0x20, 0x53, 0x70, 0x65, 0x63, 0x69,
    0x61, 0x6C, 0x20, 0x53, 0x75, 0x6D, 0x6D, 0x6F, 0x6E, 0x65, 0x64, 0x20,
    0x28, 0x66, 0x72, 0x6F, 0x6D, 0x20, 0x79, 0x6F, 0x75, 0x72, 0x20, 0x45,
    0x78, 0x74, 0x72, 0x61, 0x20, 0x44, 0x65, 0x63, 0x6B, 0x29, 0x20, 0x64,
    0x75, 0x72, 0x69, 0x6E, 0x67, 0x20, 0x74, 0x68, 0x65, 0x20, 0x74, 0x75,
    0x72, 0x6E, 0x20, 0x61, 0x20, 0x53, 0x70, 0x65, 0x6C, 0x6C, 0x20, 0x43,
    0x61, 0x72, 0x64, 0x20, 0x6F, 0x72, 0x20, 0x65, 0x66, 0x66, 0x65, 0x63,
    0x74, 0x20, 0x69, 0x73, 0x20, 0x61, 0x63, 0x74, 0x69, 0x76, 0x61, 0x74,
    0x65, 0x64, 0x2C, 0x20, 0x62, 0x79, 0x20, 0x62, 0x61, 0x6E, 0x69, 0x73,
    0x68, 0x69, 0x6E, 0x67, 0x20, 0x31, 0x20, 0x4C, 0x65, 0x76, 0x65, 0x6C,
    0x20, 0x36, 0x20, 0x6F, 0x72, 0x20, 0x68, 0x69, 0x67, 0x68, 0x65, 0x72,
    0x20, 0x44, 0x41, 0x52, 0x4B, 0x20, 0x53, 0x70, 0x65, 0x6C, 0x6C, 0x63,
    0x61, 0x73, 0x74, 0x65, 0x72, 0x20, 0x6D, 0x6F, 0x6E, 0x73, 0x74, 0x65,
    0x72, 0x20, 0x79, 0x6F, 0x75, 0x20, 0x63, 0x6F, 0x6E, 0x74, 0x72, 0x6F,
    0x6C, 0x20, 0x61, 0x73, 0x20, 0x6D, 0x61, 0x74, 0x65, 0x72, 0x69, 0x61,
    0x6C, 0x2E, 0x20, 0x59, 0x6F, 0x75, 0x20, 0x63, 0x61, 0x6E, 0x20, 0x6F,
    0x6E, 0x6C, 0x79, 0x20, 0x53, 0x70, 0x65, 0x63, 0x69, 0x61, 0x6C, 0x20,
    0x53, 0x75, 0x6D, 0x6D, 0x6F, 0x6E, 0x20, 0x44, 0x61, 0x72, 0x6B, 0x20,
    0x4D, 0x61, 0x67, 0x69, 0x63, 0x69, 0x61, 0x6E, 0x20, 0x6F, 0x66, 0x20,
    0x44, 0x65, 0x73, 0x74, 0x72, 0x75, 0x63, 0x74, 0x69, 0x6F, 0x6E, 0x20,
    0x6F, 0x6E, 0x63, 0x65, 0x20, 0x70, 0x65, 0x72, 0x20, 0x74, 0x75, 0x72,
    0x6E, 0x20, 0x74, 0x68, 0x69, 0x73, 0x20, 0x77, 0x61, 0x79, 0x2C, 0x20,
    0x6E, 0x6F, 0x20, 0x6D, 0x61, 0x74, 0x74, 0x65, 0x72, 0x20, 0x77, 0x68,
    0x69, 0x63, 0x68, 0x20, 0x6D, 0x65, 0x74, 0x68, 0x6F, 0x64, 0x20, 0x79,
    0x6F, 0x75, 0x20, 0x75, 0x73, 0x65, 0x2E, 0x20, 0x54, 0x68, 0x69, 0x73,
    0x20, 0x63, 0x61, 0x72, 0x64, 0x27, 0x73, 0x20, 0x6E, 0x61, 0x6D, 0x65,
    0x20, 0x62, 0x65, 0x63, 0x6F, 0x6D, 0x65, 0x73, 0x20, 0x44, 0x61, 0x72,
    0x6B, 0x20, 0x4D, 0x61, 0x67, 0x69, 0x63, 0x69, 0x61, 0x6E, 0x20, 0x77,
    0x68, 0x69, 0x6C, 0x65, 0x20, 0x6F, 0x6E, 0x20, 0x74, 0x68, 0x65, 0x20,
    0x66, 0x69, 0x65, 0x6C, 0x64, 0x20, 0x6F, 0x72, 0x20, 0x69, 0x6E, 0x20,
    0x74, 0x68, 0x65, 0x20, 0x47, 0x59, 0x2E, 0x20, 0x49, 0x66, 0x20, 0x74,
    0x68, 0x69, 0x73, 0x20, 0x63, 0x61, 0x72, 0x64, 0x20, 0x69, 0x73, 0x20,
    0x53, 0x70, 0x65, 0x63, 0x69, 0x61, 0x6C, 0x20, 0x53, 0x75, 0x6D, 0x6D,
    0x6F, 0x6E, 0x65, 0x64, 0x3A, 0x20, 0x59, 0x6F, 0x75, 0x20, 0x63, 0x61,
    0x6E, 0x20, 0x61, 0x64, 0x64, 0x20, 0x31, 0x20, 0x44, 0x61, 0x72, 0x6B,
    0x20, 0x4D, 0x61, 0x67, 0x69, 0x63, 0x69, 0x61, 0x6E, 0x20, 0x6F, 0x72,
    0x20, 0x31, 0x20, 0x63, 0x61, 0x72, 0x64, 0x20, 0x74, 0x68, 0x61, 0x74,
    0x20, 0x6D, 0x65, 0x6E, 0x74, 0x69, 0x6F, 0x6E, 0x73, 0x20, 0x69, 0x74,
    0x20, 0x66, 0x72, 0x6F, 0x6D, 0x20, 0x79, 0x6F, 0x75, 0x72, 0x20, 0x44,
    0x65, 0x63, 0x6B, 0x20, 0x74, 0x6F, 0x20, 0x79, 0x6F, 0x75, 0x72, 0x20,
    0x68, 0x61, 0x6E, 0x64, 0x2E, 0x5E, 0x5E, 0x00,
};

const u8 gDescription_DeepEyesWhiteDragon[] APPEND_TEXT = {
    0x20, 0x20, 0x5E, 0x32, 0x57, 0x68, 0x65, 0x6E, 0x20, 0x61, 0x20, 0x66,
    0x61, 0x63, 0x65, 0x2D, 0x75, 0x70, 0x20, 0x42, 0x6C, 0x75, 0x65, 0x2D,
    0x45, 0x79, 0x65, 0x73, 0x20, 0x6D, 0x6F, 0x6E, 0x73, 0x74, 0x65, 0x72,
    0x28, 0x73, 0x29, 0x20, 0x79, 0x6F, 0x75, 0x20, 0x63, 0x6F, 0x6E, 0x74,
    0x72, 0x6F, 0x6C, 0x20, 0x69, 0x73, 0x20, 0x64, 0x65, 0x73, 0x74, 0x72,
    0x6F, 0x79, 0x65, 0x64, 0x20, 0x62, 0x79, 0x20, 0x62, 0x61, 0x74, 0x74,
    0x6C, 0x65, 0x20, 0x6F, 0x72, 0x20, 0x61, 0x6E, 0x20, 0x6F, 0x70, 0x70,
    0x6F, 0x6E, 0x65, 0x6E, 0x74, 0x27, 0x73, 0x20, 0x63, 0x61, 0x72, 0x64,
    0x20, 0x65, 0x66, 0x66, 0x65, 0x63, 0x74, 0x2C, 0x20, 0x61, 0x6E, 0x64,
    0x20, 0x79, 0x6F, 0x75, 0x20, 0x68, 0x61, 0x76, 0x65, 0x20, 0x61, 0x20,
    0x44, 0x72, 0x61, 0x67, 0x6F, 0x6E, 0x2D, 0x54, 0x79, 0x70, 0x65, 0x20,
    0x6D, 0x6F, 0x6E, 0x73, 0x74, 0x65, 0x72, 0x20, 0x69, 0x6E, 0x20, 0x79,
    0x6F, 0x75, 0x72, 0x20, 0x47, 0x72, 0x61, 0x76, 0x65, 0x79, 0x61, 0x72,
    0x64, 0x3A, 0x20, 0x59, 0x6F, 0x75, 0x20, 0x63, 0x61, 0x6E, 0x20, 0x53,
    0x70, 0x65, 0x63, 0x69, 0x61, 0x6C, 0x20, 0x53, 0x75, 0x6D, 0x6D, 0x6F,
    0x6E, 0x20, 0x74, 0x68, 0x69, 0x73, 0x20, 0x63, 0x61, 0x72, 0x64, 0x20,
    0x66, 0x72, 0x6F, 0x6D, 0x20, 0x79, 0x6F, 0x75, 0x72, 0x20, 0x68, 0x61,
    0x6E, 0x64, 0x2C, 0x20, 0x61, 0x6E, 0x64, 0x20, 0x69, 0x66, 0x20, 0x79,
    0x6F, 0x75, 0x20, 0x64, 0x6F, 0x2C, 0x20, 0x69, 0x6E, 0x66, 0x6C, 0x69,
    0x63, 0x74, 0x20, 0x36, 0x30, 0x30, 0x20, 0x64, 0x61, 0x6D, 0x61, 0x67,
    0x65, 0x20, 0x74, 0x6F, 0x20, 0x79, 0x6F, 0x75, 0x72, 0x20, 0x6F, 0x70,
    0x70, 0x6F, 0x6E, 0x65, 0x6E, 0x74, 0x20, 0x66, 0x6F, 0x72, 0x20, 0x65,
    0x61, 0x63, 0x68, 0x20, 0x44, 0x72, 0x61, 0x67, 0x6F, 0x6E, 0x2D, 0x54,
    0x79, 0x70, 0x65, 0x20, 0x6D, 0x6F, 0x6E, 0x73, 0x74, 0x65, 0x72, 0x20,
    0x77, 0x69, 0x74, 0x68, 0x20, 0x64, 0x69, 0x66, 0x66, 0x65, 0x72, 0x65,
    0x6E, 0x74, 0x20, 0x6E, 0x61, 0x6D, 0x65, 0x73, 0x20, 0x69, 0x6E, 0x20,
    0x79, 0x6F, 0x75, 0x72, 0x20, 0x47, 0x72, 0x61, 0x76, 0x65, 0x79, 0x61,
    0x72, 0x64, 0x2E, 0x20, 0x49, 0x66, 0x20, 0x74, 0x68, 0x69, 0x73, 0x20,
    0x63, 0x61, 0x72, 0x64, 0x20, 0x69, 0x73, 0x20, 0x4E, 0x6F, 0x72, 0x6D,
    0x61, 0x6C, 0x20, 0x6F, 0x72, 0x20, 0x53, 0x70, 0x65, 0x63, 0x69, 0x61,
    0x6C, 0x20, 0x53, 0x75, 0x6D, 0x6D, 0x6F, 0x6E, 0x65, 0x64, 0x3A, 0x20,
    0x54, 0x61, 0x72, 0x67, 0x65, 0x74, 0x20, 0x31, 0x20, 0x44, 0x72, 0x61,
    0x67, 0x6F, 0x6E, 0x2D, 0x54, 0x79, 0x70, 0x65, 0x20, 0x6D, 0x6F, 0x6E,
    0x73, 0x74, 0x65, 0x72, 0x20, 0x69, 0x6E, 0x20, 0x79, 0x6F, 0x75, 0x72,
    0x20, 0x47, 0x72, 0x61, 0x76, 0x65, 0x79, 0x61, 0x72, 0x64, 0x3B, 0x20,
    0x74, 0x68, 0x69, 0x73, 0x20, 0x63, 0x61, 0x72, 0x64, 0x27, 0x73, 0x20,
    0x41, 0x54, 0x4B, 0x20, 0x62, 0x65, 0x63, 0x6F, 0x6D, 0x65, 0x73, 0x20,
    0x65, 0x71, 0x75, 0x61, 0x6C, 0x20, 0x74, 0x6F, 0x20, 0x74, 0x68, 0x61,
    0x74, 0x20, 0x6D, 0x6F, 0x6E, 0x73, 0x74, 0x65, 0x72, 0x27, 0x73, 0x2E,
    0x20, 0x49, 0x66, 0x20, 0x74, 0x68, 0x69, 0x73, 0x20, 0x63, 0x61, 0x72,
    0x64, 0x20, 0x6F, 0x6E, 0x20, 0x74, 0x68, 0x65, 0x20, 0x66, 0x69, 0x65,
    0x6C, 0x64, 0x20, 0x69, 0x73, 0x20, 0x64, 0x65, 0x73, 0x74, 0x72, 0x6F,
    0x79, 0x65, 0x64, 0x20, 0x62, 0x79, 0x20, 0x61, 0x20, 0x63, 0x61, 0x72,
    0x64, 0x20, 0x65, 0x66, 0x66, 0x65, 0x63, 0x74, 0x3A, 0x20, 0x44, 0x65,
    0x73, 0x74, 0x72, 0x6F, 0x79, 0x20, 0x61, 0x6C, 0x6C, 0x20, 0x6D, 0x6F,
    0x6E, 0x73, 0x74, 0x65, 0x72, 0x73, 0x20, 0x79, 0x6F, 0x75, 0x72, 0x20,
    0x6F, 0x70, 0x70, 0x6F, 0x6E, 0x65, 0x6E, 0x74, 0x20, 0x63, 0x6F, 0x6E,
    0x74, 0x72, 0x6F, 0x6C, 0x73, 0x2E, 0x5E, 0x5E, 0x00,
};

const u8 gDescription_DragonSpiritOfWhite[] APPEND_TEXT = {
    0x20, 0x20, 0x5E, 0x37, 0x28, 0x54, 0x68, 0x69, 0x73, 0x20, 0x63, 0x61,
    0x72, 0x64, 0x20, 0x20, 0x69, 0x73, 0x20, 0x61, 0x6C, 0x77, 0x61, 0x79,
    0x73, 0x20, 0x20, 0x20, 0x20, 0x20, 0x74, 0x72, 0x65, 0x61, 0x74, 0x65,
    0x64, 0x20, 0x61, 0x73, 0x20, 0x61, 0x20, 0x20, 0x42, 0x6C, 0x75, 0x65,
    0x2D, 0x45, 0x79, 0x65, 0x73, 0x20, 0x20, 0x20, 0x20, 0x20, 0x63, 0x61,
    0x72, 0x64, 0x2E, 0x29, 0x20, 0x54, 0x68, 0x69, 0x73, 0x20, 0x5E, 0x63,
    0x61, 0x72, 0x64, 0x20, 0x69, 0x73, 0x20, 0x20, 0x20, 0x20, 0x20, 0x74,
    0x72, 0x65, 0x61, 0x74, 0x65, 0x64, 0x20, 0x61, 0x73, 0x20, 0x61, 0x20,
    0x20, 0x4E, 0x6F, 0x72, 0x6D, 0x61, 0x6C, 0x20, 0x4D, 0x6F, 0x6E, 0x73,
    0x74, 0x65, 0x72, 0x77, 0x68, 0x69, 0x6C, 0x65, 0x20, 0x69, 0x6E, 0x20,
    0x74, 0x68, 0x65, 0x20, 0x20, 0x68, 0x61, 0x6E, 0x64, 0x20, 0x6F, 0x72,
    0x20, 0x47, 0x59, 0x2E, 0x20, 0x5E, 0x57, 0x68, 0x65, 0x6E, 0x20, 0x74,
    0x68, 0x69, 0x73, 0x20, 0x20, 0x20, 0x63, 0x61, 0x72, 0x64, 0x20, 0x69,
    0x73, 0x20, 0x4E, 0x6F, 0x72, 0x6D, 0x61, 0x6C, 0x6F, 0x72, 0x20, 0x53,
    0x70, 0x65, 0x63, 0x69, 0x61, 0x6C, 0x20, 0x20, 0x20, 0x20, 0x53, 0x75,
    0x6D, 0x6D, 0x6F, 0x6E, 0x65, 0x64, 0x3A, 0x20, 0x59, 0x6F, 0x75, 0x20,
    0x63, 0x61, 0x6E, 0x20, 0x74, 0x61, 0x72, 0x67, 0x65, 0x74, 0x20, 0x31,
    0x5E, 0x53, 0x70, 0x65, 0x6C, 0x6C, 0x2F, 0x54, 0x72, 0x61, 0x70, 0x20,
    0x20, 0x79, 0x6F, 0x75, 0x72, 0x20, 0x6F, 0x70, 0x70, 0x6F, 0x6E, 0x65,
    0x6E, 0x74, 0x20, 0x63, 0x6F, 0x6E, 0x74, 0x72, 0x6F, 0x6C, 0x73, 0x3B,
    0x20, 0x20, 0x20, 0x20, 0x20, 0x62, 0x61, 0x6E, 0x69, 0x73, 0x68, 0x20,
    0x69, 0x74, 0x2E, 0x20, 0x49, 0x66, 0x20, 0x79, 0x6F, 0x75, 0x72, 0x20,
    0x20, 0x20, 0x20, 0x20, 0x20, 0x20, 0x20, 0x5E, 0x6F, 0x70, 0x70, 0x6F,
    0x6E, 0x65, 0x6E, 0x74, 0x20, 0x20, 0x20, 0x20, 0x63, 0x6F, 0x6E, 0x74,
    0x72, 0x6F, 0x6C, 0x73, 0x20, 0x61, 0x20, 0x20, 0x20, 0x20, 0x6D, 0x6F,
    0x6E, 0x73, 0x74, 0x65, 0x72, 0x20, 0x28, 0x51, 0x75, 0x69, 0x63, 0x6B,
    0x45, 0x66, 0x66, 0x65, 0x63, 0x74, 0x29, 0x3A, 0x20, 0x59, 0x6F, 0x75,
    0x20, 0x20, 0x63, 0x61, 0x6E, 0x20, 0x54, 0x72, 0x69, 0x62, 0x75, 0x74,
    0x65, 0x20, 0x5E, 0x74, 0x68, 0x69, 0x73, 0x20, 0x63, 0x61, 0x72, 0x64,
    0x3B, 0x20, 0x20, 0x53, 0x70, 0x65, 0x63, 0x69, 0x61, 0x6C, 0x20, 0x53,
    0x75, 0x6D, 0x6D, 0x6F, 0x6E, 0x31, 0x20, 0x42, 0x6C, 0x75, 0x65, 0x2D,
    0x45, 0x79, 0x65, 0x73, 0x20, 0x20, 0x20, 0x57, 0x68, 0x69, 0x74, 0x65,
    0x20, 0x44, 0x72, 0x61, 0x67, 0x6F, 0x6E, 0x20, 0x20, 0x66, 0x72, 0x6F,
    0x6D, 0x20, 0x79, 0x6F, 0x75, 0x72, 0x20, 0x20, 0x20, 0x5E, 0x68, 0x61,
    0x6E, 0x64, 0x2E, 0x20, 0x20, 0x20, 0x20, 0x20, 0x20, 0x20, 0x5E, 0x00,
};

const u8 gDescription_ElShaddollConstruct[] APPEND_TEXT = {
    0x20, 0x20, 0x5E, 0x37, 0x31, 0x20, 0x53, 0x68, 0x61, 0x64, 0x64, 0x6F,
    0x6C, 0x6C, 0x20, 0x20, 0x6D, 0x6F, 0x6E, 0x73, 0x74, 0x65, 0x72, 0x20,
    0x2B, 0x20, 0x31, 0x20, 0x20, 0x20, 0x4C, 0x49, 0x47, 0x48, 0x54, 0x20,
    0x6D, 0x6F, 0x6E, 0x73, 0x74, 0x65, 0x72, 0x20, 0x4D, 0x75, 0x73, 0x74,
    0x20, 0x66, 0x69, 0x72, 0x73, 0x74, 0x20, 0x62, 0x65, 0x20, 0x46, 0x75,
    0x73, 0x69, 0x6F, 0x6E, 0x20, 0x20, 0x20, 0x20, 0x20, 0x20, 0x5E, 0x53,
    0x75, 0x6D, 0x6D, 0x6F, 0x6E, 0x65, 0x64, 0x2E, 0x20, 0x49, 0x66, 0x74,
    0x68, 0x69, 0x73, 0x20, 0x63, 0x61, 0x72, 0x64, 0x20, 0x69, 0x73, 0x20,
    0x20, 0x53, 0x70, 0x65, 0x63, 0x69, 0x61, 0x6C, 0x20, 0x20, 0x20, 0x20,
    0x20, 0x20, 0x20, 0x53, 0x75, 0x6D, 0x6D, 0x6F, 0x6E, 0x65, 0x64, 0x3A,
    0x20, 0x59, 0x6F, 0x75, 0x20, 0x63, 0x61, 0x6E, 0x20, 0x73, 0x65, 0x6E,
    0x64, 0x20, 0x31, 0x20, 0x20, 0x5E, 0x53, 0x68, 0x61, 0x64, 0x64, 0x6F,
    0x6C, 0x6C, 0x20, 0x20, 0x20, 0x20, 0x63, 0x61, 0x72, 0x64, 0x20, 0x66,
    0x72, 0x6F, 0x6D, 0x20, 0x79, 0x6F, 0x75, 0x72, 0x44, 0x65, 0x63, 0x6B,
    0x20, 0x74, 0x6F, 0x20, 0x74, 0x68, 0x65, 0x20, 0x20, 0x20, 0x47, 0x59,
    0x2E, 0x20, 0x41, 0x74, 0x20, 0x74, 0x68, 0x65, 0x20, 0x20, 0x20, 0x20,
    0x73, 0x74, 0x61, 0x72, 0x74, 0x20, 0x6F, 0x66, 0x20, 0x74, 0x68, 0x65,
    0x5E, 0x44, 0x61, 0x6D, 0x61, 0x67, 0x65, 0x20, 0x53, 0x74, 0x65, 0x70,
    0x2C, 0x69, 0x66, 0x20, 0x74, 0x68, 0x69, 0x73, 0x20, 0x63, 0x61, 0x72,
    0x64, 0x20, 0x20, 0x62, 0x61, 0x74, 0x74, 0x6C, 0x65, 0x73, 0x20, 0x61,
    0x20, 0x20, 0x20, 0x20, 0x20, 0x53, 0x70, 0x65, 0x63, 0x69, 0x61, 0x6C,
    0x20, 0x20, 0x20, 0x20, 0x20, 0x20, 0x20, 0x53, 0x75, 0x6D, 0x6D, 0x6F,
    0x6E, 0x65, 0x64, 0x20, 0x20, 0x20, 0x20, 0x5E, 0x6D, 0x6F, 0x6E, 0x73,
    0x74, 0x65, 0x72, 0x3A, 0x20, 0x20, 0x20, 0x20, 0x44, 0x65, 0x73, 0x74,
    0x72, 0x6F, 0x79, 0x20, 0x74, 0x68, 0x61, 0x74, 0x20, 0x20, 0x6D, 0x6F,
    0x6E, 0x73, 0x74, 0x65, 0x72, 0x2E, 0x20, 0x49, 0x66, 0x20, 0x20, 0x20,
    0x74, 0x68, 0x69, 0x73, 0x20, 0x63, 0x61, 0x72, 0x64, 0x20, 0x69, 0x73,
    0x20, 0x20, 0x73, 0x65, 0x6E, 0x74, 0x20, 0x74, 0x6F, 0x20, 0x74, 0x68,
    0x65, 0x20, 0x5E, 0x47, 0x59, 0x3A, 0x20, 0x59, 0x6F, 0x75, 0x20, 0x63,
    0x61, 0x6E, 0x20, 0x74, 0x61, 0x72, 0x67, 0x65, 0x74, 0x20, 0x31, 0x20,
    0x20, 0x20, 0x20, 0x20, 0x20, 0x53, 0x68, 0x61, 0x64, 0x64, 0x6F, 0x6C,
    0x6C, 0x20, 0x20, 0x20, 0x20, 0x20, 0x20, 0x53, 0x70, 0x65, 0x6C, 0x6C,
    0x2F, 0x54, 0x72, 0x61, 0x70, 0x20, 0x69, 0x6E, 0x20, 0x79, 0x6F, 0x75,
    0x72, 0x20, 0x47, 0x59, 0x3B, 0x20, 0x61, 0x64, 0x64, 0x5E, 0x69, 0x74,
    0x20, 0x74, 0x6F, 0x20, 0x79, 0x6F, 0x75, 0x72, 0x20, 0x20, 0x68, 0x61,
    0x6E, 0x64, 0x2E, 0x20, 0x20, 0x20, 0x20, 0x20, 0x20, 0x20, 0x20, 0x20,
    0x5E, 0x00,
};

const u8 gDescription_ElShaddollWinda[] APPEND_TEXT = {
    0x20, 0x20, 0x5E, 0x36, 0x31, 0x20, 0x53, 0x68, 0x61, 0x64, 0x64, 0x6F,
    0x6C, 0x6C, 0x20, 0x20, 0x6D, 0x6F, 0x6E, 0x73, 0x74, 0x65, 0x72, 0x20,
    0x2B, 0x20, 0x31, 0x20, 0x20, 0x20, 0x44, 0x41, 0x52, 0x4B, 0x20, 0x6D,
    0x6F, 0x6E, 0x73, 0x74, 0x65, 0x72, 0x20, 0x20, 0x4D, 0x75, 0x73, 0x74,
    0x20, 0x66, 0x69, 0x72, 0x73, 0x74, 0x20, 0x62, 0x65, 0x20, 0x46, 0x75,
    0x73, 0x69, 0x6F, 0x6E, 0x20, 0x20, 0x20, 0x20, 0x20, 0x20, 0x5E, 0x53,
    0x75, 0x6D, 0x6D, 0x6F, 0x6E, 0x65, 0x64, 0x2E, 0x20, 0x20, 0x20, 0x43,
    0x61, 0x6E, 0x6E, 0x6F, 0x74, 0x20, 0x62, 0x65, 0x20, 0x20, 0x20, 0x20,
    0x20, 0x64, 0x65, 0x73, 0x74, 0x72, 0x6F, 0x79, 0x65, 0x64, 0x20, 0x62,
    0x79, 0x20, 0x20, 0x61, 0x6E, 0x20, 0x6F, 0x70, 0x70, 0x6F, 0x6E, 0x65,
    0x6E, 0x74, 0x27, 0x73, 0x20, 0x63, 0x61, 0x72, 0x64, 0x20, 0x20, 0x20,
    0x20, 0x20, 0x20, 0x20, 0x20, 0x5E, 0x65, 0x66, 0x66, 0x65, 0x63, 0x74,
    0x73, 0x2E, 0x20, 0x20, 0x20, 0x20, 0x45, 0x61, 0x63, 0x68, 0x20, 0x70,
    0x6C, 0x61, 0x79, 0x65, 0x72, 0x20, 0x20, 0x20, 0x63, 0x61, 0x6E, 0x20,
    0x6F, 0x6E, 0x6C, 0x79, 0x20, 0x20, 0x20, 0x20, 0x20, 0x20, 0x53, 0x70,
    0x65, 0x63, 0x69, 0x61, 0x6C, 0x20, 0x53, 0x75, 0x6D, 0x6D, 0x6F, 0x6E,
    0x6D, 0x6F, 0x6E, 0x73, 0x74, 0x65, 0x72, 0x28, 0x73, 0x29, 0x20, 0x20,
    0x5E, 0x6F, 0x6E, 0x63, 0x65, 0x20, 0x70, 0x65, 0x72, 0x20, 0x20, 0x20,
    0x20, 0x74, 0x75, 0x72, 0x6E, 0x20, 0x77, 0x68, 0x69, 0x6C, 0x65, 0x20,
    0x20, 0x20, 0x20, 0x74, 0x68, 0x69, 0x73, 0x20, 0x63, 0x61, 0x72, 0x64,
    0x20, 0x69, 0x73, 0x20, 0x20, 0x66, 0x61, 0x63, 0x65, 0x2D, 0x75, 0x70,
    0x20, 0x6F, 0x6E, 0x20, 0x74, 0x68, 0x65, 0x66, 0x69, 0x65, 0x6C, 0x64,
    0x2E, 0x20, 0x49, 0x66, 0x20, 0x20, 0x20, 0x5E, 0x74, 0x68, 0x69, 0x73,
    0x20, 0x63, 0x61, 0x72, 0x64, 0x20, 0x69, 0x73, 0x73, 0x65, 0x6E, 0x74,
    0x20, 0x74, 0x6F, 0x20, 0x74, 0x68, 0x65, 0x20, 0x20, 0x20, 0x47, 0x59,
    0x3A, 0x20, 0x59, 0x6F, 0x75, 0x20, 0x63, 0x61, 0x6E, 0x20, 0x20, 0x20,
    0x74, 0x61, 0x72, 0x67, 0x65, 0x74, 0x20, 0x31, 0x20, 0x20, 0x20, 0x20,
    0x20, 0x20, 0x53, 0x68, 0x61, 0x64, 0x64, 0x6F, 0x6C, 0x6C, 0x20, 0x20,
    0x20, 0x20, 0x5E, 0x53, 0x70, 0x65, 0x6C, 0x6C, 0x2F, 0x54, 0x72, 0x61,
    0x70, 0x20, 0x20, 0x69, 0x6E, 0x20, 0x79, 0x6F, 0x75, 0x72, 0x20, 0x47,
    0x59, 0x3B, 0x20, 0x20, 0x20, 0x61, 0x64, 0x64, 0x20, 0x69, 0x74, 0x20,
    0x74, 0x6F, 0x20, 0x79, 0x6F, 0x75, 0x72, 0x68, 0x61, 0x6E, 0x64, 0x2E,
    0x20, 0x20, 0x20, 0x20, 0x20, 0x20, 0x20, 0x20, 0x20, 0x5E, 0x00,
};

const u8 gDescription_EternalSoul[] APPEND_TEXT = {
    0x20, 0x20, 0x5E, 0x37, 0x45, 0x76, 0x65, 0x72, 0x79, 0x20, 0x44, 0x61,
    0x72, 0x6B, 0x20, 0x20, 0x4D, 0x61, 0x67, 0x69, 0x63, 0x69, 0x61, 0x6E,
    0x20, 0x69, 0x6E, 0x20, 0x20, 0x20, 0x79, 0x6F, 0x75, 0x72, 0x20, 0x4D,
    0x6F, 0x6E, 0x73, 0x74, 0x65, 0x72, 0x20, 0x20, 0x5A, 0x6F, 0x6E, 0x65,
    0x20, 0x69, 0x73, 0x20, 0x20, 0x20, 0x20, 0x20, 0x20, 0x20, 0x75, 0x6E,
    0x61, 0x66, 0x66, 0x65, 0x63, 0x74, 0x65, 0x64, 0x20, 0x20, 0x5E, 0x62,
    0x79, 0x20, 0x79, 0x6F, 0x75, 0x72, 0x20, 0x20, 0x20, 0x20, 0x20, 0x6F,
    0x70, 0x70, 0x6F, 0x6E, 0x65, 0x6E, 0x74, 0x27, 0x73, 0x20, 0x20, 0x20,
    0x20, 0x63, 0x61, 0x72, 0x64, 0x20, 0x65, 0x66, 0x66, 0x65, 0x63, 0x74,
    0x73, 0x2E, 0x20, 0x49, 0x66, 0x20, 0x74, 0x68, 0x69, 0x73, 0x20, 0x20,
    0x20, 0x20, 0x20, 0x20, 0x20, 0x66, 0x61, 0x63, 0x65, 0x2D, 0x75, 0x70,
    0x20, 0x63, 0x61, 0x72, 0x64, 0x5E, 0x6C, 0x65, 0x61, 0x76, 0x65, 0x73,
    0x20, 0x74, 0x68, 0x65, 0x20, 0x20, 0x66, 0x69, 0x65, 0x6C, 0x64, 0x3A,
    0x20, 0x44, 0x65, 0x73, 0x74, 0x72, 0x6F, 0x79, 0x61, 0x6C, 0x6C, 0x20,
    0x6D, 0x6F, 0x6E, 0x73, 0x74, 0x65, 0x72, 0x73, 0x20, 0x20, 0x79, 0x6F,
    0x75, 0x20, 0x63, 0x6F, 0x6E, 0x74, 0x72, 0x6F, 0x6C, 0x2E, 0x20, 0x20,
    0x59, 0x6F, 0x75, 0x20, 0x63, 0x61, 0x6E, 0x20, 0x6F, 0x6E, 0x6C, 0x79,
    0x5E, 0x75, 0x73, 0x65, 0x20, 0x74, 0x68, 0x65, 0x20, 0x20, 0x20, 0x20,
    0x20, 0x66, 0x6F, 0x6C, 0x6C, 0x6F, 0x77, 0x69, 0x6E, 0x67, 0x20, 0x20,
    0x20, 0x20, 0x20, 0x65, 0x66, 0x66, 0x65, 0x63, 0x74, 0x20, 0x6F, 0x66,
    0x20, 0x20, 0x20, 0x20, 0x20, 0x45, 0x74, 0x65, 0x72, 0x6E, 0x61, 0x6C,
    0x20, 0x53, 0x6F, 0x75, 0x6C, 0x20, 0x20, 0x6F, 0x6E, 0x63, 0x65, 0x20,
    0x70, 0x65, 0x72, 0x20, 0x20, 0x20, 0x20, 0x5E, 0x74, 0x75, 0x72, 0x6E,
    0x2E, 0x20, 0x59, 0x6F, 0x75, 0x20, 0x20, 0x20, 0x63, 0x61, 0x6E, 0x20,
    0x61, 0x63, 0x74, 0x69, 0x76, 0x61, 0x74, 0x65, 0x20, 0x31, 0x6F, 0x66,
    0x20, 0x74, 0x68, 0x65, 0x73, 0x65, 0x20, 0x20, 0x20, 0x20, 0x20, 0x20,
    0x65, 0x66, 0x66, 0x65, 0x63, 0x74, 0x73, 0x3B, 0x20, 0x20, 0x20, 0x20,
    0x20, 0x20, 0x53, 0x70, 0x65, 0x63, 0x69, 0x61, 0x6C, 0x20, 0x20, 0x20,
    0x20, 0x20, 0x5E, 0x53, 0x75, 0x6D, 0x6D, 0x6F, 0x6E, 0x20, 0x31, 0x20,
    0x20, 0x20, 0x20, 0x44, 0x61, 0x72, 0x6B, 0x20, 0x4D, 0x61, 0x67, 0x69,
    0x63, 0x69, 0x61, 0x6E, 0x20, 0x66, 0x72, 0x6F, 0x6D, 0x20, 0x79, 0x6F,
    0x75, 0x72, 0x20, 0x68, 0x61, 0x6E, 0x64, 0x6F, 0x72, 0x20, 0x47, 0x59,
    0x2E, 0x20, 0x41, 0x64, 0x64, 0x20, 0x31, 0x20, 0x20, 0x44, 0x61, 0x72,
    0x6B, 0x20, 0x4D, 0x61, 0x67, 0x69, 0x63, 0x20, 0x20, 0x5E, 0x41, 0x74,
    0x74, 0x61, 0x63, 0x6B, 0x20, 0x6F, 0x72, 0x20, 0x20, 0x20, 0x54, 0x68,
    0x6F, 0x75, 0x73, 0x61, 0x6E, 0x64, 0x20, 0x20, 0x20, 0x20, 0x20, 0x20,
    0x4B, 0x6E, 0x69, 0x76, 0x65, 0x73, 0x20, 0x66, 0x72, 0x6F, 0x6D, 0x20,
    0x20, 0x20, 0x79, 0x6F, 0x75, 0x72, 0x20, 0x44, 0x65, 0x63, 0x6B, 0x20,
    0x74, 0x6F, 0x20, 0x20, 0x79, 0x6F, 0x75, 0x72, 0x20, 0x68, 0x61, 0x6E,
    0x64, 0x2E, 0x20, 0x20, 0x5E, 0x00,
};

const u8 gDescription_EvilHeroAdustedGold[] APPEND_TEXT = {
    0x20, 0x20, 0x5E, 0x35, 0x59, 0x6F, 0x75, 0x20, 0x63, 0x61, 0x6E, 0x20,
    0x20, 0x20, 0x20, 0x20, 0x64, 0x69, 0x73, 0x63, 0x61, 0x72, 0x64, 0x20,
    0x74, 0x68, 0x69, 0x73, 0x20, 0x20, 0x63, 0x61, 0x72, 0x64, 0x3B, 0x20,
    0x61, 0x64, 0x64, 0x20, 0x31, 0x20, 0x20, 0x20, 0x44, 0x61, 0x72, 0x6B,
    0x20, 0x46, 0x75, 0x73, 0x69, 0x6F, 0x6E, 0x2C, 0x20, 0x20, 0x6F, 0x72,
    0x20, 0x31, 0x20, 0x63, 0x61, 0x72, 0x64, 0x20, 0x20, 0x20, 0x5E, 0x74,
    0x68, 0x61, 0x74, 0x20, 0x20, 0x20, 0x20, 0x20, 0x20, 0x20, 0x20, 0x73,
    0x70, 0x65, 0x63, 0x69, 0x66, 0x69, 0x63, 0x61, 0x6C, 0x6C, 0x79, 0x20,
    0x20, 0x6C, 0x69, 0x73, 0x74, 0x73, 0x20, 0x44, 0x61, 0x72, 0x6B, 0x20,
    0x20, 0x20, 0x20, 0x46, 0x75, 0x73, 0x69, 0x6F, 0x6E, 0x20, 0x69, 0x6E,
    0x20, 0x69, 0x74, 0x73, 0x20, 0x74, 0x65, 0x78, 0x74, 0x2C, 0x20, 0x66,
    0x72, 0x6F, 0x6D, 0x20, 0x20, 0x5E, 0x79, 0x6F, 0x75, 0x72, 0x20, 0x44,
    0x65, 0x63, 0x6B, 0x20, 0x74, 0x6F, 0x79, 0x6F, 0x75, 0x72, 0x20, 0x68,
    0x61, 0x6E, 0x64, 0x2C, 0x20, 0x20, 0x20, 0x20, 0x65, 0x78, 0x63, 0x65,
    0x70, 0x74, 0x20, 0x45, 0x76, 0x69, 0x6C, 0x20, 0x20, 0x20, 0x48, 0x45,
    0x52, 0x4F, 0x20, 0x41, 0x64, 0x75, 0x73, 0x74, 0x65, 0x64, 0x20, 0x20,
    0x47, 0x6F, 0x6C, 0x64, 0x2E, 0x20, 0x59, 0x6F, 0x75, 0x20, 0x20, 0x20,
    0x5E, 0x63, 0x61, 0x6E, 0x20, 0x6F, 0x6E, 0x6C, 0x79, 0x20, 0x75, 0x73,
    0x65, 0x74, 0x68, 0x69, 0x73, 0x20, 0x65, 0x66, 0x66, 0x65, 0x63, 0x74,
    0x20, 0x6F, 0x66, 0x45, 0x76, 0x69, 0x6C, 0x20, 0x48, 0x45, 0x52, 0x4F,
    0x20, 0x20, 0x20, 0x20, 0x20, 0x41, 0x64, 0x75, 0x73, 0x74, 0x65, 0x64,
    0x20, 0x47, 0x6F, 0x6C, 0x64, 0x20, 0x20, 0x6F, 0x6E, 0x63, 0x65, 0x20,
    0x70, 0x65, 0x72, 0x20, 0x20, 0x20, 0x20, 0x5E, 0x74, 0x75, 0x72, 0x6E,
    0x2E, 0x20, 0x43, 0x61, 0x6E, 0x6E, 0x6F, 0x74, 0x61, 0x74, 0x74, 0x61,
    0x63, 0x6B, 0x20, 0x75, 0x6E, 0x6C, 0x65, 0x73, 0x73, 0x20, 0x79, 0x6F,
    0x75, 0x20, 0x63, 0x6F, 0x6E, 0x74, 0x72, 0x6F, 0x6C, 0x20, 0x61, 0x20,
    0x46, 0x75, 0x73, 0x69, 0x6F, 0x6E, 0x20, 0x20, 0x20, 0x20, 0x20, 0x20,
    0x20, 0x20, 0x4D, 0x6F, 0x6E, 0x73, 0x74, 0x65, 0x72, 0x2E, 0x20, 0x20,
    0x20, 0x20, 0x5E, 0x00,
};

const u8 gDescription_EvilHeroDarkGaia[] APPEND_TEXT = {
    0x20, 0x20, 0x5E, 0x38, 0x31, 0x20, 0x46, 0x69, 0x65, 0x6E, 0x64, 0x2D,
    0x54, 0x79, 0x70, 0x65, 0x6D, 0x6F, 0x6E, 0x73, 0x74, 0x65, 0x72, 0x20,
    0x2B, 0x20, 0x31, 0x20, 0x20, 0x20, 0x52, 0x6F, 0x63, 0x6B, 0x2D, 0x54,
    0x79, 0x70, 0x65, 0x20, 0x20, 0x20, 0x20, 0x20, 0x6D, 0x6F, 0x6E, 0x73,
    0x74, 0x65, 0x72, 0x20, 0x4D, 0x75, 0x73, 0x74, 0x20, 0x20, 0x62, 0x65,
    0x20, 0x53, 0x70, 0x65, 0x63, 0x69, 0x61, 0x6C, 0x20, 0x20, 0x5E, 0x53,
    0x75, 0x6D, 0x6D, 0x6F, 0x6E, 0x65, 0x64, 0x20, 0x20, 0x20, 0x20, 0x77,
    0x69, 0x74, 0x68, 0x20, 0x44, 0x61, 0x72, 0x6B, 0x20, 0x20, 0x20, 0x20,
    0x20, 0x46, 0x75, 0x73, 0x69, 0x6F, 0x6E, 0x20, 0x61, 0x6E, 0x64, 0x20,
    0x20, 0x20, 0x20, 0x63, 0x61, 0x6E, 0x6E, 0x6F, 0x74, 0x20, 0x62, 0x65,
    0x20, 0x20, 0x20, 0x20, 0x20, 0x53, 0x70, 0x65, 0x63, 0x69, 0x61, 0x6C,
    0x20, 0x20, 0x20, 0x20, 0x20, 0x5E, 0x53, 0x75, 0x6D, 0x6D, 0x6F, 0x6E,
    0x65, 0x64, 0x20, 0x62, 0x79, 0x20, 0x6F, 0x74, 0x68, 0x65, 0x72, 0x20,
    0x77, 0x61, 0x79, 0x73, 0x2E, 0x20, 0x20, 0x20, 0x54, 0x68, 0x65, 0x20,
    0x6F, 0x72, 0x69, 0x67, 0x69, 0x6E, 0x61, 0x6C, 0x20, 0x20, 0x41, 0x54,
    0x4B, 0x20, 0x6F, 0x66, 0x20, 0x74, 0x68, 0x69, 0x73, 0x20, 0x20, 0x20,
    0x63, 0x61, 0x72, 0x64, 0x20, 0x69, 0x73, 0x20, 0x20, 0x20, 0x20, 0x20,
    0x5E, 0x65, 0x71, 0x75, 0x61, 0x6C, 0x20, 0x74, 0x6F, 0x20, 0x74, 0x68,
    0x65, 0x63, 0x6F, 0x6D, 0x62, 0x69, 0x6E, 0x65, 0x64, 0x20, 0x20, 0x20,
    0x20, 0x20, 0x20, 0x6F, 0x72, 0x69, 0x67, 0x69, 0x6E, 0x61, 0x6C, 0x20,
    0x41, 0x54, 0x4B, 0x20, 0x20, 0x6F, 0x66, 0x20, 0x74, 0x68, 0x65, 0x20,
    0x46, 0x75, 0x73, 0x69, 0x6F, 0x6E, 0x20, 0x4D, 0x61, 0x74, 0x65, 0x72,
    0x69, 0x61, 0x6C, 0x20, 0x20, 0x20, 0x20, 0x5E, 0x4D, 0x6F, 0x6E, 0x73,
    0x74, 0x65, 0x72, 0x73, 0x20, 0x20, 0x20, 0x20, 0x75, 0x73, 0x65, 0x64,
    0x20, 0x74, 0x6F, 0x20, 0x46, 0x75, 0x73, 0x69, 0x6F, 0x6E, 0x53, 0x75,
    0x6D, 0x6D, 0x6F, 0x6E, 0x20, 0x69, 0x74, 0x2E, 0x20, 0x20, 0x20, 0x20,
    0x57, 0x68, 0x65, 0x6E, 0x20, 0x74, 0x68, 0x69, 0x73, 0x20, 0x63, 0x61,
    0x72, 0x64, 0x64, 0x65, 0x63, 0x6C, 0x61, 0x72, 0x65, 0x73, 0x20, 0x61,
    0x6E, 0x20, 0x5E, 0x61, 0x74, 0x74, 0x61, 0x63, 0x6B, 0x3A, 0x20, 0x59,
    0x6F, 0x75, 0x20, 0x63, 0x61, 0x6E, 0x20, 0x63, 0x68, 0x61, 0x6E, 0x67,
    0x65, 0x20, 0x61, 0x6C, 0x6C, 0x44, 0x65, 0x66, 0x65, 0x6E, 0x73, 0x65,
    0x20, 0x20, 0x20, 0x20, 0x20, 0x20, 0x20, 0x50, 0x6F, 0x73, 0x69, 0x74,
    0x69, 0x6F, 0x6E, 0x20, 0x20, 0x20, 0x20, 0x20, 0x20, 0x6D, 0x6F, 0x6E,
    0x73, 0x74, 0x65, 0x72, 0x73, 0x20, 0x20, 0x20, 0x20, 0x5E, 0x79, 0x6F,
    0x75, 0x72, 0x20, 0x20, 0x20, 0x20, 0x20, 0x20, 0x20, 0x20, 0x6F, 0x70,
    0x70, 0x6F, 0x6E, 0x65, 0x6E, 0x74, 0x20, 0x20, 0x20, 0x20, 0x20, 0x20,
    0x63, 0x6F, 0x6E, 0x74, 0x72, 0x6F, 0x6C, 0x73, 0x20, 0x74, 0x6F, 0x20,
    0x20, 0x20, 0x66, 0x61, 0x63, 0x65, 0x2D, 0x75, 0x70, 0x20, 0x41, 0x74,
    0x74, 0x61, 0x63, 0x6B, 0x50, 0x6F, 0x73, 0x69, 0x74, 0x69, 0x6F, 0x6E,
    0x2E, 0x20, 0x20, 0x20, 0x5E, 0x28, 0x46, 0x6C, 0x69, 0x70, 0x20, 0x20,
    0x20, 0x20, 0x20, 0x20, 0x20, 0x45, 0x66, 0x66, 0x65, 0x63, 0x74, 0x73,
    0x20, 0x61, 0x72, 0x65, 0x20, 0x20, 0x20, 0x6E, 0x6F, 0x74, 0x20, 0x61,
    0x63, 0x74, 0x69, 0x76, 0x61, 0x74, 0x65, 0x64, 0x20, 0x61, 0x74, 0x20,
    0x74, 0x68, 0x69, 0x73, 0x20, 0x74, 0x69, 0x6D, 0x65, 0x2E, 0x29, 0x5E,
    0x00,
};

const u8 gDescription_EvilHeroDarkestKnight[] APPEND_TEXT = {
    0x20, 0x20, 0x5E, 0x38, 0x31, 0x20, 0x46, 0x69, 0x65, 0x6E, 0x64, 0x20,
    0x20, 0x20, 0x20, 0x20, 0x6D, 0x6F, 0x6E, 0x73, 0x74, 0x65, 0x72, 0x20,
    0x2B, 0x20, 0x31, 0x20, 0x20, 0x20, 0x57, 0x61, 0x72, 0x72, 0x69, 0x6F,
    0x72, 0x20, 0x20, 0x20, 0x20, 0x20, 0x20, 0x20, 0x6D, 0x6F, 0x6E, 0x73,
    0x74, 0x65, 0x72, 0x20, 0x4D, 0x75, 0x73, 0x74, 0x20, 0x20, 0x62, 0x65,
    0x20, 0x53, 0x70, 0x65, 0x63, 0x69, 0x61, 0x6C, 0x20, 0x20, 0x5E, 0x53,
    0x75, 0x6D, 0x6D, 0x6F, 0x6E, 0x65, 0x64, 0x20, 0x20, 0x20, 0x20, 0x77,
    0x69, 0x74, 0x68, 0x20, 0x44, 0x61, 0x72, 0x6B, 0x20, 0x20, 0x20, 0x20,
    0x20, 0x46, 0x75, 0x73, 0x69, 0x6F, 0x6E, 0x2E, 0x20, 0x20, 0x20, 0x20,
    0x20, 0x20, 0x20, 0x4D, 0x6F, 0x6E, 0x73, 0x74, 0x65, 0x72, 0x73, 0x20,
    0x79, 0x6F, 0x75, 0x72, 0x20, 0x6F, 0x70, 0x70, 0x6F, 0x6E, 0x65, 0x6E,
    0x74, 0x20, 0x20, 0x20, 0x20, 0x5E, 0x63, 0x6F, 0x6E, 0x74, 0x72, 0x6F,
    0x6C, 0x73, 0x20, 0x20, 0x20, 0x20, 0x6C, 0x6F, 0x73, 0x65, 0x20, 0x41,
    0x54, 0x4B, 0x20, 0x65, 0x71, 0x75, 0x61, 0x6C, 0x74, 0x6F, 0x20, 0x74,
    0x68, 0x65, 0x20, 0x74, 0x6F, 0x74, 0x61, 0x6C, 0x20, 0x20, 0x6F, 0x72,
    0x69, 0x67, 0x69, 0x6E, 0x61, 0x6C, 0x20, 0x41, 0x54, 0x4B, 0x20, 0x20,
    0x6F, 0x66, 0x20, 0x74, 0x68, 0x65, 0x20, 0x20, 0x20, 0x20, 0x20, 0x20,
    0x5E, 0x6D, 0x61, 0x74, 0x65, 0x72, 0x69, 0x61, 0x6C, 0x73, 0x20, 0x20,
    0x20, 0x75, 0x73, 0x65, 0x64, 0x20, 0x66, 0x6F, 0x72, 0x20, 0x74, 0x68,
    0x69, 0x73, 0x20, 0x63, 0x61, 0x72, 0x64, 0x27, 0x73, 0x20, 0x46, 0x75,
    0x73, 0x69, 0x6F, 0x6E, 0x20, 0x53, 0x75, 0x6D, 0x6D, 0x6F, 0x6E, 0x2E,
    0x20, 0x43, 0x61, 0x6E, 0x20, 0x20, 0x20, 0x6D, 0x61, 0x6B, 0x65, 0x20,
    0x61, 0x20, 0x20, 0x20, 0x20, 0x20, 0x20, 0x5E, 0x73, 0x65, 0x63, 0x6F,
    0x6E, 0x64, 0x20, 0x20, 0x20, 0x20, 0x20, 0x20, 0x61, 0x74, 0x74, 0x61,
    0x63, 0x6B, 0x20, 0x64, 0x75, 0x72, 0x69, 0x6E, 0x67, 0x20, 0x65, 0x61,
    0x63, 0x68, 0x20, 0x42, 0x61, 0x74, 0x74, 0x6C, 0x65, 0x20, 0x20, 0x20,
    0x50, 0x68, 0x61, 0x73, 0x65, 0x2E, 0x20, 0x49, 0x66, 0x20, 0x74, 0x68,
    0x69, 0x73, 0x66, 0x61, 0x63, 0x65, 0x2D, 0x75, 0x70, 0x20, 0x20, 0x20,
    0x20, 0x20, 0x5E, 0x53, 0x70, 0x65, 0x63, 0x69, 0x61, 0x6C, 0x20, 0x20,
    0x20, 0x20, 0x20, 0x53, 0x75, 0x6D, 0x6D, 0x6F, 0x6E, 0x65, 0x64, 0x20,
    0x63, 0x61, 0x72, 0x64, 0x20, 0x69, 0x6E, 0x20, 0x69, 0x74, 0x73, 0x20,
    0x6F, 0x77, 0x6E, 0x65, 0x72, 0x27, 0x73, 0x63, 0x6F, 0x6E, 0x74, 0x72,
    0x6F, 0x6C, 0x20, 0x6C, 0x65, 0x61, 0x76, 0x65, 0x73, 0x74, 0x68, 0x65,
    0x20, 0x66, 0x69, 0x65, 0x6C, 0x64, 0x20, 0x62, 0x79, 0x5E, 0x61, 0x6E,
    0x20, 0x20, 0x20, 0x20, 0x20, 0x20, 0x20, 0x20, 0x20, 0x20, 0x6F, 0x70,
    0x70, 0x6F, 0x6E, 0x65, 0x6E, 0x74, 0x27, 0x73, 0x20, 0x20, 0x20, 0x20,
    0x63, 0x61, 0x72, 0x64, 0x3A, 0x20, 0x59, 0x6F, 0x75, 0x20, 0x63, 0x61,
    0x6E, 0x20, 0x74, 0x61, 0x72, 0x67, 0x65, 0x74, 0x20, 0x31, 0x20, 0x46,
    0x69, 0x65, 0x6E, 0x64, 0x6F, 0x72, 0x20, 0x57, 0x61, 0x72, 0x72, 0x69,
    0x6F, 0x72, 0x20, 0x20, 0x5E, 0x6D, 0x6F, 0x6E, 0x73, 0x74, 0x65, 0x72,
    0x20, 0x69, 0x6E, 0x20, 0x20, 0x79, 0x6F, 0x75, 0x72, 0x20, 0x47, 0x59,
    0x3B, 0x20, 0x20, 0x20, 0x20, 0x20, 0x20, 0x53, 0x70, 0x65, 0x63, 0x69,
    0x61, 0x6C, 0x20, 0x53, 0x75, 0x6D, 0x6D, 0x6F, 0x6E, 0x69, 0x74, 0x20,
    0x69, 0x6E, 0x20, 0x44, 0x65, 0x66, 0x65, 0x6E, 0x73, 0x65, 0x20, 0x50,
    0x6F, 0x73, 0x69, 0x74, 0x69, 0x6F, 0x6E, 0x2E, 0x20, 0x20, 0x20, 0x5E,
    0x00,
};

const u8 gDescription_EvilHeroDeadEndPrison[] APPEND_TEXT = {
    0x20, 0x20, 0x5E, 0x39, 0x49, 0x66, 0x20, 0x79, 0x6F, 0x75, 0x20, 0x20,
    0x20, 0x20, 0x20, 0x20, 0x63, 0x6F, 0x6E, 0x74, 0x72, 0x6F, 0x6C, 0x20,
    0x61, 0x20, 0x20, 0x20, 0x20, 0x20, 0x46, 0x75, 0x73, 0x69, 0x6F, 0x6E,
    0x20, 0x4D, 0x6F, 0x6E, 0x73, 0x74, 0x65, 0x72, 0x74, 0x68, 0x61, 0x74,
    0x20, 0x6D, 0x75, 0x73, 0x74, 0x20, 0x62, 0x65, 0x20, 0x20, 0x53, 0x70,
    0x65, 0x63, 0x69, 0x61, 0x6C, 0x20, 0x20, 0x20, 0x20, 0x20, 0x5E, 0x53,
    0x75, 0x6D, 0x6D, 0x6F, 0x6E, 0x65, 0x64, 0x20, 0x20, 0x20, 0x20, 0x77,
    0x69, 0x74, 0x68, 0x20, 0x44, 0x61, 0x72, 0x6B, 0x20, 0x20, 0x20, 0x20,
    0x20, 0x46, 0x75, 0x73, 0x69, 0x6F, 0x6E, 0x2C, 0x20, 0x79, 0x6F, 0x75,
    0x20, 0x20, 0x20, 0x63, 0x61, 0x6E, 0x20, 0x53, 0x70, 0x65, 0x63, 0x69,
    0x61, 0x6C, 0x20, 0x20, 0x20, 0x53, 0x75, 0x6D, 0x6D, 0x6F, 0x6E, 0x20,
    0x74, 0x68, 0x69, 0x73, 0x20, 0x5E, 0x63, 0x61, 0x72, 0x64, 0x20, 0x28,
    0x66, 0x72, 0x6F, 0x6D, 0x20, 0x20, 0x79, 0x6F, 0x75, 0x72, 0x20, 0x68,
    0x61, 0x6E, 0x64, 0x29, 0x2E, 0x20, 0x20, 0x20, 0x59, 0x6F, 0x75, 0x20,
    0x63, 0x61, 0x6E, 0x20, 0x6F, 0x6E, 0x6C, 0x79, 0x20, 0x20, 0x53, 0x70,
    0x65, 0x63, 0x69, 0x61, 0x6C, 0x20, 0x53, 0x75, 0x6D, 0x6D, 0x6F, 0x6E,
    0x45, 0x76, 0x69, 0x6C, 0x20, 0x48, 0x45, 0x52, 0x4F, 0x20, 0x20, 0x20,
    0x5E, 0x44, 0x65, 0x61, 0x64, 0x2D, 0x45, 0x6E, 0x64, 0x20, 0x20, 0x20,
    0x20, 0x50, 0x72, 0x69, 0x73, 0x6F, 0x6E, 0x20, 0x6F, 0x6E, 0x63, 0x65,
    0x20, 0x20, 0x20, 0x70, 0x65, 0x72, 0x20, 0x74, 0x75, 0x72, 0x6E, 0x20,
    0x74, 0x68, 0x69, 0x73, 0x20, 0x77, 0x61, 0x79, 0x2E, 0x20, 0x59, 0x6F,
    0x75, 0x20, 0x63, 0x61, 0x6E, 0x20, 0x20, 0x73, 0x65, 0x6E, 0x64, 0x20,
    0x31, 0x20, 0x48, 0x45, 0x52, 0x4F, 0x20, 0x5E, 0x6D, 0x6F, 0x6E, 0x73,
    0x74, 0x65, 0x72, 0x20, 0x66, 0x72, 0x6F, 0x6D, 0x79, 0x6F, 0x75, 0x72,
    0x20, 0x44, 0x65, 0x63, 0x6B, 0x20, 0x74, 0x6F, 0x20, 0x20, 0x74, 0x68,
    0x65, 0x20, 0x47, 0x59, 0x3B, 0x20, 0x69, 0x66, 0x20, 0x79, 0x6F, 0x75,
    0x46, 0x75, 0x73, 0x69, 0x6F, 0x6E, 0x20, 0x53, 0x75, 0x6D, 0x6D, 0x6F,
    0x6E, 0x20, 0x61, 0x20, 0x48, 0x45, 0x52, 0x4F, 0x20, 0x20, 0x20, 0x20,
    0x20, 0x20, 0x5E, 0x6D, 0x6F, 0x6E, 0x73, 0x74, 0x65, 0x72, 0x20, 0x74,
    0x68, 0x69, 0x73, 0x74, 0x75, 0x72, 0x6E, 0x2C, 0x20, 0x74, 0x68, 0x69,
    0x73, 0x20, 0x20, 0x20, 0x20, 0x66, 0x61, 0x63, 0x65, 0x2D, 0x75, 0x70,
    0x20, 0x63, 0x61, 0x72, 0x64, 0x20, 0x20, 0x63, 0x61, 0x6E, 0x20, 0x62,
    0x65, 0x20, 0x75, 0x73, 0x65, 0x64, 0x20, 0x61, 0x73, 0x61, 0x20, 0x73,
    0x75, 0x62, 0x73, 0x74, 0x69, 0x74, 0x75, 0x74, 0x65, 0x5E, 0x66, 0x6F,
    0x72, 0x20, 0x31, 0x20, 0x20, 0x20, 0x20, 0x20, 0x20, 0x20, 0x6D, 0x61,
    0x74, 0x65, 0x72, 0x69, 0x61, 0x6C, 0x20, 0x20, 0x20, 0x20, 0x20, 0x20,
    0x6D, 0x65, 0x6E, 0x74, 0x69, 0x6F, 0x6E, 0x65, 0x64, 0x20, 0x62, 0x79,
    0x20, 0x20, 0x6E, 0x61, 0x6D, 0x65, 0x2C, 0x20, 0x62, 0x75, 0x74, 0x20,
    0x61, 0x6C, 0x6C, 0x20, 0x6F, 0x74, 0x68, 0x65, 0x72, 0x20, 0x46, 0x75,
    0x73, 0x69, 0x6F, 0x6E, 0x5E, 0x4D, 0x61, 0x74, 0x65, 0x72, 0x69, 0x61,
    0x6C, 0x73, 0x20, 0x20, 0x20, 0x6D, 0x75, 0x73, 0x74, 0x20, 0x62, 0x65,
    0x20, 0x20, 0x20, 0x20, 0x20, 0x20, 0x20, 0x63, 0x6F, 0x72, 0x72, 0x65,
    0x63, 0x74, 0x2E, 0x20, 0x59, 0x6F, 0x75, 0x20, 0x20, 0x63, 0x61, 0x6E,
    0x20, 0x6F, 0x6E, 0x6C, 0x79, 0x20, 0x75, 0x73, 0x65, 0x20, 0x20, 0x74,
    0x68, 0x69, 0x73, 0x20, 0x65, 0x66, 0x66, 0x65, 0x63, 0x74, 0x20, 0x5E,
    0x6F, 0x66, 0x20, 0x45, 0x76, 0x69, 0x6C, 0x20, 0x48, 0x45, 0x52, 0x4F,
    0x44, 0x65, 0x61, 0x64, 0x2D, 0x45, 0x6E, 0x64, 0x20, 0x20, 0x20, 0x20,
    0x20, 0x20, 0x50, 0x72, 0x69, 0x73, 0x6F, 0x6E, 0x20, 0x6F, 0x6E, 0x63,
    0x65, 0x20, 0x20, 0x20, 0x70, 0x65, 0x72, 0x20, 0x74, 0x75, 0x72, 0x6E,
    0x2E, 0x20, 0x20, 0x20, 0x20, 0x20, 0x5E, 0x00,
};

const u8 gDescription_EvilHeroInfernalGainer[] APPEND_TEXT = {
    0x20, 0x20, 0x5E, 0x36, 0x44, 0x75, 0x72, 0x69, 0x6E, 0x67, 0x20, 0x79,
    0x6F, 0x75, 0x72, 0x20, 0x4D, 0x61, 0x69, 0x6E, 0x20, 0x50, 0x68, 0x61,
    0x73, 0x65, 0x20, 0x31, 0x3A, 0x20, 0x59, 0x6F, 0x75, 0x20, 0x63, 0x61,
    0x6E, 0x20, 0x62, 0x61, 0x6E, 0x69, 0x73, 0x68, 0x74, 0x68, 0x69, 0x73,
    0x20, 0x63, 0x61, 0x72, 0x64, 0x20, 0x66, 0x72, 0x6F, 0x6D, 0x74, 0x68,
    0x65, 0x20, 0x66, 0x69, 0x65, 0x6C, 0x64, 0x2C, 0x20, 0x20, 0x5E, 0x74,
    0x68, 0x65, 0x6E, 0x20, 0x74, 0x61, 0x72, 0x67, 0x65, 0x74, 0x20, 0x31,
    0x20, 0x46, 0x69, 0x65, 0x6E, 0x64, 0x20, 0x20, 0x20, 0x20, 0x20, 0x20,
    0x20, 0x6D, 0x6F, 0x6E, 0x73, 0x74, 0x65, 0x72, 0x20, 0x79, 0x6F, 0x75,
    0x20, 0x20, 0x20, 0x63, 0x6F, 0x6E, 0x74, 0x72, 0x6F, 0x6C, 0x3B, 0x20,
    0x74, 0x68, 0x61, 0x74, 0x20, 0x74, 0x61, 0x72, 0x67, 0x65, 0x74, 0x20,
    0x63, 0x61, 0x6E, 0x20, 0x20, 0x5E, 0x6D, 0x61, 0x6B, 0x65, 0x20, 0x61,
    0x20, 0x20, 0x20, 0x20, 0x20, 0x20, 0x73, 0x65, 0x63, 0x6F, 0x6E, 0x64,
    0x20, 0x61, 0x74, 0x74, 0x61, 0x63, 0x6B, 0x20, 0x64, 0x75, 0x72, 0x69,
    0x6E, 0x67, 0x20, 0x65, 0x61, 0x63, 0x68, 0x20, 0x20, 0x20, 0x42, 0x61,
    0x74, 0x74, 0x6C, 0x65, 0x20, 0x50, 0x68, 0x61, 0x73, 0x65, 0x20, 0x20,
    0x77, 0x68, 0x69, 0x6C, 0x65, 0x20, 0x79, 0x6F, 0x75, 0x20, 0x20, 0x20,
    0x5E, 0x63, 0x6F, 0x6E, 0x74, 0x72, 0x6F, 0x6C, 0x20, 0x69, 0x74, 0x20,
    0x20, 0x66, 0x61, 0x63, 0x65, 0x2D, 0x75, 0x70, 0x2E, 0x20, 0x4F, 0x6E,
    0x63, 0x65, 0x20, 0x70, 0x65, 0x72, 0x20, 0x74, 0x75, 0x72, 0x6E, 0x2C,
    0x20, 0x20, 0x20, 0x20, 0x20, 0x64, 0x75, 0x72, 0x69, 0x6E, 0x67, 0x20,
    0x79, 0x6F, 0x75, 0x72, 0x20, 0x20, 0x20, 0x73, 0x65, 0x63, 0x6F, 0x6E,
    0x64, 0x20, 0x20, 0x20, 0x20, 0x20, 0x20, 0x5E, 0x53, 0x74, 0x61, 0x6E,
    0x64, 0x62, 0x79, 0x20, 0x20, 0x20, 0x20, 0x20, 0x50, 0x68, 0x61, 0x73,
    0x65, 0x20, 0x61, 0x66, 0x74, 0x65, 0x72, 0x20, 0x20, 0x20, 0x74, 0x68,
    0x69, 0x73, 0x20, 0x63, 0x61, 0x72, 0x64, 0x20, 0x77, 0x61, 0x73, 0x20,
    0x62, 0x61, 0x6E, 0x69, 0x73, 0x68, 0x65, 0x64, 0x20, 0x74, 0x6F, 0x20,
    0x20, 0x20, 0x61, 0x63, 0x74, 0x69, 0x76, 0x61, 0x74, 0x65, 0x20, 0x20,
    0x20, 0x20, 0x5E, 0x74, 0x68, 0x69, 0x73, 0x20, 0x65, 0x66, 0x66, 0x65,
    0x63, 0x74, 0x3A, 0x53, 0x70, 0x65, 0x63, 0x69, 0x61, 0x6C, 0x20, 0x53,
    0x75, 0x6D, 0x6D, 0x6F, 0x6E, 0x74, 0x68, 0x69, 0x73, 0x20, 0x63, 0x61,
    0x72, 0x64, 0x20, 0x69, 0x6E, 0x20, 0x20, 0x41, 0x74, 0x74, 0x61, 0x63,
    0x6B, 0x20, 0x20, 0x20, 0x20, 0x20, 0x20, 0x20, 0x20, 0x50, 0x6F, 0x73,
    0x69, 0x74, 0x69, 0x6F, 0x6E, 0x2E, 0x20, 0x20, 0x20, 0x5E, 0x00,
};

const u8 gDescription_GoyoGuardian[] APPEND_TEXT = {
    0x20, 0x20, 0x5E, 0x34, 0x31, 0x20, 0x45, 0x41, 0x52, 0x54, 0x48, 0x20,
    0x20, 0x20, 0x20, 0x20, 0x54, 0x75, 0x6E, 0x65, 0x72, 0x20, 0x2B, 0x20,
    0x31, 0x20, 0x6F, 0x72, 0x20, 0x20, 0x6D, 0x6F, 0x72, 0x65, 0x20, 0x6E,
    0x6F, 0x6E, 0x2D, 0x54, 0x75, 0x6E, 0x65, 0x72, 0x6D, 0x6F, 0x6E, 0x73,
    0x74, 0x65, 0x72, 0x73, 0x20, 0x57, 0x68, 0x65, 0x6E, 0x20, 0x74, 0x68,
    0x69, 0x73, 0x20, 0x63, 0x61, 0x72, 0x64, 0x20, 0x20, 0x20, 0x5E, 0x64,
    0x65, 0x73, 0x74, 0x72, 0x6F, 0x79, 0x73, 0x20, 0x61, 0x6E, 0x20, 0x6F,
    0x70, 0x70, 0x6F, 0x6E, 0x65, 0x6E, 0x74, 0x27, 0x73, 0x20, 0x20, 0x20,
    0x20, 0x6D, 0x6F, 0x6E, 0x73, 0x74, 0x65, 0x72, 0x20, 0x62, 0x79, 0x20,
    0x20, 0x20, 0x20, 0x62, 0x61, 0x74, 0x74, 0x6C, 0x65, 0x20, 0x61, 0x6E,
    0x64, 0x20, 0x20, 0x20, 0x20, 0x73, 0x65, 0x6E, 0x64, 0x73, 0x20, 0x69,
    0x74, 0x20, 0x74, 0x6F, 0x20, 0x5E, 0x74, 0x68, 0x65, 0x20, 0x20, 0x20,
    0x20, 0x20, 0x20, 0x20, 0x20, 0x20, 0x47, 0x72, 0x61, 0x76, 0x65, 0x79,
    0x61, 0x72, 0x64, 0x3A, 0x20, 0x59, 0x6F, 0x75, 0x63, 0x61, 0x6E, 0x20,
    0x53, 0x70, 0x65, 0x63, 0x69, 0x61, 0x6C, 0x20, 0x20, 0x20, 0x53, 0x75,
    0x6D, 0x6D, 0x6F, 0x6E, 0x20, 0x74, 0x68, 0x61, 0x74, 0x20, 0x20, 0x20,
    0x6D, 0x6F, 0x6E, 0x73, 0x74, 0x65, 0x72, 0x20, 0x74, 0x6F, 0x20, 0x20,
    0x5E, 0x79, 0x6F, 0x75, 0x72, 0x20, 0x66, 0x69, 0x65, 0x6C, 0x64, 0x20,
    0x20, 0x69, 0x6E, 0x20, 0x44, 0x65, 0x66, 0x65, 0x6E, 0x73, 0x65, 0x20,
    0x20, 0x20, 0x20, 0x50, 0x6F, 0x73, 0x69, 0x74, 0x69, 0x6F, 0x6E, 0x2E,
    0x20, 0x20, 0x20, 0x20, 0x20, 0x5E, 0x00,
};

const u8 gDescription_HarpieChanneler[] APPEND_TEXT = {
    0x20, 0x20, 0x5E, 0x37, 0x59, 0x6F, 0x75, 0x20, 0x63, 0x61, 0x6E, 0x20,
    0x20, 0x20, 0x20, 0x20, 0x64, 0x69, 0x73, 0x63, 0x61, 0x72, 0x64, 0x20,
    0x31, 0x20, 0x20, 0x20, 0x20, 0x20, 0x48, 0x61, 0x72, 0x70, 0x69, 0x65,
    0x20, 0x63, 0x61, 0x72, 0x64, 0x3B, 0x20, 0x20, 0x53, 0x70, 0x65, 0x63,
    0x69, 0x61, 0x6C, 0x20, 0x53, 0x75, 0x6D, 0x6D, 0x6F, 0x6E, 0x31, 0x20,
    0x48, 0x61, 0x72, 0x70, 0x69, 0x65, 0x20, 0x20, 0x20, 0x20, 0x5E, 0x6D,
    0x6F, 0x6E, 0x73, 0x74, 0x65, 0x72, 0x20, 0x66, 0x72, 0x6F, 0x6D, 0x79,
    0x6F, 0x75, 0x72, 0x20, 0x44, 0x65, 0x63, 0x6B, 0x20, 0x69, 0x6E, 0x20,
    0x20, 0x66, 0x61, 0x63, 0x65, 0x2D, 0x75, 0x70, 0x20, 0x20, 0x20, 0x20,
    0x20, 0x20, 0x20, 0x44, 0x65, 0x66, 0x65, 0x6E, 0x73, 0x65, 0x20, 0x20,
    0x20, 0x20, 0x20, 0x20, 0x20, 0x50, 0x6F, 0x73, 0x69, 0x74, 0x69, 0x6F,
    0x6E, 0x2C, 0x20, 0x20, 0x20, 0x5E, 0x65, 0x78, 0x63, 0x65, 0x70, 0x74,
    0x20, 0x20, 0x20, 0x20, 0x20, 0x20, 0x48, 0x61, 0x72, 0x70, 0x69, 0x65,
    0x20, 0x20, 0x20, 0x20, 0x20, 0x20, 0x20, 0x20, 0x43, 0x68, 0x61, 0x6E,
    0x6E, 0x65, 0x6C, 0x65, 0x72, 0x2E, 0x20, 0x59, 0x6F, 0x75, 0x63, 0x61,
    0x6E, 0x20, 0x6F, 0x6E, 0x6C, 0x79, 0x20, 0x75, 0x73, 0x65, 0x20, 0x20,
    0x74, 0x68, 0x69, 0x73, 0x20, 0x65, 0x66, 0x66, 0x65, 0x63, 0x74, 0x20,
    0x5E, 0x6F, 0x66, 0x20, 0x48, 0x61, 0x72, 0x70, 0x69, 0x65, 0x20, 0x20,
    0x20, 0x43, 0x68, 0x61, 0x6E, 0x6E, 0x65, 0x6C, 0x65, 0x72, 0x20, 0x6F,
    0x6E, 0x63, 0x65, 0x70, 0x65, 0x72, 0x20, 0x74, 0x75, 0x72, 0x6E, 0x2E,
    0x20, 0x20, 0x20, 0x20, 0x20, 0x57, 0x68, 0x69, 0x6C, 0x65, 0x20, 0x79,
    0x6F, 0x75, 0x20, 0x20, 0x20, 0x20, 0x20, 0x63, 0x6F, 0x6E, 0x74, 0x72,
    0x6F, 0x6C, 0x20, 0x61, 0x20, 0x20, 0x20, 0x5E, 0x44, 0x72, 0x61, 0x67,
    0x6F, 0x6E, 0x2D, 0x54, 0x79, 0x70, 0x65, 0x20, 0x6D, 0x6F, 0x6E, 0x73,
    0x74, 0x65, 0x72, 0x2C, 0x20, 0x74, 0x68, 0x69, 0x73, 0x20, 0x63, 0x61,
    0x72, 0x64, 0x27, 0x73, 0x20, 0x4C, 0x65, 0x76, 0x65, 0x6C, 0x20, 0x20,
    0x62, 0x65, 0x63, 0x6F, 0x6D, 0x65, 0x73, 0x20, 0x37, 0x2E, 0x20, 0x20,
    0x20, 0x20, 0x54, 0x68, 0x69, 0x73, 0x20, 0x63, 0x61, 0x72, 0x64, 0x27,
    0x73, 0x20, 0x5E, 0x6E, 0x61, 0x6D, 0x65, 0x20, 0x62, 0x65, 0x63, 0x6F,
    0x6D, 0x65, 0x73, 0x48, 0x61, 0x72, 0x70, 0x69, 0x65, 0x20, 0x4C, 0x61,
    0x64, 0x79, 0x20, 0x20, 0x20, 0x77, 0x68, 0x69, 0x6C, 0x65, 0x20, 0x69,
    0x74, 0x20, 0x69, 0x73, 0x20, 0x6F, 0x6E, 0x74, 0x68, 0x65, 0x20, 0x66,
    0x69, 0x65, 0x6C, 0x64, 0x20, 0x6F, 0x72, 0x20, 0x20, 0x69, 0x6E, 0x20,
    0x74, 0x68, 0x65, 0x20, 0x20, 0x20, 0x20, 0x20, 0x20, 0x5E, 0x47, 0x72,
    0x61, 0x76, 0x65, 0x79, 0x61, 0x72, 0x64, 0x2E, 0x20, 0x20, 0x5E, 0x00,
};

const u8 gDescription_HarpieConductor[] APPEND_TEXT = {
    0x20, 0x20, 0x5E, 0x39, 0x32, 0x20, 0x57, 0x49, 0x4E, 0x44, 0x20, 0x20,
    0x20, 0x20, 0x20, 0x20, 0x6D, 0x6F, 0x6E, 0x73, 0x74, 0x65, 0x72, 0x73,
    0x20, 0x54, 0x68, 0x69, 0x73, 0x20, 0x63, 0x61, 0x72, 0x64, 0x27, 0x73,
    0x20, 0x6E, 0x61, 0x6D, 0x65, 0x20, 0x20, 0x20, 0x62, 0x65, 0x63, 0x6F,
    0x6D, 0x65, 0x73, 0x20, 0x48, 0x61, 0x72, 0x70, 0x69, 0x65, 0x4C, 0x61,
    0x64, 0x79, 0x20, 0x77, 0x68, 0x69, 0x6C, 0x65, 0x20, 0x20, 0x5E, 0x6F,
    0x6E, 0x20, 0x74, 0x68, 0x65, 0x20, 0x66, 0x69, 0x65, 0x6C, 0x64, 0x6F,
    0x72, 0x20, 0x69, 0x6E, 0x20, 0x74, 0x68, 0x65, 0x20, 0x47, 0x59, 0x2E,
    0x20, 0x59, 0x6F, 0x75, 0x20, 0x63, 0x61, 0x6E, 0x20, 0x6F, 0x6E, 0x6C,
    0x79, 0x20, 0x20, 0x75, 0x73, 0x65, 0x20, 0x65, 0x61, 0x63, 0x68, 0x20,
    0x6F, 0x66, 0x20, 0x20, 0x20, 0x74, 0x68, 0x65, 0x20, 0x20, 0x20, 0x20,
    0x20, 0x20, 0x20, 0x20, 0x20, 0x5E, 0x66, 0x6F, 0x6C, 0x6C, 0x6F, 0x77,
    0x69, 0x6E, 0x67, 0x20, 0x20, 0x20, 0x65, 0x66, 0x66, 0x65, 0x63, 0x74,
    0x73, 0x20, 0x6F, 0x66, 0x20, 0x20, 0x20, 0x20, 0x48, 0x61, 0x72, 0x70,
    0x69, 0x65, 0x20, 0x20, 0x20, 0x20, 0x20, 0x20, 0x20, 0x20, 0x43, 0x6F,
    0x6E, 0x64, 0x75, 0x63, 0x74, 0x6F, 0x72, 0x20, 0x6F, 0x6E, 0x63, 0x65,
    0x70, 0x65, 0x72, 0x20, 0x74, 0x75, 0x72, 0x6E, 0x2E, 0x20, 0x49, 0x66,
    0x5E, 0x61, 0x20, 0x48, 0x61, 0x72, 0x70, 0x69, 0x65, 0x20, 0x20, 0x20,
    0x20, 0x6D, 0x6F, 0x6E, 0x73, 0x74, 0x65, 0x72, 0x28, 0x73, 0x29, 0x20,
    0x79, 0x6F, 0x75, 0x63, 0x6F, 0x6E, 0x74, 0x72, 0x6F, 0x6C, 0x20, 0x77,
    0x6F, 0x75, 0x6C, 0x64, 0x20, 0x62, 0x65, 0x20, 0x64, 0x65, 0x73, 0x74,
    0x72, 0x6F, 0x79, 0x65, 0x64, 0x20, 0x20, 0x62, 0x79, 0x20, 0x62, 0x61,
    0x74, 0x74, 0x6C, 0x65, 0x20, 0x6F, 0x72, 0x5E, 0x63, 0x61, 0x72, 0x64,
    0x20, 0x65, 0x66, 0x66, 0x65, 0x63, 0x74, 0x2C, 0x79, 0x6F, 0x75, 0x20,
    0x63, 0x61, 0x6E, 0x20, 0x20, 0x20, 0x20, 0x20, 0x20, 0x20, 0x64, 0x65,
    0x73, 0x74, 0x72, 0x6F, 0x79, 0x20, 0x31, 0x20, 0x20, 0x20, 0x20, 0x20,
    0x53, 0x70, 0x65, 0x6C, 0x6C, 0x2F, 0x54, 0x72, 0x61, 0x70, 0x20, 0x79,
    0x6F, 0x75, 0x63, 0x6F, 0x6E, 0x74, 0x72, 0x6F, 0x6C, 0x20, 0x20, 0x20,
    0x20, 0x20, 0x5E, 0x69, 0x6E, 0x73, 0x74, 0x65, 0x61, 0x64, 0x2E, 0x20,
    0x49, 0x66, 0x20, 0x61, 0x6E, 0x6F, 0x74, 0x68, 0x65, 0x72, 0x20, 0x20,
    0x20, 0x20, 0x20, 0x20, 0x20, 0x66, 0x61, 0x63, 0x65, 0x2D, 0x75, 0x70,
    0x20, 0x48, 0x61, 0x72, 0x70, 0x69, 0x65, 0x6D, 0x6F, 0x6E, 0x73, 0x74,
    0x65, 0x72, 0x20, 0x79, 0x6F, 0x75, 0x20, 0x20, 0x20, 0x63, 0x6F, 0x6E,
    0x74, 0x72, 0x6F, 0x6C, 0x20, 0x20, 0x20, 0x20, 0x20, 0x5E, 0x72, 0x65,
    0x74, 0x75, 0x72, 0x6E, 0x73, 0x20, 0x74, 0x6F, 0x20, 0x20, 0x79, 0x6F,
    0x75, 0x72, 0x20, 0x68, 0x61, 0x6E, 0x64, 0x20, 0x20, 0x20, 0x20, 0x20,
    0x28, 0x65, 0x78, 0x63, 0x65, 0x70, 0x74, 0x20, 0x64, 0x75, 0x72, 0x69,
    0x6E, 0x67, 0x74, 0x68, 0x65, 0x20, 0x44, 0x61, 0x6D, 0x61, 0x67, 0x65,
    0x20, 0x20, 0x20, 0x20, 0x53, 0x74, 0x65, 0x70, 0x29, 0x3A, 0x20, 0x59,
    0x6F, 0x75, 0x20, 0x20, 0x5E, 0x63, 0x61, 0x6E, 0x20, 0x74, 0x61, 0x72,
    0x67, 0x65, 0x74, 0x20, 0x31, 0x53, 0x70, 0x65, 0x63, 0x69, 0x61, 0x6C,
    0x20, 0x20, 0x20, 0x20, 0x20, 0x20, 0x20, 0x53, 0x75, 0x6D, 0x6D, 0x6F,
    0x6E, 0x65, 0x64, 0x20, 0x20, 0x20, 0x20, 0x20, 0x20, 0x6D, 0x6F, 0x6E,
    0x73, 0x74, 0x65, 0x72, 0x20, 0x79, 0x6F, 0x75, 0x72, 0x20, 0x20, 0x6F,
    0x70, 0x70, 0x6F, 0x6E, 0x65, 0x6E, 0x74, 0x20, 0x20, 0x20, 0x20, 0x5E,
    0x63, 0x6F, 0x6E, 0x74, 0x72, 0x6F, 0x6C, 0x73, 0x3B, 0x20, 0x20, 0x20,
    0x72, 0x65, 0x74, 0x75, 0x72, 0x6E, 0x20, 0x69, 0x74, 0x20, 0x74, 0x6F,
    0x20, 0x20, 0x74, 0x68, 0x65, 0x20, 0x68, 0x61, 0x6E, 0x64, 0x2E, 0x20,
    0x20, 0x20, 0x20, 0x20, 0x5E, 0x00,
};

const u8 gDescription_HarpieDancer[] APPEND_TEXT = {
    0x20, 0x20, 0x5E, 0x34, 0x59, 0x6F, 0x75, 0x20, 0x63, 0x61, 0x6E, 0x20,
    0x20, 0x20, 0x20, 0x20, 0x74, 0x61, 0x72, 0x67, 0x65, 0x74, 0x20, 0x31,
    0x20, 0x57, 0x49, 0x4E, 0x44, 0x20, 0x6D, 0x6F, 0x6E, 0x73, 0x74, 0x65,
    0x72, 0x20, 0x79, 0x6F, 0x75, 0x20, 0x20, 0x20, 0x63, 0x6F, 0x6E, 0x74,
    0x72, 0x6F, 0x6C, 0x3B, 0x20, 0x20, 0x20, 0x20, 0x20, 0x20, 0x72, 0x65,
    0x74, 0x75, 0x72, 0x6E, 0x20, 0x69, 0x74, 0x20, 0x74, 0x6F, 0x5E, 0x74,
    0x68, 0x65, 0x20, 0x68, 0x61, 0x6E, 0x64, 0x2C, 0x20, 0x20, 0x20, 0x74,
    0x68, 0x65, 0x6E, 0x20, 0x79, 0x6F, 0x75, 0x20, 0x63, 0x61, 0x6E, 0x20,
    0x20, 0x4E, 0x6F, 0x72, 0x6D, 0x61, 0x6C, 0x20, 0x53, 0x75, 0x6D, 0x6D,
    0x6F, 0x6E, 0x20, 0x31, 0x20, 0x57, 0x49, 0x4E, 0x44, 0x20, 0x20, 0x20,
    0x20, 0x20, 0x20, 0x20, 0x20, 0x6D, 0x6F, 0x6E, 0x73, 0x74, 0x65, 0x72,
    0x2E, 0x20, 0x59, 0x6F, 0x75, 0x5E, 0x63, 0x61, 0x6E, 0x20, 0x6F, 0x6E,
    0x6C, 0x79, 0x20, 0x75, 0x73, 0x65, 0x20, 0x74, 0x68, 0x69, 0x73, 0x20,
    0x65, 0x66, 0x66, 0x65, 0x63, 0x74, 0x20, 0x6F, 0x66, 0x20, 0x48, 0x61,
    0x72, 0x70, 0x69, 0x65, 0x20, 0x44, 0x61, 0x6E, 0x63, 0x65, 0x72, 0x20,
    0x6F, 0x6E, 0x63, 0x65, 0x20, 0x70, 0x65, 0x72, 0x20, 0x74, 0x75, 0x72,
    0x6E, 0x2E, 0x20, 0x54, 0x68, 0x69, 0x73, 0x20, 0x63, 0x61, 0x72, 0x64,
    0x27, 0x73, 0x5E, 0x6E, 0x61, 0x6D, 0x65, 0x20, 0x62, 0x65, 0x63, 0x6F,
    0x6D, 0x65, 0x73, 0x48, 0x61, 0x72, 0x70, 0x69, 0x65, 0x20, 0x4C, 0x61,
    0x64, 0x79, 0x20, 0x20, 0x20, 0x77, 0x68, 0x69, 0x6C, 0x65, 0x20, 0x6F,
    0x6E, 0x20, 0x74, 0x68, 0x65, 0x20, 0x20, 0x66, 0x69, 0x65, 0x6C, 0x64,
    0x20, 0x6F, 0x72, 0x20, 0x69, 0x6E, 0x20, 0x20, 0x20, 0x74, 0x68, 0x65,
    0x20, 0x47, 0x59, 0x2E, 0x20, 0x20, 0x20, 0x20, 0x20, 0x5E, 0x00,
};

const u8 gDescription_HarpieHarpist[] APPEND_TEXT = {
    0x20, 0x20, 0x5E, 0x32, 0x54, 0x68, 0x69, 0x73, 0x20, 0x63, 0x61, 0x72,
    0x64, 0x27, 0x73, 0x20, 0x6E, 0x61, 0x6D, 0x65, 0x20, 0x62, 0x65, 0x63,
    0x6F, 0x6D, 0x65, 0x73, 0x20, 0x48, 0x61, 0x72, 0x70, 0x69, 0x65, 0x20,
    0x4C, 0x61, 0x64, 0x79, 0x20, 0x77, 0x68, 0x69, 0x6C, 0x65, 0x20, 0x69,
    0x74, 0x20, 0x69, 0x73, 0x20, 0x6F, 0x6E, 0x20, 0x74, 0x68, 0x65, 0x20,
    0x66, 0x69, 0x65, 0x6C, 0x64, 0x20, 0x6F, 0x72, 0x20, 0x69, 0x6E, 0x20,
    0x74, 0x68, 0x65, 0x20, 0x47, 0x72, 0x61, 0x76, 0x65, 0x79, 0x61, 0x72,
    0x64, 0x2E, 0x20, 0x59, 0x6F, 0x75, 0x20, 0x63, 0x61, 0x6E, 0x20, 0x6F,
    0x6E, 0x6C, 0x79, 0x20, 0x75, 0x73, 0x65, 0x20, 0x65, 0x61, 0x63, 0x68,
    0x20, 0x6F, 0x66, 0x20, 0x74, 0x68, 0x65, 0x73, 0x65, 0x20, 0x65, 0x66,
    0x66, 0x65, 0x63, 0x74, 0x73, 0x20, 0x6F, 0x66, 0x20, 0x48, 0x61, 0x72,
    0x70, 0x69, 0x65, 0x20, 0x48, 0x61, 0x72, 0x70, 0x69, 0x73, 0x74, 0x20,
    0x6F, 0x6E, 0x63, 0x65, 0x20, 0x70, 0x65, 0x72, 0x20, 0x74, 0x75, 0x72,
    0x6E, 0x2E, 0x20, 0x57, 0x68, 0x65, 0x6E, 0x20, 0x74, 0x68, 0x69, 0x73,
    0x20, 0x63, 0x61, 0x72, 0x64, 0x20, 0x69, 0x73, 0x20, 0x4E, 0x6F, 0x72,
    0x6D, 0x61, 0x6C, 0x20, 0x53, 0x75, 0x6D, 0x6D, 0x6F, 0x6E, 0x65, 0x64,
    0x3A, 0x20, 0x59, 0x6F, 0x75, 0x20, 0x63, 0x61, 0x6E, 0x20, 0x74, 0x61,
    0x72, 0x67, 0x65, 0x74, 0x20, 0x31, 0x20, 0x57, 0x69, 0x6E, 0x67, 0x65,
    0x64, 0x20, 0x42, 0x65, 0x61, 0x73, 0x74, 0x2D, 0x54, 0x79, 0x70, 0x65,
    0x20, 0x6D, 0x6F, 0x6E, 0x73, 0x74, 0x65, 0x72, 0x20, 0x79, 0x6F, 0x75,
    0x20, 0x63, 0x6F, 0x6E, 0x74, 0x72, 0x6F, 0x6C, 0x20, 0x28, 0x6F, 0x74,
    0x68, 0x65, 0x72, 0x20, 0x74, 0x68, 0x61, 0x6E, 0x20, 0x74, 0x68, 0x69,
    0x73, 0x20, 0x63, 0x61, 0x72, 0x64, 0x29, 0x20, 0x61, 0x6E, 0x64, 0x20,
    0x31, 0x20, 0x66, 0x61, 0x63, 0x65, 0x2D, 0x75, 0x70, 0x20, 0x6D, 0x6F,
    0x6E, 0x73, 0x74, 0x65, 0x72, 0x20, 0x79, 0x6F, 0x75, 0x72, 0x20, 0x6F,
    0x70, 0x70, 0x6F, 0x6E, 0x65, 0x6E, 0x74, 0x20, 0x63, 0x6F, 0x6E, 0x74,
    0x72, 0x6F, 0x6C, 0x73, 0x3B, 0x20, 0x72, 0x65, 0x74, 0x75, 0x72, 0x6E,
    0x20, 0x74, 0x68, 0x65, 0x6D, 0x20, 0x74, 0x6F, 0x20, 0x74, 0x68, 0x65,
    0x20, 0x68, 0x61, 0x6E, 0x64, 0x2E, 0x20, 0x44, 0x75, 0x72, 0x69, 0x6E,
    0x67, 0x20, 0x74, 0x68, 0x65, 0x20, 0x45, 0x6E, 0x64, 0x20, 0x50, 0x68,
    0x61, 0x73, 0x65, 0x2C, 0x20, 0x69, 0x66, 0x20, 0x74, 0x68, 0x69, 0x73,
    0x20, 0x63, 0x61, 0x72, 0x64, 0x20, 0x69, 0x73, 0x20, 0x69, 0x6E, 0x20,
    0x74, 0x68, 0x65, 0x20, 0x47, 0x72, 0x61, 0x76, 0x65, 0x79, 0x61, 0x72,
    0x64, 0x20, 0x62, 0x65, 0x63, 0x61, 0x75, 0x73, 0x65, 0x20, 0x69, 0x74,
    0x20, 0x77, 0x61, 0x73, 0x20, 0x73, 0x65, 0x6E, 0x74, 0x20, 0x74, 0x68,
    0x65, 0x72, 0x65, 0x20, 0x74, 0x68, 0x69, 0x73, 0x20, 0x74, 0x75, 0x72,
    0x6E, 0x3A, 0x20, 0x59, 0x6F, 0x75, 0x20, 0x63, 0x61, 0x6E, 0x20, 0x61,
    0x64, 0x64, 0x20, 0x31, 0x20, 0x4C, 0x65, 0x76, 0x65, 0x6C, 0x20, 0x34,
    0x20, 0x57, 0x69, 0x6E, 0x67, 0x65, 0x64, 0x20, 0x42, 0x65, 0x61, 0x73,
    0x74, 0x2D, 0x54, 0x79, 0x70, 0x65, 0x20, 0x6D, 0x6F, 0x6E, 0x73, 0x74,
    0x65, 0x72, 0x20, 0x77, 0x69, 0x74, 0x68, 0x20, 0x31, 0x35, 0x30, 0x30,
    0x20, 0x6F, 0x72, 0x20, 0x6C, 0x65, 0x73, 0x73, 0x20, 0x41, 0x54, 0x4B,
    0x20, 0x66, 0x72, 0x6F, 0x6D, 0x20, 0x79, 0x6F, 0x75, 0x72, 0x20, 0x44,
    0x65, 0x63, 0x6B, 0x20, 0x74, 0x6F, 0x20, 0x79, 0x6F, 0x75, 0x72, 0x20,
    0x68, 0x61, 0x6E, 0x64, 0x2E, 0x5E, 0x5E, 0x00,
};

const u8 gDescription_HarpieLadyElegance[] APPEND_TEXT = {
    0x20, 0x20, 0x5E, 0x39, 0x53, 0x68, 0x75, 0x66, 0x66, 0x6C, 0x65, 0x20,
    0x31, 0x20, 0x20, 0x20, 0x48, 0x61, 0x72, 0x70, 0x69, 0x65, 0x20, 0x4C,
    0x61, 0x64, 0x79, 0x20, 0x20, 0x20, 0x53, 0x69, 0x73, 0x74, 0x65, 0x72,
    0x73, 0x20, 0x66, 0x72, 0x6F, 0x6D, 0x20, 0x20, 0x79, 0x6F, 0x75, 0x72,
    0x20, 0x4D, 0x6F, 0x6E, 0x73, 0x74, 0x65, 0x72, 0x20, 0x20, 0x5A, 0x6F,
    0x6E, 0x65, 0x20, 0x69, 0x6E, 0x74, 0x6F, 0x20, 0x20, 0x20, 0x5E, 0x74,
    0x68, 0x65, 0x20, 0x44, 0x65, 0x63, 0x6B, 0x2C, 0x20, 0x20, 0x20, 0x74,
    0x68, 0x65, 0x6E, 0x20, 0x79, 0x6F, 0x75, 0x20, 0x63, 0x61, 0x6E, 0x20,
    0x20, 0x53, 0x70, 0x65, 0x63, 0x69, 0x61, 0x6C, 0x20, 0x53, 0x75, 0x6D,
    0x6D, 0x6F, 0x6E, 0x33, 0x20, 0x48, 0x61, 0x72, 0x70, 0x69, 0x65, 0x20,
    0x20, 0x20, 0x20, 0x20, 0x20, 0x6D, 0x6F, 0x6E, 0x73, 0x74, 0x65, 0x72,
    0x73, 0x20, 0x20, 0x20, 0x20, 0x5E, 0x77, 0x69, 0x74, 0x68, 0x20, 0x20,
    0x20, 0x20, 0x20, 0x20, 0x20, 0x20, 0x64, 0x69, 0x66, 0x66, 0x65, 0x72,
    0x65, 0x6E, 0x74, 0x20, 0x20, 0x20, 0x20, 0x20, 0x6F, 0x72, 0x69, 0x67,
    0x69, 0x6E, 0x61, 0x6C, 0x20, 0x20, 0x20, 0x20, 0x20, 0x20, 0x6E, 0x61,
    0x6D, 0x65, 0x73, 0x2C, 0x20, 0x31, 0x20, 0x65, 0x61, 0x63, 0x68, 0x20,
    0x66, 0x72, 0x6F, 0x6D, 0x20, 0x79, 0x6F, 0x75, 0x72, 0x20, 0x20, 0x20,
    0x5E, 0x68, 0x61, 0x6E, 0x64, 0x2C, 0x20, 0x44, 0x65, 0x63, 0x6B, 0x2C,
    0x20, 0x61, 0x6E, 0x64, 0x20, 0x47, 0x59, 0x2E, 0x20, 0x46, 0x6F, 0x72,
    0x20, 0x20, 0x20, 0x74, 0x68, 0x65, 0x20, 0x72, 0x65, 0x73, 0x74, 0x20,
    0x6F, 0x66, 0x20, 0x20, 0x20, 0x74, 0x68, 0x69, 0x73, 0x20, 0x74, 0x75,
    0x72, 0x6E, 0x20, 0x20, 0x20, 0x20, 0x20, 0x61, 0x66, 0x74, 0x65, 0x72,
    0x20, 0x74, 0x68, 0x69, 0x73, 0x20, 0x20, 0x5E, 0x63, 0x61, 0x72, 0x64,
    0x20, 0x20, 0x20, 0x20, 0x20, 0x20, 0x20, 0x20, 0x72, 0x65, 0x73, 0x6F,
    0x6C, 0x76, 0x65, 0x73, 0x2C, 0x20, 0x79, 0x6F, 0x75, 0x20, 0x63, 0x61,
    0x6E, 0x6E, 0x6F, 0x74, 0x20, 0x53, 0x70, 0x65, 0x63, 0x69, 0x61, 0x6C,
    0x53, 0x75, 0x6D, 0x6D, 0x6F, 0x6E, 0x20, 0x20, 0x20, 0x20, 0x20, 0x20,
    0x20, 0x20, 0x6D, 0x6F, 0x6E, 0x73, 0x74, 0x65, 0x72, 0x73, 0x2C, 0x20,
    0x20, 0x20, 0x5E, 0x65, 0x78, 0x63, 0x65, 0x70, 0x74, 0x20, 0x57, 0x49,
    0x4E, 0x44, 0x20, 0x6D, 0x6F, 0x6E, 0x73, 0x74, 0x65, 0x72, 0x73, 0x2E,
    0x20, 0x49, 0x66, 0x20, 0x20, 0x74, 0x68, 0x69, 0x73, 0x20, 0x63, 0x61,
    0x72, 0x64, 0x20, 0x79, 0x6F, 0x75, 0x20, 0x63, 0x6F, 0x6E, 0x74, 0x72,
    0x6F, 0x6C, 0x20, 0x69, 0x73, 0x20, 0x20, 0x20, 0x20, 0x64, 0x65, 0x73,
    0x74, 0x72, 0x6F, 0x79, 0x65, 0x64, 0x20, 0x62, 0x79, 0x5E, 0x61, 0x20,
    0x48, 0x61, 0x72, 0x70, 0x69, 0x65, 0x20, 0x20, 0x20, 0x20, 0x63, 0x61,
    0x72, 0x64, 0x27, 0x73, 0x20, 0x65, 0x66, 0x66, 0x65, 0x63, 0x74, 0x20,
    0x6F, 0x72, 0x20, 0x79, 0x6F, 0x75, 0x72, 0x20, 0x20, 0x20, 0x20, 0x20,
    0x20, 0x20, 0x6F, 0x70, 0x70, 0x6F, 0x6E, 0x65, 0x6E, 0x74, 0x27, 0x73,
    0x20, 0x20, 0x20, 0x20, 0x63, 0x61, 0x72, 0x64, 0x20, 0x65, 0x66, 0x66,
    0x65, 0x63, 0x74, 0x3A, 0x5E, 0x41, 0x64, 0x64, 0x20, 0x31, 0x20, 0x48,
    0x61, 0x72, 0x70, 0x69, 0x65, 0x6D, 0x6F, 0x6E, 0x73, 0x74, 0x65, 0x72,
    0x20, 0x66, 0x72, 0x6F, 0x6D, 0x20, 0x20, 0x79, 0x6F, 0x75, 0x72, 0x20,
    0x44, 0x65, 0x63, 0x6B, 0x20, 0x74, 0x6F, 0x20, 0x20, 0x79, 0x6F, 0x75,
    0x72, 0x20, 0x68, 0x61, 0x6E, 0x64, 0x2E, 0x20, 0x59, 0x6F, 0x75, 0x63,
    0x61, 0x6E, 0x20, 0x6F, 0x6E, 0x6C, 0x79, 0x20, 0x75, 0x73, 0x65, 0x5E,
    0x65, 0x61, 0x63, 0x68, 0x20, 0x65, 0x66, 0x66, 0x65, 0x63, 0x74, 0x20,
    0x6F, 0x66, 0x20, 0x48, 0x61, 0x72, 0x70, 0x69, 0x65, 0x20, 0x4C, 0x61,
    0x64, 0x79, 0x45, 0x6C, 0x65, 0x67, 0x61, 0x6E, 0x63, 0x65, 0x20, 0x6F,
    0x6E, 0x63, 0x65, 0x20, 0x70, 0x65, 0x72, 0x20, 0x74, 0x75, 0x72, 0x6E,
    0x2E, 0x20, 0x20, 0x20, 0x20, 0x20, 0x5E, 0x00,
};

const u8 gDescription_HarpieOracle[] APPEND_TEXT = {
    0x20, 0x20, 0x5E, 0x38, 0x54, 0x68, 0x69, 0x73, 0x20, 0x63, 0x61, 0x72,
    0x64, 0x27, 0x73, 0x20, 0x6E, 0x61, 0x6D, 0x65, 0x20, 0x62, 0x65, 0x63,
    0x6F, 0x6D, 0x65, 0x73, 0x20, 0x20, 0x48, 0x61, 0x72, 0x70, 0x69, 0x65,
    0x20, 0x4C, 0x61, 0x64, 0x79, 0x20, 0x20, 0x20, 0x77, 0x68, 0x69, 0x6C,
    0x65, 0x20, 0x6F, 0x6E, 0x20, 0x74, 0x68, 0x65, 0x20, 0x20, 0x66, 0x69,
    0x65, 0x6C, 0x64, 0x20, 0x6F, 0x72, 0x20, 0x69, 0x6E, 0x20, 0x5E, 0x74,
    0x68, 0x65, 0x20, 0x47, 0x59, 0x2E, 0x20, 0x59, 0x6F, 0x75, 0x20, 0x63,
    0x61, 0x6E, 0x20, 0x6F, 0x6E, 0x6C, 0x79, 0x20, 0x75, 0x73, 0x65, 0x20,
    0x20, 0x65, 0x61, 0x63, 0x68, 0x20, 0x6F, 0x66, 0x20, 0x74, 0x68, 0x65,
    0x73, 0x65, 0x20, 0x65, 0x66, 0x66, 0x65, 0x63, 0x74, 0x73, 0x20, 0x6F,
    0x66, 0x20, 0x20, 0x20, 0x20, 0x48, 0x61, 0x72, 0x70, 0x69, 0x65, 0x20,
    0x20, 0x20, 0x20, 0x20, 0x20, 0x5E, 0x4F, 0x72, 0x61, 0x63, 0x6C, 0x65,
    0x20, 0x6F, 0x6E, 0x63, 0x65, 0x20, 0x70, 0x65, 0x72, 0x20, 0x74, 0x75,
    0x72, 0x6E, 0x2E, 0x20, 0x49, 0x66, 0x20, 0x20, 0x79, 0x6F, 0x75, 0x20,
    0x63, 0x6F, 0x6E, 0x74, 0x72, 0x6F, 0x6C, 0x20, 0x61, 0x20, 0x4C, 0x65,
    0x76, 0x65, 0x6C, 0x20, 0x35, 0x20, 0x6F, 0x72, 0x20, 0x20, 0x20, 0x20,
    0x68, 0x69, 0x67, 0x68, 0x65, 0x72, 0x20, 0x20, 0x20, 0x20, 0x20, 0x20,
    0x5E, 0x48, 0x61, 0x72, 0x70, 0x69, 0x65, 0x20, 0x20, 0x20, 0x20, 0x20,
    0x20, 0x6D, 0x6F, 0x6E, 0x73, 0x74, 0x65, 0x72, 0x3A, 0x20, 0x59, 0x6F,
    0x75, 0x20, 0x20, 0x63, 0x61, 0x6E, 0x20, 0x53, 0x70, 0x65, 0x63, 0x69,
    0x61, 0x6C, 0x20, 0x20, 0x20, 0x53, 0x75, 0x6D, 0x6D, 0x6F, 0x6E, 0x20,
    0x74, 0x68, 0x69, 0x73, 0x20, 0x20, 0x20, 0x63, 0x61, 0x72, 0x64, 0x20,
    0x66, 0x72, 0x6F, 0x6D, 0x20, 0x20, 0x20, 0x5E, 0x79, 0x6F, 0x75, 0x72,
    0x20, 0x68, 0x61, 0x6E, 0x64, 0x2E, 0x20, 0x20, 0x49, 0x66, 0x20, 0x74,
    0x68, 0x69, 0x73, 0x20, 0x63, 0x61, 0x72, 0x64, 0x20, 0x20, 0x69, 0x73,
    0x20, 0x4E, 0x6F, 0x72, 0x6D, 0x61, 0x6C, 0x20, 0x6F, 0x72, 0x20, 0x20,
    0x53, 0x70, 0x65, 0x63, 0x69, 0x61, 0x6C, 0x20, 0x20, 0x20, 0x20, 0x20,
    0x20, 0x20, 0x53, 0x75, 0x6D, 0x6D, 0x6F, 0x6E, 0x65, 0x64, 0x3A, 0x20,
    0x20, 0x20, 0x5E, 0x59, 0x6F, 0x75, 0x20, 0x63, 0x61, 0x6E, 0x20, 0x61,
    0x64, 0x64, 0x20, 0x31, 0x20, 0x53, 0x70, 0x65, 0x6C, 0x6C, 0x2F, 0x54,
    0x72, 0x61, 0x70, 0x20, 0x20, 0x66, 0x72, 0x6F, 0x6D, 0x20, 0x79, 0x6F,
    0x75, 0x72, 0x20, 0x47, 0x59, 0x20, 0x20, 0x74, 0x6F, 0x20, 0x79, 0x6F,
    0x75, 0x72, 0x20, 0x68, 0x61, 0x6E, 0x64, 0x2C, 0x20, 0x74, 0x68, 0x61,
    0x74, 0x20, 0x20, 0x20, 0x20, 0x20, 0x20, 0x20, 0x20, 0x5E, 0x73, 0x70,
    0x65, 0x63, 0x69, 0x66, 0x69, 0x63, 0x61, 0x6C, 0x6C, 0x79, 0x20, 0x6C,
    0x69, 0x73, 0x74, 0x73, 0x20, 0x74, 0x68, 0x65, 0x20, 0x63, 0x61, 0x72,
    0x64, 0x20, 0x48, 0x61, 0x72, 0x70, 0x69, 0x65, 0x20, 0x4C, 0x61, 0x64,
    0x79, 0x20, 0x53, 0x69, 0x73, 0x74, 0x65, 0x72, 0x73, 0x20, 0x69, 0x6E,
    0x20, 0x69, 0x74, 0x73, 0x20, 0x74, 0x65, 0x78, 0x74, 0x2C, 0x20, 0x64,
    0x75, 0x72, 0x69, 0x6E, 0x67, 0x5E, 0x74, 0x68, 0x65, 0x20, 0x45, 0x6E,
    0x64, 0x20, 0x20, 0x20, 0x20, 0x20, 0x50, 0x68, 0x61, 0x73, 0x65, 0x20,
    0x6F, 0x66, 0x20, 0x74, 0x68, 0x69, 0x73, 0x20, 0x74, 0x75, 0x72, 0x6E,
    0x2E, 0x20, 0x20, 0x20, 0x20, 0x20, 0x20, 0x20, 0x20, 0x20, 0x5E, 0x00,
};

const u8 gDescription_HarpiePerfumer[] APPEND_TEXT = {
    0x20, 0x20, 0x5E, 0x38, 0x54, 0x68, 0x69, 0x73, 0x20, 0x63, 0x61, 0x72,
    0x64, 0x27, 0x73, 0x20, 0x6E, 0x61, 0x6D, 0x65, 0x20, 0x62, 0x65, 0x63,
    0x6F, 0x6D, 0x65, 0x73, 0x20, 0x20, 0x48, 0x61, 0x72, 0x70, 0x69, 0x65,
    0x20, 0x4C, 0x61, 0x64, 0x79, 0x20, 0x20, 0x20, 0x77, 0x68, 0x69, 0x6C,
    0x65, 0x20, 0x6F, 0x6E, 0x20, 0x74, 0x68, 0x65, 0x20, 0x20, 0x66, 0x69,
    0x65, 0x6C, 0x64, 0x20, 0x6F, 0x72, 0x20, 0x69, 0x6E, 0x20, 0x5E, 0x74,
    0x68, 0x65, 0x20, 0x47, 0x59, 0x2E, 0x20, 0x49, 0x66, 0x20, 0x20, 0x74,
    0x68, 0x69, 0x73, 0x20, 0x63, 0x61, 0x72, 0x64, 0x20, 0x69, 0x73, 0x20,
    0x20, 0x4E, 0x6F, 0x72, 0x6D, 0x61, 0x6C, 0x20, 0x6F, 0x72, 0x20, 0x20,
    0x20, 0x20, 0x20, 0x53, 0x70, 0x65, 0x63, 0x69, 0x61, 0x6C, 0x20, 0x20,
    0x20, 0x20, 0x20, 0x20, 0x20, 0x53, 0x75, 0x6D, 0x6D, 0x6F, 0x6E, 0x65,
    0x64, 0x3A, 0x20, 0x20, 0x20, 0x5E, 0x59, 0x6F, 0x75, 0x20, 0x63, 0x61,
    0x6E, 0x20, 0x61, 0x64, 0x64, 0x20, 0x31, 0x20, 0x53, 0x70, 0x65, 0x6C,
    0x6C, 0x2F, 0x54, 0x72, 0x61, 0x70, 0x20, 0x20, 0x66, 0x72, 0x6F, 0x6D,
    0x20, 0x79, 0x6F, 0x75, 0x72, 0x20, 0x44, 0x65, 0x63, 0x6B, 0x74, 0x6F,
    0x20, 0x79, 0x6F, 0x75, 0x72, 0x20, 0x68, 0x61, 0x6E, 0x64, 0x20, 0x20,
    0x74, 0x68, 0x61, 0x74, 0x20, 0x20, 0x20, 0x20, 0x20, 0x20, 0x20, 0x20,
    0x5E, 0x73, 0x70, 0x65, 0x63, 0x69, 0x66, 0x69, 0x63, 0x61, 0x6C, 0x6C,
    0x79, 0x20, 0x6C, 0x69, 0x73, 0x74, 0x73, 0x20, 0x74, 0x68, 0x65, 0x20,
    0x63, 0x61, 0x72, 0x64, 0x20, 0x48, 0x61, 0x72, 0x70, 0x69, 0x65, 0x20,
    0x4C, 0x61, 0x64, 0x79, 0x20, 0x53, 0x69, 0x73, 0x74, 0x65, 0x72, 0x73,
    0x20, 0x69, 0x6E, 0x20, 0x69, 0x74, 0x73, 0x20, 0x74, 0x65, 0x78, 0x74,
    0x2E, 0x20, 0x49, 0x66, 0x20, 0x79, 0x6F, 0x75, 0x5E, 0x63, 0x6F, 0x6E,
    0x74, 0x72, 0x6F, 0x6C, 0x6C, 0x65, 0x64, 0x20, 0x61, 0x4C, 0x65, 0x76,
    0x65, 0x6C, 0x20, 0x35, 0x20, 0x6F, 0x72, 0x20, 0x20, 0x20, 0x20, 0x68,
    0x69, 0x67, 0x68, 0x65, 0x72, 0x20, 0x48, 0x61, 0x72, 0x70, 0x69, 0x65,
    0x20, 0x6D, 0x6F, 0x6E, 0x73, 0x74, 0x65, 0x72, 0x20, 0x77, 0x68, 0x65,
    0x6E, 0x20, 0x20, 0x79, 0x6F, 0x75, 0x20, 0x20, 0x20, 0x20, 0x20, 0x20,
    0x20, 0x20, 0x20, 0x5E, 0x61, 0x63, 0x74, 0x69, 0x76, 0x61, 0x74, 0x65,
    0x64, 0x20, 0x20, 0x20, 0x74, 0x68, 0x69, 0x73, 0x20, 0x65, 0x66, 0x66,
    0x65, 0x63, 0x74, 0x2C, 0x20, 0x20, 0x79, 0x6F, 0x75, 0x20, 0x63, 0x61,
    0x6E, 0x20, 0x61, 0x6C, 0x73, 0x6F, 0x20, 0x20, 0x61, 0x64, 0x64, 0x20,
    0x61, 0x20, 0x73, 0x65, 0x63, 0x6F, 0x6E, 0x64, 0x20, 0x20, 0x73, 0x75,
    0x63, 0x68, 0x20, 0x63, 0x61, 0x72, 0x64, 0x2C, 0x20, 0x20, 0x5E, 0x77,
    0x69, 0x74, 0x68, 0x20, 0x61, 0x20, 0x20, 0x20, 0x20, 0x20, 0x20, 0x64,
    0x69, 0x66, 0x66, 0x65, 0x72, 0x65, 0x6E, 0x74, 0x20, 0x6E, 0x61, 0x6D,
    0x65, 0x66, 0x72, 0x6F, 0x6D, 0x20, 0x74, 0x68, 0x65, 0x20, 0x20, 0x20,
    0x20, 0x20, 0x20, 0x66, 0x69, 0x72, 0x73, 0x74, 0x2E, 0x20, 0x59, 0x6F,
    0x75, 0x20, 0x63, 0x61, 0x6E, 0x6F, 0x6E, 0x6C, 0x79, 0x20, 0x75, 0x73,
    0x65, 0x20, 0x20, 0x20, 0x20, 0x5E, 0x74, 0x68, 0x69, 0x73, 0x20, 0x65,
    0x66, 0x66, 0x65, 0x63, 0x74, 0x20, 0x6F, 0x66, 0x20, 0x48, 0x61, 0x72,
    0x70, 0x69, 0x65, 0x20, 0x20, 0x20, 0x20, 0x20, 0x50, 0x65, 0x72, 0x66,
    0x75, 0x6D, 0x65, 0x72, 0x20, 0x6F, 0x6E, 0x63, 0x65, 0x20, 0x70, 0x65,
    0x72, 0x20, 0x74, 0x75, 0x72, 0x6E, 0x2E, 0x20, 0x20, 0x20, 0x20, 0x20,
    0x5E, 0x00,
};

const u8 gDescription_HarpieQueen[] APPEND_TEXT = {
    0x20, 0x20, 0x5E, 0x33, 0x54, 0x68, 0x69, 0x73, 0x20, 0x63, 0x61, 0x72,
    0x64, 0x27, 0x73, 0x20, 0x6E, 0x61, 0x6D, 0x65, 0x20, 0x62, 0x65, 0x63,
    0x6F, 0x6D, 0x65, 0x73, 0x20, 0x20, 0x48, 0x61, 0x72, 0x70, 0x69, 0x65,
    0x20, 0x4C, 0x61, 0x64, 0x79, 0x20, 0x20, 0x20, 0x77, 0x68, 0x69, 0x6C,
    0x65, 0x20, 0x6F, 0x6E, 0x20, 0x74, 0x68, 0x65, 0x20, 0x20, 0x66, 0x69,
    0x65, 0x6C, 0x64, 0x20, 0x6F, 0x72, 0x20, 0x69, 0x6E, 0x20, 0x5E, 0x74,
    0x68, 0x65, 0x20, 0x47, 0x59, 0x2E, 0x20, 0x59, 0x6F, 0x75, 0x20, 0x63,
    0x61, 0x6E, 0x20, 0x64, 0x69, 0x73, 0x63, 0x61, 0x72, 0x64, 0x20, 0x20,
    0x20, 0x74, 0x68, 0x69, 0x73, 0x20, 0x63, 0x61, 0x72, 0x64, 0x20, 0x74,
    0x6F, 0x20, 0x20, 0x74, 0x68, 0x65, 0x20, 0x47, 0x59, 0x3B, 0x20, 0x61,
    0x64, 0x64, 0x20, 0x31, 0x20, 0x48, 0x61, 0x72, 0x70, 0x69, 0x65, 0x73,
    0x27, 0x20, 0x20, 0x20, 0x20, 0x5E, 0x48, 0x75, 0x6E, 0x74, 0x69, 0x6E,
    0x67, 0x20, 0x20, 0x20, 0x20, 0x20, 0x47, 0x72, 0x6F, 0x75, 0x6E, 0x64,
    0x20, 0x66, 0x72, 0x6F, 0x6D, 0x20, 0x20, 0x20, 0x79, 0x6F, 0x75, 0x72,
    0x20, 0x44, 0x65, 0x63, 0x6B, 0x20, 0x74, 0x6F, 0x20, 0x20, 0x79, 0x6F,
    0x75, 0x72, 0x20, 0x68, 0x61, 0x6E, 0x64, 0x2E, 0x20, 0x20, 0x20, 0x20,
    0x5E, 0x00,
};

const u8 gDescription_HarpiesFeatherRest[] APPEND_TEXT = {
    0x20, 0x20, 0x5E, 0x37, 0x54, 0x61, 0x72, 0x67, 0x65, 0x74, 0x20, 0x33,
    0x20, 0x20, 0x20, 0x20, 0x48, 0x61, 0x72, 0x70, 0x69, 0x65, 0x20, 0x4C,
    0x61, 0x64, 0x79, 0x20, 0x20, 0x20, 0x61, 0x6E, 0x64, 0x2F, 0x6F, 0x72,
    0x20, 0x48, 0x61, 0x72, 0x70, 0x69, 0x65, 0x20, 0x4C, 0x61, 0x64, 0x79,
    0x20, 0x53, 0x69, 0x73, 0x74, 0x65, 0x72, 0x73, 0x20, 0x20, 0x69, 0x6E,
    0x20, 0x79, 0x6F, 0x75, 0x72, 0x20, 0x47, 0x59, 0x3B, 0x20, 0x5E, 0x73,
    0x68, 0x75, 0x66, 0x66, 0x6C, 0x65, 0x20, 0x74, 0x68, 0x65, 0x6D, 0x69,
    0x6E, 0x74, 0x6F, 0x20, 0x74, 0x68, 0x65, 0x20, 0x44, 0x65, 0x63, 0x6B,
    0x2C, 0x74, 0x68, 0x65, 0x6E, 0x20, 0x64, 0x72, 0x61, 0x77, 0x20, 0x31,
    0x20, 0x20, 0x20, 0x63, 0x61, 0x72, 0x64, 0x2E, 0x20, 0x49, 0x66, 0x20,
    0x79, 0x6F, 0x75, 0x20, 0x20, 0x63, 0x6F, 0x6E, 0x74, 0x72, 0x6F, 0x6C,
    0x6C, 0x65, 0x64, 0x20, 0x61, 0x5E, 0x4C, 0x65, 0x76, 0x65, 0x6C, 0x20,
    0x35, 0x20, 0x6F, 0x72, 0x20, 0x20, 0x68, 0x69, 0x67, 0x68, 0x65, 0x72,
    0x20, 0x48, 0x61, 0x72, 0x70, 0x69, 0x65, 0x20, 0x6D, 0x6F, 0x6E, 0x73,
    0x74, 0x65, 0x72, 0x20, 0x77, 0x68, 0x65, 0x6E, 0x20, 0x20, 0x79, 0x6F,
    0x75, 0x20, 0x61, 0x63, 0x74, 0x69, 0x76, 0x61, 0x74, 0x65, 0x64, 0x20,
    0x74, 0x68, 0x69, 0x73, 0x20, 0x65, 0x66, 0x66, 0x65, 0x63, 0x74, 0x2C,
    0x5E, 0x64, 0x72, 0x61, 0x77, 0x20, 0x32, 0x20, 0x63, 0x61, 0x72, 0x64,
    0x73, 0x69, 0x6E, 0x73, 0x74, 0x65, 0x61, 0x64, 0x2E, 0x20, 0x46, 0x6F,
    0x72, 0x20, 0x20, 0x74, 0x68, 0x65, 0x20, 0x72, 0x65, 0x73, 0x74, 0x20,
    0x6F, 0x66, 0x20, 0x20, 0x20, 0x74, 0x68, 0x69, 0x73, 0x20, 0x74, 0x75,
    0x72, 0x6E, 0x20, 0x20, 0x20, 0x20, 0x20, 0x61, 0x66, 0x74, 0x65, 0x72,
    0x20, 0x74, 0x68, 0x69, 0x73, 0x20, 0x20, 0x5E, 0x63, 0x61, 0x72, 0x64,
    0x20, 0x20, 0x20, 0x20, 0x20, 0x20, 0x20, 0x20, 0x72, 0x65, 0x73, 0x6F,
    0x6C, 0x76, 0x65, 0x73, 0x2C, 0x20, 0x79, 0x6F, 0x75, 0x20, 0x63, 0x61,
    0x6E, 0x6E, 0x6F, 0x74, 0x20, 0x53, 0x70, 0x65, 0x63, 0x69, 0x61, 0x6C,
    0x53, 0x75, 0x6D, 0x6D, 0x6F, 0x6E, 0x20, 0x20, 0x20, 0x20, 0x20, 0x20,
    0x20, 0x20, 0x6D, 0x6F, 0x6E, 0x73, 0x74, 0x65, 0x72, 0x73, 0x2C, 0x20,
    0x20, 0x20, 0x5E, 0x65, 0x78, 0x63, 0x65, 0x70, 0x74, 0x20, 0x57, 0x49,
    0x4E, 0x44, 0x20, 0x6D, 0x6F, 0x6E, 0x73, 0x74, 0x65, 0x72, 0x73, 0x2E,
    0x20, 0x59, 0x6F, 0x75, 0x20, 0x63, 0x61, 0x6E, 0x20, 0x6F, 0x6E, 0x6C,
    0x79, 0x20, 0x20, 0x20, 0x20, 0x20, 0x20, 0x61, 0x63, 0x74, 0x69, 0x76,
    0x61, 0x74, 0x65, 0x20, 0x31, 0x20, 0x20, 0x20, 0x20, 0x48, 0x61, 0x72,
    0x70, 0x69, 0x65, 0x27, 0x73, 0x20, 0x20, 0x20, 0x20, 0x5E, 0x46, 0x65,
    0x61, 0x74, 0x68, 0x65, 0x72, 0x20, 0x52, 0x65, 0x73, 0x74, 0x70, 0x65,
    0x72, 0x20, 0x74, 0x75, 0x72, 0x6E, 0x2E, 0x20, 0x20, 0x20, 0x20, 0x20,
    0x5E, 0x00,
};

const u8 gDescription_HarpiesFeatherStorm[] APPEND_TEXT = {
    0x20, 0x20, 0x5E, 0x37, 0x49, 0x66, 0x20, 0x79, 0x6F, 0x75, 0x20, 0x20,
    0x20, 0x20, 0x20, 0x20, 0x63, 0x6F, 0x6E, 0x74, 0x72, 0x6F, 0x6C, 0x20,
    0x61, 0x20, 0x57, 0x49, 0x4E, 0x44, 0x57, 0x69, 0x6E, 0x67, 0x65, 0x64,
    0x20, 0x42, 0x65, 0x61, 0x73, 0x74, 0x20, 0x20, 0x6D, 0x6F, 0x6E, 0x73,
    0x74, 0x65, 0x72, 0x3A, 0x20, 0x55, 0x6E, 0x74, 0x69, 0x6C, 0x74, 0x68,
    0x65, 0x20, 0x65, 0x6E, 0x64, 0x20, 0x6F, 0x66, 0x20, 0x20, 0x5E, 0x74,
    0x68, 0x69, 0x73, 0x20, 0x74, 0x75, 0x72, 0x6E, 0x2C, 0x20, 0x20, 0x6E,
    0x65, 0x67, 0x61, 0x74, 0x65, 0x20, 0x61, 0x6E, 0x79, 0x20, 0x20, 0x20,
    0x20, 0x6D, 0x6F, 0x6E, 0x73, 0x74, 0x65, 0x72, 0x20, 0x20, 0x20, 0x20,
    0x20, 0x20, 0x20, 0x65, 0x66, 0x66, 0x65, 0x63, 0x74, 0x73, 0x20, 0x79,
    0x6F, 0x75, 0x72, 0x20, 0x20, 0x6F, 0x70, 0x70, 0x6F, 0x6E, 0x65, 0x6E,
    0x74, 0x20, 0x20, 0x20, 0x20, 0x5E, 0x61, 0x63, 0x74, 0x69, 0x76, 0x61,
    0x74, 0x65, 0x73, 0x2E, 0x20, 0x20, 0x49, 0x66, 0x20, 0x79, 0x6F, 0x75,
    0x20, 0x63, 0x6F, 0x6E, 0x74, 0x72, 0x6F, 0x6C, 0x61, 0x20, 0x48, 0x61,
    0x72, 0x70, 0x69, 0x65, 0x20, 0x20, 0x20, 0x20, 0x20, 0x20, 0x6D, 0x6F,
    0x6E, 0x73, 0x74, 0x65, 0x72, 0x2C, 0x20, 0x79, 0x6F, 0x75, 0x20, 0x20,
    0x63, 0x61, 0x6E, 0x20, 0x61, 0x63, 0x74, 0x69, 0x76, 0x61, 0x74, 0x65,
    0x5E, 0x74, 0x68, 0x69, 0x73, 0x20, 0x63, 0x61, 0x72, 0x64, 0x20, 0x20,
    0x20, 0x66, 0x72, 0x6F, 0x6D, 0x20, 0x79, 0x6F, 0x75, 0x72, 0x20, 0x20,
    0x20, 0x20, 0x20, 0x68, 0x61, 0x6E, 0x64, 0x2E, 0x20, 0x49, 0x66, 0x20,
    0x74, 0x68, 0x69, 0x73, 0x20, 0x63, 0x61, 0x72, 0x64, 0x20, 0x69, 0x6E,
    0x20, 0x69, 0x74, 0x73, 0x20, 0x20, 0x20, 0x6F, 0x77, 0x6E, 0x65, 0x72,
    0x27, 0x73, 0x20, 0x20, 0x20, 0x20, 0x20, 0x5E, 0x53, 0x70, 0x65, 0x6C,
    0x6C, 0x20, 0x26, 0x20, 0x54, 0x72, 0x61, 0x70, 0x5A, 0x6F, 0x6E, 0x65,
    0x20, 0x69, 0x73, 0x20, 0x20, 0x20, 0x20, 0x20, 0x20, 0x20, 0x64, 0x65,
    0x73, 0x74, 0x72, 0x6F, 0x79, 0x65, 0x64, 0x20, 0x62, 0x79, 0x20, 0x20,
    0x61, 0x6E, 0x20, 0x6F, 0x70, 0x70, 0x6F, 0x6E, 0x65, 0x6E, 0x74, 0x27,
    0x73, 0x20, 0x63, 0x61, 0x72, 0x64, 0x20, 0x65, 0x66, 0x66, 0x65, 0x63,
    0x74, 0x3A, 0x5E, 0x59, 0x6F, 0x75, 0x20, 0x63, 0x61, 0x6E, 0x20, 0x61,
    0x64, 0x64, 0x20, 0x31, 0x20, 0x48, 0x61, 0x72, 0x70, 0x69, 0x65, 0x27,
    0x73, 0x20, 0x20, 0x20, 0x20, 0x46, 0x65, 0x61, 0x74, 0x68, 0x65, 0x72,
    0x20, 0x44, 0x75, 0x73, 0x74, 0x65, 0x72, 0x66, 0x72, 0x6F, 0x6D, 0x20,
    0x79, 0x6F, 0x75, 0x72, 0x20, 0x44, 0x65, 0x63, 0x6B, 0x6F, 0x72, 0x20,
    0x47, 0x59, 0x20, 0x74, 0x6F, 0x20, 0x20, 0x20, 0x20, 0x5E, 0x79, 0x6F,
    0x75, 0x72, 0x20, 0x68, 0x61, 0x6E, 0x64, 0x2E, 0x20, 0x20, 0x5E, 0x00,
};

const u8 gDescription_HarpiesHuntingGround[] APPEND_TEXT = {
    0x20, 0x20, 0x5E, 0x34, 0x41, 0x6C, 0x6C, 0x20, 0x57, 0x69, 0x6E, 0x67,
    0x65, 0x64, 0x20, 0x20, 0x42, 0x65, 0x61, 0x73, 0x74, 0x20, 0x6D, 0x6F,
    0x6E, 0x73, 0x74, 0x65, 0x72, 0x73, 0x67, 0x61, 0x69, 0x6E, 0x20, 0x32,
    0x30, 0x30, 0x20, 0x20, 0x20, 0x20, 0x20, 0x20, 0x41, 0x54, 0x4B, 0x2F,
    0x44, 0x45, 0x46, 0x2E, 0x20, 0x49, 0x66, 0x20, 0x20, 0x20, 0x61, 0x6E,
    0x79, 0x20, 0x48, 0x61, 0x72, 0x70, 0x69, 0x65, 0x20, 0x20, 0x5E, 0x4C,
    0x61, 0x64, 0x79, 0x20, 0x6F, 0x72, 0x20, 0x20, 0x20, 0x20, 0x20, 0x48,
    0x61, 0x72, 0x70, 0x69, 0x65, 0x20, 0x4C, 0x61, 0x64, 0x79, 0x20, 0x20,
    0x20, 0x53, 0x69, 0x73, 0x74, 0x65, 0x72, 0x73, 0x20, 0x69, 0x73, 0x20,
    0x20, 0x20, 0x20, 0x4E, 0x6F, 0x72, 0x6D, 0x61, 0x6C, 0x20, 0x6F, 0x72,
    0x20, 0x20, 0x20, 0x20, 0x20, 0x53, 0x70, 0x65, 0x63, 0x69, 0x61, 0x6C,
    0x20, 0x20, 0x20, 0x20, 0x20, 0x5E, 0x53, 0x75, 0x6D, 0x6D, 0x6F, 0x6E,
    0x65, 0x64, 0x3A, 0x20, 0x20, 0x20, 0x54, 0x68, 0x65, 0x20, 0x70, 0x6C,
    0x61, 0x79, 0x65, 0x72, 0x20, 0x77, 0x68, 0x6F, 0x63, 0x6F, 0x6E, 0x64,
    0x75, 0x63, 0x74, 0x65, 0x64, 0x20, 0x74, 0x68, 0x65, 0x20, 0x53, 0x75,
    0x6D, 0x6D, 0x6F, 0x6E, 0x20, 0x74, 0x61, 0x72, 0x67, 0x65, 0x74, 0x73,
    0x31, 0x20, 0x53, 0x70, 0x65, 0x6C, 0x6C, 0x2F, 0x54, 0x72, 0x61, 0x70,
    0x5E, 0x6F, 0x6E, 0x20, 0x74, 0x68, 0x65, 0x20, 0x20, 0x20, 0x20, 0x20,
    0x20, 0x66, 0x69, 0x65, 0x6C, 0x64, 0x3B, 0x20, 0x74, 0x68, 0x61, 0x74,
    0x20, 0x20, 0x20, 0x70, 0x6C, 0x61, 0x79, 0x65, 0x72, 0x20, 0x20, 0x20,
    0x20, 0x20, 0x20, 0x20, 0x20, 0x64, 0x65, 0x73, 0x74, 0x72, 0x6F, 0x79,
    0x73, 0x20, 0x74, 0x68, 0x61, 0x74, 0x20, 0x74, 0x61, 0x72, 0x67, 0x65,
    0x74, 0x2E, 0x20, 0x20, 0x20, 0x20, 0x20, 0x5E, 0x00,
};

const u8 gDescription_HarpiesPetPhantasmalDragon[] APPEND_TEXT = {
    0x20, 0x20, 0x5E, 0x35, 0x33, 0x20, 0x4C, 0x65, 0x76, 0x65, 0x6C, 0x20,
    0x34, 0x20, 0x20, 0x20, 0x57, 0x49, 0x4E, 0x44, 0x20, 0x6D, 0x6F, 0x6E,
    0x73, 0x74, 0x65, 0x72, 0x73, 0x20, 0x54, 0x68, 0x69, 0x73, 0x20, 0x63,
    0x61, 0x72, 0x64, 0x27, 0x73, 0x20, 0x20, 0x20, 0x65, 0x66, 0x66, 0x65,
    0x63, 0x74, 0x73, 0x20, 0x63, 0x61, 0x6E, 0x20, 0x20, 0x20, 0x6F, 0x6E,
    0x6C, 0x79, 0x20, 0x62, 0x65, 0x20, 0x20, 0x20, 0x20, 0x20, 0x5E, 0x6F,
    0x6C, 0x76, 0x65, 0x64, 0x20, 0x77, 0x68, 0x69, 0x6C, 0x65, 0x20, 0x69,
    0x74, 0x20, 0x68, 0x61, 0x73, 0x20, 0x58, 0x79, 0x7A, 0x20, 0x20, 0x20,
    0x20, 0x4D, 0x61, 0x74, 0x65, 0x72, 0x69, 0x61, 0x6C, 0x2E, 0x20, 0x54,
    0x68, 0x69, 0x73, 0x63, 0x61, 0x72, 0x64, 0x20, 0x63, 0x61, 0x6E, 0x20,
    0x20, 0x20, 0x20, 0x20, 0x20, 0x61, 0x74, 0x74, 0x61, 0x63, 0x6B, 0x20,
    0x79, 0x6F, 0x75, 0x72, 0x20, 0x5E, 0x6F, 0x70, 0x70, 0x6F, 0x6E, 0x65,
    0x6E, 0x74, 0x20, 0x20, 0x20, 0x20, 0x64, 0x69, 0x72, 0x65, 0x63, 0x74,
    0x6C, 0x79, 0x2E, 0x20, 0x59, 0x6F, 0x75, 0x72, 0x6F, 0x70, 0x70, 0x6F,
    0x6E, 0x65, 0x6E, 0x74, 0x20, 0x20, 0x20, 0x20, 0x20, 0x20, 0x63, 0x61,
    0x6E, 0x6E, 0x6F, 0x74, 0x20, 0x74, 0x61, 0x72, 0x67, 0x65, 0x74, 0x20,
    0x61, 0x6E, 0x79, 0x20, 0x48, 0x61, 0x72, 0x70, 0x69, 0x65, 0x20, 0x20,
    0x5E, 0x6D, 0x6F, 0x6E, 0x73, 0x74, 0x65, 0x72, 0x73, 0x20, 0x20, 0x20,
    0x20, 0x77, 0x69, 0x74, 0x68, 0x20, 0x65, 0x66, 0x66, 0x65, 0x63, 0x74,
    0x73, 0x20, 0x20, 0x6F, 0x72, 0x20, 0x66, 0x6F, 0x72, 0x20, 0x20, 0x20,
    0x20, 0x20, 0x20, 0x20, 0x20, 0x61, 0x74, 0x74, 0x61, 0x63, 0x6B, 0x73,
    0x2E, 0x20, 0x20, 0x20, 0x20, 0x20, 0x20, 0x44, 0x75, 0x72, 0x69, 0x6E,
    0x67, 0x20, 0x65, 0x61, 0x63, 0x68, 0x20, 0x5E, 0x6F, 0x66, 0x20, 0x79,
    0x6F, 0x75, 0x72, 0x20, 0x45, 0x6E, 0x64, 0x20, 0x50, 0x68, 0x61, 0x73,
    0x65, 0x73, 0x3A, 0x20, 0x44, 0x65, 0x74, 0x61, 0x63, 0x68, 0x31, 0x20,
    0x58, 0x79, 0x7A, 0x20, 0x4D, 0x61, 0x74, 0x65, 0x72, 0x69, 0x61, 0x6C,
    0x66, 0x72, 0x6F, 0x6D, 0x20, 0x74, 0x68, 0x69, 0x73, 0x20, 0x20, 0x20,
    0x20, 0x20, 0x63, 0x61, 0x72, 0x64, 0x2E, 0x20, 0x20, 0x20, 0x20, 0x20,
    0x20, 0x20, 0x5E, 0x00,
};

const u8 gDescription_JunkWarrior[] APPEND_TEXT = {
    0x20, 0x20, 0x5E, 0x33, 0x4A, 0x75, 0x6E, 0x6B, 0x20, 0x20, 0x20, 0x20,
    0x20, 0x20, 0x20, 0x20, 0x53, 0x79, 0x6E, 0x63, 0x68, 0x72, 0x6F, 0x6E,
    0x20, 0x2B, 0x20, 0x31, 0x20, 0x20, 0x6F, 0x72, 0x20, 0x6D, 0x6F, 0x72,
    0x65, 0x20, 0x20, 0x20, 0x20, 0x20, 0x20, 0x20, 0x6E, 0x6F, 0x6E, 0x2D,
    0x54, 0x75, 0x6E, 0x65, 0x72, 0x20, 0x20, 0x20, 0x20, 0x20, 0x6D, 0x6F,
    0x6E, 0x73, 0x74, 0x65, 0x72, 0x73, 0x20, 0x49, 0x66, 0x20, 0x5E, 0x74,
    0x68, 0x69, 0x73, 0x20, 0x63, 0x61, 0x72, 0x64, 0x20, 0x69, 0x73, 0x53,
    0x79, 0x6E, 0x63, 0x68, 0x72, 0x6F, 0x20, 0x20, 0x20, 0x20, 0x20, 0x20,
    0x20, 0x53, 0x75, 0x6D, 0x6D, 0x6F, 0x6E, 0x65, 0x64, 0x3A, 0x20, 0x49,
    0x74, 0x20, 0x20, 0x67, 0x61, 0x69, 0x6E, 0x73, 0x20, 0x41, 0x54, 0x4B,
    0x20, 0x20, 0x20, 0x20, 0x20, 0x65, 0x71, 0x75, 0x61, 0x6C, 0x20, 0x74,
    0x6F, 0x20, 0x74, 0x68, 0x65, 0x5E, 0x74, 0x6F, 0x74, 0x61, 0x6C, 0x20,
    0x41, 0x54, 0x4B, 0x20, 0x6F, 0x66, 0x61, 0x6C, 0x6C, 0x20, 0x4C, 0x65,
    0x76, 0x65, 0x6C, 0x20, 0x32, 0x20, 0x6F, 0x72, 0x6C, 0x6F, 0x77, 0x65,
    0x72, 0x20, 0x6D, 0x6F, 0x6E, 0x73, 0x74, 0x65, 0x72, 0x73, 0x79, 0x6F,
    0x75, 0x20, 0x63, 0x75, 0x72, 0x72, 0x65, 0x6E, 0x74, 0x6C, 0x79, 0x20,
    0x63, 0x6F, 0x6E, 0x74, 0x72, 0x6F, 0x6C, 0x2E, 0x20, 0x20, 0x20, 0x20,
    0x5E, 0x00,
};

const u8 gDescription_MagicianOfDarkIllusion[] APPEND_TEXT = {
    0x20, 0x20, 0x5E, 0x32, 0x54, 0x68, 0x69, 0x73, 0x20, 0x63, 0x61, 0x72,
    0x64, 0x27, 0x73, 0x20, 0x6E, 0x61, 0x6D, 0x65, 0x20, 0x62, 0x65, 0x63,
    0x6F, 0x6D, 0x65, 0x73, 0x20, 0x44, 0x61, 0x72, 0x6B, 0x20, 0x4D, 0x61,
    0x67, 0x69, 0x63, 0x69, 0x61, 0x6E, 0x20, 0x77, 0x68, 0x69, 0x6C, 0x65,
    0x20, 0x6F, 0x6E, 0x20, 0x74, 0x68, 0x65, 0x20, 0x66, 0x69, 0x65, 0x6C,
    0x64, 0x2E, 0x20, 0x59, 0x6F, 0x75, 0x20, 0x63, 0x61, 0x6E, 0x20, 0x6F,
    0x6E, 0x6C, 0x79, 0x20, 0x75, 0x73, 0x65, 0x20, 0x65, 0x61, 0x63, 0x68,
    0x20, 0x6F, 0x66, 0x20, 0x74, 0x68, 0x65, 0x73, 0x65, 0x20, 0x65, 0x66,
    0x66, 0x65, 0x63, 0x74, 0x73, 0x20, 0x6F, 0x66, 0x20, 0x4D, 0x61, 0x67,
    0x69, 0x63, 0x69, 0x61, 0x6E, 0x20, 0x6F, 0x66, 0x20, 0x44, 0x61, 0x72,
    0x6B, 0x20, 0x49, 0x6C, 0x6C, 0x75, 0x73, 0x69, 0x6F, 0x6E, 0x20, 0x6F,
    0x6E, 0x63, 0x65, 0x20, 0x70, 0x65, 0x72, 0x20, 0x74, 0x75, 0x72, 0x6E,
    0x2E, 0x20, 0x44, 0x75, 0x72, 0x69, 0x6E, 0x67, 0x20, 0x79, 0x6F, 0x75,
    0x72, 0x20, 0x6F, 0x70, 0x70, 0x6F, 0x6E, 0x65, 0x6E, 0x74, 0x27, 0x73,
    0x20, 0x74, 0x75, 0x72, 0x6E, 0x2C, 0x20, 0x69, 0x66, 0x20, 0x79, 0x6F,
    0x75, 0x20, 0x61, 0x63, 0x74, 0x69, 0x76, 0x61, 0x74, 0x65, 0x20, 0x61,
    0x20, 0x53, 0x70, 0x65, 0x6C, 0x6C, 0x2F, 0x54, 0x72, 0x61, 0x70, 0x20,
    0x43, 0x61, 0x72, 0x64, 0x20, 0x6F, 0x72, 0x20, 0x65, 0x66, 0x66, 0x65,
    0x63, 0x74, 0x20, 0x28, 0x65, 0x78, 0x63, 0x65, 0x70, 0x74, 0x20, 0x64,
    0x75, 0x72, 0x69, 0x6E, 0x67, 0x20, 0x74, 0x68, 0x65, 0x20, 0x44, 0x61,
    0x6D, 0x61, 0x67, 0x65, 0x20, 0x53, 0x74, 0x65, 0x70, 0x29, 0x3A, 0x20,
    0x59, 0x6F, 0x75, 0x20, 0x63, 0x61, 0x6E, 0x20, 0x53, 0x70, 0x65, 0x63,
    0x69, 0x61, 0x6C, 0x20, 0x53, 0x75, 0x6D, 0x6D, 0x6F, 0x6E, 0x20, 0x74,
    0x68, 0x69, 0x73, 0x20, 0x63, 0x61, 0x72, 0x64, 0x20, 0x66, 0x72, 0x6F,
    0x6D, 0x20, 0x79, 0x6F, 0x75, 0x72, 0x20, 0x68, 0x61, 0x6E, 0x64, 0x2E,
    0x20, 0x49, 0x66, 0x20, 0x79, 0x6F, 0x75, 0x20, 0x61, 0x63, 0x74, 0x69,
    0x76, 0x61, 0x74, 0x65, 0x20, 0x61, 0x20, 0x53, 0x70, 0x65, 0x6C, 0x6C,
    0x2F, 0x54, 0x72, 0x61, 0x70, 0x20, 0x43, 0x61, 0x72, 0x64, 0x20, 0x6F,
    0x72, 0x20, 0x65, 0x66, 0x66, 0x65, 0x63, 0x74, 0x20, 0x77, 0x68, 0x69,
    0x6C, 0x65, 0x20, 0x74, 0x68, 0x69, 0x73, 0x20, 0x63, 0x61, 0x72, 0x64,
    0x20, 0x69, 0x73, 0x20, 0x66, 0x61, 0x63, 0x65, 0x2D, 0x75, 0x70, 0x20,
    0x6F, 0x6E, 0x20, 0x79, 0x6F, 0x75, 0x72, 0x20, 0x66, 0x69, 0x65, 0x6C,
    0x64, 0x20, 0x28, 0x65, 0x78, 0x63, 0x65, 0x70, 0x74, 0x20, 0x64, 0x75,
    0x72, 0x69, 0x6E, 0x67, 0x20, 0x74, 0x68, 0x65, 0x20, 0x44, 0x61, 0x6D,
    0x61, 0x67, 0x65, 0x20, 0x53, 0x74, 0x65, 0x70, 0x29, 0x3A, 0x20, 0x59,
    0x6F, 0x75, 0x20, 0x63, 0x61, 0x6E, 0x20, 0x74, 0x61, 0x72, 0x67, 0x65,
    0x74, 0x20, 0x31, 0x20, 0x44, 0x61, 0x72, 0x6B, 0x20, 0x4D, 0x61, 0x67,
    0x69, 0x63, 0x69, 0x61, 0x6E, 0x20, 0x69, 0x6E, 0x20, 0x79, 0x6F, 0x75,
    0x72, 0x20, 0x47, 0x59, 0x3B, 0x20, 0x53, 0x70, 0x65, 0x63, 0x69, 0x61,
    0x6C, 0x20, 0x53, 0x75, 0x6D, 0x6D, 0x6F, 0x6E, 0x20, 0x69, 0x74, 0x2E,
    0x20, 0x54, 0x68, 0x69, 0x73, 0x20, 0x65, 0x66, 0x66, 0x65, 0x63, 0x74,
    0x20, 0x63, 0x61, 0x6E, 0x20, 0x6F, 0x6E, 0x6C, 0x79, 0x20, 0x62, 0x65,
    0x20, 0x75, 0x73, 0x65, 0x64, 0x20, 0x6F, 0x6E, 0x63, 0x65, 0x20, 0x77,
    0x68, 0x69, 0x6C, 0x65, 0x20, 0x74, 0x68, 0x69, 0x73, 0x20, 0x63, 0x61,
    0x72, 0x64, 0x20, 0x69, 0x73, 0x20, 0x66, 0x61, 0x63, 0x65, 0x2D, 0x75,
    0x70, 0x20, 0x6F, 0x6E, 0x20, 0x74, 0x68, 0x65, 0x20, 0x66, 0x69, 0x65,
    0x6C, 0x64, 0x2E, 0x5E, 0x5E, 0x00,
};

const u8 gDescription_MagiciansRod[] APPEND_TEXT = {
    0x20, 0x20, 0x5E, 0x38, 0x57, 0x68, 0x65, 0x6E, 0x20, 0x74, 0x68, 0x69,
    0x73, 0x20, 0x20, 0x20, 0x63, 0x61, 0x72, 0x64, 0x20, 0x69, 0x73, 0x20,
    0x4E, 0x6F, 0x72, 0x6D, 0x61, 0x6C, 0x53, 0x75, 0x6D, 0x6D, 0x6F, 0x6E,
    0x65, 0x64, 0x3A, 0x20, 0x59, 0x6F, 0x75, 0x20, 0x63, 0x61, 0x6E, 0x20,
    0x61, 0x64, 0x64, 0x20, 0x31, 0x20, 0x20, 0x20, 0x20, 0x20, 0x53, 0x70,
    0x65, 0x6C, 0x6C, 0x2F, 0x54, 0x72, 0x61, 0x70, 0x20, 0x20, 0x5E, 0x66,
    0x72, 0x6F, 0x6D, 0x20, 0x79, 0x6F, 0x75, 0x72, 0x20, 0x20, 0x20, 0x44,
    0x65, 0x63, 0x6B, 0x20, 0x74, 0x6F, 0x20, 0x79, 0x6F, 0x75, 0x72, 0x20,
    0x20, 0x68, 0x61, 0x6E, 0x64, 0x2C, 0x20, 0x74, 0x68, 0x61, 0x74, 0x20,
    0x20, 0x20, 0x20, 0x73, 0x70, 0x65, 0x63, 0x69, 0x66, 0x69, 0x63, 0x61,
    0x6C, 0x6C, 0x79, 0x20, 0x20, 0x6C, 0x69, 0x73, 0x74, 0x73, 0x20, 0x74,
    0x68, 0x65, 0x20, 0x20, 0x20, 0x5E, 0x63, 0x61, 0x72, 0x64, 0x20, 0x44,
    0x61, 0x72, 0x6B, 0x20, 0x20, 0x20, 0x4D, 0x61, 0x67, 0x69, 0x63, 0x69,
    0x61, 0x6E, 0x20, 0x69, 0x6E, 0x20, 0x20, 0x20, 0x69, 0x74, 0x73, 0x20,
    0x74, 0x65, 0x78, 0x74, 0x2E, 0x20, 0x20, 0x20, 0x20, 0x20, 0x44, 0x75,
    0x72, 0x69, 0x6E, 0x67, 0x20, 0x79, 0x6F, 0x75, 0x72, 0x20, 0x20, 0x20,
    0x6F, 0x70, 0x70, 0x6F, 0x6E, 0x65, 0x6E, 0x74, 0x27, 0x73, 0x20, 0x20,
    0x5E, 0x74, 0x75, 0x72, 0x6E, 0x2C, 0x20, 0x69, 0x66, 0x20, 0x79, 0x6F,
    0x75, 0x61, 0x63, 0x74, 0x69, 0x76, 0x61, 0x74, 0x65, 0x20, 0x61, 0x20,
    0x20, 0x20, 0x20, 0x53, 0x70, 0x65, 0x6C, 0x6C, 0x2F, 0x54, 0x72, 0x61,
    0x70, 0x20, 0x20, 0x20, 0x20, 0x43, 0x61, 0x72, 0x64, 0x20, 0x6F, 0x72,
    0x20, 0x65, 0x66, 0x66, 0x65, 0x63, 0x74, 0x77, 0x68, 0x69, 0x6C, 0x65,
    0x20, 0x74, 0x68, 0x69, 0x73, 0x20, 0x20, 0x5E, 0x63, 0x61, 0x72, 0x64,
    0x20, 0x69, 0x73, 0x20, 0x69, 0x6E, 0x20, 0x20, 0x79, 0x6F, 0x75, 0x72,
    0x20, 0x47, 0x59, 0x20, 0x20, 0x20, 0x20, 0x20, 0x20, 0x20, 0x28, 0x65,
    0x78, 0x63, 0x65, 0x70, 0x74, 0x20, 0x64, 0x75, 0x72, 0x69, 0x6E, 0x67,
    0x74, 0x68, 0x65, 0x20, 0x44, 0x61, 0x6D, 0x61, 0x67, 0x65, 0x20, 0x20,
    0x20, 0x20, 0x53, 0x74, 0x65, 0x70, 0x29, 0x3A, 0x20, 0x59, 0x6F, 0x75,
    0x20, 0x20, 0x5E, 0x63, 0x61, 0x6E, 0x20, 0x54, 0x72, 0x69, 0x62, 0x75,
    0x74, 0x65, 0x20, 0x31, 0x20, 0x53, 0x70, 0x65, 0x6C, 0x6C, 0x63, 0x61,
    0x73, 0x74, 0x65, 0x72, 0x20, 0x6D, 0x6F, 0x6E, 0x73, 0x74, 0x65, 0x72,
    0x3B, 0x20, 0x61, 0x64, 0x64, 0x20, 0x20, 0x74, 0x68, 0x69, 0x73, 0x20,
    0x63, 0x61, 0x72, 0x64, 0x20, 0x74, 0x6F, 0x20, 0x20, 0x79, 0x6F, 0x75,
    0x72, 0x20, 0x68, 0x61, 0x6E, 0x64, 0x2E, 0x20, 0x20, 0x5E, 0x59, 0x6F,
    0x75, 0x20, 0x63, 0x61, 0x6E, 0x20, 0x6F, 0x6E, 0x6C, 0x79, 0x75, 0x73,
    0x65, 0x20, 0x65, 0x61, 0x63, 0x68, 0x20, 0x20, 0x20, 0x20, 0x20, 0x20,
    0x65, 0x66, 0x66, 0x65, 0x63, 0x74, 0x20, 0x6F, 0x66, 0x20, 0x20, 0x20,
    0x20, 0x20, 0x4D, 0x61, 0x67, 0x69, 0x63, 0x69, 0x61, 0x6E, 0x27, 0x73,
    0x20, 0x52, 0x6F, 0x64, 0x6F, 0x6E, 0x63, 0x65, 0x20, 0x70, 0x65, 0x72,
    0x20, 0x20, 0x20, 0x20, 0x5E, 0x74, 0x75, 0x72, 0x6E, 0x2E, 0x20, 0x20,
    0x20, 0x20, 0x20, 0x20, 0x20, 0x5E, 0x00,
};

const u8 gDescription_MagiciansSouls[] APPEND_TEXT = {
    0x20, 0x20, 0x5E, 0x38, 0x59, 0x6F, 0x75, 0x20, 0x63, 0x61, 0x6E, 0x20,
    0x73, 0x65, 0x6E, 0x64, 0x75, 0x70, 0x20, 0x74, 0x6F, 0x20, 0x32, 0x20,
    0x20, 0x20, 0x20, 0x20, 0x20, 0x20, 0x53, 0x70, 0x65, 0x6C, 0x6C, 0x73,
    0x2F, 0x54, 0x72, 0x61, 0x70, 0x73, 0x20, 0x20, 0x66, 0x72, 0x6F, 0x6D,
    0x20, 0x79, 0x6F, 0x75, 0x72, 0x20, 0x68, 0x61, 0x6E, 0x64, 0x61, 0x6E,
    0x64, 0x2F, 0x6F, 0x72, 0x20, 0x66, 0x69, 0x65, 0x6C, 0x64, 0x5E, 0x74,
    0x6F, 0x20, 0x74, 0x68, 0x65, 0x20, 0x47, 0x59, 0x3B, 0x20, 0x20, 0x64,
    0x72, 0x61, 0x77, 0x20, 0x74, 0x68, 0x61, 0x74, 0x20, 0x6D, 0x61, 0x6E,
    0x79, 0x63, 0x61, 0x72, 0x64, 0x73, 0x2E, 0x20, 0x49, 0x66, 0x20, 0x74,
    0x68, 0x69, 0x73, 0x63, 0x61, 0x72, 0x64, 0x20, 0x69, 0x73, 0x20, 0x69,
    0x6E, 0x20, 0x20, 0x20, 0x20, 0x79, 0x6F, 0x75, 0x72, 0x20, 0x68, 0x61,
    0x6E, 0x64, 0x3A, 0x20, 0x20, 0x5E, 0x59, 0x6F, 0x75, 0x20, 0x63, 0x61,
    0x6E, 0x20, 0x73, 0x65, 0x6E, 0x64, 0x31, 0x20, 0x4C, 0x65, 0x76, 0x65,
    0x6C, 0x20, 0x36, 0x20, 0x6F, 0x72, 0x20, 0x20, 0x68, 0x69, 0x67, 0x68,
    0x65, 0x72, 0x20, 0x20, 0x20, 0x20, 0x20, 0x20, 0x20, 0x20, 0x53, 0x70,
    0x65, 0x6C, 0x6C, 0x63, 0x61, 0x73, 0x74, 0x65, 0x72, 0x20, 0x20, 0x20,
    0x6D, 0x6F, 0x6E, 0x73, 0x74, 0x65, 0x72, 0x20, 0x66, 0x72, 0x6F, 0x6D,
    0x5E, 0x79, 0x6F, 0x75, 0x72, 0x20, 0x44, 0x65, 0x63, 0x6B, 0x20, 0x74,
    0x6F, 0x74, 0x68, 0x65, 0x20, 0x47, 0x59, 0x2C, 0x20, 0x74, 0x68, 0x65,
    0x6E, 0x20, 0x20, 0x61, 0x63, 0x74, 0x69, 0x76, 0x61, 0x74, 0x65, 0x20,
    0x31, 0x20, 0x6F, 0x66, 0x20, 0x74, 0x68, 0x65, 0x73, 0x65, 0x20, 0x65,
    0x66, 0x66, 0x65, 0x63, 0x74, 0x73, 0x3B, 0x53, 0x70, 0x65, 0x63, 0x69,
    0x61, 0x6C, 0x20, 0x20, 0x20, 0x20, 0x20, 0x5E, 0x53, 0x75, 0x6D, 0x6D,
    0x6F, 0x6E, 0x20, 0x74, 0x68, 0x69, 0x73, 0x20, 0x63, 0x61, 0x72, 0x64,
    0x2E, 0x20, 0x53, 0x65, 0x6E, 0x64, 0x20, 0x20, 0x20, 0x20, 0x74, 0x68,
    0x69, 0x73, 0x20, 0x63, 0x61, 0x72, 0x64, 0x20, 0x74, 0x6F, 0x20, 0x20,
    0x74, 0x68, 0x65, 0x20, 0x47, 0x59, 0x2C, 0x20, 0x74, 0x68, 0x65, 0x6E,
    0x2C, 0x20, 0x79, 0x6F, 0x75, 0x20, 0x63, 0x61, 0x6E, 0x20, 0x20, 0x20,
    0x20, 0x20, 0x5E, 0x53, 0x70, 0x65, 0x63, 0x69, 0x61, 0x6C, 0x20, 0x20,
    0x20, 0x20, 0x20, 0x53, 0x75, 0x6D, 0x6D, 0x6F, 0x6E, 0x20, 0x31, 0x20,
    0x44, 0x61, 0x72, 0x6B, 0x20, 0x4D, 0x61, 0x67, 0x69, 0x63, 0x69, 0x61,
    0x6E, 0x20, 0x6F, 0x72, 0x20, 0x31, 0x20, 0x44, 0x61, 0x72, 0x6B, 0x20,
    0x4D, 0x61, 0x67, 0x69, 0x63, 0x69, 0x61, 0x6E, 0x20, 0x47, 0x69, 0x72,
    0x6C, 0x20, 0x66, 0x72, 0x6F, 0x6D, 0x20, 0x20, 0x20, 0x5E, 0x79, 0x6F,
    0x75, 0x72, 0x20, 0x47, 0x59, 0x2E, 0x20, 0x59, 0x6F, 0x75, 0x63, 0x61,
    0x6E, 0x20, 0x6F, 0x6E, 0x6C, 0x79, 0x20, 0x75, 0x73, 0x65, 0x20, 0x20,
    0x65, 0x61, 0x63, 0x68, 0x20, 0x65, 0x66, 0x66, 0x65, 0x63, 0x74, 0x20,
    0x6F, 0x66, 0x4D, 0x61, 0x67, 0x69, 0x63, 0x69, 0x61, 0x6E, 0x73, 0x27,
    0x20, 0x20, 0x20, 0x20, 0x53, 0x6F, 0x75, 0x6C, 0x73, 0x20, 0x6F, 0x6E,
    0x63, 0x65, 0x20, 0x20, 0x5E, 0x70, 0x65, 0x72, 0x20, 0x74, 0x75, 0x72,
    0x6E, 0x2E, 0x20, 0x20, 0x20, 0x5E, 0x00,
};

const u8 gDescription_MasterOfChaos[] APPEND_TEXT = {
    0x20, 0x20, 0x5E, 0x38, 0x44, 0x61, 0x72, 0x6B, 0x20, 0x20, 0x20, 0x20,
    0x20, 0x20, 0x20, 0x20, 0x4D, 0x61, 0x67, 0x69, 0x63, 0x69, 0x61, 0x6E,
    0x20, 0x2B, 0x20, 0x31, 0x20, 0x20, 0x43, 0x68, 0x61, 0x6F, 0x73, 0x20,
    0x6F, 0x72, 0x20, 0x42, 0x6C, 0x61, 0x63, 0x6B, 0x4C, 0x75, 0x73, 0x74,
    0x65, 0x72, 0x20, 0x53, 0x6F, 0x6C, 0x64, 0x69, 0x65, 0x72, 0x52, 0x69,
    0x74, 0x75, 0x61, 0x6C, 0x20, 0x20, 0x20, 0x20, 0x20, 0x20, 0x5E, 0x4D,
    0x6F, 0x6E, 0x73, 0x74, 0x65, 0x72, 0x20, 0x49, 0x66, 0x20, 0x20, 0x74,
    0x68, 0x69, 0x73, 0x20, 0x63, 0x61, 0x72, 0x64, 0x20, 0x69, 0x73, 0x20,
    0x20, 0x46, 0x75, 0x73, 0x69, 0x6F, 0x6E, 0x20, 0x20, 0x20, 0x20, 0x20,
    0x20, 0x20, 0x20, 0x53, 0x75, 0x6D, 0x6D, 0x6F, 0x6E, 0x65, 0x64, 0x3A,
    0x20, 0x59, 0x6F, 0x75, 0x20, 0x63, 0x61, 0x6E, 0x20, 0x74, 0x61, 0x72,
    0x67, 0x65, 0x74, 0x20, 0x31, 0x5E, 0x4C, 0x49, 0x47, 0x48, 0x54, 0x20,
    0x6F, 0x72, 0x20, 0x20, 0x20, 0x20, 0x44, 0x41, 0x52, 0x4B, 0x20, 0x6D,
    0x6F, 0x6E, 0x73, 0x74, 0x65, 0x72, 0x20, 0x20, 0x69, 0x6E, 0x20, 0x79,
    0x6F, 0x75, 0x72, 0x20, 0x47, 0x59, 0x3B, 0x20, 0x20, 0x20, 0x53, 0x70,
    0x65, 0x63, 0x69, 0x61, 0x6C, 0x20, 0x53, 0x75, 0x6D, 0x6D, 0x6F, 0x6E,
    0x69, 0x74, 0x2E, 0x20, 0x59, 0x6F, 0x75, 0x20, 0x63, 0x61, 0x6E, 0x20,
    0x5E, 0x54, 0x72, 0x69, 0x62, 0x75, 0x74, 0x65, 0x20, 0x31, 0x20, 0x20,
    0x20, 0x4C, 0x49, 0x47, 0x48, 0x54, 0x20, 0x61, 0x6E, 0x64, 0x20, 0x31,
    0x20, 0x20, 0x20, 0x44, 0x41, 0x52, 0x4B, 0x20, 0x6D, 0x6F, 0x6E, 0x73,
    0x74, 0x65, 0x72, 0x3B, 0x20, 0x62, 0x61, 0x6E, 0x69, 0x73, 0x68, 0x20,
    0x61, 0x6C, 0x6C, 0x20, 0x20, 0x20, 0x20, 0x6D, 0x6F, 0x6E, 0x73, 0x74,
    0x65, 0x72, 0x73, 0x20, 0x20, 0x20, 0x20, 0x5E, 0x79, 0x6F, 0x75, 0x72,
    0x20, 0x20, 0x20, 0x20, 0x20, 0x20, 0x20, 0x20, 0x6F, 0x70, 0x70, 0x6F,
    0x6E, 0x65, 0x6E, 0x74, 0x20, 0x20, 0x20, 0x20, 0x20, 0x20, 0x63, 0x6F,
    0x6E, 0x74, 0x72, 0x6F, 0x6C, 0x73, 0x2E, 0x20, 0x49, 0x66, 0x20, 0x20,
    0x74, 0x68, 0x69, 0x73, 0x20, 0x46, 0x75, 0x73, 0x69, 0x6F, 0x6E, 0x20,
    0x20, 0x20, 0x53, 0x75, 0x6D, 0x6D, 0x6F, 0x6E, 0x65, 0x64, 0x20, 0x20,
    0x20, 0x20, 0x5E, 0x63, 0x61, 0x72, 0x64, 0x20, 0x69, 0x73, 0x20, 0x20,
    0x20, 0x20, 0x20, 0x64, 0x65, 0x73, 0x74, 0x72, 0x6F, 0x79, 0x65, 0x64,
    0x20, 0x62, 0x79, 0x20, 0x20, 0x62, 0x61, 0x74, 0x74, 0x6C, 0x65, 0x20,
    0x6F, 0x72, 0x20, 0x63, 0x61, 0x72, 0x64, 0x65, 0x66, 0x66, 0x65, 0x63,
    0x74, 0x3A, 0x20, 0x59, 0x6F, 0x75, 0x20, 0x20, 0x20, 0x63, 0x61, 0x6E,
    0x20, 0x74, 0x61, 0x72, 0x67, 0x65, 0x74, 0x20, 0x31, 0x5E, 0x53, 0x70,
    0x65, 0x6C, 0x6C, 0x20, 0x69, 0x6E, 0x20, 0x20, 0x20, 0x20, 0x79, 0x6F,
    0x75, 0x72, 0x20, 0x47, 0x59, 0x3B, 0x20, 0x61, 0x64, 0x64, 0x20, 0x20,
    0x69, 0x74, 0x20, 0x74, 0x6F, 0x20, 0x79, 0x6F, 0x75, 0x72, 0x20, 0x20,
    0x20, 0x20, 0x68, 0x61, 0x6E, 0x64, 0x2E, 0x20, 0x59, 0x6F, 0x75, 0x20,
    0x63, 0x61, 0x6E, 0x20, 0x6F, 0x6E, 0x6C, 0x79, 0x20, 0x75, 0x73, 0x65,
    0x20, 0x20, 0x20, 0x20, 0x5E, 0x65, 0x61, 0x63, 0x68, 0x20, 0x65, 0x66,
    0x66, 0x65, 0x63, 0x74, 0x20, 0x6F, 0x66, 0x20, 0x4D, 0x61, 0x73, 0x74,
    0x65, 0x72, 0x20, 0x6F, 0x66, 0x20, 0x20, 0x43, 0x68, 0x61, 0x6F, 0x73,
    0x20, 0x6F, 0x6E, 0x63, 0x65, 0x20, 0x70, 0x65, 0x72, 0x74, 0x75, 0x72,
    0x6E, 0x2E, 0x20, 0x20, 0x20, 0x20, 0x20, 0x20, 0x20, 0x20, 0x20, 0x5E,
    0x00,
};

const u8 gDescription_RedDragonArchfiend[] APPEND_TEXT = {
    0x20, 0x20, 0x5E, 0x37, 0x31, 0x20, 0x54, 0x75, 0x6E, 0x65, 0x72, 0x20,
    0x2B, 0x20, 0x31, 0x20, 0x6F, 0x72, 0x20, 0x6D, 0x6F, 0x72, 0x65, 0x20,
    0x20, 0x20, 0x20, 0x20, 0x20, 0x20, 0x6E, 0x6F, 0x6E, 0x2D, 0x54, 0x75,
    0x6E, 0x65, 0x72, 0x20, 0x20, 0x20, 0x20, 0x20, 0x6D, 0x6F, 0x6E, 0x73,
    0x74, 0x65, 0x72, 0x73, 0x20, 0x41, 0x66, 0x74, 0x65, 0x72, 0x64, 0x61,
    0x6D, 0x61, 0x67, 0x65, 0x20, 0x20, 0x20, 0x20, 0x20, 0x20, 0x5E, 0x63,
    0x61, 0x6C, 0x63, 0x75, 0x6C, 0x61, 0x74, 0x69, 0x6F, 0x6E, 0x2C, 0x69,
    0x66, 0x20, 0x74, 0x68, 0x69, 0x73, 0x20, 0x63, 0x61, 0x72, 0x64, 0x20,
    0x20, 0x61, 0x74, 0x74, 0x61, 0x63, 0x6B, 0x73, 0x20, 0x61, 0x20, 0x20,
    0x20, 0x20, 0x20, 0x44, 0x65, 0x66, 0x65, 0x6E, 0x73, 0x65, 0x20, 0x20,
    0x20, 0x20, 0x20, 0x20, 0x20, 0x50, 0x6F, 0x73, 0x69, 0x74, 0x69, 0x6F,
    0x6E, 0x20, 0x20, 0x20, 0x20, 0x5E, 0x6D, 0x6F, 0x6E, 0x73, 0x74, 0x65,
    0x72, 0x20, 0x79, 0x6F, 0x75, 0x72, 0x6F, 0x70, 0x70, 0x6F, 0x6E, 0x65,
    0x6E, 0x74, 0x20, 0x20, 0x20, 0x20, 0x20, 0x20, 0x63, 0x6F, 0x6E, 0x74,
    0x72, 0x6F, 0x6C, 0x73, 0x3A, 0x20, 0x20, 0x20, 0x20, 0x20, 0x44, 0x65,
    0x73, 0x74, 0x72, 0x6F, 0x79, 0x20, 0x61, 0x6C, 0x6C, 0x20, 0x20, 0x20,
    0x44, 0x65, 0x66, 0x65, 0x6E, 0x73, 0x65, 0x20, 0x20, 0x20, 0x20, 0x20,
    0x5E, 0x50, 0x6F, 0x73, 0x69, 0x74, 0x69, 0x6F, 0x6E, 0x20, 0x20, 0x20,
    0x20, 0x6D, 0x6F, 0x6E, 0x73, 0x74, 0x65, 0x72, 0x73, 0x20, 0x79, 0x6F,
    0x75, 0x72, 0x20, 0x6F, 0x70, 0x70, 0x6F, 0x6E, 0x65, 0x6E, 0x74, 0x20,
    0x20, 0x20, 0x20, 0x20, 0x20, 0x63, 0x6F, 0x6E, 0x74, 0x72, 0x6F, 0x6C,
    0x73, 0x2E, 0x20, 0x20, 0x20, 0x20, 0x20, 0x44, 0x75, 0x72, 0x69, 0x6E,
    0x67, 0x20, 0x79, 0x6F, 0x75, 0x72, 0x20, 0x5E, 0x45, 0x6E, 0x64, 0x20,
    0x50, 0x68, 0x61, 0x73, 0x65, 0x3A, 0x20, 0x20, 0x44, 0x65, 0x73, 0x74,
    0x72, 0x6F, 0x79, 0x20, 0x61, 0x6C, 0x6C, 0x20, 0x20, 0x20, 0x6F, 0x74,
    0x68, 0x65, 0x72, 0x20, 0x6D, 0x6F, 0x6E, 0x73, 0x74, 0x65, 0x72, 0x73,
    0x79, 0x6F, 0x75, 0x20, 0x63, 0x6F, 0x6E, 0x74, 0x72, 0x6F, 0x6C, 0x20,
    0x20, 0x20, 0x74, 0x68, 0x61, 0x74, 0x20, 0x64, 0x69, 0x64, 0x20, 0x6E,
    0x6F, 0x74, 0x5E, 0x64, 0x65, 0x63, 0x6C, 0x61, 0x72, 0x65, 0x20, 0x61,
    0x6E, 0x20, 0x20, 0x61, 0x74, 0x74, 0x61, 0x63, 0x6B, 0x20, 0x74, 0x68,
    0x69, 0x73, 0x20, 0x20, 0x20, 0x74, 0x75, 0x72, 0x6E, 0x2E, 0x20, 0x54,
    0x68, 0x69, 0x73, 0x20, 0x20, 0x20, 0x20, 0x63, 0x61, 0x72, 0x64, 0x20,
    0x6D, 0x75, 0x73, 0x74, 0x20, 0x62, 0x65, 0x20, 0x20, 0x66, 0x61, 0x63,
    0x65, 0x2D, 0x75, 0x70, 0x20, 0x6F, 0x6E, 0x20, 0x20, 0x5E, 0x74, 0x68,
    0x65, 0x20, 0x66, 0x69, 0x65, 0x6C, 0x64, 0x20, 0x74, 0x6F, 0x61, 0x63,
    0x74, 0x69, 0x76, 0x61, 0x74, 0x65, 0x20, 0x61, 0x6E, 0x64, 0x20, 0x20,
    0x74, 0x6F, 0x20, 0x72, 0x65, 0x73, 0x6F, 0x6C, 0x76, 0x65, 0x20, 0x20,
    0x20, 0x20, 0x74, 0x68, 0x69, 0x73, 0x20, 0x65, 0x66, 0x66, 0x65, 0x63,
    0x74, 0x2E, 0x20, 0x20, 0x5E, 0x00,
};

const u8 gDescription_ReptilianneGardna[] APPEND_TEXT = {
    0x20, 0x20, 0x5E, 0x33, 0x57, 0x68, 0x65, 0x6E, 0x20, 0x74, 0x68, 0x69,
    0x73, 0x20, 0x20, 0x20, 0x63, 0x61, 0x72, 0x64, 0x20, 0x79, 0x6F, 0x75,
    0x20, 0x20, 0x20, 0x20, 0x20, 0x20, 0x63, 0x6F, 0x6E, 0x74, 0x72, 0x6F,
    0x6C, 0x20, 0x69, 0x73, 0x20, 0x20, 0x20, 0x20, 0x64, 0x65, 0x73, 0x74,
    0x72, 0x6F, 0x79, 0x65, 0x64, 0x20, 0x61, 0x6E, 0x64, 0x20, 0x73, 0x65,
    0x6E, 0x74, 0x20, 0x74, 0x6F, 0x20, 0x74, 0x68, 0x65, 0x20, 0x5E, 0x47,
    0x72, 0x61, 0x76, 0x65, 0x79, 0x61, 0x72, 0x64, 0x2C, 0x20, 0x20, 0x61,
    0x64, 0x64, 0x20, 0x31, 0x20, 0x20, 0x20, 0x20, 0x20, 0x20, 0x20, 0x20,
    0x20, 0x52, 0x65, 0x70, 0x74, 0x69, 0x6C, 0x69, 0x61, 0x6E, 0x6E, 0x65,
    0x20, 0x20, 0x20, 0x6D, 0x6F, 0x6E, 0x73, 0x74, 0x65, 0x72, 0x20, 0x66,
    0x72, 0x6F, 0x6D, 0x20, 0x20, 0x79, 0x6F, 0x75, 0x72, 0x20, 0x44, 0x65,
    0x63, 0x6B, 0x20, 0x74, 0x6F, 0x5E, 0x79, 0x6F, 0x75, 0x72, 0x20, 0x68,
    0x61, 0x6E, 0x64, 0x2E, 0x20, 0x20, 0x5E, 0x00,
};

const u8 gDescription_ReptilianneGorgon[] APPEND_TEXT = {
    0x20, 0x20, 0x5E, 0x33, 0x49, 0x66, 0x20, 0x74, 0x68, 0x69, 0x73, 0x20,
    0x63, 0x61, 0x72, 0x64, 0x61, 0x74, 0x74, 0x61, 0x63, 0x6B, 0x73, 0x20,
    0x61, 0x20, 0x20, 0x20, 0x20, 0x20, 0x6D, 0x6F, 0x6E, 0x73, 0x74, 0x65,
    0x72, 0x2C, 0x20, 0x61, 0x66, 0x74, 0x65, 0x72, 0x64, 0x61, 0x6D, 0x61,
    0x67, 0x65, 0x20, 0x20, 0x20, 0x20, 0x20, 0x20, 0x20, 0x20, 0x63, 0x61,
    0x6C, 0x63, 0x75, 0x6C, 0x61, 0x74, 0x69, 0x6F, 0x6E, 0x3A, 0x5E, 0x54,
    0x68, 0x65, 0x20, 0x41, 0x54, 0x4B, 0x20, 0x6F, 0x66, 0x20, 0x20, 0x74,
    0x68, 0x61, 0x74, 0x20, 0x6D, 0x6F, 0x6E, 0x73, 0x74, 0x65, 0x72, 0x20,
    0x20, 0x62, 0x65, 0x63, 0x6F, 0x6D, 0x65, 0x73, 0x20, 0x30, 0x2C, 0x20,
    0x20, 0x20, 0x20, 0x61, 0x6C, 0x73, 0x6F, 0x20, 0x69, 0x74, 0x20, 0x63,
    0x61, 0x6E, 0x6E, 0x6F, 0x74, 0x63, 0x68, 0x61, 0x6E, 0x67, 0x65, 0x20,
    0x69, 0x74, 0x73, 0x20, 0x20, 0x5E, 0x62, 0x61, 0x74, 0x74, 0x6C, 0x65,
    0x20, 0x20, 0x20, 0x20, 0x20, 0x20, 0x70, 0x6F, 0x73, 0x69, 0x74, 0x69,
    0x6F, 0x6E, 0x2E, 0x20, 0x20, 0x20, 0x20, 0x20, 0x5E, 0x00,
};

const u8 gDescription_ReptilianneHydra[] APPEND_TEXT = {
    0x20, 0x20, 0x5E, 0x34, 0x31, 0x20, 0x20, 0x20, 0x20, 0x20, 0x20, 0x20,
    0x20, 0x20, 0x20, 0x20, 0x52, 0x65, 0x70, 0x74, 0x69, 0x6C, 0x69, 0x61,
    0x6E, 0x6E, 0x65, 0x20, 0x20, 0x20, 0x54, 0x75, 0x6E, 0x65, 0x72, 0x20,
    0x2B, 0x20, 0x31, 0x20, 0x6F, 0x72, 0x20, 0x20, 0x6D, 0x6F, 0x72, 0x65,
    0x20, 0x6E, 0x6F, 0x6E, 0x2D, 0x54, 0x75, 0x6E, 0x65, 0x72, 0x6D, 0x6F,
    0x6E, 0x73, 0x74, 0x65, 0x72, 0x73, 0x20, 0x20, 0x20, 0x20, 0x5E, 0x57,
    0x68, 0x65, 0x6E, 0x20, 0x74, 0x68, 0x69, 0x73, 0x20, 0x20, 0x20, 0x63,
    0x61, 0x72, 0x64, 0x20, 0x69, 0x73, 0x20, 0x20, 0x20, 0x20, 0x20, 0x20,
    0x20, 0x53, 0x79, 0x6E, 0x63, 0x68, 0x72, 0x6F, 0x20, 0x20, 0x20, 0x20,
    0x20, 0x20, 0x20, 0x53, 0x75, 0x6D, 0x6D, 0x6F, 0x6E, 0x65, 0x64, 0x2C,
    0x20, 0x20, 0x20, 0x20, 0x20, 0x64, 0x65, 0x73, 0x74, 0x72, 0x6F, 0x79,
    0x20, 0x61, 0x6C, 0x6C, 0x20, 0x5E, 0x66, 0x61, 0x63, 0x65, 0x2D, 0x75,
    0x70, 0x20, 0x20, 0x20, 0x20, 0x20, 0x6D, 0x6F, 0x6E, 0x73, 0x74, 0x65,
    0x72, 0x73, 0x20, 0x77, 0x69, 0x74, 0x68, 0x20, 0x30, 0x20, 0x41, 0x54,
    0x4B, 0x20, 0x74, 0x68, 0x61, 0x74, 0x20, 0x20, 0x20, 0x20, 0x79, 0x6F,
    0x75, 0x72, 0x20, 0x6F, 0x70, 0x70, 0x6F, 0x6E, 0x65, 0x6E, 0x74, 0x20,
    0x63, 0x6F, 0x6E, 0x74, 0x72, 0x6F, 0x6C, 0x73, 0x2C, 0x20, 0x20, 0x20,
    0x5E, 0x61, 0x6E, 0x64, 0x20, 0x64, 0x72, 0x61, 0x77, 0x20, 0x31, 0x20,
    0x20, 0x63, 0x61, 0x72, 0x64, 0x20, 0x66, 0x6F, 0x72, 0x20, 0x65, 0x61,
    0x63, 0x68, 0x20, 0x6D, 0x6F, 0x6E, 0x73, 0x74, 0x65, 0x72, 0x20, 0x20,
    0x20, 0x20, 0x20, 0x20, 0x20, 0x64, 0x65, 0x73, 0x74, 0x72, 0x6F, 0x79,
    0x65, 0x64, 0x2E, 0x20, 0x20, 0x20, 0x20, 0x5E, 0x00,
};

const u8 gDescription_ReturnOfTheDragonLords[] APPEND_TEXT = {
    0x20, 0x20, 0x5E, 0x34, 0x54, 0x61, 0x72, 0x67, 0x65, 0x74, 0x20, 0x31,
    0x20, 0x20, 0x20, 0x20, 0x4C, 0x65, 0x76, 0x65, 0x6C, 0x20, 0x37, 0x20,
    0x6F, 0x72, 0x20, 0x38, 0x20, 0x20, 0x44, 0x72, 0x61, 0x67, 0x6F, 0x6E,
    0x20, 0x6D, 0x6F, 0x6E, 0x73, 0x74, 0x65, 0x72, 0x69, 0x6E, 0x20, 0x79,
    0x6F, 0x75, 0x72, 0x20, 0x47, 0x59, 0x3B, 0x20, 0x20, 0x20, 0x53, 0x70,
    0x65, 0x63, 0x69, 0x61, 0x6C, 0x20, 0x20, 0x20, 0x20, 0x20, 0x5E, 0x53,
    0x75, 0x6D, 0x6D, 0x6F, 0x6E, 0x20, 0x69, 0x74, 0x2E, 0x20, 0x20, 0x49,
    0x66, 0x20, 0x61, 0x20, 0x44, 0x72, 0x61, 0x67, 0x6F, 0x6E, 0x20, 0x20,
    0x20, 0x6D, 0x6F, 0x6E, 0x73, 0x74, 0x65, 0x72, 0x28, 0x73, 0x29, 0x20,
    0x79, 0x6F, 0x75, 0x63, 0x6F, 0x6E, 0x74, 0x72, 0x6F, 0x6C, 0x20, 0x77,
    0x6F, 0x75, 0x6C, 0x64, 0x20, 0x62, 0x65, 0x20, 0x64, 0x65, 0x73, 0x74,
    0x72, 0x6F, 0x79, 0x65, 0x64, 0x5E, 0x62, 0x79, 0x20, 0x62, 0x61, 0x74,
    0x74, 0x6C, 0x65, 0x20, 0x6F, 0x72, 0x63, 0x61, 0x72, 0x64, 0x20, 0x65,
    0x66, 0x66, 0x65, 0x63, 0x74, 0x2C, 0x20, 0x20, 0x79, 0x6F, 0x75, 0x20,
    0x63, 0x61, 0x6E, 0x20, 0x62, 0x61, 0x6E, 0x69, 0x73, 0x68, 0x74, 0x68,
    0x69, 0x73, 0x20, 0x63, 0x61, 0x72, 0x64, 0x20, 0x66, 0x72, 0x6F, 0x6D,
    0x79, 0x6F, 0x75, 0x72, 0x20, 0x47, 0x59, 0x20, 0x20, 0x20, 0x20, 0x20,
    0x5E, 0x69, 0x6E, 0x73, 0x74, 0x65, 0x61, 0x64, 0x2E, 0x20, 0x20, 0x20,
    0x20, 0x5E, 0x00,
};

const u8 gDescription_SecretsOfDarkMagic[] APPEND_TEXT = {
    0x20, 0x20, 0x5E, 0x37, 0x41, 0x63, 0x74, 0x69, 0x76, 0x61, 0x74, 0x65,
    0x20, 0x31, 0x20, 0x20, 0x6F, 0x66, 0x20, 0x74, 0x68, 0x65, 0x20, 0x20,
    0x20, 0x20, 0x20, 0x20, 0x20, 0x20, 0x66, 0x6F, 0x6C, 0x6C, 0x6F, 0x77,
    0x69, 0x6E, 0x67, 0x20, 0x20, 0x20, 0x20, 0x20, 0x65, 0x66, 0x66, 0x65,
    0x63, 0x74, 0x73, 0x3B, 0x20, 0x20, 0x20, 0x20, 0x20, 0x20, 0x46, 0x75,
    0x73, 0x69, 0x6F, 0x6E, 0x20, 0x20, 0x20, 0x20, 0x20, 0x20, 0x5E, 0x53,
    0x75, 0x6D, 0x6D, 0x6F, 0x6E, 0x20, 0x31, 0x20, 0x20, 0x20, 0x20, 0x46,
    0x75, 0x73, 0x69, 0x6F, 0x6E, 0x20, 0x4D, 0x6F, 0x6E, 0x73, 0x74, 0x65,
    0x72, 0x66, 0x72, 0x6F, 0x6D, 0x20, 0x79, 0x6F, 0x75, 0x72, 0x20, 0x20,
    0x20, 0x20, 0x20, 0x45, 0x78, 0x74, 0x72, 0x61, 0x20, 0x44, 0x65, 0x63,
    0x6B, 0x2C, 0x20, 0x20, 0x20, 0x75, 0x73, 0x69, 0x6E, 0x67, 0x20, 0x20,
    0x20, 0x20, 0x20, 0x20, 0x20, 0x5E, 0x6D, 0x6F, 0x6E, 0x73, 0x74, 0x65,
    0x72, 0x73, 0x20, 0x20, 0x20, 0x20, 0x66, 0x72, 0x6F, 0x6D, 0x20, 0x79,
    0x6F, 0x75, 0x72, 0x20, 0x68, 0x61, 0x6E, 0x64, 0x6F, 0x72, 0x20, 0x66,
    0x69, 0x65, 0x6C, 0x64, 0x2C, 0x20, 0x20, 0x20, 0x20, 0x20, 0x69, 0x6E,
    0x63, 0x6C, 0x75, 0x64, 0x69, 0x6E, 0x67, 0x20, 0x44, 0x61, 0x72, 0x6B,
    0x4D, 0x61, 0x67, 0x69, 0x63, 0x69, 0x61, 0x6E, 0x20, 0x6F, 0x72, 0x20,
    0x5E, 0x44, 0x61, 0x72, 0x6B, 0x20, 0x20, 0x20, 0x20, 0x20, 0x20, 0x20,
    0x20, 0x4D, 0x61, 0x67, 0x69, 0x63, 0x69, 0x61, 0x6E, 0x20, 0x47, 0x69,
    0x72, 0x6C, 0x2E, 0x52, 0x69, 0x74, 0x75, 0x61, 0x6C, 0x20, 0x53, 0x75,
    0x6D, 0x6D, 0x6F, 0x6E, 0x20, 0x31, 0x20, 0x52, 0x69, 0x74, 0x75, 0x61,
    0x6C, 0x20, 0x20, 0x20, 0x20, 0x20, 0x20, 0x4D, 0x6F, 0x6E, 0x73, 0x74,
    0x65, 0x72, 0x20, 0x66, 0x72, 0x6F, 0x6D, 0x5E, 0x79, 0x6F, 0x75, 0x72,
    0x20, 0x68, 0x61, 0x6E, 0x64, 0x2C, 0x20, 0x20, 0x62, 0x79, 0x20, 0x54,
    0x72, 0x69, 0x62, 0x75, 0x74, 0x69, 0x6E, 0x67, 0x20, 0x20, 0x6D, 0x6F,
    0x6E, 0x73, 0x74, 0x65, 0x72, 0x73, 0x20, 0x66, 0x72, 0x6F, 0x6D, 0x20,
    0x79, 0x6F, 0x75, 0x72, 0x20, 0x68, 0x61, 0x6E, 0x64, 0x20, 0x6F, 0x72,
    0x20, 0x20, 0x66, 0x69, 0x65, 0x6C, 0x64, 0x2C, 0x20, 0x20, 0x20, 0x20,
    0x20, 0x20, 0x5E, 0x69, 0x6E, 0x63, 0x6C, 0x75, 0x64, 0x69, 0x6E, 0x67,
    0x20, 0x20, 0x20, 0x44, 0x61, 0x72, 0x6B, 0x20, 0x4D, 0x61, 0x67, 0x69,
    0x63, 0x69, 0x61, 0x6E, 0x20, 0x6F, 0x72, 0x20, 0x44, 0x61, 0x72, 0x6B,
    0x20, 0x20, 0x20, 0x20, 0x20, 0x20, 0x20, 0x4D, 0x61, 0x67, 0x69, 0x63,
    0x69, 0x61, 0x6E, 0x20, 0x47, 0x69, 0x72, 0x6C, 0x2C, 0x77, 0x68, 0x6F,
    0x73, 0x65, 0x20, 0x74, 0x6F, 0x74, 0x61, 0x6C, 0x20, 0x5E, 0x4C, 0x65,
    0x76, 0x65, 0x6C, 0x73, 0x20, 0x65, 0x71, 0x75, 0x61, 0x6C, 0x6F, 0x72,
    0x20, 0x65, 0x78, 0x63, 0x65, 0x65, 0x64, 0x20, 0x74, 0x68, 0x65, 0x20,
    0x4C, 0x65, 0x76, 0x65, 0x6C, 0x20, 0x6F, 0x66, 0x20, 0x74, 0x68, 0x65,
    0x20, 0x20, 0x52, 0x69, 0x74, 0x75, 0x61, 0x6C, 0x20, 0x20, 0x20, 0x20,
    0x20, 0x20, 0x20, 0x20, 0x4D, 0x6F, 0x6E, 0x73, 0x74, 0x65, 0x72, 0x2E,
    0x20, 0x20, 0x20, 0x20, 0x5E, 0x00,
};

const u8 gDescription_ShaddollBeast[] APPEND_TEXT = {
    0x20, 0x20, 0x5E, 0x34, 0x46, 0x4C, 0x49, 0x50, 0x3A, 0x20, 0x59, 0x6F,
    0x75, 0x20, 0x20, 0x20, 0x63, 0x61, 0x6E, 0x20, 0x64, 0x72, 0x61, 0x77,
    0x20, 0x32, 0x20, 0x20, 0x20, 0x20, 0x63, 0x61, 0x72, 0x64, 0x73, 0x2C,
    0x20, 0x74, 0x68, 0x65, 0x6E, 0x20, 0x20, 0x20, 0x64, 0x69, 0x73, 0x63,
    0x61, 0x72, 0x64, 0x20, 0x31, 0x20, 0x20, 0x20, 0x20, 0x20, 0x63, 0x61,
    0x72, 0x64, 0x2E, 0x20, 0x49, 0x66, 0x20, 0x20, 0x20, 0x20, 0x5E, 0x74,
    0x68, 0x69, 0x73, 0x20, 0x63, 0x61, 0x72, 0x64, 0x20, 0x69, 0x73, 0x73,
    0x65, 0x6E, 0x74, 0x20, 0x74, 0x6F, 0x20, 0x74, 0x68, 0x65, 0x20, 0x47,
    0x59, 0x62, 0x79, 0x20, 0x61, 0x20, 0x63, 0x61, 0x72, 0x64, 0x20, 0x20,
    0x20, 0x20, 0x20, 0x65, 0x66, 0x66, 0x65, 0x63, 0x74, 0x3A, 0x20, 0x59,
    0x6F, 0x75, 0x20, 0x20, 0x20, 0x63, 0x61, 0x6E, 0x20, 0x64, 0x72, 0x61,
    0x77, 0x20, 0x31, 0x20, 0x20, 0x5E, 0x63, 0x61, 0x72, 0x64, 0x2E, 0x20,
    0x59, 0x6F, 0x75, 0x20, 0x20, 0x20, 0x63, 0x61, 0x6E, 0x20, 0x6F, 0x6E,
    0x6C, 0x79, 0x20, 0x75, 0x73, 0x65, 0x20, 0x31, 0x53, 0x68, 0x61, 0x64,
    0x64, 0x6F, 0x6C, 0x6C, 0x20, 0x42, 0x65, 0x61, 0x73, 0x74, 0x65, 0x66,
    0x66, 0x65, 0x63, 0x74, 0x20, 0x70, 0x65, 0x72, 0x20, 0x20, 0x20, 0x20,
    0x74, 0x75, 0x72, 0x6E, 0x2C, 0x20, 0x61, 0x6E, 0x64, 0x20, 0x20, 0x20,
    0x5E, 0x6F, 0x6E, 0x6C, 0x79, 0x20, 0x6F, 0x6E, 0x63, 0x65, 0x20, 0x20,
    0x20, 0x74, 0x68, 0x61, 0x74, 0x20, 0x74, 0x75, 0x72, 0x6E, 0x2E, 0x20,
    0x20, 0x20, 0x20, 0x5E, 0x00,
};

const u8 gDescription_ShaddollDragon[] APPEND_TEXT = {
    0x20, 0x20, 0x5E, 0x35, 0x46, 0x4C, 0x49, 0x50, 0x3A, 0x20, 0x59, 0x6F,
    0x75, 0x20, 0x20, 0x20, 0x63, 0x61, 0x6E, 0x20, 0x74, 0x61, 0x72, 0x67,
    0x65, 0x74, 0x20, 0x31, 0x20, 0x20, 0x63, 0x61, 0x72, 0x64, 0x20, 0x79,
    0x6F, 0x75, 0x72, 0x20, 0x20, 0x20, 0x20, 0x20, 0x6F, 0x70, 0x70, 0x6F,
    0x6E, 0x65, 0x6E, 0x74, 0x20, 0x20, 0x20, 0x20, 0x20, 0x20, 0x63, 0x6F,
    0x6E, 0x74, 0x72, 0x6F, 0x6C, 0x73, 0x3B, 0x20, 0x20, 0x20, 0x5E, 0x72,
    0x65, 0x74, 0x75, 0x72, 0x6E, 0x20, 0x69, 0x74, 0x20, 0x74, 0x6F, 0x74,
    0x68, 0x65, 0x20, 0x68, 0x61, 0x6E, 0x64, 0x2E, 0x20, 0x49, 0x66, 0x20,
    0x20, 0x74, 0x68, 0x69, 0x73, 0x20, 0x63, 0x61, 0x72, 0x64, 0x20, 0x69,
    0x73, 0x20, 0x20, 0x73, 0x65, 0x6E, 0x74, 0x20, 0x74, 0x6F, 0x20, 0x74,
    0x68, 0x65, 0x20, 0x47, 0x59, 0x62, 0x79, 0x20, 0x61, 0x20, 0x63, 0x61,
    0x72, 0x64, 0x20, 0x20, 0x20, 0x5E, 0x65, 0x66, 0x66, 0x65, 0x63, 0x74,
    0x3A, 0x20, 0x59, 0x6F, 0x75, 0x20, 0x63, 0x61, 0x6E, 0x20, 0x74, 0x61,
    0x72, 0x67, 0x65, 0x74, 0x20, 0x31, 0x20, 0x20, 0x53, 0x70, 0x65, 0x6C,
    0x6C, 0x2F, 0x54, 0x72, 0x61, 0x70, 0x20, 0x6F, 0x6E, 0x20, 0x74, 0x68,
    0x65, 0x20, 0x66, 0x69, 0x65, 0x6C, 0x64, 0x3B, 0x20, 0x20, 0x20, 0x20,
    0x64, 0x65, 0x73, 0x74, 0x72, 0x6F, 0x79, 0x20, 0x69, 0x74, 0x2E, 0x20,
    0x5E, 0x59, 0x6F, 0x75, 0x20, 0x63, 0x61, 0x6E, 0x20, 0x6F, 0x6E, 0x6C,
    0x79, 0x75, 0x73, 0x65, 0x20, 0x31, 0x20, 0x53, 0x68, 0x61, 0x64, 0x64,
    0x6F, 0x6C, 0x6C, 0x44, 0x72, 0x61, 0x67, 0x6F, 0x6E, 0x20, 0x65, 0x66,
    0x66, 0x65, 0x63, 0x74, 0x20, 0x70, 0x65, 0x72, 0x20, 0x74, 0x75, 0x72,
    0x6E, 0x2C, 0x20, 0x61, 0x6E, 0x64, 0x20, 0x6F, 0x6E, 0x6C, 0x79, 0x20,
    0x6F, 0x6E, 0x63, 0x65, 0x20, 0x20, 0x20, 0x5E, 0x74, 0x68, 0x61, 0x74,
    0x20, 0x74, 0x75, 0x72, 0x6E, 0x2E, 0x20, 0x20, 0x5E, 0x00,
};

const u8 gDescription_ShaddollFusion[] APPEND_TEXT = {
    0x20, 0x20, 0x5E, 0x36, 0x46, 0x75, 0x73, 0x69, 0x6F, 0x6E, 0x20, 0x20,
    0x20, 0x20, 0x20, 0x20, 0x53, 0x75, 0x6D, 0x6D, 0x6F, 0x6E, 0x20, 0x31,
    0x20, 0x20, 0x20, 0x20, 0x20, 0x20, 0x53, 0x68, 0x61, 0x64, 0x64, 0x6F,
    0x6C, 0x6C, 0x20, 0x20, 0x20, 0x20, 0x20, 0x20, 0x46, 0x75, 0x73, 0x69,
    0x6F, 0x6E, 0x20, 0x4D, 0x6F, 0x6E, 0x73, 0x74, 0x65, 0x72, 0x66, 0x72,
    0x6F, 0x6D, 0x20, 0x79, 0x6F, 0x75, 0x72, 0x20, 0x20, 0x20, 0x5E, 0x45,
    0x78, 0x74, 0x72, 0x61, 0x20, 0x44, 0x65, 0x63, 0x6B, 0x2C, 0x20, 0x75,
    0x73, 0x69, 0x6E, 0x67, 0x20, 0x6D, 0x6F, 0x6E, 0x73, 0x74, 0x65, 0x72,
    0x73, 0x66, 0x72, 0x6F, 0x6D, 0x20, 0x79, 0x6F, 0x75, 0x72, 0x20, 0x68,
    0x61, 0x6E, 0x64, 0x6F, 0x72, 0x20, 0x66, 0x69, 0x65, 0x6C, 0x64, 0x20,
    0x61, 0x73, 0x20, 0x20, 0x20, 0x46, 0x75, 0x73, 0x69, 0x6F, 0x6E, 0x20,
    0x20, 0x20, 0x20, 0x20, 0x20, 0x5E, 0x4D, 0x61, 0x74, 0x65, 0x72, 0x69,
    0x61, 0x6C, 0x2E, 0x20, 0x49, 0x66, 0x79, 0x6F, 0x75, 0x72, 0x20, 0x6F,
    0x70, 0x70, 0x6F, 0x6E, 0x65, 0x6E, 0x74, 0x20, 0x63, 0x6F, 0x6E, 0x74,
    0x72, 0x6F, 0x6C, 0x73, 0x20, 0x61, 0x20, 0x20, 0x20, 0x20, 0x6D, 0x6F,
    0x6E, 0x73, 0x74, 0x65, 0x72, 0x20, 0x74, 0x68, 0x61, 0x74, 0x20, 0x20,
    0x77, 0x61, 0x73, 0x20, 0x53, 0x70, 0x65, 0x63, 0x69, 0x61, 0x6C, 0x20,
    0x5E, 0x53, 0x75, 0x6D, 0x6D, 0x6F, 0x6E, 0x65, 0x64, 0x20, 0x20, 0x20,
    0x20, 0x66, 0x72, 0x6F, 0x6D, 0x20, 0x74, 0x68, 0x65, 0x20, 0x45, 0x78,
    0x74, 0x72, 0x61, 0x44, 0x65, 0x63, 0x6B, 0x2C, 0x20, 0x79, 0x6F, 0x75,
    0x20, 0x63, 0x61, 0x6E, 0x20, 0x61, 0x6C, 0x73, 0x6F, 0x20, 0x75, 0x73,
    0x65, 0x20, 0x20, 0x20, 0x20, 0x20, 0x20, 0x6D, 0x6F, 0x6E, 0x73, 0x74,
    0x65, 0x72, 0x73, 0x20, 0x69, 0x6E, 0x20, 0x5E, 0x79, 0x6F, 0x75, 0x72,
    0x20, 0x44, 0x65, 0x63, 0x6B, 0x20, 0x61, 0x73, 0x46, 0x75, 0x73, 0x69,
    0x6F, 0x6E, 0x20, 0x20, 0x20, 0x20, 0x20, 0x20, 0x20, 0x20, 0x4D, 0x61,
    0x74, 0x65, 0x72, 0x69, 0x61, 0x6C, 0x2E, 0x20, 0x59, 0x6F, 0x75, 0x20,
    0x63, 0x61, 0x6E, 0x20, 0x6F, 0x6E, 0x6C, 0x79, 0x20, 0x20, 0x20, 0x20,
    0x20, 0x20, 0x61, 0x63, 0x74, 0x69, 0x76, 0x61, 0x74, 0x65, 0x20, 0x31,
    0x20, 0x20, 0x5E, 0x53, 0x68, 0x61, 0x64, 0x64, 0x6F, 0x6C, 0x6C, 0x20,
    0x20, 0x20, 0x20, 0x46, 0x75, 0x73, 0x69, 0x6F, 0x6E, 0x20, 0x70, 0x65,
    0x72, 0x20, 0x20, 0x20, 0x20, 0x74, 0x75, 0x72, 0x6E, 0x2E, 0x20, 0x20,
    0x20, 0x20, 0x20, 0x20, 0x20, 0x20, 0x20, 0x5E, 0x00,
};

const u8 gDescription_ShaddollHedgehog[] APPEND_TEXT = {
    0x20, 0x20, 0x5E, 0x35, 0x46, 0x4C, 0x49, 0x50, 0x3A, 0x20, 0x59, 0x6F,
    0x75, 0x20, 0x20, 0x20, 0x63, 0x61, 0x6E, 0x20, 0x61, 0x64, 0x64, 0x20,
    0x31, 0x20, 0x20, 0x20, 0x20, 0x20, 0x53, 0x68, 0x61, 0x64, 0x64, 0x6F,
    0x6C, 0x6C, 0x20, 0x20, 0x20, 0x20, 0x20, 0x20, 0x53, 0x70, 0x65, 0x6C,
    0x6C, 0x2F, 0x54, 0x72, 0x61, 0x70, 0x20, 0x20, 0x20, 0x20, 0x66, 0x72,
    0x6F, 0x6D, 0x20, 0x79, 0x6F, 0x75, 0x72, 0x20, 0x20, 0x20, 0x5E, 0x44,
    0x65, 0x63, 0x6B, 0x20, 0x74, 0x6F, 0x20, 0x79, 0x6F, 0x75, 0x72, 0x20,
    0x68, 0x61, 0x6E, 0x64, 0x2E, 0x20, 0x49, 0x66, 0x20, 0x74, 0x68, 0x69,
    0x73, 0x20, 0x63, 0x61, 0x72, 0x64, 0x20, 0x69, 0x73, 0x20, 0x73, 0x65,
    0x6E, 0x74, 0x20, 0x74, 0x6F, 0x20, 0x74, 0x68, 0x65, 0x20, 0x47, 0x59,
    0x20, 0x62, 0x79, 0x20, 0x61, 0x20, 0x63, 0x61, 0x72, 0x64, 0x20, 0x65,
    0x66, 0x66, 0x65, 0x63, 0x74, 0x3A, 0x5E, 0x59, 0x6F, 0x75, 0x20, 0x63,
    0x61, 0x6E, 0x20, 0x61, 0x64, 0x64, 0x20, 0x31, 0x20, 0x53, 0x68, 0x61,
    0x64, 0x64, 0x6F, 0x6C, 0x6C, 0x20, 0x20, 0x20, 0x20, 0x6D, 0x6F, 0x6E,
    0x73, 0x74, 0x65, 0x72, 0x20, 0x66, 0x72, 0x6F, 0x6D, 0x20, 0x20, 0x79,
    0x6F, 0x75, 0x72, 0x20, 0x44, 0x65, 0x63, 0x6B, 0x20, 0x74, 0x6F, 0x20,
    0x20, 0x79, 0x6F, 0x75, 0x72, 0x20, 0x68, 0x61, 0x6E, 0x64, 0x2C, 0x20,
    0x20, 0x5E, 0x65, 0x78, 0x63, 0x65, 0x70, 0x74, 0x20, 0x20, 0x20, 0x20,
    0x20, 0x20, 0x53, 0x68, 0x61, 0x64, 0x64, 0x6F, 0x6C, 0x6C, 0x20, 0x20,
    0x20, 0x20, 0x20, 0x20, 0x48, 0x65, 0x64, 0x67, 0x65, 0x68, 0x6F, 0x67,
    0x2E, 0x20, 0x59, 0x6F, 0x75, 0x20, 0x63, 0x61, 0x6E, 0x20, 0x6F, 0x6E,
    0x6C, 0x79, 0x20, 0x75, 0x73, 0x65, 0x20, 0x31, 0x53, 0x68, 0x61, 0x64,
    0x64, 0x6F, 0x6C, 0x6C, 0x20, 0x20, 0x20, 0x20, 0x5E, 0x48, 0x65, 0x64,
    0x67, 0x65, 0x68, 0x6F, 0x67, 0x20, 0x20, 0x20, 0x20, 0x65, 0x66, 0x66,
    0x65, 0x63, 0x74, 0x20, 0x70, 0x65, 0x72, 0x20, 0x20, 0x20, 0x20, 0x74,
    0x75, 0x72, 0x6E, 0x2C, 0x20, 0x61, 0x6E, 0x64, 0x20, 0x6F, 0x6E, 0x6C,
    0x79, 0x6F, 0x6E, 0x63, 0x65, 0x20, 0x74, 0x68, 0x61, 0x74, 0x20, 0x20,
    0x20, 0x20, 0x20, 0x74, 0x75, 0x72, 0x6E, 0x2E, 0x20, 0x20, 0x20, 0x20,
    0x20, 0x20, 0x20, 0x5E, 0x00,
};

const u8 gDescription_ShaddollSquamata[] APPEND_TEXT = {
    0x20, 0x20, 0x5E, 0x35, 0x46, 0x4C, 0x49, 0x50, 0x3A, 0x20, 0x59, 0x6F,
    0x75, 0x20, 0x20, 0x20, 0x63, 0x61, 0x6E, 0x20, 0x74, 0x61, 0x72, 0x67,
    0x65, 0x74, 0x20, 0x31, 0x20, 0x20, 0x6D, 0x6F, 0x6E, 0x73, 0x74, 0x65,
    0x72, 0x20, 0x6F, 0x6E, 0x20, 0x74, 0x68, 0x65, 0x66, 0x69, 0x65, 0x6C,
    0x64, 0x3B, 0x20, 0x64, 0x65, 0x73, 0x74, 0x72, 0x6F, 0x79, 0x69, 0x74,
    0x2E, 0x20, 0x49, 0x66, 0x20, 0x74, 0x68, 0x69, 0x73, 0x20, 0x5E, 0x63,
    0x61, 0x72, 0x64, 0x20, 0x69, 0x73, 0x20, 0x73, 0x65, 0x6E, 0x74, 0x74,
    0x6F, 0x20, 0x74, 0x68, 0x65, 0x20, 0x47, 0x59, 0x20, 0x62, 0x79, 0x20,
    0x61, 0x63, 0x61, 0x72, 0x64, 0x20, 0x65, 0x66, 0x66, 0x65, 0x63, 0x74,
    0x3A, 0x20, 0x20, 0x59, 0x6F, 0x75, 0x20, 0x63, 0x61, 0x6E, 0x20, 0x73,
    0x65, 0x6E, 0x64, 0x20, 0x31, 0x53, 0x68, 0x61, 0x64, 0x64, 0x6F, 0x6C,
    0x6C, 0x20, 0x20, 0x20, 0x20, 0x5E, 0x63, 0x61, 0x72, 0x64, 0x20, 0x66,
    0x72, 0x6F, 0x6D, 0x20, 0x20, 0x20, 0x79, 0x6F, 0x75, 0x72, 0x20, 0x44,
    0x65, 0x63, 0x6B, 0x20, 0x74, 0x6F, 0x20, 0x20, 0x74, 0x68, 0x65, 0x20,
    0x47, 0x59, 0x2C, 0x20, 0x65, 0x78, 0x63, 0x65, 0x70, 0x74, 0x53, 0x68,
    0x61, 0x64, 0x64, 0x6F, 0x6C, 0x6C, 0x20, 0x20, 0x20, 0x20, 0x20, 0x20,
    0x53, 0x71, 0x75, 0x61, 0x6D, 0x61, 0x74, 0x61, 0x2E, 0x20, 0x20, 0x20,
    0x5E, 0x59, 0x6F, 0x75, 0x20, 0x63, 0x61, 0x6E, 0x20, 0x6F, 0x6E, 0x6C,
    0x79, 0x75, 0x73, 0x65, 0x20, 0x31, 0x20, 0x53, 0x68, 0x61, 0x64, 0x64,
    0x6F, 0x6C, 0x6C, 0x53, 0x71, 0x75, 0x61, 0x6D, 0x61, 0x74, 0x61, 0x20,
    0x20, 0x20, 0x20, 0x20, 0x20, 0x65, 0x66, 0x66, 0x65, 0x63, 0x74, 0x20,
    0x70, 0x65, 0x72, 0x20, 0x20, 0x20, 0x20, 0x74, 0x75, 0x72, 0x6E, 0x2C,
    0x20, 0x61, 0x6E, 0x64, 0x20, 0x20, 0x20, 0x5E, 0x6F, 0x6E, 0x6C, 0x79,
    0x20, 0x6F, 0x6E, 0x63, 0x65, 0x20, 0x20, 0x20, 0x74, 0x68, 0x61, 0x74,
    0x20, 0x74, 0x75, 0x72, 0x6E, 0x2E, 0x20, 0x20, 0x20, 0x20, 0x5E, 0x00,
};

const u8 gDescription_SilversCry[] APPEND_TEXT = {
    0x20, 0x20, 0x5E, 0x33, 0x54, 0x61, 0x72, 0x67, 0x65, 0x74, 0x20, 0x31,
    0x20, 0x20, 0x20, 0x20, 0x44, 0x72, 0x61, 0x67, 0x6F, 0x6E, 0x20, 0x4E,
    0x6F, 0x72, 0x6D, 0x61, 0x6C, 0x20, 0x4D, 0x6F, 0x6E, 0x73, 0x74, 0x65,
    0x72, 0x20, 0x69, 0x6E, 0x20, 0x20, 0x20, 0x20, 0x79, 0x6F, 0x75, 0x72,
    0x20, 0x47, 0x59, 0x3B, 0x20, 0x20, 0x20, 0x20, 0x20, 0x20, 0x53, 0x70,
    0x65, 0x63, 0x69, 0x61, 0x6C, 0x20, 0x20, 0x20, 0x20, 0x20, 0x5E, 0x53,
    0x75, 0x6D, 0x6D, 0x6F, 0x6E, 0x20, 0x74, 0x68, 0x61, 0x74, 0x20, 0x74,
    0x61, 0x72, 0x67, 0x65, 0x74, 0x2E, 0x20, 0x59, 0x6F, 0x75, 0x20, 0x20,
    0x20, 0x63, 0x61, 0x6E, 0x20, 0x6F, 0x6E, 0x6C, 0x79, 0x20, 0x20, 0x20,
    0x20, 0x20, 0x20, 0x61, 0x63, 0x74, 0x69, 0x76, 0x61, 0x74, 0x65, 0x20,
    0x31, 0x20, 0x20, 0x20, 0x20, 0x53, 0x69, 0x6C, 0x76, 0x65, 0x72, 0x27,
    0x73, 0x20, 0x43, 0x72, 0x79, 0x5E, 0x70, 0x65, 0x72, 0x20, 0x74, 0x75,
    0x72, 0x6E, 0x2E, 0x20, 0x20, 0x20, 0x5E, 0x00,
};

const u8 gDescription_SoulServant[] APPEND_TEXT = {
    0x20, 0x20, 0x5E, 0x38, 0x50, 0x6C, 0x61, 0x63, 0x65, 0x20, 0x31, 0x20,
    0x63, 0x61, 0x72, 0x64, 0x20, 0x6F, 0x6E, 0x20, 0x74, 0x6F, 0x70, 0x20,
    0x6F, 0x66, 0x20, 0x74, 0x68, 0x65, 0x20, 0x44, 0x65, 0x63, 0x6B, 0x20,
    0x66, 0x72, 0x6F, 0x6D, 0x20, 0x79, 0x6F, 0x75, 0x72, 0x20, 0x68, 0x61,
    0x6E, 0x64, 0x2C, 0x20, 0x44, 0x65, 0x63, 0x6B, 0x2C, 0x20, 0x6F, 0x72,
    0x20, 0x47, 0x59, 0x2C, 0x20, 0x74, 0x68, 0x61, 0x74, 0x20, 0x69, 0x73,
    0x5E, 0x44, 0x61, 0x72, 0x6B, 0x20, 0x20, 0x20, 0x20, 0x20, 0x20, 0x20,
    0x20, 0x4D, 0x61, 0x67, 0x69, 0x63, 0x69, 0x61, 0x6E, 0x20, 0x6F, 0x72,
    0x20, 0x20, 0x20, 0x73, 0x70, 0x65, 0x63, 0x69, 0x66, 0x69, 0x63, 0x61,
    0x6C, 0x6C, 0x79, 0x20, 0x20, 0x6C, 0x69, 0x73, 0x74, 0x73, 0x20, 0x44,
    0x61, 0x72, 0x6B, 0x20, 0x20, 0x20, 0x20, 0x4D, 0x61, 0x67, 0x69, 0x63,
    0x69, 0x61, 0x6E, 0x20, 0x6F, 0x72, 0x20, 0x5E, 0x44, 0x61, 0x72, 0x6B,
    0x20, 0x20, 0x20, 0x20, 0x20, 0x20, 0x20, 0x20, 0x4D, 0x61, 0x67, 0x69,
    0x63, 0x69, 0x61, 0x6E, 0x20, 0x47, 0x69, 0x72, 0x6C, 0x20, 0x69, 0x6E,
    0x20, 0x69, 0x74, 0x73, 0x20, 0x74, 0x65, 0x78, 0x74, 0x2C, 0x20, 0x20,
    0x65, 0x78, 0x63, 0x65, 0x70, 0x74, 0x20, 0x53, 0x6F, 0x75, 0x6C, 0x20,
    0x20, 0x20, 0x53, 0x65, 0x72, 0x76, 0x61, 0x6E, 0x74, 0x2E, 0x20, 0x20,
    0x20, 0x20, 0x5E, 0x44, 0x75, 0x72, 0x69, 0x6E, 0x67, 0x20, 0x79, 0x6F,
    0x75, 0x72, 0x20, 0x4D, 0x61, 0x69, 0x6E, 0x20, 0x50, 0x68, 0x61, 0x73,
    0x65, 0x3A, 0x20, 0x20, 0x20, 0x59, 0x6F, 0x75, 0x20, 0x63, 0x61, 0x6E,
    0x20, 0x62, 0x61, 0x6E, 0x69, 0x73, 0x68, 0x74, 0x68, 0x69, 0x73, 0x20,
    0x63, 0x61, 0x72, 0x64, 0x20, 0x66, 0x72, 0x6F, 0x6D, 0x79, 0x6F, 0x75,
    0x72, 0x20, 0x47, 0x59, 0x3B, 0x20, 0x20, 0x20, 0x20, 0x5E, 0x64, 0x72,
    0x61, 0x77, 0x20, 0x63, 0x61, 0x72, 0x64, 0x73, 0x20, 0x20, 0x65, 0x71,
    0x75, 0x61, 0x6C, 0x20, 0x74, 0x6F, 0x20, 0x74, 0x68, 0x65, 0x20, 0x20,
    0x6E, 0x75, 0x6D, 0x62, 0x65, 0x72, 0x20, 0x6F, 0x66, 0x20, 0x20, 0x20,
    0x20, 0x20, 0x50, 0x61, 0x6C, 0x6C, 0x61, 0x64, 0x69, 0x75, 0x6D, 0x20,
    0x20, 0x20, 0x20, 0x20, 0x6D, 0x6F, 0x6E, 0x73, 0x74, 0x65, 0x72, 0x73,
    0x2C, 0x20, 0x20, 0x20, 0x5E, 0x44, 0x61, 0x72, 0x6B, 0x20, 0x20, 0x20,
    0x20, 0x20, 0x20, 0x20, 0x20, 0x4D, 0x61, 0x67, 0x69, 0x63, 0x69, 0x61,
    0x6E, 0x2C, 0x20, 0x20, 0x20, 0x20, 0x20, 0x61, 0x6E, 0x64, 0x2F, 0x6F,
    0x72, 0x20, 0x44, 0x61, 0x72, 0x6B, 0x20, 0x20, 0x20, 0x4D, 0x61, 0x67,
    0x69, 0x63, 0x69, 0x61, 0x6E, 0x20, 0x47, 0x69, 0x72, 0x6C, 0x2C, 0x77,
    0x69, 0x74, 0x68, 0x20, 0x20, 0x20, 0x20, 0x20, 0x20, 0x20, 0x20, 0x5E,
    0x64, 0x69, 0x66, 0x66, 0x65, 0x72, 0x65, 0x6E, 0x74, 0x20, 0x20, 0x20,
    0x6E, 0x61, 0x6D, 0x65, 0x73, 0x2C, 0x20, 0x6F, 0x6E, 0x20, 0x74, 0x68,
    0x65, 0x20, 0x66, 0x69, 0x65, 0x6C, 0x64, 0x20, 0x61, 0x6E, 0x64, 0x20,
    0x69, 0x6E, 0x20, 0x20, 0x74, 0x68, 0x65, 0x20, 0x47, 0x59, 0x73, 0x2E,
    0x20, 0x59, 0x6F, 0x75, 0x20, 0x20, 0x63, 0x61, 0x6E, 0x20, 0x6F, 0x6E,
    0x6C, 0x79, 0x20, 0x75, 0x73, 0x65, 0x5E, 0x74, 0x68, 0x69, 0x73, 0x20,
    0x65, 0x66, 0x66, 0x65, 0x63, 0x74, 0x20, 0x6F, 0x66, 0x20, 0x53, 0x6F,
    0x75, 0x6C, 0x20, 0x20, 0x20, 0x20, 0x20, 0x20, 0x20, 0x53, 0x65, 0x72,
    0x76, 0x61, 0x6E, 0x74, 0x20, 0x6F, 0x6E, 0x63, 0x65, 0x20, 0x20, 0x70,
    0x65, 0x72, 0x20, 0x74, 0x75, 0x72, 0x6E, 0x2E, 0x20, 0x20, 0x20, 0x20,
    0x20, 0x5E, 0x00,
};

const u8 gDescription_StardustDragon[] APPEND_TEXT = {
    0x20, 0x20, 0x5E, 0x36, 0x31, 0x20, 0x54, 0x75, 0x6E, 0x65, 0x72, 0x20,
    0x2B, 0x20, 0x31, 0x2B, 0x6E, 0x6F, 0x6E, 0x2D, 0x54, 0x75, 0x6E, 0x65,
    0x72, 0x20, 0x20, 0x20, 0x20, 0x20, 0x6D, 0x6F, 0x6E, 0x73, 0x74, 0x65,
    0x72, 0x73, 0x20, 0x57, 0x68, 0x65, 0x6E, 0x20, 0x61, 0x20, 0x63, 0x61,
    0x72, 0x64, 0x20, 0x6F, 0x72, 0x20, 0x20, 0x20, 0x20, 0x20, 0x65, 0x66,
    0x66, 0x65, 0x63, 0x74, 0x20, 0x69, 0x73, 0x20, 0x20, 0x20, 0x5E, 0x61,
    0x63, 0x74, 0x69, 0x76, 0x61, 0x74, 0x65, 0x64, 0x20, 0x20, 0x20, 0x74,
    0x68, 0x61, 0x74, 0x20, 0x77, 0x6F, 0x75, 0x6C, 0x64, 0x20, 0x20, 0x20,
    0x20, 0x64, 0x65, 0x73, 0x74, 0x72, 0x6F, 0x79, 0x20, 0x61, 0x20, 0x20,
    0x20, 0x20, 0x20, 0x63, 0x61, 0x72, 0x64, 0x28, 0x73, 0x29, 0x20, 0x6F,
    0x6E, 0x20, 0x74, 0x68, 0x65, 0x66, 0x69, 0x65, 0x6C, 0x64, 0x20, 0x28,
    0x51, 0x75, 0x69, 0x63, 0x6B, 0x5E, 0x45, 0x66, 0x66, 0x65, 0x63, 0x74,
    0x29, 0x3A, 0x20, 0x59, 0x6F, 0x75, 0x63, 0x61, 0x6E, 0x20, 0x54, 0x72,
    0x69, 0x62, 0x75, 0x74, 0x65, 0x20, 0x20, 0x20, 0x74, 0x68, 0x69, 0x73,
    0x20, 0x63, 0x61, 0x72, 0x64, 0x3B, 0x20, 0x20, 0x20, 0x20, 0x6E, 0x65,
    0x67, 0x61, 0x74, 0x65, 0x20, 0x74, 0x68, 0x65, 0x20, 0x20, 0x20, 0x20,
    0x61, 0x63, 0x74, 0x69, 0x76, 0x61, 0x74, 0x69, 0x6F, 0x6E, 0x2C, 0x20,
    0x5E, 0x61, 0x6E, 0x64, 0x20, 0x69, 0x66, 0x20, 0x79, 0x6F, 0x75, 0x20,
    0x20, 0x64, 0x6F, 0x2C, 0x20, 0x64, 0x65, 0x73, 0x74, 0x72, 0x6F, 0x79,
    0x20, 0x20, 0x20, 0x69, 0x74, 0x2E, 0x20, 0x44, 0x75, 0x72, 0x69, 0x6E,
    0x67, 0x20, 0x74, 0x68, 0x65, 0x45, 0x6E, 0x64, 0x20, 0x50, 0x68, 0x61,
    0x73, 0x65, 0x2C, 0x20, 0x69, 0x66, 0x20, 0x74, 0x68, 0x69, 0x73, 0x20,
    0x65, 0x66, 0x66, 0x65, 0x63, 0x74, 0x20, 0x5E, 0x77, 0x61, 0x73, 0x20,
    0x20, 0x20, 0x20, 0x20, 0x20, 0x20, 0x20, 0x20, 0x61, 0x63, 0x74, 0x69,
    0x76, 0x61, 0x74, 0x65, 0x64, 0x20, 0x74, 0x68, 0x69, 0x73, 0x74, 0x75,
    0x72, 0x6E, 0x20, 0x28, 0x61, 0x6E, 0x64, 0x20, 0x77, 0x61, 0x73, 0x20,
    0x6E, 0x6F, 0x74, 0x20, 0x6E, 0x65, 0x67, 0x61, 0x74, 0x65, 0x64, 0x29,
    0x3A, 0x20, 0x59, 0x6F, 0x75, 0x20, 0x63, 0x61, 0x6E, 0x20, 0x20, 0x20,
    0x20, 0x20, 0x5E, 0x53, 0x70, 0x65, 0x63, 0x69, 0x61, 0x6C, 0x20, 0x20,
    0x20, 0x20, 0x20, 0x53, 0x75, 0x6D, 0x6D, 0x6F, 0x6E, 0x20, 0x74, 0x68,
    0x69, 0x73, 0x20, 0x20, 0x20, 0x63, 0x61, 0x72, 0x64, 0x20, 0x66, 0x72,
    0x6F, 0x6D, 0x20, 0x79, 0x6F, 0x75, 0x72, 0x47, 0x59, 0x2E, 0x20, 0x20,
    0x20, 0x20, 0x20, 0x20, 0x20, 0x20, 0x20, 0x20, 0x20, 0x5E, 0x00,
};

const u8 gDescription_TheMelodyOfAwakeningDragon[] APPEND_TEXT = {
    0x20, 0x20, 0x5E, 0x32, 0x44, 0x69, 0x73, 0x63, 0x61, 0x72, 0x64, 0x20,
    0x31, 0x20, 0x20, 0x20, 0x63, 0x61, 0x72, 0x64, 0x3B, 0x20, 0x61, 0x64,
    0x64, 0x20, 0x75, 0x70, 0x20, 0x20, 0x74, 0x6F, 0x20, 0x32, 0x20, 0x44,
    0x72, 0x61, 0x67, 0x6F, 0x6E, 0x20, 0x20, 0x20, 0x6D, 0x6F, 0x6E, 0x73,
    0x74, 0x65, 0x72, 0x73, 0x20, 0x77, 0x69, 0x74, 0x68, 0x20, 0x33, 0x30,
    0x30, 0x30, 0x20, 0x6F, 0x72, 0x20, 0x6D, 0x6F, 0x72, 0x65, 0x5E, 0x41,
    0x54, 0x4B, 0x20, 0x61, 0x6E, 0x64, 0x20, 0x32, 0x35, 0x30, 0x30, 0x6F,
    0x72, 0x20, 0x6C, 0x65, 0x73, 0x73, 0x20, 0x44, 0x45, 0x46, 0x20, 0x20,
    0x20, 0x66, 0x72, 0x6F, 0x6D, 0x20, 0x79, 0x6F, 0x75, 0x72, 0x20, 0x44,
    0x65, 0x63, 0x6B, 0x74, 0x6F, 0x20, 0x79, 0x6F, 0x75, 0x72, 0x20, 0x68,
    0x61, 0x6E, 0x64, 0x2E, 0x20, 0x5E, 0x00,
};

const u8 gDescription_TheWhiteStoneOfAncients[] APPEND_TEXT = {
    0x20, 0x20, 0x5E, 0x36, 0x4F, 0x6E, 0x63, 0x65, 0x20, 0x70, 0x65, 0x72,
    0x20, 0x20, 0x20, 0x20, 0x74, 0x75, 0x72, 0x6E, 0x2C, 0x20, 0x64, 0x75,
    0x72, 0x69, 0x6E, 0x67, 0x20, 0x20, 0x74, 0x68, 0x65, 0x20, 0x45, 0x6E,
    0x64, 0x20, 0x50, 0x68, 0x61, 0x73, 0x65, 0x2C, 0x69, 0x66, 0x20, 0x74,
    0x68, 0x69, 0x73, 0x20, 0x63, 0x61, 0x72, 0x64, 0x20, 0x20, 0x69, 0x73,
    0x20, 0x69, 0x6E, 0x20, 0x74, 0x68, 0x65, 0x20, 0x47, 0x59, 0x5E, 0x62,
    0x65, 0x63, 0x61, 0x75, 0x73, 0x65, 0x20, 0x69, 0x74, 0x20, 0x20, 0x77,
    0x61, 0x73, 0x20, 0x73, 0x65, 0x6E, 0x74, 0x20, 0x74, 0x68, 0x65, 0x72,
    0x65, 0x74, 0x68, 0x69, 0x73, 0x20, 0x74, 0x75, 0x72, 0x6E, 0x3A, 0x20,
    0x59, 0x6F, 0x75, 0x63, 0x61, 0x6E, 0x20, 0x53, 0x70, 0x65, 0x63, 0x69,
    0x61, 0x6C, 0x20, 0x20, 0x20, 0x53, 0x75, 0x6D, 0x6D, 0x6F, 0x6E, 0x20,
    0x31, 0x20, 0x20, 0x20, 0x20, 0x5E, 0x42, 0x6C, 0x75, 0x65, 0x2D, 0x45,
    0x79, 0x65, 0x73, 0x20, 0x20, 0x20, 0x6D, 0x6F, 0x6E, 0x73, 0x74, 0x65,
    0x72, 0x20, 0x66, 0x72, 0x6F, 0x6D, 0x20, 0x20, 0x79, 0x6F, 0x75, 0x72,
    0x20, 0x44, 0x65, 0x63, 0x6B, 0x2E, 0x20, 0x59, 0x6F, 0x75, 0x63, 0x61,
    0x6E, 0x20, 0x62, 0x61, 0x6E, 0x69, 0x73, 0x68, 0x20, 0x20, 0x20, 0x20,
    0x74, 0x68, 0x69, 0x73, 0x20, 0x63, 0x61, 0x72, 0x64, 0x20, 0x20, 0x20,
    0x5E, 0x66, 0x72, 0x6F, 0x6D, 0x20, 0x79, 0x6F, 0x75, 0x72, 0x20, 0x20,
    0x20, 0x47, 0x59, 0x2C, 0x20, 0x74, 0x68, 0x65, 0x6E, 0x20, 0x20, 0x20,
    0x20, 0x20, 0x20, 0x74, 0x61, 0x72, 0x67, 0x65, 0x74, 0x20, 0x31, 0x20,
    0x20, 0x20, 0x20, 0x20, 0x20, 0x42, 0x6C, 0x75, 0x65, 0x2D, 0x45, 0x79,
    0x65, 0x73, 0x20, 0x20, 0x20, 0x20, 0x20, 0x6D, 0x6F, 0x6E, 0x73, 0x74,
    0x65, 0x72, 0x20, 0x69, 0x6E, 0x20, 0x20, 0x5E, 0x79, 0x6F, 0x75, 0x72,
    0x20, 0x47, 0x59, 0x3B, 0x20, 0x61, 0x64, 0x64, 0x69, 0x74, 0x20, 0x74,
    0x6F, 0x20, 0x79, 0x6F, 0x75, 0x72, 0x20, 0x20, 0x20, 0x20, 0x68, 0x61,
    0x6E, 0x64, 0x2E, 0x20, 0x59, 0x6F, 0x75, 0x20, 0x63, 0x61, 0x6E, 0x20,
    0x6F, 0x6E, 0x6C, 0x79, 0x20, 0x75, 0x73, 0x65, 0x20, 0x74, 0x68, 0x69,
    0x73, 0x20, 0x65, 0x66, 0x66, 0x65, 0x63, 0x74, 0x20, 0x6F, 0x66, 0x20,
    0x20, 0x20, 0x5E, 0x54, 0x68, 0x65, 0x20, 0x57, 0x68, 0x69, 0x74, 0x65,
    0x20, 0x20, 0x20, 0x53, 0x74, 0x6F, 0x6E, 0x65, 0x20, 0x6F, 0x66, 0x20,
    0x20, 0x20, 0x20, 0x20, 0x20, 0x41, 0x6E, 0x63, 0x69, 0x65, 0x6E, 0x74,
    0x73, 0x20, 0x6F, 0x6E, 0x63, 0x65, 0x20, 0x70, 0x65, 0x72, 0x20, 0x74,
    0x75, 0x72, 0x6E, 0x2E, 0x20, 0x20, 0x20, 0x20, 0x20, 0x5E, 0x00,
};

const u8 gDescription_TheWhiteStoneOfLegend[] APPEND_TEXT = {
    0x20, 0x20, 0x5E, 0x32, 0x49, 0x66, 0x20, 0x74, 0x68, 0x69, 0x73, 0x20,
    0x63, 0x61, 0x72, 0x64, 0x69, 0x73, 0x20, 0x73, 0x65, 0x6E, 0x74, 0x20,
    0x74, 0x6F, 0x20, 0x74, 0x68, 0x65, 0x47, 0x59, 0x3A, 0x20, 0x41, 0x64,
    0x64, 0x20, 0x31, 0x20, 0x20, 0x20, 0x20, 0x20, 0x42, 0x6C, 0x75, 0x65,
    0x2D, 0x45, 0x79, 0x65, 0x73, 0x20, 0x20, 0x20, 0x20, 0x20, 0x57, 0x68,
    0x69, 0x74, 0x65, 0x20, 0x44, 0x72, 0x61, 0x67, 0x6F, 0x6E, 0x5E, 0x66,
    0x72, 0x6F, 0x6D, 0x20, 0x79, 0x6F, 0x75, 0x72, 0x20, 0x20, 0x20, 0x44,
    0x65, 0x63, 0x6B, 0x20, 0x74, 0x6F, 0x20, 0x79, 0x6F, 0x75, 0x72, 0x20,
    0x20, 0x68, 0x61, 0x6E, 0x64, 0x2E, 0x20, 0x20, 0x20, 0x20, 0x20, 0x20,
    0x20, 0x20, 0x20, 0x5E, 0x00,
};

const u8 gDescription_VenomBoa[] APPEND_TEXT = {
    0x20, 0x20, 0x5E, 0x33, 0x4F, 0x6E, 0x63, 0x65, 0x20, 0x70, 0x65, 0x72,
    0x20, 0x20, 0x20, 0x20, 0x74, 0x75, 0x72, 0x6E, 0x2C, 0x20, 0x79, 0x6F,
    0x75, 0x20, 0x63, 0x61, 0x6E, 0x20, 0x70, 0x6C, 0x61, 0x63, 0x65, 0x20,
    0x32, 0x20, 0x56, 0x65, 0x6E, 0x6F, 0x6D, 0x20, 0x43, 0x6F, 0x75, 0x6E,
    0x74, 0x65, 0x72, 0x73, 0x20, 0x6F, 0x6E, 0x20, 0x31, 0x20, 0x6D, 0x6F,
    0x6E, 0x73, 0x74, 0x65, 0x72, 0x20, 0x79, 0x6F, 0x75, 0x72, 0x5E, 0x6F,
    0x70, 0x70, 0x6F, 0x6E, 0x65, 0x6E, 0x74, 0x20, 0x20, 0x20, 0x20, 0x63,
    0x6F, 0x6E, 0x74, 0x72, 0x6F, 0x6C, 0x73, 0x2E, 0x20, 0x49, 0x66, 0x20,
    0x20, 0x79, 0x6F, 0x75, 0x20, 0x61, 0x63, 0x74, 0x69, 0x76, 0x61, 0x74,
    0x65, 0x20, 0x20, 0x74, 0x68, 0x69, 0x73, 0x20, 0x65, 0x66, 0x66, 0x65,
    0x63, 0x74, 0x2C, 0x20, 0x20, 0x74, 0x68, 0x69, 0x73, 0x20, 0x63, 0x61,
    0x72, 0x64, 0x20, 0x20, 0x20, 0x5E, 0x63, 0x61, 0x6E, 0x6E, 0x6F, 0x74,
    0x20, 0x20, 0x20, 0x20, 0x20, 0x20, 0x61, 0x74, 0x74, 0x61, 0x63, 0x6B,
    0x20, 0x64, 0x75, 0x72, 0x69, 0x6E, 0x67, 0x20, 0x74, 0x68, 0x69, 0x73,
    0x20, 0x74, 0x75, 0x72, 0x6E, 0x2E, 0x20, 0x20, 0x20, 0x20, 0x5E, 0x00,
};

const u8 gDescription_VenomBurn[] APPEND_TEXT = {
    0x20, 0x20, 0x5E, 0x33, 0x53, 0x65, 0x6C, 0x65, 0x63, 0x74, 0x20, 0x31,
    0x20, 0x20, 0x20, 0x20, 0x6D, 0x6F, 0x6E, 0x73, 0x74, 0x65, 0x72, 0x20,
    0x77, 0x69, 0x74, 0x68, 0x20, 0x61, 0x56, 0x65, 0x6E, 0x6F, 0x6D, 0x20,
    0x20, 0x20, 0x20, 0x20, 0x20, 0x20, 0x20, 0x20, 0x43, 0x6F, 0x75, 0x6E,
    0x74, 0x65, 0x72, 0x28, 0x73, 0x29, 0x2E, 0x20, 0x20, 0x20, 0x52, 0x65,
    0x6D, 0x6F, 0x76, 0x65, 0x20, 0x61, 0x6C, 0x6C, 0x20, 0x20, 0x5E, 0x56,
    0x65, 0x6E, 0x6F, 0x6D, 0x20, 0x20, 0x20, 0x20, 0x20, 0x20, 0x20, 0x43,
    0x6F, 0x75, 0x6E, 0x74, 0x65, 0x72, 0x73, 0x20, 0x66, 0x72, 0x6F, 0x6D,
    0x20, 0x74, 0x68, 0x61, 0x74, 0x20, 0x63, 0x61, 0x72, 0x64, 0x2C, 0x20,
    0x61, 0x6E, 0x64, 0x69, 0x6E, 0x66, 0x6C, 0x69, 0x63, 0x74, 0x20, 0x37,
    0x30, 0x30, 0x20, 0x20, 0x20, 0x64, 0x61, 0x6D, 0x61, 0x67, 0x65, 0x20,
    0x74, 0x6F, 0x20, 0x20, 0x20, 0x5E, 0x79, 0x6F, 0x75, 0x72, 0x20, 0x20,
    0x20, 0x20, 0x20, 0x20, 0x20, 0x20, 0x6F, 0x70, 0x70, 0x6F, 0x6E, 0x65,
    0x6E, 0x74, 0x20, 0x66, 0x6F, 0x72, 0x20, 0x20, 0x65, 0x61, 0x63, 0x68,
    0x20, 0x56, 0x65, 0x6E, 0x6F, 0x6D, 0x20, 0x20, 0x20, 0x20, 0x43, 0x6F,
    0x75, 0x6E, 0x74, 0x65, 0x72, 0x20, 0x20, 0x20, 0x20, 0x20, 0x20, 0x20,
    0x72, 0x65, 0x6D, 0x6F, 0x76, 0x65, 0x64, 0x2E, 0x20, 0x20, 0x20, 0x20,
    0x5E, 0x00,
};

const u8 gDescription_ArcanaForce0TheFool[] APPEND_TEXT = {
    0x20, 0x20, 0x5E, 0x36, 0x54, 0x68, 0x69, 0x73, 0x20, 0x63, 0x61, 0x72,
    0x64, 0x20, 0x20, 0x20, 0x63, 0x61, 0x6E, 0x6E, 0x6F, 0x74, 0x20, 0x62,
    0x65, 0x20, 0x20, 0x20, 0x20, 0x20, 0x64, 0x65, 0x73, 0x74, 0x72, 0x6F,
    0x79, 0x65, 0x64, 0x20, 0x62, 0x79, 0x20, 0x20, 0x62, 0x61, 0x74, 0x74,
    0x6C, 0x65, 0x2E, 0x20, 0x54, 0x68, 0x69, 0x73, 0x20, 0x20, 0x63, 0x61,
    0x72, 0x64, 0x20, 0x63, 0x61, 0x6E, 0x6E, 0x6F, 0x74, 0x20, 0x5E, 0x62,
    0x65, 0x20, 0x63, 0x68, 0x61, 0x6E, 0x67, 0x65, 0x64, 0x20, 0x20, 0x74,
    0x6F, 0x20, 0x44, 0x65, 0x66, 0x65, 0x6E, 0x73, 0x65, 0x20, 0x20, 0x20,
    0x20, 0x50, 0x6F, 0x73, 0x69, 0x74, 0x69, 0x6F, 0x6E, 0x2C, 0x20, 0x20,
    0x20, 0x20, 0x20, 0x65, 0x78, 0x63, 0x65, 0x70, 0x74, 0x20, 0x77, 0x69,
    0x74, 0x68, 0x20, 0x61, 0x20, 0x63, 0x61, 0x72, 0x64, 0x20, 0x65, 0x66,
    0x66, 0x65, 0x63, 0x74, 0x2E, 0x5E, 0x57, 0x68, 0x65, 0x6E, 0x20, 0x74,
    0x68, 0x69, 0x73, 0x20, 0x20, 0x20, 0x63, 0x61, 0x72, 0x64, 0x20, 0x69,
    0x73, 0x20, 0x20, 0x20, 0x20, 0x20, 0x20, 0x20, 0x53, 0x75, 0x6D, 0x6D,
    0x6F, 0x6E, 0x65, 0x64, 0x3A, 0x20, 0x54, 0x6F, 0x73, 0x73, 0x61, 0x20,
    0x63, 0x6F, 0x69, 0x6E, 0x20, 0x61, 0x6E, 0x64, 0x20, 0x20, 0x20, 0x20,
    0x67, 0x61, 0x69, 0x6E, 0x20, 0x74, 0x68, 0x65, 0x20, 0x20, 0x20, 0x20,
    0x5E, 0x61, 0x70, 0x70, 0x72, 0x6F, 0x70, 0x72, 0x69, 0x61, 0x74, 0x65,
    0x20, 0x65, 0x66, 0x66, 0x65, 0x63, 0x74, 0x2E, 0x20, 0x48, 0x65, 0x61,
    0x64, 0x73, 0x3A, 0x4E, 0x65, 0x67, 0x61, 0x74, 0x65, 0x20, 0x79, 0x6F,
    0x75, 0x72, 0x20, 0x20, 0x20, 0x63, 0x61, 0x72, 0x64, 0x20, 0x65, 0x66,
    0x66, 0x65, 0x63, 0x74, 0x73, 0x20, 0x20, 0x74, 0x68, 0x61, 0x74, 0x20,
    0x74, 0x61, 0x72, 0x67, 0x65, 0x74, 0x20, 0x5E, 0x74, 0x68, 0x69, 0x73,
    0x20, 0x63, 0x61, 0x72, 0x64, 0x2C, 0x20, 0x20, 0x61, 0x6E, 0x64, 0x20,
    0x64, 0x65, 0x73, 0x74, 0x72, 0x6F, 0x79, 0x20, 0x20, 0x20, 0x74, 0x68,
    0x65, 0x6D, 0x2E, 0x20, 0x54, 0x61, 0x69, 0x6C, 0x73, 0x3A, 0x20, 0x20,
    0x4E, 0x65, 0x67, 0x61, 0x74, 0x65, 0x20, 0x79, 0x6F, 0x75, 0x72, 0x20,
    0x20, 0x20, 0x6F, 0x70, 0x70, 0x6F, 0x6E, 0x65, 0x6E, 0x74, 0x27, 0x73,
    0x20, 0x20, 0x5E, 0x63, 0x61, 0x72, 0x64, 0x20, 0x65, 0x66, 0x66, 0x65,
    0x63, 0x74, 0x73, 0x74, 0x68, 0x61, 0x74, 0x20, 0x74, 0x61, 0x72, 0x67,
    0x65, 0x74, 0x20, 0x20, 0x20, 0x74, 0x68, 0x69, 0x73, 0x20, 0x63, 0x61,
    0x72, 0x64, 0x2C, 0x20, 0x61, 0x6E, 0x64, 0x64, 0x65, 0x73, 0x74, 0x72,
    0x6F, 0x79, 0x20, 0x74, 0x68, 0x65, 0x6D, 0x2E, 0x20, 0x5E, 0x00,
};

const u8 gDescription_ArcanaForceExTheDarkRuler[] APPEND_TEXT = {
    0x20, 0x20, 0x5E, 0x32, 0x43, 0x61, 0x6E, 0x6E, 0x6F, 0x74, 0x20, 0x62,
    0x65, 0x20, 0x4E, 0x6F, 0x72, 0x6D, 0x61, 0x6C, 0x20, 0x53, 0x75, 0x6D,
    0x6D, 0x6F, 0x6E, 0x65, 0x64, 0x2F, 0x53, 0x65, 0x74, 0x2E, 0x20, 0x4D,
    0x75, 0x73, 0x74, 0x20, 0x62, 0x65, 0x20, 0x53, 0x70, 0x65, 0x63, 0x69,
    0x61, 0x6C, 0x20, 0x53, 0x75, 0x6D, 0x6D, 0x6F, 0x6E, 0x65, 0x64, 0x20,
    0x28, 0x66, 0x72, 0x6F, 0x6D, 0x20, 0x79, 0x6F, 0x75, 0x72, 0x20, 0x68,
    0x61, 0x6E, 0x64, 0x29, 0x20, 0x62, 0x79, 0x20, 0x73, 0x65, 0x6E, 0x64,
    0x69, 0x6E, 0x67, 0x20, 0x33, 0x20, 0x6D, 0x6F, 0x6E, 0x73, 0x74, 0x65,
    0x72, 0x73, 0x20, 0x79, 0x6F, 0x75, 0x20, 0x63, 0x6F, 0x6E, 0x74, 0x72,
    0x6F, 0x6C, 0x20, 0x74, 0x6F, 0x20, 0x74, 0x68, 0x65, 0x20, 0x47, 0x72,
    0x61, 0x76, 0x65, 0x79, 0x61, 0x72, 0x64, 0x2C, 0x20, 0x61, 0x6E, 0x64,
    0x20, 0x63, 0x61, 0x6E, 0x6E, 0x6F, 0x74, 0x20, 0x62, 0x65, 0x20, 0x53,
    0x70, 0x65, 0x63, 0x69, 0x61, 0x6C, 0x20, 0x53, 0x75, 0x6D, 0x6D, 0x6F,
    0x6E, 0x65, 0x64, 0x20, 0x62, 0x79, 0x20, 0x6F, 0x74, 0x68, 0x65, 0x72,
    0x20, 0x77, 0x61, 0x79, 0x73, 0x2E, 0x20, 0x57, 0x68, 0x65, 0x6E, 0x20,
    0x74, 0x68, 0x69, 0x73, 0x20, 0x63, 0x61, 0x72, 0x64, 0x20, 0x69, 0x73,
    0x20, 0x53, 0x70, 0x65, 0x63, 0x69, 0x61, 0x6C, 0x20, 0x53, 0x75, 0x6D,
    0x6D, 0x6F, 0x6E, 0x65, 0x64, 0x3A, 0x20, 0x54, 0x6F, 0x73, 0x73, 0x20,
    0x61, 0x20, 0x63, 0x6F, 0x69, 0x6E, 0x20, 0x61, 0x6E, 0x64, 0x20, 0x67,
    0x61, 0x69, 0x6E, 0x20, 0x74, 0x68, 0x65, 0x20, 0x61, 0x70, 0x70, 0x72,
    0x6F, 0x70, 0x72, 0x69, 0x61, 0x74, 0x65, 0x20, 0x65, 0x66, 0x66, 0x65,
    0x63, 0x74, 0x2E, 0x20, 0x48, 0x65, 0x61, 0x64, 0x73, 0x3A, 0x20, 0x54,
    0x68, 0x69, 0x73, 0x20, 0x63, 0x61, 0x72, 0x64, 0x20, 0x63, 0x61, 0x6E,
    0x20, 0x6D, 0x61, 0x6B, 0x65, 0x20, 0x61, 0x20, 0x73, 0x65, 0x63, 0x6F,
    0x6E, 0x64, 0x20, 0x61, 0x74, 0x74, 0x61, 0x63, 0x6B, 0x20, 0x64, 0x75,
    0x72, 0x69, 0x6E, 0x67, 0x20, 0x65, 0x61, 0x63, 0x68, 0x20, 0x42, 0x61,
    0x74, 0x74, 0x6C, 0x65, 0x20, 0x50, 0x68, 0x61, 0x73, 0x65, 0x2C, 0x20,
    0x62, 0x75, 0x74, 0x20, 0x69, 0x66, 0x20, 0x69, 0x74, 0x20, 0x64, 0x6F,
    0x65, 0x73, 0x20, 0x73, 0x6F, 0x20, 0x75, 0x73, 0x69, 0x6E, 0x67, 0x20,
    0x74, 0x68, 0x69, 0x73, 0x20, 0x65, 0x66, 0x66, 0x65, 0x63, 0x74, 0x2C,
    0x20, 0x63, 0x68, 0x61, 0x6E, 0x67, 0x65, 0x20, 0x69, 0x74, 0x20, 0x74,
    0x6F, 0x20, 0x44, 0x65, 0x66, 0x65, 0x6E, 0x73, 0x65, 0x20, 0x50, 0x6F,
    0x73, 0x69, 0x74, 0x69, 0x6F, 0x6E, 0x20, 0x61, 0x74, 0x20, 0x74, 0x68,
    0x65, 0x20, 0x65, 0x6E, 0x64, 0x20, 0x6F, 0x66, 0x20, 0x74, 0x68, 0x65,
    0x20, 0x42, 0x61, 0x74, 0x74, 0x6C, 0x65, 0x20, 0x50, 0x68, 0x61, 0x73,
    0x65, 0x2E, 0x20, 0x49, 0x74, 0x73, 0x20, 0x62, 0x61, 0x74, 0x74, 0x6C,
    0x65, 0x20, 0x70, 0x6F, 0x73, 0x69, 0x74, 0x69, 0x6F, 0x6E, 0x20, 0x63,
    0x61, 0x6E, 0x6E, 0x6F, 0x74, 0x20, 0x62, 0x65, 0x20, 0x63, 0x68, 0x61,
    0x6E, 0x67, 0x65, 0x64, 0x20, 0x75, 0x6E, 0x74, 0x69, 0x6C, 0x20, 0x74,
    0x68, 0x65, 0x20, 0x65, 0x6E, 0x64, 0x20, 0x6F, 0x66, 0x20, 0x79, 0x6F,
    0x75, 0x72, 0x20, 0x6E, 0x65, 0x78, 0x74, 0x20, 0x74, 0x75, 0x72, 0x6E,
    0x2E, 0x20, 0x54, 0x61, 0x69, 0x6C, 0x73, 0x3A, 0x20, 0x49, 0x66, 0x20,
    0x74, 0x68, 0x69, 0x73, 0x20, 0x63, 0x61, 0x72, 0x64, 0x20, 0x69, 0x73,
    0x20, 0x64, 0x65, 0x73, 0x74, 0x72, 0x6F, 0x79, 0x65, 0x64, 0x2C, 0x20,
    0x64, 0x65, 0x73, 0x74, 0x72, 0x6F, 0x79, 0x20, 0x61, 0x6C, 0x6C, 0x20,
    0x63, 0x61, 0x72, 0x64, 0x73, 0x20, 0x6F, 0x6E, 0x20, 0x74, 0x68, 0x65,
    0x20, 0x66, 0x69, 0x65, 0x6C, 0x64, 0x2E, 0x5E, 0x5E, 0x00,
};

const u8 gDescription_ArcanaForceITheMagician[] APPEND_TEXT = {
    0x20, 0x20, 0x5E, 0x34, 0x57, 0x68, 0x65, 0x6E, 0x20, 0x74, 0x68, 0x69,
    0x73, 0x20, 0x20, 0x20, 0x63, 0x61, 0x72, 0x64, 0x20, 0x69, 0x73, 0x20,
    0x20, 0x20, 0x20, 0x20, 0x20, 0x20, 0x53, 0x75, 0x6D, 0x6D, 0x6F, 0x6E,
    0x65, 0x64, 0x2C, 0x20, 0x74, 0x6F, 0x73, 0x73, 0x61, 0x20, 0x63, 0x6F,
    0x69, 0x6E, 0x3A, 0x20, 0x48, 0x65, 0x61, 0x64, 0x73, 0x3A, 0x57, 0x68,
    0x65, 0x6E, 0x20, 0x61, 0x20, 0x53, 0x70, 0x65, 0x6C, 0x6C, 0x5E, 0x43,
    0x61, 0x72, 0x64, 0x20, 0x69, 0x73, 0x20, 0x20, 0x20, 0x20, 0x20, 0x61,
    0x63, 0x74, 0x69, 0x76, 0x61, 0x74, 0x65, 0x64, 0x2C, 0x20, 0x20, 0x20,
    0x20, 0x74, 0x68, 0x69, 0x73, 0x20, 0x63, 0x61, 0x72, 0x64, 0x27, 0x73,
    0x20, 0x20, 0x20, 0x41, 0x54, 0x4B, 0x20, 0x62, 0x65, 0x63, 0x6F, 0x6D,
    0x65, 0x73, 0x20, 0x20, 0x20, 0x64, 0x6F, 0x75, 0x62, 0x6C, 0x65, 0x20,
    0x69, 0x74, 0x73, 0x20, 0x20, 0x5E, 0x6F, 0x72, 0x69, 0x67, 0x69, 0x6E,
    0x61, 0x6C, 0x20, 0x41, 0x54, 0x4B, 0x75, 0x6E, 0x74, 0x69, 0x6C, 0x20,
    0x74, 0x68, 0x65, 0x20, 0x45, 0x6E, 0x64, 0x20, 0x50, 0x68, 0x61, 0x73,
    0x65, 0x20, 0x6F, 0x66, 0x20, 0x74, 0x68, 0x61, 0x74, 0x20, 0x74, 0x75,
    0x72, 0x6E, 0x2E, 0x20, 0x54, 0x61, 0x69, 0x6C, 0x73, 0x3A, 0x20, 0x20,
    0x57, 0x68, 0x65, 0x6E, 0x20, 0x61, 0x20, 0x53, 0x70, 0x65, 0x6C, 0x6C,
    0x5E, 0x43, 0x61, 0x72, 0x64, 0x20, 0x69, 0x73, 0x20, 0x20, 0x20, 0x20,
    0x20, 0x61, 0x63, 0x74, 0x69, 0x76, 0x61, 0x74, 0x65, 0x64, 0x2C, 0x20,
    0x20, 0x20, 0x20, 0x79, 0x6F, 0x75, 0x72, 0x20, 0x6F, 0x70, 0x70, 0x6F,
    0x6E, 0x65, 0x6E, 0x74, 0x20, 0x67, 0x61, 0x69, 0x6E, 0x73, 0x20, 0x35,
    0x30, 0x30, 0x20, 0x4C, 0x69, 0x66, 0x65, 0x50, 0x6F, 0x69, 0x6E, 0x74,
    0x73, 0x2E, 0x20, 0x20, 0x20, 0x20, 0x20, 0x5E, 0x00,
};

const u8 gDescription_GladiatorBeastAlexander[] APPEND_TEXT = {
    0x20, 0x20, 0x5E, 0x37, 0x54, 0x68, 0x69, 0x73, 0x20, 0x63, 0x61, 0x72,
    0x64, 0x20, 0x20, 0x20, 0x63, 0x61, 0x6E, 0x6E, 0x6F, 0x74, 0x20, 0x62,
    0x65, 0x20, 0x20, 0x20, 0x20, 0x20, 0x53, 0x70, 0x65, 0x63, 0x69, 0x61,
    0x6C, 0x20, 0x20, 0x20, 0x20, 0x20, 0x20, 0x20, 0x53, 0x75, 0x6D, 0x6D,
    0x6F, 0x6E, 0x65, 0x64, 0x20, 0x20, 0x20, 0x20, 0x20, 0x20, 0x65, 0x78,
    0x63, 0x65, 0x70, 0x74, 0x20, 0x62, 0x79, 0x20, 0x20, 0x20, 0x5E, 0x74,
    0x68, 0x65, 0x20, 0x65, 0x66, 0x66, 0x65, 0x63, 0x74, 0x20, 0x20, 0x6F,
    0x66, 0x20, 0x47, 0x6C, 0x61, 0x64, 0x69, 0x61, 0x74, 0x6F, 0x72, 0x20,
    0x20, 0x42, 0x65, 0x61, 0x73, 0x74, 0x20, 0x20, 0x20, 0x20, 0x20, 0x20,
    0x20, 0x20, 0x20, 0x44, 0x69, 0x6D, 0x61, 0x63, 0x61, 0x72, 0x69, 0x2E,
    0x20, 0x49, 0x66, 0x20, 0x20, 0x74, 0x68, 0x69, 0x73, 0x20, 0x63, 0x61,
    0x72, 0x64, 0x20, 0x20, 0x20, 0x5E, 0x77, 0x61, 0x73, 0x20, 0x53, 0x70,
    0x65, 0x63, 0x69, 0x61, 0x6C, 0x20, 0x53, 0x75, 0x6D, 0x6D, 0x6F, 0x6E,
    0x65, 0x64, 0x2C, 0x20, 0x69, 0x74, 0x20, 0x20, 0x69, 0x73, 0x20, 0x75,
    0x6E, 0x61, 0x66, 0x66, 0x65, 0x63, 0x74, 0x65, 0x64, 0x20, 0x62, 0x79,
    0x20, 0x74, 0x68, 0x65, 0x20, 0x65, 0x66, 0x66, 0x65, 0x63, 0x74, 0x73,
    0x6F, 0x66, 0x20, 0x53, 0x70, 0x65, 0x6C, 0x6C, 0x20, 0x20, 0x20, 0x20,
    0x5E, 0x43, 0x61, 0x72, 0x64, 0x73, 0x2E, 0x20, 0x41, 0x74, 0x20, 0x20,
    0x20, 0x74, 0x68, 0x65, 0x20, 0x65, 0x6E, 0x64, 0x20, 0x6F, 0x66, 0x20,
    0x74, 0x68, 0x65, 0x42, 0x61, 0x74, 0x74, 0x6C, 0x65, 0x20, 0x50, 0x68,
    0x61, 0x73, 0x65, 0x2C, 0x20, 0x69, 0x66, 0x20, 0x74, 0x68, 0x69, 0x73,
    0x20, 0x63, 0x61, 0x72, 0x64, 0x20, 0x20, 0x61, 0x74, 0x74, 0x61, 0x63,
    0x6B, 0x65, 0x64, 0x20, 0x6F, 0x72, 0x20, 0x5E, 0x77, 0x61, 0x73, 0x20,
    0x20, 0x20, 0x20, 0x20, 0x20, 0x20, 0x20, 0x20, 0x61, 0x74, 0x74, 0x61,
    0x63, 0x6B, 0x65, 0x64, 0x2C, 0x20, 0x79, 0x6F, 0x75, 0x20, 0x63, 0x61,
    0x6E, 0x20, 0x72, 0x65, 0x74, 0x75, 0x72, 0x6E, 0x20, 0x69, 0x74, 0x20,
    0x74, 0x6F, 0x20, 0x74, 0x68, 0x65, 0x20, 0x44, 0x65, 0x63, 0x6B, 0x20,
    0x74, 0x6F, 0x53, 0x70, 0x65, 0x63, 0x69, 0x61, 0x6C, 0x20, 0x20, 0x20,
    0x20, 0x20, 0x5E, 0x53, 0x75, 0x6D, 0x6D, 0x6F, 0x6E, 0x20, 0x31, 0x20,
    0x20, 0x20, 0x20, 0x47, 0x6C, 0x61, 0x64, 0x69, 0x61, 0x74, 0x6F, 0x72,
    0x20, 0x20, 0x20, 0x20, 0x20, 0x42, 0x65, 0x61, 0x73, 0x74, 0x20, 0x6D,
    0x6F, 0x6E, 0x73, 0x74, 0x65, 0x72, 0x20, 0x66, 0x72, 0x6F, 0x6D, 0x20,
    0x79, 0x6F, 0x75, 0x72, 0x20, 0x20, 0x20, 0x20, 0x20, 0x44, 0x65, 0x63,
    0x6B, 0x2C, 0x20, 0x65, 0x78, 0x63, 0x65, 0x70, 0x74, 0x5E, 0x47, 0x6C,
    0x61, 0x64, 0x69, 0x61, 0x74, 0x6F, 0x72, 0x20, 0x20, 0x20, 0x42, 0x65,
    0x61, 0x73, 0x74, 0x20, 0x20, 0x20, 0x20, 0x20, 0x20, 0x20, 0x20, 0x20,
    0x41, 0x6C, 0x65, 0x78, 0x61, 0x6E, 0x64, 0x65, 0x72, 0x2E, 0x20, 0x20,
    0x20, 0x20, 0x5E, 0x00,
};

const u8 gDescription_GladiatorBeastAttorix[] APPEND_TEXT = {
    0x20, 0x20, 0x5E, 0x39, 0x49, 0x66, 0x20, 0x74, 0x68, 0x69, 0x73, 0x20,
    0x63, 0x61, 0x72, 0x64, 0x69, 0x73, 0x20, 0x53, 0x70, 0x65, 0x63, 0x69,
    0x61, 0x6C, 0x20, 0x20, 0x20, 0x20, 0x53, 0x75, 0x6D, 0x6D, 0x6F, 0x6E,
    0x65, 0x64, 0x20, 0x62, 0x79, 0x20, 0x20, 0x20, 0x74, 0x68, 0x65, 0x20,
    0x65, 0x66, 0x66, 0x65, 0x63, 0x74, 0x20, 0x6F, 0x66, 0x20, 0x61, 0x20,
    0x47, 0x6C, 0x61, 0x64, 0x69, 0x61, 0x74, 0x6F, 0x72, 0x20, 0x5E, 0x42,
    0x65, 0x61, 0x73, 0x74, 0x20, 0x20, 0x20, 0x20, 0x20, 0x20, 0x20, 0x6D,
    0x6F, 0x6E, 0x73, 0x74, 0x65, 0x72, 0x3A, 0x20, 0x59, 0x6F, 0x75, 0x20,
    0x20, 0x63, 0x61, 0x6E, 0x20, 0x73, 0x65, 0x6E, 0x64, 0x20, 0x31, 0x20,
    0x20, 0x20, 0x20, 0x47, 0x6C, 0x61, 0x64, 0x69, 0x61, 0x74, 0x6F, 0x72,
    0x20, 0x20, 0x20, 0x20, 0x20, 0x42, 0x65, 0x61, 0x73, 0x74, 0x20, 0x20,
    0x20, 0x20, 0x20, 0x20, 0x20, 0x5E, 0x6D, 0x6F, 0x6E, 0x73, 0x74, 0x65,
    0x72, 0x20, 0x66, 0x72, 0x6F, 0x6D, 0x79, 0x6F, 0x75, 0x72, 0x20, 0x44,
    0x65, 0x63, 0x6B, 0x20, 0x6F, 0x72, 0x20, 0x20, 0x45, 0x78, 0x74, 0x72,
    0x61, 0x20, 0x44, 0x65, 0x63, 0x6B, 0x20, 0x74, 0x6F, 0x20, 0x74, 0x68,
    0x65, 0x20, 0x47, 0x59, 0x2C, 0x20, 0x65, 0x78, 0x63, 0x65, 0x70, 0x74,
    0x47, 0x6C, 0x61, 0x64, 0x69, 0x61, 0x74, 0x6F, 0x72, 0x20, 0x20, 0x20,
    0x5E, 0x42, 0x65, 0x61, 0x73, 0x74, 0x20, 0x20, 0x20, 0x20, 0x20, 0x20,
    0x20, 0x41, 0x74, 0x74, 0x6F, 0x72, 0x69, 0x78, 0x3B, 0x20, 0x75, 0x6E,
    0x74, 0x69, 0x6C, 0x74, 0x68, 0x65, 0x20, 0x45, 0x6E, 0x64, 0x20, 0x50,
    0x68, 0x61, 0x73, 0x65, 0x2C, 0x74, 0x68, 0x69, 0x73, 0x20, 0x63, 0x61,
    0x72, 0x64, 0x27, 0x73, 0x20, 0x20, 0x20, 0x4C, 0x65, 0x76, 0x65, 0x6C,
    0x20, 0x61, 0x6E, 0x64, 0x20, 0x20, 0x20, 0x5E, 0x6E, 0x61, 0x6D, 0x65,
    0x20, 0x62, 0x65, 0x63, 0x6F, 0x6D, 0x65, 0x20, 0x74, 0x68, 0x65, 0x20,
    0x73, 0x61, 0x6D, 0x65, 0x20, 0x61, 0x73, 0x20, 0x20, 0x20, 0x74, 0x68,
    0x61, 0x74, 0x20, 0x6D, 0x6F, 0x6E, 0x73, 0x74, 0x65, 0x72, 0x20, 0x20,
    0x73, 0x65, 0x6E, 0x74, 0x20, 0x74, 0x6F, 0x20, 0x74, 0x68, 0x65, 0x20,
    0x20, 0x20, 0x47, 0x59, 0x2E, 0x20, 0x41, 0x74, 0x20, 0x74, 0x68, 0x65,
    0x20, 0x20, 0x5E, 0x65, 0x6E, 0x64, 0x20, 0x6F, 0x66, 0x20, 0x74, 0x68,
    0x65, 0x20, 0x20, 0x42, 0x61, 0x74, 0x74, 0x6C, 0x65, 0x20, 0x50, 0x68,
    0x61, 0x73, 0x65, 0x2C, 0x20, 0x69, 0x66, 0x20, 0x74, 0x68, 0x69, 0x73,
    0x20, 0x63, 0x61, 0x72, 0x64, 0x20, 0x20, 0x62, 0x61, 0x74, 0x74, 0x6C,
    0x65, 0x64, 0x3A, 0x20, 0x59, 0x6F, 0x75, 0x20, 0x20, 0x63, 0x61, 0x6E,
    0x20, 0x73, 0x68, 0x75, 0x66, 0x66, 0x6C, 0x65, 0x20, 0x5E, 0x69, 0x74,
    0x20, 0x69, 0x6E, 0x74, 0x6F, 0x20, 0x74, 0x68, 0x65, 0x20, 0x44, 0x65,
    0x63, 0x6B, 0x3B, 0x20, 0x53, 0x70, 0x65, 0x63, 0x69, 0x61, 0x6C, 0x20,
    0x53, 0x75, 0x6D, 0x6D, 0x6F, 0x6E, 0x20, 0x31, 0x20, 0x20, 0x20, 0x20,
    0x20, 0x20, 0x47, 0x6C, 0x61, 0x64, 0x69, 0x61, 0x74, 0x6F, 0x72, 0x20,
    0x20, 0x20, 0x20, 0x20, 0x42, 0x65, 0x61, 0x73, 0x74, 0x20, 0x20, 0x20,
    0x20, 0x20, 0x20, 0x20, 0x5E, 0x6D, 0x6F, 0x6E, 0x73, 0x74, 0x65, 0x72,
    0x20, 0x66, 0x72, 0x6F, 0x6D, 0x79, 0x6F, 0x75, 0x72, 0x20, 0x44, 0x65,
    0x63, 0x6B, 0x2C, 0x20, 0x20, 0x20, 0x20, 0x65, 0x78, 0x63, 0x65, 0x70,
    0x74, 0x20, 0x20, 0x20, 0x20, 0x20, 0x20, 0x20, 0x20, 0x47, 0x6C, 0x61,
    0x64, 0x69, 0x61, 0x74, 0x6F, 0x72, 0x20, 0x20, 0x20, 0x20, 0x20, 0x42,
    0x65, 0x61, 0x73, 0x74, 0x20, 0x20, 0x20, 0x20, 0x20, 0x20, 0x20, 0x5E,
    0x41, 0x74, 0x74, 0x6F, 0x72, 0x69, 0x78, 0x2E, 0x20, 0x20, 0x20, 0x20,
    0x5E, 0x00,
};

const u8 gDescription_GladiatorBeastAugustus[] APPEND_TEXT = {
    0x20, 0x20, 0x5E, 0x38, 0x57, 0x68, 0x65, 0x6E, 0x20, 0x74, 0x68, 0x69,
    0x73, 0x20, 0x20, 0x20, 0x63, 0x61, 0x72, 0x64, 0x20, 0x69, 0x73, 0x20,
    0x20, 0x20, 0x20, 0x20, 0x20, 0x20, 0x53, 0x70, 0x65, 0x63, 0x69, 0x61,
    0x6C, 0x20, 0x20, 0x20, 0x20, 0x20, 0x20, 0x20, 0x53, 0x75, 0x6D, 0x6D,
    0x6F, 0x6E, 0x65, 0x64, 0x20, 0x62, 0x79, 0x20, 0x20, 0x20, 0x74, 0x68,
    0x65, 0x20, 0x65, 0x66, 0x66, 0x65, 0x63, 0x74, 0x20, 0x20, 0x5E, 0x6F,
    0x66, 0x20, 0x61, 0x20, 0x20, 0x20, 0x20, 0x20, 0x20, 0x20, 0x20, 0x47,
    0x6C, 0x61, 0x64, 0x69, 0x61, 0x74, 0x6F, 0x72, 0x20, 0x20, 0x20, 0x20,
    0x20, 0x42, 0x65, 0x61, 0x73, 0x74, 0x20, 0x6D, 0x6F, 0x6E, 0x73, 0x74,
    0x65, 0x72, 0x3A, 0x59, 0x6F, 0x75, 0x20, 0x63, 0x61, 0x6E, 0x20, 0x20,
    0x20, 0x20, 0x20, 0x20, 0x20, 0x53, 0x70, 0x65, 0x63, 0x69, 0x61, 0x6C,
    0x20, 0x20, 0x20, 0x20, 0x20, 0x5E, 0x53, 0x75, 0x6D, 0x6D, 0x6F, 0x6E,
    0x20, 0x31, 0x20, 0x20, 0x20, 0x20, 0x47, 0x6C, 0x61, 0x64, 0x69, 0x61,
    0x74, 0x6F, 0x72, 0x20, 0x20, 0x20, 0x20, 0x20, 0x42, 0x65, 0x61, 0x73,
    0x74, 0x20, 0x6D, 0x6F, 0x6E, 0x73, 0x74, 0x65, 0x72, 0x20, 0x66, 0x72,
    0x6F, 0x6D, 0x20, 0x79, 0x6F, 0x75, 0x72, 0x20, 0x68, 0x61, 0x6E, 0x64,
    0x69, 0x6E, 0x20, 0x44, 0x65, 0x66, 0x65, 0x6E, 0x73, 0x65, 0x20, 0x20,
    0x5E, 0x50, 0x6F, 0x73, 0x69, 0x74, 0x69, 0x6F, 0x6E, 0x2E, 0x20, 0x20,
    0x20, 0x53, 0x68, 0x75, 0x66, 0x66, 0x6C, 0x65, 0x20, 0x69, 0x74, 0x20,
    0x20, 0x20, 0x20, 0x69, 0x6E, 0x74, 0x6F, 0x20, 0x74, 0x68, 0x65, 0x20,
    0x44, 0x65, 0x63, 0x6B, 0x20, 0x64, 0x75, 0x72, 0x69, 0x6E, 0x67, 0x20,
    0x74, 0x68, 0x65, 0x20, 0x45, 0x6E, 0x64, 0x50, 0x68, 0x61, 0x73, 0x65,
    0x2E, 0x20, 0x41, 0x74, 0x20, 0x20, 0x20, 0x5E, 0x74, 0x68, 0x65, 0x20,
    0x65, 0x6E, 0x64, 0x20, 0x6F, 0x66, 0x20, 0x20, 0x74, 0x68, 0x65, 0x20,
    0x42, 0x61, 0x74, 0x74, 0x6C, 0x65, 0x20, 0x20, 0x20, 0x20, 0x50, 0x68,
    0x61, 0x73, 0x65, 0x2C, 0x20, 0x69, 0x66, 0x20, 0x74, 0x68, 0x69, 0x73,
    0x63, 0x61, 0x72, 0x64, 0x20, 0x61, 0x74, 0x74, 0x61, 0x63, 0x6B, 0x65,
    0x64, 0x20, 0x6F, 0x72, 0x20, 0x77, 0x61, 0x73, 0x20, 0x20, 0x20, 0x20,
    0x20, 0x20, 0x5E, 0x61, 0x74, 0x74, 0x61, 0x63, 0x6B, 0x65, 0x64, 0x3A,
    0x20, 0x20, 0x20, 0x59, 0x6F, 0x75, 0x20, 0x63, 0x61, 0x6E, 0x20, 0x20,
    0x20, 0x20, 0x20, 0x20, 0x20, 0x73, 0x68, 0x75, 0x66, 0x66, 0x6C, 0x65,
    0x20, 0x69, 0x74, 0x20, 0x20, 0x20, 0x20, 0x69, 0x6E, 0x74, 0x6F, 0x20,
    0x74, 0x68, 0x65, 0x20, 0x44, 0x65, 0x63, 0x6B, 0x3B, 0x53, 0x70, 0x65,
    0x63, 0x69, 0x61, 0x6C, 0x20, 0x20, 0x20, 0x20, 0x20, 0x5E, 0x53, 0x75,
    0x6D, 0x6D, 0x6F, 0x6E, 0x20, 0x31, 0x20, 0x20, 0x20, 0x20, 0x47, 0x6C,
    0x61, 0x64, 0x69, 0x61, 0x74, 0x6F, 0x72, 0x20, 0x20, 0x20, 0x20, 0x20,
    0x42, 0x65, 0x61, 0x73, 0x74, 0x20, 0x6D, 0x6F, 0x6E, 0x73, 0x74, 0x65,
    0x72, 0x20, 0x66, 0x72, 0x6F, 0x6D, 0x20, 0x79, 0x6F, 0x75, 0x72, 0x20,
    0x20, 0x20, 0x20, 0x20, 0x44, 0x65, 0x63, 0x6B, 0x2C, 0x20, 0x65, 0x78,
    0x63, 0x65, 0x70, 0x74, 0x5E, 0x47, 0x6C, 0x61, 0x64, 0x69, 0x61, 0x74,
    0x6F, 0x72, 0x20, 0x20, 0x20, 0x42, 0x65, 0x61, 0x73, 0x74, 0x20, 0x20,
    0x20, 0x20, 0x20, 0x20, 0x20, 0x20, 0x20, 0x41, 0x75, 0x67, 0x75, 0x73,
    0x74, 0x75, 0x73, 0x2E, 0x20, 0x20, 0x20, 0x20, 0x20, 0x5E, 0x00,
};

const u8 gDescription_GladiatorBeastSBattleHalberd[] APPEND_TEXT = {
    0x20, 0x20, 0x5E, 0x35, 0x45, 0x71, 0x75, 0x69, 0x70, 0x20, 0x6F, 0x6E,
    0x6C, 0x79, 0x20, 0x20, 0x74, 0x6F, 0x20, 0x61, 0x20, 0x47, 0x6C, 0x61,
    0x64, 0x69, 0x61, 0x74, 0x6F, 0x72, 0x42, 0x65, 0x61, 0x73, 0x74, 0x20,
    0x6D, 0x6F, 0x6E, 0x73, 0x74, 0x65, 0x72, 0x2E, 0x57, 0x68, 0x65, 0x6E,
    0x20, 0x69, 0x74, 0x20, 0x20, 0x20, 0x20, 0x20, 0x20, 0x20, 0x61, 0x74,
    0x74, 0x61, 0x63, 0x6B, 0x73, 0x2C, 0x20, 0x20, 0x20, 0x20, 0x5E, 0x64,
    0x65, 0x73, 0x74, 0x72, 0x6F, 0x79, 0x20, 0x31, 0x20, 0x20, 0x20, 0x53,
    0x70, 0x65, 0x6C, 0x6C, 0x20, 0x6F, 0x72, 0x20, 0x54, 0x72, 0x61, 0x70,
    0x20, 0x43, 0x61, 0x72, 0x64, 0x20, 0x61, 0x74, 0x20, 0x74, 0x68, 0x65,
    0x20, 0x20, 0x20, 0x65, 0x6E, 0x64, 0x20, 0x6F, 0x66, 0x20, 0x74, 0x68,
    0x65, 0x20, 0x20, 0x20, 0x20, 0x44, 0x61, 0x6D, 0x61, 0x67, 0x65, 0x20,
    0x53, 0x74, 0x65, 0x70, 0x2E, 0x5E, 0x57, 0x68, 0x65, 0x6E, 0x20, 0x74,
    0x68, 0x65, 0x20, 0x20, 0x20, 0x20, 0x65, 0x71, 0x75, 0x69, 0x70, 0x70,
    0x65, 0x64, 0x20, 0x20, 0x20, 0x20, 0x20, 0x20, 0x6D, 0x6F, 0x6E, 0x73,
    0x74, 0x65, 0x72, 0x20, 0x69, 0x73, 0x20, 0x20, 0x20, 0x20, 0x72, 0x65,
    0x74, 0x75, 0x72, 0x6E, 0x65, 0x64, 0x20, 0x66, 0x72, 0x6F, 0x6D, 0x20,
    0x79, 0x6F, 0x75, 0x72, 0x20, 0x73, 0x69, 0x64, 0x65, 0x20, 0x6F, 0x66,
    0x5E, 0x74, 0x68, 0x65, 0x20, 0x66, 0x69, 0x65, 0x6C, 0x64, 0x20, 0x74,
    0x6F, 0x74, 0x68, 0x65, 0x20, 0x44, 0x65, 0x63, 0x6B, 0x20, 0x61, 0x6E,
    0x64, 0x20, 0x20, 0x74, 0x68, 0x69, 0x73, 0x20, 0x63, 0x61, 0x72, 0x64,
    0x20, 0x69, 0x73, 0x20, 0x20, 0x73, 0x65, 0x6E, 0x74, 0x20, 0x74, 0x6F,
    0x20, 0x74, 0x68, 0x65, 0x20, 0x20, 0x20, 0x47, 0x72, 0x61, 0x76, 0x65,
    0x79, 0x61, 0x72, 0x64, 0x2C, 0x20, 0x20, 0x5E, 0x72, 0x65, 0x74, 0x75,
    0x72, 0x6E, 0x20, 0x74, 0x68, 0x69, 0x73, 0x20, 0x63, 0x61, 0x72, 0x64,
    0x20, 0x74, 0x6F, 0x20, 0x79, 0x6F, 0x75, 0x72, 0x20, 0x20, 0x68, 0x61,
    0x6E, 0x64, 0x2E, 0x20, 0x20, 0x20, 0x20, 0x20, 0x20, 0x20, 0x20, 0x20,
    0x5E, 0x00,
};

const u8 gDescription_GladiatorBeastBestiari[] APPEND_TEXT = {
    0x20, 0x20, 0x5E, 0x37, 0x49, 0x66, 0x20, 0x74, 0x68, 0x69, 0x73, 0x20,
    0x63, 0x61, 0x72, 0x64, 0x69, 0x73, 0x20, 0x53, 0x70, 0x65, 0x63, 0x69,
    0x61, 0x6C, 0x20, 0x20, 0x20, 0x20, 0x53, 0x75, 0x6D, 0x6D, 0x6F, 0x6E,
    0x65, 0x64, 0x20, 0x62, 0x79, 0x20, 0x20, 0x20, 0x74, 0x68, 0x65, 0x20,
    0x65, 0x66, 0x66, 0x65, 0x63, 0x74, 0x20, 0x6F, 0x66, 0x20, 0x61, 0x20,
    0x47, 0x6C, 0x61, 0x64, 0x69, 0x61, 0x74, 0x6F, 0x72, 0x20, 0x5E, 0x42,
    0x65, 0x61, 0x73, 0x74, 0x20, 0x20, 0x20, 0x20, 0x20, 0x20, 0x20, 0x6D,
    0x6F, 0x6E, 0x73, 0x74, 0x65, 0x72, 0x3A, 0x20, 0x20, 0x20, 0x20, 0x20,
    0x20, 0x54, 0x61, 0x72, 0x67, 0x65, 0x74, 0x20, 0x31, 0x20, 0x20, 0x20,
    0x20, 0x20, 0x20, 0x53, 0x70, 0x65, 0x6C, 0x6C, 0x2F, 0x54, 0x72, 0x61,
    0x70, 0x20, 0x20, 0x20, 0x20, 0x43, 0x61, 0x72, 0x64, 0x20, 0x6F, 0x6E,
    0x20, 0x74, 0x68, 0x65, 0x20, 0x5E, 0x66, 0x69, 0x65, 0x6C, 0x64, 0x3B,
    0x20, 0x20, 0x20, 0x20, 0x20, 0x20, 0x64, 0x65, 0x73, 0x74, 0x72, 0x6F,
    0x79, 0x20, 0x74, 0x68, 0x61, 0x74, 0x20, 0x20, 0x74, 0x61, 0x72, 0x67,
    0x65, 0x74, 0x2E, 0x20, 0x41, 0x74, 0x20, 0x74, 0x68, 0x65, 0x65, 0x6E,
    0x64, 0x20, 0x6F, 0x66, 0x20, 0x74, 0x68, 0x65, 0x20, 0x20, 0x20, 0x20,
    0x42, 0x61, 0x74, 0x74, 0x6C, 0x65, 0x20, 0x20, 0x20, 0x20, 0x20, 0x20,
    0x5E, 0x50, 0x68, 0x61, 0x73, 0x65, 0x2C, 0x20, 0x69, 0x66, 0x20, 0x20,
    0x20, 0x74, 0x68, 0x69, 0x73, 0x20, 0x63, 0x61, 0x72, 0x64, 0x20, 0x20,
    0x20, 0x20, 0x20, 0x61, 0x74, 0x74, 0x61, 0x63, 0x6B, 0x65, 0x64, 0x20,
    0x6F, 0x72, 0x20, 0x20, 0x20, 0x77, 0x61, 0x73, 0x20, 0x61, 0x74, 0x74,
    0x61, 0x63, 0x6B, 0x65, 0x64, 0x3A, 0x20, 0x59, 0x6F, 0x75, 0x20, 0x63,
    0x61, 0x6E, 0x20, 0x20, 0x20, 0x20, 0x20, 0x5E, 0x73, 0x68, 0x75, 0x66,
    0x66, 0x6C, 0x65, 0x20, 0x69, 0x74, 0x20, 0x20, 0x69, 0x6E, 0x74, 0x6F,
    0x20, 0x74, 0x68, 0x65, 0x20, 0x44, 0x65, 0x63, 0x6B, 0x3B, 0x53, 0x70,
    0x65, 0x63, 0x69, 0x61, 0x6C, 0x20, 0x53, 0x75, 0x6D, 0x6D, 0x6F, 0x6E,
    0x31, 0x20, 0x47, 0x6C, 0x61, 0x64, 0x69, 0x61, 0x74, 0x6F, 0x72, 0x20,
    0x20, 0x20, 0x42, 0x65, 0x61, 0x73, 0x74, 0x20, 0x20, 0x20, 0x20, 0x20,
    0x20, 0x20, 0x5E, 0x6D, 0x6F, 0x6E, 0x73, 0x74, 0x65, 0x72, 0x20, 0x66,
    0x72, 0x6F, 0x6D, 0x79, 0x6F, 0x75, 0x72, 0x20, 0x44, 0x65, 0x63, 0x6B,
    0x2C, 0x20, 0x20, 0x20, 0x20, 0x65, 0x78, 0x63, 0x65, 0x70, 0x74, 0x20,
    0x20, 0x20, 0x20, 0x20, 0x20, 0x20, 0x20, 0x47, 0x6C, 0x61, 0x64, 0x69,
    0x61, 0x74, 0x6F, 0x72, 0x20, 0x20, 0x20, 0x20, 0x20, 0x42, 0x65, 0x61,
    0x73, 0x74, 0x20, 0x20, 0x20, 0x20, 0x20, 0x20, 0x20, 0x5E, 0x42, 0x65,
    0x73, 0x74, 0x69, 0x61, 0x72, 0x69, 0x2E, 0x20, 0x20, 0x20, 0x5E, 0x00,
};

const u8 gDescription_GladiatorBeastClaudius[] APPEND_TEXT = {
    0x20, 0x20, 0x5E, 0x32, 0x35, 0x20, 0x47, 0x6C, 0x61, 0x64, 0x69, 0x61,
    0x74, 0x6F, 0x72, 0x20, 0x42, 0x65, 0x61, 0x73, 0x74, 0x20, 0x6D, 0x6F,
    0x6E, 0x73, 0x74, 0x65, 0x72, 0x73, 0x20, 0x4D, 0x75, 0x73, 0x74, 0x20,
    0x66, 0x69, 0x72, 0x73, 0x74, 0x20, 0x62, 0x65, 0x20, 0x53, 0x70, 0x65,
    0x63, 0x69, 0x61, 0x6C, 0x20, 0x53, 0x75, 0x6D, 0x6D, 0x6F, 0x6E, 0x65,
    0x64, 0x20, 0x28, 0x66, 0x72, 0x6F, 0x6D, 0x20, 0x79, 0x6F, 0x75, 0x72,
    0x20, 0x45, 0x78, 0x74, 0x72, 0x61, 0x20, 0x44, 0x65, 0x63, 0x6B, 0x29,
    0x20, 0x62, 0x79, 0x20, 0x73, 0x68, 0x75, 0x66, 0x66, 0x6C, 0x69, 0x6E,
    0x67, 0x20, 0x74, 0x68, 0x65, 0x20, 0x61, 0x62, 0x6F, 0x76, 0x65, 0x20,
    0x63, 0x61, 0x72, 0x64, 0x73, 0x20, 0x66, 0x72, 0x6F, 0x6D, 0x20, 0x79,
    0x6F, 0x75, 0x72, 0x20, 0x66, 0x69, 0x65, 0x6C, 0x64, 0x20, 0x61, 0x6E,
    0x64, 0x2F, 0x6F, 0x72, 0x20, 0x47, 0x59, 0x20, 0x69, 0x6E, 0x74, 0x6F,
    0x20, 0x74, 0x68, 0x65, 0x20, 0x44, 0x65, 0x63, 0x6B, 0x2F, 0x45, 0x78,
    0x74, 0x72, 0x61, 0x20, 0x44, 0x65, 0x63, 0x6B, 0x2E, 0x20, 0x49, 0x66,
    0x20, 0x53, 0x75, 0x6D, 0x6D, 0x6F, 0x6E, 0x65, 0x64, 0x20, 0x74, 0x68,
    0x69, 0x73, 0x20, 0x77, 0x61, 0x79, 0x3A, 0x20, 0x59, 0x6F, 0x75, 0x20,
    0x63, 0x61, 0x6E, 0x20, 0x63, 0x6F, 0x6E, 0x64, 0x75, 0x63, 0x74, 0x20,
    0x79, 0x6F, 0x75, 0x72, 0x20, 0x6E, 0x65, 0x78, 0x74, 0x20, 0x42, 0x61,
    0x74, 0x74, 0x6C, 0x65, 0x20, 0x50, 0x68, 0x61, 0x73, 0x65, 0x20, 0x74,
    0x77, 0x69, 0x63, 0x65, 0x2E, 0x20, 0x4F, 0x6E, 0x63, 0x65, 0x20, 0x70,
    0x65, 0x72, 0x20, 0x74, 0x75, 0x72, 0x6E, 0x2C, 0x20, 0x69, 0x66, 0x20,
    0x79, 0x6F, 0x75, 0x72, 0x20, 0x6F, 0x70, 0x70, 0x6F, 0x6E, 0x65, 0x6E,
    0x74, 0x20, 0x61, 0x63, 0x74, 0x69, 0x76, 0x61, 0x74, 0x65, 0x73, 0x20,
    0x61, 0x20, 0x6D, 0x6F, 0x6E, 0x73, 0x74, 0x65, 0x72, 0x20, 0x65, 0x66,
    0x66, 0x65, 0x63, 0x74, 0x20, 0x28, 0x65, 0x78, 0x63, 0x65, 0x70, 0x74,
    0x20, 0x64, 0x75, 0x72, 0x69, 0x6E, 0x67, 0x20, 0x74, 0x68, 0x65, 0x20,
    0x44, 0x61, 0x6D, 0x61, 0x67, 0x65, 0x20, 0x53, 0x74, 0x65, 0x70, 0x29,
    0x3A, 0x20, 0x59, 0x6F, 0x75, 0x20, 0x63, 0x61, 0x6E, 0x20, 0x61, 0x63,
    0x74, 0x69, 0x76, 0x61, 0x74, 0x65, 0x20, 0x74, 0x68, 0x65, 0x20, 0x66,
    0x6F, 0x6C, 0x6C, 0x6F, 0x77, 0x69, 0x6E, 0x67, 0x20, 0x65, 0x66, 0x66,
    0x65, 0x63, 0x74, 0x20, 0x64, 0x65, 0x70, 0x65, 0x6E, 0x64, 0x69, 0x6E,
    0x67, 0x20, 0x6F, 0x6E, 0x20, 0x77, 0x68, 0x6F, 0x73, 0x65, 0x20, 0x74,
    0x75, 0x72, 0x6E, 0x20, 0x69, 0x74, 0x20, 0x69, 0x73, 0x3B, 0x20, 0x59,
    0x6F, 0x75, 0x72, 0x73, 0x3A, 0x20, 0x53, 0x70, 0x65, 0x63, 0x69, 0x61,
    0x6C, 0x20, 0x53, 0x75, 0x6D, 0x6D, 0x6F, 0x6E, 0x20, 0x31, 0x20, 0x47,
    0x6C, 0x61, 0x64, 0x69, 0x61, 0x74, 0x6F, 0x72, 0x20, 0x42, 0x65, 0x61,
    0x73, 0x74, 0x20, 0x6D, 0x6F, 0x6E, 0x73, 0x74, 0x65, 0x72, 0x20, 0x66,
    0x72, 0x6F, 0x6D, 0x20, 0x79, 0x6F, 0x75, 0x72, 0x20, 0x44, 0x65, 0x63,
    0x6B, 0x2E, 0x20, 0x4F, 0x70, 0x70, 0x6F, 0x6E, 0x65, 0x6E, 0x74, 0x27,
    0x73, 0x3A, 0x20, 0x53, 0x70, 0x65, 0x63, 0x69, 0x61, 0x6C, 0x20, 0x53,
    0x75, 0x6D, 0x6D, 0x6F, 0x6E, 0x20, 0x31, 0x20, 0x4C, 0x65, 0x76, 0x65,
    0x6C, 0x20, 0x31, 0x31, 0x20, 0x6F, 0x72, 0x20, 0x6C, 0x6F, 0x77, 0x65,
    0x72, 0x20, 0x47, 0x6C, 0x61, 0x64, 0x69, 0x61, 0x74, 0x6F, 0x72, 0x20,
    0x42, 0x65, 0x61, 0x73, 0x74, 0x20, 0x6D, 0x6F, 0x6E, 0x73, 0x74, 0x65,
    0x72, 0x20, 0x66, 0x72, 0x6F, 0x6D, 0x20, 0x79, 0x6F, 0x75, 0x72, 0x20,
    0x45, 0x78, 0x74, 0x72, 0x61, 0x20, 0x44, 0x65, 0x63, 0x6B, 0x2C, 0x20,
    0x69, 0x67, 0x6E, 0x6F, 0x72, 0x69, 0x6E, 0x67, 0x20, 0x69, 0x74, 0x73,
    0x20, 0x53, 0x75, 0x6D, 0x6D, 0x6F, 0x6E, 0x69, 0x6E, 0x67, 0x20, 0x63,
    0x6F, 0x6E, 0x64, 0x69, 0x74, 0x69, 0x6F, 0x6E, 0x73, 0x2E, 0x5E, 0x5E,
    0x00,
};

const u8 gDescription_LightswornAegis[] APPEND_TEXT = {
    0x20, 0x20, 0x5E, 0x35, 0x54, 0x61, 0x72, 0x67, 0x65, 0x74, 0x20, 0x20,
    0x20, 0x20, 0x20, 0x20, 0x66, 0x61, 0x63, 0x65, 0x2D, 0x75, 0x70, 0x20,
    0x63, 0x61, 0x72, 0x64, 0x73, 0x20, 0x79, 0x6F, 0x75, 0x72, 0x20, 0x6F,
    0x70, 0x70, 0x6F, 0x6E, 0x65, 0x6E, 0x74, 0x20, 0x63, 0x6F, 0x6E, 0x74,
    0x72, 0x6F, 0x6C, 0x73, 0x2C, 0x20, 0x75, 0x70, 0x20, 0x20, 0x74, 0x6F,
    0x20, 0x74, 0x68, 0x65, 0x20, 0x20, 0x20, 0x20, 0x20, 0x20, 0x5E, 0x6E,
    0x75, 0x6D, 0x62, 0x65, 0x72, 0x20, 0x6F, 0x66, 0x20, 0x20, 0x20, 0x4C,
    0x69, 0x67, 0x68, 0x74, 0x73, 0x77, 0x6F, 0x72, 0x6E, 0x20, 0x20, 0x20,
    0x20, 0x6D, 0x6F, 0x6E, 0x73, 0x74, 0x65, 0x72, 0x73, 0x20, 0x79, 0x6F,
    0x75, 0x20, 0x20, 0x63, 0x6F, 0x6E, 0x74, 0x72, 0x6F, 0x6C, 0x3B, 0x20,
    0x20, 0x20, 0x20, 0x20, 0x20, 0x6E, 0x65, 0x67, 0x61, 0x74, 0x65, 0x20,
    0x74, 0x68, 0x65, 0x69, 0x72, 0x5E, 0x65, 0x66, 0x66, 0x65, 0x63, 0x74,
    0x73, 0x20, 0x20, 0x20, 0x20, 0x20, 0x75, 0x6E, 0x74, 0x69, 0x6C, 0x20,
    0x74, 0x68, 0x65, 0x20, 0x65, 0x6E, 0x64, 0x20, 0x6F, 0x66, 0x20, 0x74,
    0x68, 0x69, 0x73, 0x20, 0x74, 0x75, 0x72, 0x6E, 0x2E, 0x20, 0x49, 0x66,
    0x20, 0x74, 0x68, 0x69, 0x73, 0x20, 0x63, 0x61, 0x72, 0x64, 0x20, 0x20,
    0x69, 0x73, 0x20, 0x73, 0x65, 0x6E, 0x74, 0x20, 0x66, 0x72, 0x6F, 0x6D,
    0x5E, 0x74, 0x68, 0x65, 0x20, 0x44, 0x65, 0x63, 0x6B, 0x20, 0x74, 0x6F,
    0x20, 0x74, 0x68, 0x65, 0x20, 0x47, 0x59, 0x3A, 0x20, 0x59, 0x6F, 0x75,
    0x20, 0x20, 0x20, 0x63, 0x61, 0x6E, 0x20, 0x53, 0x65, 0x74, 0x20, 0x74,
    0x68, 0x69, 0x73, 0x20, 0x20, 0x63, 0x61, 0x72, 0x64, 0x2E, 0x20, 0x59,
    0x6F, 0x75, 0x20, 0x63, 0x61, 0x6E, 0x20, 0x6F, 0x6E, 0x6C, 0x79, 0x20,
    0x75, 0x73, 0x65, 0x20, 0x20, 0x20, 0x20, 0x5E, 0x65, 0x61, 0x63, 0x68,
    0x20, 0x65, 0x66, 0x66, 0x65, 0x63, 0x74, 0x20, 0x6F, 0x66, 0x20, 0x4C,
    0x69, 0x67, 0x68, 0x74, 0x73, 0x77, 0x6F, 0x72, 0x6E, 0x20, 0x41, 0x65,
    0x67, 0x69, 0x73, 0x20, 0x6F, 0x6E, 0x63, 0x65, 0x20, 0x70, 0x65, 0x72,
    0x74, 0x75, 0x72, 0x6E, 0x2E, 0x20, 0x20, 0x20, 0x20, 0x20, 0x20, 0x20,
    0x20, 0x20, 0x5E, 0x00,
};

const u8 gDescription_LightswornBarrier[] APPEND_TEXT = {
    0x20, 0x20, 0x5E, 0x34, 0x57, 0x68, 0x65, 0x6E, 0x20, 0x61, 0x20, 0x20,
    0x20, 0x20, 0x20, 0x20, 0x4C, 0x69, 0x67, 0x68, 0x74, 0x73, 0x77, 0x6F,
    0x72, 0x6E, 0x20, 0x20, 0x20, 0x20, 0x6D, 0x6F, 0x6E, 0x73, 0x74, 0x65,
    0x72, 0x20, 0x79, 0x6F, 0x75, 0x20, 0x20, 0x20, 0x63, 0x6F, 0x6E, 0x74,
    0x72, 0x6F, 0x6C, 0x20, 0x69, 0x73, 0x20, 0x20, 0x20, 0x20, 0x74, 0x61,
    0x72, 0x67, 0x65, 0x74, 0x65, 0x64, 0x20, 0x66, 0x6F, 0x72, 0x5E, 0x61,
    0x6E, 0x20, 0x61, 0x74, 0x74, 0x61, 0x63, 0x6B, 0x3A, 0x20, 0x20, 0x59,
    0x6F, 0x75, 0x20, 0x63, 0x61, 0x6E, 0x20, 0x73, 0x65, 0x6E, 0x64, 0x20,
    0x20, 0x74, 0x68, 0x65, 0x20, 0x74, 0x6F, 0x70, 0x20, 0x32, 0x20, 0x20,
    0x20, 0x20, 0x20, 0x63, 0x61, 0x72, 0x64, 0x73, 0x20, 0x6F, 0x66, 0x20,
    0x79, 0x6F, 0x75, 0x72, 0x20, 0x44, 0x65, 0x63, 0x6B, 0x20, 0x74, 0x6F,
    0x20, 0x74, 0x68, 0x65, 0x20, 0x5E, 0x47, 0x72, 0x61, 0x76, 0x65, 0x79,
    0x61, 0x72, 0x64, 0x2C, 0x20, 0x20, 0x74, 0x68, 0x65, 0x6E, 0x20, 0x74,
    0x61, 0x72, 0x67, 0x65, 0x74, 0x20, 0x20, 0x20, 0x74, 0x68, 0x65, 0x20,
    0x61, 0x74, 0x74, 0x61, 0x63, 0x6B, 0x69, 0x6E, 0x67, 0x20, 0x6D, 0x6F,
    0x6E, 0x73, 0x74, 0x65, 0x72, 0x3B, 0x20, 0x20, 0x20, 0x20, 0x20, 0x20,
    0x6E, 0x65, 0x67, 0x61, 0x74, 0x65, 0x20, 0x74, 0x68, 0x65, 0x20, 0x20,
    0x5E, 0x61, 0x74, 0x74, 0x61, 0x63, 0x6B, 0x2E, 0x20, 0x20, 0x20, 0x20,
    0x20, 0x5E, 0x00,
};

const u8 gDescription_LightswornDragonling[] APPEND_TEXT = {
    0x20, 0x20, 0x5E, 0x37, 0x49, 0x66, 0x20, 0x79, 0x6F, 0x75, 0x20, 0x68,
    0x61, 0x76, 0x65, 0x20, 0x61, 0x20, 0x4C, 0x69, 0x67, 0x68, 0x74, 0x73,
    0x77, 0x6F, 0x72, 0x6E, 0x20, 0x20, 0x6D, 0x6F, 0x6E, 0x73, 0x74, 0x65,
    0x72, 0x20, 0x69, 0x6E, 0x20, 0x20, 0x20, 0x20, 0x79, 0x6F, 0x75, 0x72,
    0x20, 0x47, 0x59, 0x3A, 0x20, 0x59, 0x6F, 0x75, 0x20, 0x20, 0x63, 0x61,
    0x6E, 0x20, 0x53, 0x70, 0x65, 0x63, 0x69, 0x61, 0x6C, 0x20, 0x5E, 0x53,
    0x75, 0x6D, 0x6D, 0x6F, 0x6E, 0x20, 0x74, 0x68, 0x69, 0x73, 0x20, 0x63,
    0x61, 0x72, 0x64, 0x20, 0x66, 0x72, 0x6F, 0x6D, 0x20, 0x79, 0x6F, 0x75,
    0x72, 0x68, 0x61, 0x6E, 0x64, 0x2E, 0x20, 0x49, 0x66, 0x20, 0x74, 0x68,
    0x69, 0x73, 0x20, 0x63, 0x61, 0x72, 0x64, 0x20, 0x69, 0x73, 0x20, 0x20,
    0x20, 0x20, 0x20, 0x20, 0x20, 0x53, 0x70, 0x65, 0x63, 0x69, 0x61, 0x6C,
    0x20, 0x20, 0x20, 0x20, 0x20, 0x5E, 0x53, 0x75, 0x6D, 0x6D, 0x6F, 0x6E,
    0x65, 0x64, 0x3A, 0x20, 0x20, 0x20, 0x59, 0x6F, 0x75, 0x20, 0x63, 0x61,
    0x6E, 0x20, 0x73, 0x65, 0x6E, 0x64, 0x20, 0x31, 0x4C, 0x69, 0x67, 0x68,
    0x74, 0x73, 0x77, 0x6F, 0x72, 0x6E, 0x20, 0x20, 0x20, 0x20, 0x63, 0x61,
    0x72, 0x64, 0x20, 0x66, 0x72, 0x6F, 0x6D, 0x20, 0x79, 0x6F, 0x75, 0x72,
    0x44, 0x65, 0x63, 0x6B, 0x20, 0x74, 0x6F, 0x20, 0x74, 0x68, 0x65, 0x20,
    0x5E, 0x47, 0x59, 0x2C, 0x20, 0x65, 0x78, 0x63, 0x65, 0x70, 0x74, 0x20,
    0x20, 0x4C, 0x69, 0x67, 0x68, 0x74, 0x73, 0x77, 0x6F, 0x72, 0x6E, 0x20,
    0x20, 0x20, 0x20, 0x44, 0x72, 0x61, 0x67, 0x6F, 0x6E, 0x6C, 0x69, 0x6E,
    0x67, 0x2E, 0x20, 0x49, 0x66, 0x74, 0x68, 0x69, 0x73, 0x20, 0x63, 0x61,
    0x72, 0x64, 0x20, 0x69, 0x73, 0x20, 0x20, 0x73, 0x65, 0x6E, 0x74, 0x20,
    0x74, 0x6F, 0x20, 0x74, 0x68, 0x65, 0x20, 0x5E, 0x47, 0x59, 0x3A, 0x20,
    0x59, 0x6F, 0x75, 0x20, 0x63, 0x61, 0x6E, 0x20, 0x61, 0x64, 0x64, 0x20,
    0x31, 0x20, 0x44, 0x72, 0x61, 0x67, 0x6F, 0x6E, 0x20, 0x20, 0x6D, 0x6F,
    0x6E, 0x73, 0x74, 0x65, 0x72, 0x20, 0x77, 0x69, 0x74, 0x68, 0x20, 0x20,
    0x33, 0x30, 0x30, 0x30, 0x20, 0x41, 0x54, 0x4B, 0x2F, 0x32, 0x36, 0x30,
    0x30, 0x20, 0x44, 0x45, 0x46, 0x20, 0x66, 0x72, 0x6F, 0x6D, 0x20, 0x20,
    0x20, 0x20, 0x5E, 0x79, 0x6F, 0x75, 0x72, 0x20, 0x44, 0x65, 0x63, 0x6B,
    0x20, 0x74, 0x6F, 0x79, 0x6F, 0x75, 0x72, 0x20, 0x68, 0x61, 0x6E, 0x64,
    0x2E, 0x20, 0x59, 0x6F, 0x75, 0x63, 0x61, 0x6E, 0x20, 0x6F, 0x6E, 0x6C,
    0x79, 0x20, 0x75, 0x73, 0x65, 0x20, 0x20, 0x65, 0x61, 0x63, 0x68, 0x20,
    0x65, 0x66, 0x66, 0x65, 0x63, 0x74, 0x20, 0x6F, 0x66, 0x4C, 0x69, 0x67,
    0x68, 0x74, 0x73, 0x77, 0x6F, 0x72, 0x6E, 0x20, 0x20, 0x5E, 0x44, 0x72,
    0x61, 0x67, 0x6F, 0x6E, 0x6C, 0x69, 0x6E, 0x67, 0x20, 0x20, 0x6F, 0x6E,
    0x63, 0x65, 0x20, 0x70, 0x65, 0x72, 0x20, 0x74, 0x75, 0x72, 0x6E, 0x2E,
    0x5E, 0x00,
};

const u8 gDescription_LightswornJudgement[] APPEND_TEXT = {
    0x20, 0x20, 0x5E, 0x34, 0x50, 0x6C, 0x61, 0x63, 0x65, 0x20, 0x74, 0x68,
    0x69, 0x73, 0x20, 0x20, 0x63, 0x61, 0x72, 0x64, 0x20, 0x6F, 0x6E, 0x20,
    0x74, 0x6F, 0x70, 0x20, 0x6F, 0x66, 0x74, 0x68, 0x65, 0x20, 0x44, 0x65,
    0x63, 0x6B, 0x2E, 0x20, 0x49, 0x66, 0x20, 0x20, 0x74, 0x68, 0x69, 0x73,
    0x20, 0x63, 0x61, 0x72, 0x64, 0x20, 0x69, 0x73, 0x20, 0x20, 0x73, 0x65,
    0x6E, 0x74, 0x20, 0x66, 0x72, 0x6F, 0x6D, 0x20, 0x20, 0x20, 0x5E, 0x74,
    0x68, 0x65, 0x20, 0x44, 0x65, 0x63, 0x6B, 0x20, 0x74, 0x6F, 0x20, 0x74,
    0x68, 0x65, 0x20, 0x47, 0x72, 0x61, 0x76, 0x65, 0x79, 0x61, 0x72, 0x64,
    0x20, 0x62, 0x79, 0x20, 0x61, 0x20, 0x20, 0x20, 0x20, 0x20, 0x20, 0x20,
    0x20, 0x20, 0x20, 0x4C, 0x69, 0x67, 0x68, 0x74, 0x73, 0x77, 0x6F, 0x72,
    0x6E, 0x20, 0x20, 0x20, 0x20, 0x6D, 0x6F, 0x6E, 0x73, 0x74, 0x65, 0x72,
    0x27, 0x73, 0x20, 0x20, 0x20, 0x5E, 0x65, 0x66, 0x66, 0x65, 0x63, 0x74,
    0x3A, 0x20, 0x59, 0x6F, 0x75, 0x20, 0x63, 0x61, 0x6E, 0x20, 0x61, 0x64,
    0x64, 0x20, 0x31, 0x20, 0x20, 0x20, 0x20, 0x20, 0x4A, 0x75, 0x64, 0x67,
    0x6D, 0x65, 0x6E, 0x74, 0x20, 0x20, 0x20, 0x20, 0x20, 0x20, 0x44, 0x72,
    0x61, 0x67, 0x6F, 0x6E, 0x20, 0x66, 0x72, 0x6F, 0x6D, 0x20, 0x20, 0x20,
    0x79, 0x6F, 0x75, 0x72, 0x20, 0x44, 0x65, 0x63, 0x6B, 0x20, 0x74, 0x6F,
    0x5E, 0x79, 0x6F, 0x75, 0x72, 0x20, 0x68, 0x61, 0x6E, 0x64, 0x2E, 0x20,
    0x20, 0x5E, 0x00,
};

const u8 gDescription_LightswornSabre[] APPEND_TEXT = {
    0x20, 0x20, 0x5E, 0x34, 0x45, 0x71, 0x75, 0x69, 0x70, 0x20, 0x6F, 0x6E,
    0x6C, 0x79, 0x20, 0x20, 0x74, 0x6F, 0x20, 0x61, 0x20, 0x20, 0x20, 0x20,
    0x20, 0x20, 0x20, 0x20, 0x20, 0x20, 0x4C, 0x69, 0x67, 0x68, 0x74, 0x73,
    0x77, 0x6F, 0x72, 0x6E, 0x20, 0x20, 0x20, 0x20, 0x6D, 0x6F, 0x6E, 0x73,
    0x74, 0x65, 0x72, 0x2E, 0x20, 0x49, 0x74, 0x20, 0x20, 0x20, 0x67, 0x61,
    0x69, 0x6E, 0x73, 0x20, 0x37, 0x30, 0x30, 0x20, 0x20, 0x20, 0x5E, 0x41,
    0x54, 0x4B, 0x2E, 0x20, 0x57, 0x68, 0x65, 0x6E, 0x20, 0x20, 0x20, 0x74,
    0x68, 0x69, 0x73, 0x20, 0x63, 0x61, 0x72, 0x64, 0x20, 0x69, 0x73, 0x20,
    0x20, 0x73, 0x65, 0x6E, 0x74, 0x20, 0x66, 0x72, 0x6F, 0x6D, 0x20, 0x79,
    0x6F, 0x75, 0x72, 0x44, 0x65, 0x63, 0x6B, 0x20, 0x74, 0x6F, 0x20, 0x74,
    0x68, 0x65, 0x20, 0x20, 0x20, 0x47, 0x72, 0x61, 0x76, 0x65, 0x79, 0x61,
    0x72, 0x64, 0x3A, 0x20, 0x20, 0x5E, 0x59, 0x6F, 0x75, 0x20, 0x63, 0x61,
    0x6E, 0x20, 0x20, 0x20, 0x20, 0x20, 0x74, 0x61, 0x72, 0x67, 0x65, 0x74,
    0x20, 0x31, 0x20, 0x20, 0x20, 0x20, 0x20, 0x20, 0x4C, 0x69, 0x67, 0x68,
    0x74, 0x73, 0x77, 0x6F, 0x72, 0x6E, 0x20, 0x20, 0x20, 0x20, 0x6D, 0x6F,
    0x6E, 0x73, 0x74, 0x65, 0x72, 0x20, 0x79, 0x6F, 0x75, 0x20, 0x20, 0x20,
    0x63, 0x6F, 0x6E, 0x74, 0x72, 0x6F, 0x6C, 0x3B, 0x20, 0x20, 0x20, 0x20,
    0x5E, 0x65, 0x71, 0x75, 0x69, 0x70, 0x20, 0x74, 0x68, 0x69, 0x73, 0x20,
    0x20, 0x63, 0x61, 0x72, 0x64, 0x20, 0x74, 0x6F, 0x20, 0x74, 0x68, 0x61,
    0x74, 0x20, 0x20, 0x74, 0x61, 0x72, 0x67, 0x65, 0x74, 0x2E, 0x20, 0x20,
    0x20, 0x20, 0x20, 0x20, 0x20, 0x5E, 0x00,
};

const u8 gDescription_LightswornSanctuary[] APPEND_TEXT = {
    0x20, 0x20, 0x5E, 0x38, 0x4F, 0x6E, 0x63, 0x65, 0x20, 0x70, 0x65, 0x72,
    0x20, 0x20, 0x20, 0x20, 0x74, 0x75, 0x72, 0x6E, 0x3A, 0x20, 0x59, 0x6F,
    0x75, 0x20, 0x63, 0x61, 0x6E, 0x20, 0x73, 0x65, 0x6E, 0x64, 0x20, 0x31,
    0x20, 0x20, 0x20, 0x20, 0x20, 0x20, 0x20, 0x20, 0x4C, 0x69, 0x67, 0x68,
    0x74, 0x73, 0x77, 0x6F, 0x72, 0x6E, 0x20, 0x20, 0x20, 0x20, 0x6D, 0x6F,
    0x6E, 0x73, 0x74, 0x65, 0x72, 0x20, 0x66, 0x72, 0x6F, 0x6D, 0x5E, 0x79,
    0x6F, 0x75, 0x72, 0x20, 0x68, 0x61, 0x6E, 0x64, 0x20, 0x74, 0x6F, 0x74,
    0x68, 0x65, 0x20, 0x47, 0x72, 0x61, 0x76, 0x65, 0x79, 0x61, 0x72, 0x64,
    0x2C, 0x74, 0x68, 0x65, 0x6E, 0x20, 0x74, 0x61, 0x72, 0x67, 0x65, 0x74,
    0x20, 0x31, 0x20, 0x6F, 0x74, 0x68, 0x65, 0x72, 0x20, 0x20, 0x20, 0x20,
    0x20, 0x20, 0x20, 0x20, 0x20, 0x4C, 0x69, 0x67, 0x68, 0x74, 0x73, 0x77,
    0x6F, 0x72, 0x6E, 0x20, 0x20, 0x5E, 0x6D, 0x6F, 0x6E, 0x73, 0x74, 0x65,
    0x72, 0x20, 0x69, 0x6E, 0x20, 0x20, 0x79, 0x6F, 0x75, 0x72, 0x20, 0x20,
    0x20, 0x20, 0x20, 0x20, 0x20, 0x20, 0x20, 0x20, 0x47, 0x72, 0x61, 0x76,
    0x65, 0x79, 0x61, 0x72, 0x64, 0x3B, 0x20, 0x61, 0x64, 0x64, 0x69, 0x74,
    0x20, 0x74, 0x6F, 0x20, 0x79, 0x6F, 0x75, 0x72, 0x20, 0x20, 0x20, 0x20,
    0x68, 0x61, 0x6E, 0x64, 0x2E, 0x20, 0x45, 0x61, 0x63, 0x68, 0x20, 0x20,
    0x5E, 0x74, 0x69, 0x6D, 0x65, 0x20, 0x61, 0x20, 0x20, 0x20, 0x20, 0x20,
    0x20, 0x63, 0x61, 0x72, 0x64, 0x28, 0x73, 0x29, 0x20, 0x69, 0x73, 0x20,
    0x20, 0x20, 0x20, 0x73, 0x65, 0x6E, 0x74, 0x20, 0x66, 0x72, 0x6F, 0x6D,
    0x20, 0x79, 0x6F, 0x75, 0x72, 0x44, 0x65, 0x63, 0x6B, 0x20, 0x74, 0x6F,
    0x20, 0x74, 0x68, 0x65, 0x20, 0x20, 0x20, 0x47, 0x72, 0x61, 0x76, 0x65,
    0x79, 0x61, 0x72, 0x64, 0x2C, 0x20, 0x20, 0x5E, 0x70, 0x6C, 0x61, 0x63,
    0x65, 0x20, 0x31, 0x20, 0x20, 0x20, 0x20, 0x20, 0x53, 0x68, 0x69, 0x6E,
    0x65, 0x20, 0x43, 0x6F, 0x75, 0x6E, 0x74, 0x65, 0x72, 0x20, 0x6F, 0x6E,
    0x20, 0x74, 0x68, 0x69, 0x73, 0x20, 0x63, 0x61, 0x72, 0x64, 0x2E, 0x20,
    0x49, 0x66, 0x20, 0x61, 0x20, 0x20, 0x20, 0x20, 0x20, 0x20, 0x20, 0x20,
    0x20, 0x20, 0x4C, 0x69, 0x67, 0x68, 0x74, 0x73, 0x77, 0x6F, 0x72, 0x6E,
    0x20, 0x20, 0x5E, 0x63, 0x61, 0x72, 0x64, 0x28, 0x73, 0x29, 0x20, 0x79,
    0x6F, 0x75, 0x20, 0x63, 0x6F, 0x6E, 0x74, 0x72, 0x6F, 0x6C, 0x20, 0x77,
    0x6F, 0x75, 0x6C, 0x64, 0x20, 0x62, 0x65, 0x20, 0x64, 0x65, 0x73, 0x74,
    0x72, 0x6F, 0x79, 0x65, 0x64, 0x20, 0x20, 0x62, 0x79, 0x20, 0x61, 0x20,
    0x63, 0x61, 0x72, 0x64, 0x20, 0x20, 0x20, 0x20, 0x20, 0x65, 0x66, 0x66,
    0x65, 0x63, 0x74, 0x2C, 0x20, 0x79, 0x6F, 0x75, 0x20, 0x5E, 0x63, 0x61,
    0x6E, 0x20, 0x72, 0x65, 0x6D, 0x6F, 0x76, 0x65, 0x20, 0x32, 0x20, 0x53,
    0x68, 0x69, 0x6E, 0x65, 0x20, 0x43, 0x6F, 0x75, 0x6E, 0x74, 0x65, 0x72,
    0x73, 0x20, 0x66, 0x72, 0x6F, 0x6D, 0x20, 0x79, 0x6F, 0x75, 0x72, 0x20,
    0x73, 0x69, 0x64, 0x65, 0x20, 0x6F, 0x66, 0x20, 0x74, 0x68, 0x65, 0x20,
    0x66, 0x69, 0x65, 0x6C, 0x64, 0x20, 0x66, 0x6F, 0x72, 0x20, 0x65, 0x61,
    0x63, 0x68, 0x20, 0x6F, 0x66, 0x5E, 0x74, 0x68, 0x6F, 0x73, 0x65, 0x20,
    0x20, 0x20, 0x20, 0x20, 0x20, 0x20, 0x4C, 0x69, 0x67, 0x68, 0x74, 0x73,
    0x77, 0x6F, 0x72, 0x6E, 0x20, 0x20, 0x20, 0x20, 0x63, 0x61, 0x72, 0x64,
    0x28, 0x73, 0x29, 0x20, 0x20, 0x20, 0x20, 0x20, 0x20, 0x20, 0x69, 0x6E,
    0x73, 0x74, 0x65, 0x61, 0x64, 0x2E, 0x20, 0x20, 0x20, 0x20, 0x20, 0x20,
    0x5E, 0x00,
};

const u8 gDescription_NeoSpacianAirHummingbird[] APPEND_TEXT = {
    0x20, 0x20, 0x5E, 0x32, 0x4F, 0x6E, 0x63, 0x65, 0x20, 0x70, 0x65, 0x72,
    0x20, 0x20, 0x20, 0x20, 0x74, 0x75, 0x72, 0x6E, 0x3A, 0x20, 0x59, 0x6F,
    0x75, 0x20, 0x63, 0x61, 0x6E, 0x20, 0x67, 0x61, 0x69, 0x6E, 0x20, 0x35,
    0x30, 0x30, 0x20, 0x4C, 0x50, 0x20, 0x20, 0x20, 0x66, 0x6F, 0x72, 0x20,
    0x65, 0x61, 0x63, 0x68, 0x20, 0x63, 0x61, 0x72, 0x64, 0x20, 0x69, 0x6E,
    0x20, 0x79, 0x6F, 0x75, 0x72, 0x20, 0x20, 0x20, 0x20, 0x20, 0x5E, 0x6F,
    0x70, 0x70, 0x6F, 0x6E, 0x65, 0x6E, 0x74, 0x27, 0x73, 0x20, 0x20, 0x68,
    0x61, 0x6E, 0x64, 0x2E, 0x20, 0x20, 0x20, 0x20, 0x20, 0x20, 0x20, 0x20,
    0x20, 0x5E, 0x00,
};

const u8 gDescription_NeoSpacianAquaDolphin[] APPEND_TEXT = {
    0x20, 0x20, 0x5E, 0x36, 0x4F, 0x6E, 0x63, 0x65, 0x20, 0x70, 0x65, 0x72,
    0x20, 0x20, 0x20, 0x20, 0x74, 0x75, 0x72, 0x6E, 0x3A, 0x20, 0x59, 0x6F,
    0x75, 0x20, 0x63, 0x61, 0x6E, 0x20, 0x64, 0x69, 0x73, 0x63, 0x61, 0x72,
    0x64, 0x20, 0x31, 0x20, 0x20, 0x20, 0x20, 0x20, 0x63, 0x61, 0x72, 0x64,
    0x3B, 0x20, 0x6C, 0x6F, 0x6F, 0x6B, 0x20, 0x61, 0x74, 0x20, 0x79, 0x6F,
    0x75, 0x72, 0x20, 0x20, 0x20, 0x20, 0x20, 0x20, 0x20, 0x20, 0x5E, 0x6F,
    0x70, 0x70, 0x6F, 0x6E, 0x65, 0x6E, 0x74, 0x27, 0x73, 0x20, 0x20, 0x68,
    0x61, 0x6E, 0x64, 0x20, 0x61, 0x6E, 0x64, 0x20, 0x20, 0x20, 0x20, 0x20,
    0x20, 0x63, 0x68, 0x6F, 0x6F, 0x73, 0x65, 0x20, 0x31, 0x20, 0x20, 0x20,
    0x20, 0x20, 0x20, 0x6D, 0x6F, 0x6E, 0x73, 0x74, 0x65, 0x72, 0x2E, 0x20,
    0x49, 0x66, 0x20, 0x20, 0x20, 0x79, 0x6F, 0x75, 0x20, 0x63, 0x6F, 0x6E,
    0x74, 0x72, 0x6F, 0x6C, 0x20, 0x5E, 0x61, 0x20, 0x6D, 0x6F, 0x6E, 0x73,
    0x74, 0x65, 0x72, 0x20, 0x20, 0x20, 0x77, 0x69, 0x74, 0x68, 0x20, 0x41,
    0x54, 0x4B, 0x20, 0x20, 0x20, 0x20, 0x20, 0x20, 0x67, 0x72, 0x65, 0x61,
    0x74, 0x65, 0x72, 0x20, 0x74, 0x68, 0x61, 0x6E, 0x20, 0x20, 0x6F, 0x72,
    0x20, 0x65, 0x71, 0x75, 0x61, 0x6C, 0x20, 0x74, 0x6F, 0x20, 0x20, 0x20,
    0x74, 0x68, 0x65, 0x20, 0x41, 0x54, 0x4B, 0x20, 0x6F, 0x66, 0x20, 0x20,
    0x5E, 0x74, 0x68, 0x65, 0x20, 0x63, 0x68, 0x6F, 0x73, 0x65, 0x6E, 0x20,
    0x20, 0x63, 0x61, 0x72, 0x64, 0x2C, 0x20, 0x64, 0x65, 0x73, 0x74, 0x72,
    0x6F, 0x79, 0x20, 0x74, 0x68, 0x65, 0x20, 0x63, 0x68, 0x6F, 0x73, 0x65,
    0x6E, 0x20, 0x20, 0x20, 0x20, 0x63, 0x61, 0x72, 0x64, 0x2C, 0x20, 0x61,
    0x6E, 0x64, 0x20, 0x69, 0x66, 0x20, 0x20, 0x79, 0x6F, 0x75, 0x20, 0x64,
    0x6F, 0x2C, 0x20, 0x20, 0x20, 0x20, 0x20, 0x5E, 0x69, 0x6E, 0x66, 0x6C,
    0x69, 0x63, 0x74, 0x20, 0x35, 0x30, 0x30, 0x20, 0x64, 0x61, 0x6D, 0x61,
    0x67, 0x65, 0x20, 0x74, 0x6F, 0x20, 0x79, 0x6F, 0x75, 0x72, 0x6F, 0x70,
    0x70, 0x6F, 0x6E, 0x65, 0x6E, 0x74, 0x2E, 0x20, 0x20, 0x20, 0x20, 0x20,
    0x4F, 0x74, 0x68, 0x65, 0x72, 0x77, 0x69, 0x73, 0x65, 0x2C, 0x20, 0x20,
    0x20, 0x20, 0x74, 0x61, 0x6B, 0x65, 0x20, 0x35, 0x30, 0x30, 0x20, 0x20,
    0x20, 0x20, 0x5E, 0x64, 0x61, 0x6D, 0x61, 0x67, 0x65, 0x2E, 0x20, 0x20,
    0x20, 0x20, 0x20, 0x5E, 0x00,
};

const u8 gDescription_NeoSpacianFlareScarab[] APPEND_TEXT = {
    0x20, 0x20, 0x5E, 0x32, 0x47, 0x61, 0x69, 0x6E, 0x73, 0x20, 0x34, 0x30,
    0x30, 0x20, 0x20, 0x20, 0x41, 0x54, 0x4B, 0x20, 0x66, 0x6F, 0x72, 0x20,
    0x65, 0x61, 0x63, 0x68, 0x20, 0x20, 0x53, 0x70, 0x65, 0x6C, 0x6C, 0x2F,
    0x54, 0x72, 0x61, 0x70, 0x20, 0x20, 0x20, 0x20, 0x79, 0x6F, 0x75, 0x72,
    0x20, 0x6F, 0x70, 0x70, 0x6F, 0x6E, 0x65, 0x6E, 0x74, 0x20, 0x63, 0x6F,
    0x6E, 0x74, 0x72, 0x6F, 0x6C, 0x73, 0x2E, 0x20, 0x20, 0x20, 0x5E, 0x5E,
    0x00,
};

const u8 gDescription_NeoSpacianGlowMoss[] APPEND_TEXT = {
    0x20, 0x20, 0x5E, 0x35, 0x49, 0x66, 0x20, 0x74, 0x68, 0x69, 0x73, 0x20,
    0x63, 0x61, 0x72, 0x64, 0x20, 0x61, 0x74, 0x74, 0x61, 0x63, 0x6B, 0x73,
    0x20, 0x6F, 0x72, 0x20, 0x69, 0x73, 0x20, 0x61, 0x74, 0x74, 0x61, 0x63,
    0x6B, 0x65, 0x64, 0x3A, 0x20, 0x59, 0x6F, 0x75, 0x72, 0x20, 0x6F, 0x70,
    0x70, 0x6F, 0x6E, 0x65, 0x6E, 0x74, 0x20, 0x64, 0x72, 0x61, 0x77, 0x73,
    0x20, 0x31, 0x20, 0x63, 0x61, 0x72, 0x64, 0x20, 0x61, 0x6E, 0x64, 0x5E,
    0x73, 0x68, 0x6F, 0x77, 0x73, 0x20, 0x69, 0x74, 0x2C, 0x20, 0x20, 0x20,
    0x74, 0x68, 0x65, 0x6E, 0x2C, 0x20, 0x62, 0x61, 0x73, 0x65, 0x64, 0x20,
    0x6F, 0x6E, 0x69, 0x74, 0x73, 0x20, 0x74, 0x79, 0x70, 0x65, 0x20, 0x61,
    0x70, 0x70, 0x6C, 0x79, 0x74, 0x68, 0x69, 0x73, 0x20, 0x65, 0x66, 0x66,
    0x65, 0x63, 0x74, 0x2E, 0x20, 0x20, 0x4D, 0x6F, 0x6E, 0x73, 0x74, 0x65,
    0x72, 0x3A, 0x20, 0x45, 0x6E, 0x64, 0x5E, 0x74, 0x68, 0x65, 0x20, 0x42,
    0x61, 0x74, 0x74, 0x6C, 0x65, 0x20, 0x20, 0x50, 0x68, 0x61, 0x73, 0x65,
    0x20, 0x6F, 0x66, 0x20, 0x74, 0x68, 0x69, 0x73, 0x20, 0x74, 0x75, 0x72,
    0x6E, 0x2E, 0x20, 0x53, 0x70, 0x65, 0x6C, 0x6C, 0x3A, 0x20, 0x20, 0x49,
    0x66, 0x20, 0x74, 0x68, 0x69, 0x73, 0x20, 0x63, 0x61, 0x72, 0x64, 0x20,
    0x20, 0x69, 0x73, 0x20, 0x20, 0x20, 0x20, 0x20, 0x20, 0x20, 0x20, 0x20,
    0x20, 0x5E, 0x61, 0x74, 0x74, 0x61, 0x63, 0x6B, 0x69, 0x6E, 0x67, 0x2C,
    0x20, 0x20, 0x79, 0x6F, 0x75, 0x20, 0x63, 0x61, 0x6E, 0x20, 0x63, 0x68,
    0x61, 0x6E, 0x67, 0x65, 0x69, 0x74, 0x20, 0x74, 0x6F, 0x20, 0x61, 0x20,
    0x64, 0x69, 0x72, 0x65, 0x63, 0x74, 0x61, 0x74, 0x74, 0x61, 0x63, 0x6B,
    0x20, 0x20, 0x20, 0x20, 0x20, 0x20, 0x20, 0x20, 0x69, 0x6E, 0x73, 0x74,
    0x65, 0x61, 0x64, 0x2E, 0x20, 0x20, 0x20, 0x20, 0x5E, 0x54, 0x72, 0x61,
    0x70, 0x3A, 0x20, 0x43, 0x68, 0x61, 0x6E, 0x67, 0x65, 0x74, 0x68, 0x69,
    0x73, 0x20, 0x63, 0x61, 0x72, 0x64, 0x20, 0x74, 0x6F, 0x20, 0x20, 0x44,
    0x65, 0x66, 0x65, 0x6E, 0x73, 0x65, 0x20, 0x20, 0x20, 0x20, 0x20, 0x20,
    0x20, 0x50, 0x6F, 0x73, 0x69, 0x74, 0x69, 0x6F, 0x6E, 0x2E, 0x20, 0x20,
    0x20, 0x20, 0x20, 0x5E, 0x00,
};

const u8 gDescription_AncientGear[] APPEND_TEXT = {
    0x20, 0x20, 0x5E, 0x32, 0x49, 0x66, 0x20, 0x79, 0x6F, 0x75, 0x20, 0x20,
    0x20, 0x20, 0x20, 0x20, 0x63, 0x6F, 0x6E, 0x74, 0x72, 0x6F, 0x6C, 0x20,
    0x61, 0x6E, 0x20, 0x20, 0x20, 0x20, 0x41, 0x6E, 0x63, 0x69, 0x65, 0x6E,
    0x74, 0x20, 0x47, 0x65, 0x61, 0x72, 0x2C, 0x20, 0x79, 0x6F, 0x75, 0x20,
    0x63, 0x61, 0x6E, 0x20, 0x20, 0x20, 0x20, 0x20, 0x20, 0x20, 0x53, 0x70,
    0x65, 0x63, 0x69, 0x61, 0x6C, 0x20, 0x20, 0x20, 0x20, 0x20, 0x5E, 0x53,
    0x75, 0x6D, 0x6D, 0x6F, 0x6E, 0x20, 0x74, 0x68, 0x69, 0x73, 0x20, 0x63,
    0x61, 0x72, 0x64, 0x20, 0x28, 0x66, 0x72, 0x6F, 0x6D, 0x20, 0x20, 0x20,
    0x20, 0x79, 0x6F, 0x75, 0x72, 0x20, 0x68, 0x61, 0x6E, 0x64, 0x29, 0x20,
    0x69, 0x6E, 0x20, 0x66, 0x61, 0x63, 0x65, 0x2D, 0x75, 0x70, 0x20, 0x41,
    0x74, 0x74, 0x61, 0x63, 0x6B, 0x50, 0x6F, 0x73, 0x69, 0x74, 0x69, 0x6F,
    0x6E, 0x2E, 0x20, 0x20, 0x20, 0x5E, 0x00,
};

const u8 gDescription_AncientGearAdvance[] APPEND_TEXT = {
    0x20, 0x20, 0x5E, 0x38, 0x57, 0x68, 0x65, 0x6E, 0x20, 0x74, 0x68, 0x69,
    0x73, 0x20, 0x20, 0x20, 0x63, 0x61, 0x72, 0x64, 0x20, 0x69, 0x73, 0x20,
    0x20, 0x20, 0x20, 0x20, 0x20, 0x20, 0x61, 0x63, 0x74, 0x69, 0x76, 0x61,
    0x74, 0x65, 0x64, 0x3A, 0x20, 0x41, 0x64, 0x64, 0x31, 0x20, 0x41, 0x6E,
    0x63, 0x69, 0x65, 0x6E, 0x74, 0x20, 0x47, 0x65, 0x61, 0x72, 0x53, 0x70,
    0x65, 0x6C, 0x6C, 0x2F, 0x54, 0x72, 0x61, 0x70, 0x20, 0x20, 0x5E, 0x66,
    0x72, 0x6F, 0x6D, 0x20, 0x79, 0x6F, 0x75, 0x72, 0x20, 0x20, 0x20, 0x44,
    0x65, 0x63, 0x6B, 0x20, 0x74, 0x6F, 0x20, 0x79, 0x6F, 0x75, 0x72, 0x20,
    0x20, 0x68, 0x61, 0x6E, 0x64, 0x2C, 0x20, 0x65, 0x78, 0x63, 0x65, 0x70,
    0x74, 0x20, 0x20, 0x41, 0x6E, 0x63, 0x69, 0x65, 0x6E, 0x74, 0x20, 0x47,
    0x65, 0x61, 0x72, 0x20, 0x20, 0x41, 0x64, 0x76, 0x61, 0x6E, 0x63, 0x65,
    0x2E, 0x20, 0x20, 0x20, 0x20, 0x5E, 0x4F, 0x6E, 0x63, 0x65, 0x20, 0x70,
    0x65, 0x72, 0x20, 0x20, 0x20, 0x20, 0x74, 0x75, 0x72, 0x6E, 0x3A, 0x20,
    0x59, 0x6F, 0x75, 0x20, 0x63, 0x61, 0x6E, 0x20, 0x54, 0x72, 0x69, 0x62,
    0x75, 0x74, 0x65, 0x20, 0x31, 0x20, 0x20, 0x20, 0x20, 0x20, 0x6D, 0x6F,
    0x6E, 0x73, 0x74, 0x65, 0x72, 0x3B, 0x20, 0x64, 0x72, 0x61, 0x77, 0x20,
    0x31, 0x20, 0x63, 0x61, 0x72, 0x64, 0x20, 0x61, 0x6E, 0x64, 0x20, 0x20,
    0x5E, 0x61, 0x70, 0x70, 0x6C, 0x79, 0x20, 0x74, 0x68, 0x69, 0x73, 0x20,
    0x20, 0x65, 0x66, 0x66, 0x65, 0x63, 0x74, 0x20, 0x66, 0x6F, 0x72, 0x20,
    0x74, 0x68, 0x65, 0x72, 0x65, 0x73, 0x74, 0x20, 0x6F, 0x66, 0x20, 0x74,
    0x68, 0x69, 0x73, 0x20, 0x20, 0x74, 0x75, 0x72, 0x6E, 0x20, 0x28, 0x65,
    0x76, 0x65, 0x6E, 0x20, 0x69, 0x66, 0x20, 0x74, 0x68, 0x69, 0x73, 0x20,
    0x63, 0x61, 0x72, 0x64, 0x20, 0x20, 0x20, 0x5E, 0x6C, 0x65, 0x61, 0x76,
    0x65, 0x73, 0x20, 0x74, 0x68, 0x65, 0x20, 0x20, 0x66, 0x69, 0x65, 0x6C,
    0x64, 0x29, 0x2E, 0x20, 0x2D, 0x20, 0x59, 0x6F, 0x75, 0x20, 0x63, 0x61,
    0x6E, 0x20, 0x4E, 0x6F, 0x72, 0x6D, 0x61, 0x6C, 0x20, 0x20, 0x20, 0x20,
    0x53, 0x75, 0x6D, 0x6D, 0x6F, 0x6E, 0x20, 0x41, 0x6E, 0x63, 0x69, 0x65,
    0x6E, 0x74, 0x47, 0x65, 0x61, 0x72, 0x20, 0x47, 0x6F, 0x6C, 0x65, 0x6D,
    0x2C, 0x20, 0x5E, 0x6F, 0x72, 0x20, 0x4C, 0x65, 0x76, 0x65, 0x6C, 0x20,
    0x35, 0x20, 0x20, 0x6F, 0x72, 0x20, 0x68, 0x69, 0x67, 0x68, 0x65, 0x72,
    0x20, 0x20, 0x20, 0x20, 0x20, 0x6D, 0x6F, 0x6E, 0x73, 0x74, 0x65, 0x72,
    0x73, 0x20, 0x74, 0x68, 0x61, 0x74, 0x20, 0x6D, 0x65, 0x6E, 0x74, 0x69,
    0x6F, 0x6E, 0x20, 0x69, 0x74, 0x2C, 0x20, 0x20, 0x20, 0x77, 0x69, 0x74,
    0x68, 0x6F, 0x75, 0x74, 0x20, 0x20, 0x20, 0x20, 0x20, 0x5E, 0x54, 0x72,
    0x69, 0x62, 0x75, 0x74, 0x69, 0x6E, 0x67, 0x2E, 0x20, 0x20, 0x59, 0x6F,
    0x75, 0x20, 0x63, 0x61, 0x6E, 0x6E, 0x6F, 0x74, 0x20, 0x53, 0x65, 0x74,
    0x63, 0x61, 0x72, 0x64, 0x73, 0x20, 0x74, 0x68, 0x65, 0x20, 0x74, 0x75,
    0x72, 0x6E, 0x79, 0x6F, 0x75, 0x20, 0x61, 0x63, 0x74, 0x69, 0x76, 0x61,
    0x74, 0x65, 0x20, 0x20, 0x74, 0x68, 0x69, 0x73, 0x20, 0x63, 0x61, 0x72,
    0x64, 0x2E, 0x20, 0x20, 0x5E, 0x59, 0x6F, 0x75, 0x20, 0x63, 0x61, 0x6E,
    0x20, 0x6F, 0x6E, 0x6C, 0x79, 0x61, 0x63, 0x74, 0x69, 0x76, 0x61, 0x74,
    0x65, 0x20, 0x31, 0x20, 0x20, 0x20, 0x20, 0x41, 0x6E, 0x63, 0x69, 0x65,
    0x6E, 0x74, 0x20, 0x47, 0x65, 0x61, 0x72, 0x20, 0x20, 0x41, 0x64, 0x76,
    0x61, 0x6E, 0x63, 0x65, 0x20, 0x70, 0x65, 0x72, 0x20, 0x20, 0x20, 0x74,
    0x75, 0x72, 0x6E, 0x2E, 0x20, 0x20, 0x20, 0x20, 0x20, 0x20, 0x20, 0x5E,
    0x00,
};

const u8 gDescription_AncientGearBeast[] APPEND_TEXT = {
    0x20, 0x20, 0x5E, 0x35, 0x43, 0x61, 0x6E, 0x6E, 0x6F, 0x74, 0x20, 0x62,
    0x65, 0x20, 0x20, 0x20, 0x53, 0x70, 0x65, 0x63, 0x69, 0x61, 0x6C, 0x20,
    0x20, 0x20, 0x20, 0x20, 0x20, 0x20, 0x53, 0x75, 0x6D, 0x6D, 0x6F, 0x6E,
    0x65, 0x64, 0x2E, 0x20, 0x49, 0x66, 0x20, 0x20, 0x74, 0x68, 0x69, 0x73,
    0x20, 0x63, 0x61, 0x72, 0x64, 0x20, 0x20, 0x20, 0x20, 0x20, 0x61, 0x74,
    0x74, 0x61, 0x63, 0x6B, 0x73, 0x2C, 0x20, 0x20, 0x20, 0x20, 0x5E, 0x79,
    0x6F, 0x75, 0x72, 0x20, 0x20, 0x20, 0x20, 0x20, 0x20, 0x20, 0x20, 0x6F,
    0x70, 0x70, 0x6F, 0x6E, 0x65, 0x6E, 0x74, 0x20, 0x20, 0x20, 0x20, 0x20,
    0x20, 0x63, 0x61, 0x6E, 0x6E, 0x6F, 0x74, 0x20, 0x20, 0x20, 0x20, 0x20,
    0x20, 0x20, 0x20, 0x61, 0x63, 0x74, 0x69, 0x76, 0x61, 0x74, 0x65, 0x20,
    0x61, 0x6E, 0x79, 0x20, 0x20, 0x53, 0x70, 0x65, 0x6C, 0x6C, 0x2F, 0x54,
    0x72, 0x61, 0x70, 0x20, 0x20, 0x5E, 0x43, 0x61, 0x72, 0x64, 0x73, 0x20,
    0x75, 0x6E, 0x74, 0x69, 0x6C, 0x20, 0x74, 0x68, 0x65, 0x20, 0x65, 0x6E,
    0x64, 0x20, 0x6F, 0x66, 0x20, 0x74, 0x68, 0x65, 0x44, 0x61, 0x6D, 0x61,
    0x67, 0x65, 0x20, 0x53, 0x74, 0x65, 0x70, 0x2E, 0x20, 0x20, 0x4E, 0x65,
    0x67, 0x61, 0x74, 0x65, 0x20, 0x74, 0x68, 0x65, 0x20, 0x20, 0x20, 0x20,
    0x65, 0x66, 0x66, 0x65, 0x63, 0x74, 0x73, 0x20, 0x6F, 0x66, 0x20, 0x20,
    0x5E, 0x61, 0x6E, 0x20, 0x20, 0x20, 0x20, 0x20, 0x20, 0x20, 0x20, 0x20,
    0x20, 0x6F, 0x70, 0x70, 0x6F, 0x6E, 0x65, 0x6E, 0x74, 0x27, 0x73, 0x20,
    0x20, 0x20, 0x20, 0x6D, 0x6F, 0x6E, 0x73, 0x74, 0x65, 0x72, 0x20, 0x20,
    0x20, 0x20, 0x20, 0x20, 0x20, 0x64, 0x65, 0x73, 0x74, 0x72, 0x6F, 0x79,
    0x65, 0x64, 0x20, 0x62, 0x79, 0x20, 0x20, 0x62, 0x61, 0x74, 0x74, 0x6C,
    0x65, 0x20, 0x77, 0x69, 0x74, 0x68, 0x20, 0x5E, 0x74, 0x68, 0x69, 0x73,
    0x20, 0x63, 0x61, 0x72, 0x64, 0x20, 0x20, 0x20, 0x28, 0x69, 0x6E, 0x63,
    0x6C, 0x75, 0x64, 0x69, 0x6E, 0x67, 0x20, 0x69, 0x6E, 0x20, 0x74, 0x68,
    0x65, 0x20, 0x20, 0x20, 0x20, 0x20, 0x20, 0x20, 0x20, 0x20, 0x20, 0x20,
    0x47, 0x72, 0x61, 0x76, 0x65, 0x79, 0x61, 0x72, 0x64, 0x29, 0x2E, 0x20,
    0x20, 0x20, 0x5E, 0x00,
};

const u8 gDescription_AncientGearCannon[] APPEND_TEXT = {
    0x20, 0x20, 0x5E, 0x33, 0x59, 0x6F, 0x75, 0x20, 0x63, 0x61, 0x6E, 0x20,
    0x20, 0x20, 0x20, 0x20, 0x54, 0x72, 0x69, 0x62, 0x75, 0x74, 0x65, 0x20,
    0x74, 0x68, 0x69, 0x73, 0x20, 0x20, 0x63, 0x61, 0x72, 0x64, 0x3B, 0x20,
    0x69, 0x6E, 0x66, 0x6C, 0x69, 0x63, 0x74, 0x20, 0x35, 0x30, 0x30, 0x20,
    0x64, 0x61, 0x6D, 0x61, 0x67, 0x65, 0x20, 0x74, 0x6F, 0x20, 0x79, 0x6F,
    0x75, 0x72, 0x20, 0x20, 0x20, 0x20, 0x20, 0x20, 0x20, 0x20, 0x5E, 0x6F,
    0x70, 0x70, 0x6F, 0x6E, 0x65, 0x6E, 0x74, 0x2C, 0x20, 0x20, 0x20, 0x61,
    0x6E, 0x64, 0x20, 0x69, 0x66, 0x20, 0x79, 0x6F, 0x75, 0x20, 0x64, 0x6F,
    0x2C, 0x6E, 0x65, 0x69, 0x74, 0x68, 0x65, 0x72, 0x20, 0x70, 0x6C, 0x61,
    0x79, 0x65, 0x72, 0x63, 0x61, 0x6E, 0x20, 0x61, 0x63, 0x74, 0x69, 0x76,
    0x61, 0x74, 0x65, 0x20, 0x20, 0x54, 0x72, 0x61, 0x70, 0x20, 0x43, 0x61,
    0x72, 0x64, 0x73, 0x20, 0x20, 0x5E, 0x64, 0x75, 0x72, 0x69, 0x6E, 0x67,
    0x20, 0x74, 0x68, 0x65, 0x20, 0x20, 0x42, 0x61, 0x74, 0x74, 0x6C, 0x65,
    0x20, 0x50, 0x68, 0x61, 0x73, 0x65, 0x20, 0x20, 0x6F, 0x66, 0x20, 0x74,
    0x68, 0x69, 0x73, 0x20, 0x74, 0x75, 0x72, 0x6E, 0x2E, 0x20, 0x5E, 0x00,
};

const u8 gDescription_AncientGearCastle[] APPEND_TEXT = {
    0x20, 0x20, 0x5E, 0x35, 0x41, 0x6C, 0x6C, 0x20, 0x41, 0x6E, 0x63, 0x69,
    0x65, 0x6E, 0x74, 0x20, 0x47, 0x65, 0x61, 0x72, 0x20, 0x6D, 0x6F, 0x6E,
    0x73, 0x74, 0x65, 0x72, 0x73, 0x20, 0x67, 0x61, 0x69, 0x6E, 0x20, 0x33,
    0x30, 0x30, 0x20, 0x41, 0x54, 0x4B, 0x2E, 0x20, 0x45, 0x61, 0x63, 0x68,
    0x20, 0x74, 0x69, 0x6D, 0x65, 0x20, 0x61, 0x20, 0x20, 0x20, 0x6D, 0x6F,
    0x6E, 0x73, 0x74, 0x65, 0x72, 0x20, 0x69, 0x73, 0x20, 0x20, 0x5E, 0x4E,
    0x6F, 0x72, 0x6D, 0x61, 0x6C, 0x20, 0x74, 0x2C, 0x20, 0x20, 0x20, 0x70,
    0x6C, 0x61, 0x63, 0x65, 0x20, 0x31, 0x20, 0x20, 0x20, 0x20, 0x20, 0x20,
    0x20, 0x63, 0x6F, 0x75, 0x6E, 0x74, 0x65, 0x72, 0x20, 0x6F, 0x6E, 0x20,
    0x20, 0x20, 0x20, 0x74, 0x68, 0x69, 0x73, 0x20, 0x63, 0x61, 0x72, 0x64,
    0x2E, 0x20, 0x49, 0x66, 0x20, 0x79, 0x6F, 0x75, 0x20, 0x54, 0x72, 0x69,
    0x62, 0x75, 0x74, 0x65, 0x20, 0x5E, 0x53, 0x75, 0x6D, 0x6D, 0x6F, 0x6E,
    0x20, 0x61, 0x6E, 0x20, 0x20, 0x20, 0x41, 0x6E, 0x63, 0x69, 0x65, 0x6E,
    0x74, 0x20, 0x47, 0x65, 0x61, 0x72, 0x20, 0x20, 0x6D, 0x6F, 0x6E, 0x73,
    0x74, 0x65, 0x72, 0x20, 0x20, 0x20, 0x20, 0x20, 0x20, 0x20, 0x66, 0x61,
    0x63, 0x65, 0x2D, 0x75, 0x70, 0x2C, 0x20, 0x79, 0x6F, 0x75, 0x20, 0x20,
    0x63, 0x61, 0x6E, 0x20, 0x54, 0x72, 0x69, 0x62, 0x75, 0x74, 0x65, 0x20,
    0x5E, 0x74, 0x68, 0x69, 0x73, 0x20, 0x63, 0x61, 0x72, 0x64, 0x20, 0x20,
    0x20, 0x69, 0x6E, 0x73, 0x74, 0x65, 0x61, 0x64, 0x2C, 0x20, 0x69, 0x66,
    0x20, 0x20, 0x20, 0x74, 0x68, 0x65, 0x20, 0x6E, 0x75, 0x6D, 0x62, 0x65,
    0x72, 0x20, 0x6F, 0x66, 0x20, 0x69, 0x74, 0x73, 0x20, 0x63, 0x6F, 0x75,
    0x6E, 0x74, 0x65, 0x72, 0x73, 0x20, 0x20, 0x69, 0x73, 0x20, 0x65, 0x71,
    0x75, 0x61, 0x6C, 0x20, 0x74, 0x6F, 0x20, 0x5E, 0x6F, 0x72, 0x20, 0x67,
    0x72, 0x65, 0x61, 0x74, 0x65, 0x72, 0x20, 0x20, 0x74, 0x68, 0x61, 0x6E,
    0x20, 0x74, 0x68, 0x65, 0x20, 0x20, 0x20, 0x20, 0x20, 0x20, 0x6E, 0x75,
    0x6D, 0x62, 0x65, 0x72, 0x20, 0x6F, 0x66, 0x20, 0x20, 0x20, 0x20, 0x20,
    0x72, 0x65, 0x71, 0x75, 0x69, 0x72, 0x65, 0x64, 0x20, 0x20, 0x20, 0x20,
    0x20, 0x20, 0x54, 0x72, 0x69, 0x62, 0x75, 0x74, 0x65, 0x28, 0x73, 0x29,
    0x2E, 0x20, 0x5E, 0x00,
};

const u8 gDescription_CyberDragonInfinity[] APPEND_TEXT = {
    0x20, 0x20, 0x5E, 0x39, 0x33, 0x20, 0x4C, 0x65, 0x76, 0x65, 0x6C, 0x20,
    0x36, 0x20, 0x20, 0x20, 0x4C, 0x49, 0x47, 0x48, 0x54, 0x20, 0x4D, 0x61,
    0x63, 0x68, 0x69, 0x6E, 0x65, 0x20, 0x6D, 0x6F, 0x6E, 0x73, 0x74, 0x65,
    0x72, 0x73, 0x20, 0x4F, 0x6E, 0x63, 0x65, 0x20, 0x70, 0x65, 0x72, 0x20,
    0x74, 0x75, 0x72, 0x6E, 0x2C, 0x20, 0x79, 0x6F, 0x75, 0x20, 0x63, 0x61,
    0x6E, 0x20, 0x61, 0x6C, 0x73, 0x6F, 0x20, 0x58, 0x79, 0x7A, 0x5E, 0x53,
    0x75, 0x6D, 0x6D, 0x6F, 0x6E, 0x20, 0x43, 0x79, 0x62, 0x65, 0x72, 0x44,
    0x72, 0x61, 0x67, 0x6F, 0x6E, 0x20, 0x20, 0x20, 0x20, 0x20, 0x20, 0x20,
    0x20, 0x49, 0x6E, 0x66, 0x69, 0x6E, 0x69, 0x74, 0x79, 0x20, 0x62, 0x79,
    0x20, 0x20, 0x20, 0x75, 0x73, 0x69, 0x6E, 0x67, 0x20, 0x43, 0x79, 0x62,
    0x65, 0x72, 0x20, 0x20, 0x20, 0x44, 0x72, 0x61, 0x67, 0x6F, 0x6E, 0x20,
    0x4E, 0x6F, 0x76, 0x61, 0x20, 0x5E, 0x79, 0x6F, 0x75, 0x20, 0x63, 0x6F,
    0x6E, 0x74, 0x72, 0x6F, 0x6C, 0x20, 0x61, 0x73, 0x20, 0x6D, 0x61, 0x74,
    0x65, 0x72, 0x69, 0x61, 0x6C, 0x2E, 0x20, 0x20, 0x28, 0x54, 0x72, 0x61,
    0x6E, 0x73, 0x66, 0x65, 0x72, 0x20, 0x69, 0x74, 0x73, 0x20, 0x6D, 0x61,
    0x74, 0x65, 0x72, 0x69, 0x61, 0x6C, 0x73, 0x20, 0x74, 0x6F, 0x20, 0x20,
    0x74, 0x68, 0x69, 0x73, 0x20, 0x63, 0x61, 0x72, 0x64, 0x2E, 0x29, 0x20,
    0x5E, 0x47, 0x61, 0x69, 0x6E, 0x73, 0x20, 0x32, 0x30, 0x30, 0x20, 0x20,
    0x20, 0x41, 0x54, 0x4B, 0x20, 0x66, 0x6F, 0x72, 0x20, 0x65, 0x61, 0x63,
    0x68, 0x20, 0x20, 0x6D, 0x61, 0x74, 0x65, 0x72, 0x69, 0x61, 0x6C, 0x20,
    0x20, 0x20, 0x20, 0x20, 0x20, 0x61, 0x74, 0x74, 0x61, 0x63, 0x68, 0x65,
    0x64, 0x20, 0x74, 0x6F, 0x20, 0x20, 0x20, 0x69, 0x74, 0x2E, 0x20, 0x4F,
    0x6E, 0x63, 0x65, 0x20, 0x70, 0x65, 0x72, 0x5E, 0x74, 0x75, 0x72, 0x6E,
    0x3A, 0x20, 0x59, 0x6F, 0x75, 0x20, 0x20, 0x20, 0x63, 0x61, 0x6E, 0x20,
    0x74, 0x61, 0x72, 0x67, 0x65, 0x74, 0x20, 0x31, 0x20, 0x20, 0x66, 0x61,
    0x63, 0x65, 0x2D, 0x75, 0x70, 0x20, 0x41, 0x74, 0x74, 0x61, 0x63, 0x6B,
    0x50, 0x6F, 0x73, 0x69, 0x74, 0x69, 0x6F, 0x6E, 0x20, 0x20, 0x20, 0x20,
    0x20, 0x20, 0x6D, 0x6F, 0x6E, 0x73, 0x74, 0x65, 0x72, 0x20, 0x6F, 0x6E,
    0x20, 0x20, 0x5E, 0x74, 0x68, 0x65, 0x20, 0x66, 0x69, 0x65, 0x6C, 0x64,
    0x3B, 0x20, 0x20, 0x61, 0x74, 0x74, 0x61, 0x63, 0x68, 0x20, 0x69, 0x74,
    0x20, 0x74, 0x6F, 0x20, 0x20, 0x74, 0x68, 0x69, 0x73, 0x20, 0x63, 0x61,
    0x72, 0x64, 0x20, 0x61, 0x73, 0x20, 0x20, 0x6D, 0x61, 0x74, 0x65, 0x72,
    0x69, 0x61, 0x6C, 0x2E, 0x20, 0x4F, 0x6E, 0x63, 0x65, 0x70, 0x65, 0x72,
    0x20, 0x74, 0x75, 0x72, 0x6E, 0x2C, 0x20, 0x20, 0x20, 0x5E, 0x77, 0x68,
    0x65, 0x6E, 0x20, 0x61, 0x20, 0x63, 0x61, 0x72, 0x64, 0x20, 0x6F, 0x72,
    0x20, 0x65, 0x66, 0x66, 0x65, 0x63, 0x74, 0x20, 0x69, 0x73, 0x20, 0x20,
    0x61, 0x63, 0x74, 0x69, 0x76, 0x61, 0x74, 0x65, 0x64, 0x20, 0x20, 0x20,
    0x20, 0x20, 0x28, 0x51, 0x75, 0x69, 0x63, 0x6B, 0x20, 0x20, 0x20, 0x20,
    0x20, 0x20, 0x20, 0x20, 0x45, 0x66, 0x66, 0x65, 0x63, 0x74, 0x29, 0x3A,
    0x20, 0x59, 0x6F, 0x75, 0x5E, 0x63, 0x61, 0x6E, 0x20, 0x64, 0x65, 0x74,
    0x61, 0x63, 0x68, 0x20, 0x31, 0x6D, 0x61, 0x74, 0x65, 0x72, 0x69, 0x61,
    0x6C, 0x20, 0x66, 0x72, 0x6F, 0x6D, 0x20, 0x74, 0x68, 0x69, 0x73, 0x20,
    0x63, 0x61, 0x72, 0x64, 0x3B, 0x20, 0x20, 0x20, 0x20, 0x6E, 0x65, 0x67,
    0x61, 0x74, 0x65, 0x20, 0x74, 0x68, 0x65, 0x20, 0x20, 0x20, 0x20, 0x61,
    0x63, 0x74, 0x69, 0x76, 0x61, 0x74, 0x69, 0x6F, 0x6E, 0x2C, 0x20, 0x5E,
    0x61, 0x6E, 0x64, 0x20, 0x69, 0x66, 0x20, 0x79, 0x6F, 0x75, 0x20, 0x20,
    0x64, 0x6F, 0x2C, 0x20, 0x64, 0x65, 0x73, 0x74, 0x72, 0x6F, 0x79, 0x20,
    0x20, 0x20, 0x69, 0x74, 0x2E, 0x20, 0x20, 0x20, 0x20, 0x20, 0x20, 0x20,
    0x20, 0x20, 0x20, 0x20, 0x5E, 0x00,
};

const u8 gDescription_EvolzarDolkka[] APPEND_TEXT = {
    0x20, 0x20, 0x5E, 0x34, 0x32, 0x20, 0x4C, 0x65, 0x76, 0x65, 0x6C, 0x20,
    0x34, 0x20, 0x70, 0x65, 0x6D, 0x6F, 0x6E, 0x73, 0x74, 0x65, 0x72, 0x73,
    0x20, 0x20, 0x20, 0x20, 0x20, 0x20, 0x44, 0x75, 0x72, 0x69, 0x6E, 0x67,
    0x20, 0x65, 0x69, 0x74, 0x68, 0x65, 0x72, 0x20, 0x70, 0x6C, 0x61, 0x79,
    0x65, 0x72, 0x27, 0x73, 0x20, 0x74, 0x75, 0x72, 0x6E, 0x2C, 0x77, 0x68,
    0x65, 0x6E, 0x20, 0x61, 0x20, 0x20, 0x20, 0x20, 0x20, 0x20, 0x5E, 0x6D,
    0x6F, 0x6E, 0x73, 0x74, 0x65, 0x72, 0x20, 0x20, 0x20, 0x20, 0x20, 0x65,
    0x66, 0x66, 0x65, 0x63, 0x74, 0x20, 0x20, 0x20, 0x20, 0x20, 0x20, 0x20,
    0x20, 0x61, 0x63, 0x74, 0x69, 0x76, 0x61, 0x74, 0x65, 0x73, 0x3A, 0x20,
    0x59, 0x6F, 0x75, 0x63, 0x61, 0x6E, 0x20, 0x64, 0x65, 0x74, 0x61, 0x63,
    0x68, 0x20, 0x31, 0x20, 0x20, 0x58, 0x79, 0x7A, 0x20, 0x4D, 0x61, 0x74,
    0x65, 0x72, 0x69, 0x61, 0x6C, 0x5E, 0x66, 0x72, 0x6F, 0x6D, 0x20, 0x74,
    0x68, 0x69, 0x73, 0x20, 0x20, 0x20, 0x63, 0x61, 0x72, 0x64, 0x3B, 0x20,
    0x6E, 0x65, 0x67, 0x61, 0x74, 0x65, 0x20, 0x20, 0x74, 0x68, 0x65, 0x20,
    0x20, 0x20, 0x20, 0x20, 0x20, 0x20, 0x20, 0x20, 0x20, 0x20, 0x61, 0x63,
    0x74, 0x69, 0x76, 0x61, 0x74, 0x69, 0x6F, 0x6E, 0x2C, 0x20, 0x20, 0x20,
    0x61, 0x6E, 0x64, 0x20, 0x69, 0x66, 0x20, 0x79, 0x6F, 0x75, 0x20, 0x20,
    0x5E, 0x64, 0x6F, 0x2C, 0x20, 0x64, 0x65, 0x73, 0x74, 0x72, 0x6F, 0x79,
    0x20, 0x74, 0x68, 0x61, 0x74, 0x20, 0x6D, 0x6F, 0x6E, 0x73, 0x74, 0x65,
    0x72, 0x2E, 0x20, 0x5E, 0x00,
};

const u8 gDescription_Honest[] APPEND_TEXT = {
    0x20, 0x20, 0x5E, 0x36, 0x44, 0x75, 0x72, 0x69, 0x6E, 0x67, 0x20, 0x79,
    0x6F, 0x75, 0x72, 0x20, 0x4D, 0x61, 0x69, 0x6E, 0x20, 0x50, 0x68, 0x61,
    0x73, 0x65, 0x3A, 0x20, 0x20, 0x20, 0x59, 0x6F, 0x75, 0x20, 0x63, 0x61,
    0x6E, 0x20, 0x72, 0x65, 0x74, 0x75, 0x72, 0x6E, 0x74, 0x68, 0x69, 0x73,
    0x20, 0x66, 0x61, 0x63, 0x65, 0x2D, 0x75, 0x70, 0x20, 0x20, 0x63, 0x61,
    0x72, 0x64, 0x20, 0x66, 0x72, 0x6F, 0x6D, 0x20, 0x20, 0x20, 0x5E, 0x74,
    0x68, 0x65, 0x20, 0x66, 0x69, 0x65, 0x6C, 0x64, 0x20, 0x74, 0x6F, 0x74,
    0x68, 0x65, 0x20, 0x68, 0x61, 0x6E, 0x64, 0x2E, 0x20, 0x20, 0x20, 0x20,
    0x20, 0x44, 0x75, 0x72, 0x69, 0x6E, 0x67, 0x20, 0x74, 0x68, 0x65, 0x20,
    0x20, 0x20, 0x20, 0x44, 0x61, 0x6D, 0x61, 0x67, 0x65, 0x20, 0x53, 0x74,
    0x65, 0x70, 0x2C, 0x20, 0x20, 0x77, 0x68, 0x65, 0x6E, 0x20, 0x61, 0x20,
    0x4C, 0x49, 0x47, 0x48, 0x54, 0x5E, 0x6D, 0x6F, 0x6E, 0x73, 0x74, 0x65,
    0x72, 0x20, 0x79, 0x6F, 0x75, 0x20, 0x63, 0x6F, 0x6E, 0x74, 0x72, 0x6F,
    0x6C, 0x20, 0x20, 0x20, 0x20, 0x20, 0x20, 0x20, 0x62, 0x61, 0x74, 0x74,
    0x6C, 0x65, 0x73, 0x20, 0x28, 0x51, 0x75, 0x69, 0x63, 0x6B, 0x45, 0x66,
    0x66, 0x65, 0x63, 0x74, 0x29, 0x3A, 0x20, 0x59, 0x6F, 0x75, 0x20, 0x20,
    0x63, 0x61, 0x6E, 0x20, 0x73, 0x65, 0x6E, 0x64, 0x20, 0x20, 0x20, 0x20,
    0x5E, 0x74, 0x68, 0x69, 0x73, 0x20, 0x63, 0x61, 0x72, 0x64, 0x20, 0x20,
    0x20, 0x66, 0x72, 0x6F, 0x6D, 0x20, 0x79, 0x6F, 0x75, 0x72, 0x20, 0x68,
    0x61, 0x6E, 0x64, 0x74, 0x6F, 0x20, 0x74, 0x68, 0x65, 0x20, 0x47, 0x59,
    0x3B, 0x20, 0x20, 0x20, 0x20, 0x74, 0x68, 0x61, 0x74, 0x20, 0x6D, 0x6F,
    0x6E, 0x73, 0x74, 0x65, 0x72, 0x20, 0x20, 0x67, 0x61, 0x69, 0x6E, 0x73,
    0x20, 0x41, 0x54, 0x4B, 0x20, 0x20, 0x20, 0x5E, 0x65, 0x71, 0x75, 0x61,
    0x6C, 0x20, 0x74, 0x6F, 0x20, 0x74, 0x68, 0x65, 0x41, 0x54, 0x4B, 0x20,
    0x6F, 0x66, 0x20, 0x74, 0x68, 0x65, 0x20, 0x20, 0x20, 0x20, 0x6F, 0x70,
    0x70, 0x6F, 0x6E, 0x65, 0x6E, 0x74, 0x27, 0x73, 0x20, 0x20, 0x20, 0x20,
    0x6D, 0x6F, 0x6E, 0x73, 0x74, 0x65, 0x72, 0x20, 0x69, 0x74, 0x20, 0x69,
    0x73, 0x20, 0x62, 0x61, 0x74, 0x74, 0x6C, 0x69, 0x6E, 0x67, 0x2C, 0x20,
    0x20, 0x20, 0x5E, 0x75, 0x6E, 0x74, 0x69, 0x6C, 0x20, 0x74, 0x68, 0x65,
    0x20, 0x20, 0x20, 0x65, 0x6E, 0x64, 0x20, 0x6F, 0x66, 0x20, 0x74, 0x68,
    0x69, 0x73, 0x20, 0x20, 0x20, 0x74, 0x75, 0x72, 0x6E, 0x2E, 0x20, 0x20,
    0x20, 0x20, 0x20, 0x20, 0x20, 0x20, 0x20, 0x5E, 0x00,
};

const u8 gDescription_JunkSynchron[] APPEND_TEXT = {
    0x20, 0x20, 0x5E, 0x34, 0x57, 0x68, 0x65, 0x6E, 0x20, 0x74, 0x68, 0x69,
    0x73, 0x20, 0x20, 0x20, 0x63, 0x61, 0x72, 0x64, 0x20, 0x69, 0x73, 0x20,
    0x4E, 0x6F, 0x72, 0x6D, 0x61, 0x6C, 0x53, 0x75, 0x6D, 0x6D, 0x6F, 0x6E,
    0x65, 0x64, 0x3A, 0x20, 0x59, 0x6F, 0x75, 0x20, 0x63, 0x61, 0x6E, 0x20,
    0x74, 0x61, 0x72, 0x67, 0x65, 0x74, 0x20, 0x31, 0x20, 0x20, 0x4C, 0x65,
    0x76, 0x65, 0x6C, 0x20, 0x32, 0x20, 0x6F, 0x72, 0x20, 0x20, 0x5E, 0x6C,
    0x6F, 0x77, 0x65, 0x72, 0x20, 0x20, 0x20, 0x20, 0x20, 0x20, 0x20, 0x6D,
    0x6F, 0x6E, 0x73, 0x74, 0x65, 0x72, 0x20, 0x69, 0x6E, 0x20, 0x20, 0x20,
    0x20, 0x79, 0x6F, 0x75, 0x72, 0x20, 0x20, 0x20, 0x20, 0x20, 0x20, 0x20,
    0x20, 0x20, 0x20, 0x47, 0x72, 0x61, 0x76, 0x65, 0x79, 0x61, 0x72, 0x64,
    0x3B, 0x20, 0x20, 0x20, 0x20, 0x53, 0x70, 0x65, 0x63, 0x69, 0x61, 0x6C,
    0x20, 0x20, 0x20, 0x20, 0x20, 0x5E, 0x53, 0x75, 0x6D, 0x6D, 0x6F, 0x6E,
    0x20, 0x74, 0x68, 0x61, 0x74, 0x20, 0x74, 0x61, 0x72, 0x67, 0x65, 0x74,
    0x20, 0x69, 0x6E, 0x20, 0x20, 0x20, 0x20, 0x20, 0x44, 0x65, 0x66, 0x65,
    0x6E, 0x73, 0x65, 0x20, 0x20, 0x20, 0x20, 0x20, 0x20, 0x20, 0x50, 0x6F,
    0x73, 0x69, 0x74, 0x69, 0x6F, 0x6E, 0x2C, 0x20, 0x62, 0x75, 0x74, 0x20,
    0x69, 0x74, 0x20, 0x68, 0x61, 0x73, 0x20, 0x69, 0x74, 0x73, 0x20, 0x20,
    0x5E, 0x65, 0x66, 0x66, 0x65, 0x63, 0x74, 0x73, 0x20, 0x20, 0x20, 0x20,
    0x20, 0x6E, 0x65, 0x67, 0x61, 0x74, 0x65, 0x64, 0x2E, 0x20, 0x20, 0x20,
    0x20, 0x20, 0x20, 0x5E, 0x00,
};

const u8 gDescription_AmazonessAugusta[] APPEND_TEXT = {
    0x20, 0x20, 0x5E, 0x39, 0x31, 0x20, 0x41, 0x6D, 0x61, 0x7A, 0x6F, 0x6E,
    0x65, 0x73, 0x73, 0x20, 0x46, 0x75, 0x73, 0x69, 0x6F, 0x6E, 0x20, 0x4D,
    0x6F, 0x6E, 0x73, 0x74, 0x65, 0x72, 0x2B, 0x20, 0x31, 0x20, 0x41, 0x6D,
    0x61, 0x7A, 0x6F, 0x6E, 0x65, 0x73, 0x73, 0x20, 0x6D, 0x6F, 0x6E, 0x73,
    0x74, 0x65, 0x72, 0x20, 0x59, 0x6F, 0x75, 0x72, 0x20, 0x20, 0x6F, 0x70,
    0x70, 0x6F, 0x6E, 0x65, 0x6E, 0x74, 0x20, 0x20, 0x20, 0x20, 0x5E, 0x63,
    0x61, 0x6E, 0x6E, 0x6F, 0x74, 0x20, 0x20, 0x20, 0x20, 0x20, 0x20, 0x74,
    0x61, 0x72, 0x67, 0x65, 0x74, 0x20, 0x6F, 0x74, 0x68, 0x65, 0x72, 0x20,
    0x20, 0x41, 0x6D, 0x61, 0x7A, 0x6F, 0x6E, 0x65, 0x73, 0x73, 0x20, 0x20,
    0x20, 0x20, 0x20, 0x63, 0x61, 0x72, 0x64, 0x73, 0x20, 0x79, 0x6F, 0x75,
    0x20, 0x20, 0x20, 0x20, 0x20, 0x63, 0x6F, 0x6E, 0x74, 0x72, 0x6F, 0x6C,
    0x20, 0x77, 0x69, 0x74, 0x68, 0x5E, 0x63, 0x61, 0x72, 0x64, 0x20, 0x20,
    0x20, 0x20, 0x20, 0x20, 0x20, 0x20, 0x65, 0x66, 0x66, 0x65, 0x63, 0x74,
    0x73, 0x2C, 0x20, 0x61, 0x6C, 0x73, 0x6F, 0x20, 0x74, 0x68, 0x6F, 0x73,
    0x65, 0x20, 0x63, 0x61, 0x72, 0x64, 0x73, 0x20, 0x20, 0x20, 0x63, 0x61,
    0x6E, 0x6E, 0x6F, 0x74, 0x20, 0x62, 0x65, 0x20, 0x20, 0x20, 0x20, 0x20,
    0x64, 0x65, 0x73, 0x74, 0x72, 0x6F, 0x79, 0x65, 0x64, 0x20, 0x62, 0x79,
    0x5E, 0x79, 0x6F, 0x75, 0x72, 0x20, 0x20, 0x20, 0x20, 0x20, 0x20, 0x20,
    0x20, 0x6F, 0x70, 0x70, 0x6F, 0x6E, 0x65, 0x6E, 0x74, 0x27, 0x73, 0x20,
    0x20, 0x20, 0x20, 0x63, 0x61, 0x72, 0x64, 0x20, 0x65, 0x66, 0x66, 0x65,
    0x63, 0x74, 0x73, 0x2E, 0x20, 0x49, 0x66, 0x20, 0x74, 0x68, 0x69, 0x73,
    0x20, 0x63, 0x61, 0x72, 0x64, 0x20, 0x20, 0x77, 0x61, 0x73, 0x20, 0x46,
    0x75, 0x73, 0x69, 0x6F, 0x6E, 0x20, 0x20, 0x5E, 0x53, 0x75, 0x6D, 0x6D,
    0x6F, 0x6E, 0x65, 0x64, 0x20, 0x20, 0x20, 0x20, 0x75, 0x73, 0x69, 0x6E,
    0x67, 0x20, 0x20, 0x20, 0x20, 0x20, 0x20, 0x20, 0x20, 0x20, 0x41, 0x6D,
    0x61, 0x7A, 0x6F, 0x6E, 0x65, 0x73, 0x73, 0x20, 0x20, 0x20, 0x20, 0x20,
    0x45, 0x6D, 0x70, 0x72, 0x65, 0x73, 0x73, 0x20, 0x6F, 0x72, 0x20, 0x20,
    0x20, 0x20, 0x41, 0x6D, 0x61, 0x7A, 0x6F, 0x6E, 0x65, 0x73, 0x73, 0x20,
    0x20, 0x20, 0x5E, 0x51, 0x75, 0x65, 0x65, 0x6E, 0x20, 0x61, 0x73, 0x20,
    0x20, 0x20, 0x20, 0x6D, 0x61, 0x74, 0x65, 0x72, 0x69, 0x61, 0x6C, 0x2C,
    0x20, 0x69, 0x74, 0x20, 0x20, 0x63, 0x61, 0x6E, 0x20, 0x6D, 0x61, 0x6B,
    0x65, 0x20, 0x61, 0x20, 0x20, 0x20, 0x20, 0x73, 0x65, 0x63, 0x6F, 0x6E,
    0x64, 0x20, 0x61, 0x74, 0x74, 0x61, 0x63, 0x6B, 0x20, 0x64, 0x75, 0x72,
    0x69, 0x6E, 0x67, 0x20, 0x65, 0x61, 0x63, 0x68, 0x20, 0x5E, 0x42, 0x61,
    0x74, 0x74, 0x6C, 0x65, 0x20, 0x20, 0x20, 0x20, 0x20, 0x20, 0x50, 0x68,
    0x61, 0x73, 0x65, 0x2E, 0x20, 0x49, 0x66, 0x20, 0x74, 0x68, 0x69, 0x73,
    0x63, 0x61, 0x72, 0x64, 0x20, 0x69, 0x73, 0x20, 0x46, 0x75, 0x73, 0x69,
    0x6F, 0x6E, 0x53, 0x75, 0x6D, 0x6D, 0x6F, 0x6E, 0x65, 0x64, 0x3A, 0x20,
    0x59, 0x6F, 0x75, 0x20, 0x63, 0x61, 0x6E, 0x20, 0x53, 0x70, 0x65, 0x63,
    0x69, 0x61, 0x6C, 0x20, 0x5E, 0x53, 0x75, 0x6D, 0x6D, 0x6F, 0x6E, 0x20,
    0x31, 0x20, 0x20, 0x20, 0x20, 0x41, 0x6D, 0x61, 0x7A, 0x6F, 0x6E, 0x65,
    0x73, 0x73, 0x20, 0x20, 0x20, 0x20, 0x20, 0x6D, 0x6F, 0x6E, 0x73, 0x74,
    0x65, 0x72, 0x20, 0x66, 0x72, 0x6F, 0x6D, 0x20, 0x20, 0x79, 0x6F, 0x75,
    0x72, 0x20, 0x44, 0x65, 0x63, 0x6B, 0x2E, 0x20, 0x59, 0x6F, 0x75, 0x63,
    0x61, 0x6E, 0x20, 0x6F, 0x6E, 0x6C, 0x79, 0x20, 0x75, 0x73, 0x65, 0x5E,
    0x74, 0x68, 0x69, 0x73, 0x20, 0x65, 0x66, 0x66, 0x65, 0x63, 0x74, 0x20,
    0x6F, 0x66, 0x20, 0x41, 0x6D, 0x61, 0x7A, 0x6F, 0x6E, 0x65, 0x73, 0x73,
    0x20, 0x20, 0x41, 0x75, 0x67, 0x75, 0x73, 0x74, 0x61, 0x20, 0x6F, 0x6E,
    0x63, 0x65, 0x20, 0x20, 0x70, 0x65, 0x72, 0x20, 0x74, 0x75, 0x72, 0x6E,
    0x2E, 0x20, 0x20, 0x20, 0x20, 0x20, 0x5E, 0x00,
};

const u8 gDescription_AmazonessEmpress[] APPEND_TEXT = {
    0x20, 0x20, 0x5E, 0x39, 0x41, 0x6D, 0x61, 0x7A, 0x6F, 0x6E, 0x65, 0x73,
    0x73, 0x20, 0x20, 0x20, 0x51, 0x75, 0x65, 0x65, 0x6E, 0x20, 0x2B, 0x20,
    0x31, 0x20, 0x20, 0x20, 0x20, 0x20, 0x41, 0x6D, 0x61, 0x7A, 0x6F, 0x6E,
    0x65, 0x73, 0x73, 0x20, 0x20, 0x20, 0x20, 0x20, 0x6D, 0x6F, 0x6E, 0x73,
    0x74, 0x65, 0x72, 0x20, 0x4F, 0x74, 0x68, 0x65, 0x72, 0x20, 0x41, 0x6D,
    0x61, 0x7A, 0x6F, 0x6E, 0x65, 0x73, 0x73, 0x20, 0x20, 0x20, 0x5E, 0x63,
    0x61, 0x72, 0x64, 0x73, 0x20, 0x79, 0x6F, 0x75, 0x20, 0x20, 0x20, 0x63,
    0x6F, 0x6E, 0x74, 0x72, 0x6F, 0x6C, 0x20, 0x63, 0x61, 0x6E, 0x6E, 0x6F,
    0x74, 0x62, 0x65, 0x20, 0x64, 0x65, 0x73, 0x74, 0x72, 0x6F, 0x79, 0x65,
    0x64, 0x20, 0x20, 0x62, 0x79, 0x20, 0x62, 0x61, 0x74, 0x74, 0x6C, 0x65,
    0x20, 0x6F, 0x72, 0x20, 0x20, 0x63, 0x61, 0x72, 0x64, 0x20, 0x20, 0x20,
    0x20, 0x20, 0x20, 0x20, 0x20, 0x5E, 0x65, 0x66, 0x66, 0x65, 0x63, 0x74,
    0x73, 0x2E, 0x20, 0x49, 0x66, 0x20, 0x79, 0x6F, 0x75, 0x72, 0x20, 0x41,
    0x6D, 0x61, 0x7A, 0x6F, 0x6E, 0x65, 0x73, 0x73, 0x6D, 0x6F, 0x6E, 0x73,
    0x74, 0x65, 0x72, 0x20, 0x20, 0x20, 0x20, 0x20, 0x20, 0x20, 0x61, 0x74,
    0x74, 0x61, 0x63, 0x6B, 0x73, 0x20, 0x61, 0x20, 0x20, 0x20, 0x20, 0x20,
    0x44, 0x65, 0x66, 0x65, 0x6E, 0x73, 0x65, 0x20, 0x20, 0x20, 0x20, 0x20,
    0x5E, 0x50, 0x6F, 0x73, 0x69, 0x74, 0x69, 0x6F, 0x6E, 0x20, 0x20, 0x20,
    0x20, 0x6D, 0x6F, 0x6E, 0x73, 0x74, 0x65, 0x72, 0x2C, 0x20, 0x20, 0x20,
    0x20, 0x20, 0x20, 0x69, 0x6E, 0x66, 0x6C, 0x69, 0x63, 0x74, 0x20, 0x20,
    0x20, 0x20, 0x20, 0x20, 0x20, 0x70, 0x69, 0x65, 0x72, 0x63, 0x69, 0x6E,
    0x67, 0x20, 0x20, 0x20, 0x20, 0x20, 0x20, 0x62, 0x61, 0x74, 0x74, 0x6C,
    0x65, 0x20, 0x20, 0x20, 0x20, 0x20, 0x20, 0x5E, 0x64, 0x61, 0x6D, 0x61,
    0x67, 0x65, 0x20, 0x74, 0x6F, 0x20, 0x20, 0x20, 0x79, 0x6F, 0x75, 0x72,
    0x20, 0x6F, 0x70, 0x70, 0x6F, 0x6E, 0x65, 0x6E, 0x74, 0x2E, 0x49, 0x66,
    0x20, 0x74, 0x68, 0x69, 0x73, 0x20, 0x20, 0x20, 0x20, 0x20, 0x20, 0x20,
    0x66, 0x61, 0x63, 0x65, 0x2D, 0x75, 0x70, 0x20, 0x46, 0x75, 0x73, 0x69,
    0x6F, 0x6E, 0x53, 0x75, 0x6D, 0x6D, 0x6F, 0x6E, 0x65, 0x64, 0x20, 0x20,
    0x20, 0x20, 0x5E, 0x63, 0x61, 0x72, 0x64, 0x20, 0x69, 0x73, 0x20, 0x20,
    0x20, 0x20, 0x20, 0x64, 0x65, 0x73, 0x74, 0x72, 0x6F, 0x79, 0x65, 0x64,
    0x20, 0x62, 0x79, 0x20, 0x20, 0x62, 0x61, 0x74, 0x74, 0x6C, 0x65, 0x2C,
    0x20, 0x6F, 0x72, 0x20, 0x20, 0x20, 0x20, 0x6C, 0x65, 0x61, 0x76, 0x65,
    0x73, 0x20, 0x74, 0x68, 0x65, 0x20, 0x20, 0x20, 0x20, 0x66, 0x69, 0x65,
    0x6C, 0x64, 0x20, 0x20, 0x20, 0x20, 0x20, 0x20, 0x20, 0x5E, 0x62, 0x65,
    0x63, 0x61, 0x75, 0x73, 0x65, 0x20, 0x6F, 0x66, 0x20, 0x20, 0x61, 0x6E,
    0x20, 0x6F, 0x70, 0x70, 0x6F, 0x6E, 0x65, 0x6E, 0x74, 0x27, 0x73, 0x20,
    0x63, 0x61, 0x72, 0x64, 0x20, 0x65, 0x66, 0x66, 0x65, 0x63, 0x74, 0x20,
    0x20, 0x20, 0x77, 0x68, 0x69, 0x6C, 0x65, 0x20, 0x69, 0x74, 0x73, 0x20,
    0x20, 0x20, 0x20, 0x20, 0x6F, 0x77, 0x6E, 0x65, 0x72, 0x20, 0x20, 0x20,
    0x20, 0x20, 0x20, 0x20, 0x5E, 0x63, 0x6F, 0x6E, 0x74, 0x72, 0x6F, 0x6C,
    0x73, 0x20, 0x69, 0x74, 0x3A, 0x59, 0x6F, 0x75, 0x20, 0x63, 0x61, 0x6E,
    0x20, 0x20, 0x20, 0x20, 0x20, 0x20, 0x20, 0x53, 0x70, 0x65, 0x63, 0x69,
    0x61, 0x6C, 0x20, 0x53, 0x75, 0x6D, 0x6D, 0x6F, 0x6E, 0x31, 0x20, 0x41,
    0x6D, 0x61, 0x7A, 0x6F, 0x6E, 0x65, 0x73, 0x73, 0x20, 0x20, 0x20, 0x51,
    0x75, 0x65, 0x65, 0x6E, 0x20, 0x66, 0x72, 0x6F, 0x6D, 0x20, 0x20, 0x5E,
    0x79, 0x6F, 0x75, 0x72, 0x20, 0x68, 0x61, 0x6E, 0x64, 0x2C, 0x20, 0x20,
    0x44, 0x65, 0x63, 0x6B, 0x2C, 0x20, 0x6F, 0x72, 0x20, 0x47, 0x59, 0x2E,
    0x20, 0x20, 0x5E, 0x00,
};

const u8 gDescription_AmazonessPrincess[] APPEND_TEXT = {
    0x20, 0x20, 0x5E, 0x38, 0x54, 0x68, 0x69, 0x73, 0x20, 0x63, 0x61, 0x72,
    0x64, 0x27, 0x73, 0x20, 0x6E, 0x61, 0x6D, 0x65, 0x20, 0x62, 0x65, 0x63,
    0x6F, 0x6D, 0x65, 0x73, 0x20, 0x20, 0x41, 0x6D, 0x61, 0x7A, 0x6F, 0x6E,
    0x65, 0x73, 0x73, 0x20, 0x20, 0x20, 0x20, 0x20, 0x51, 0x75, 0x65, 0x65,
    0x6E, 0x20, 0x77, 0x68, 0x69, 0x6C, 0x65, 0x20, 0x6F, 0x6E, 0x74, 0x68,
    0x65, 0x20, 0x66, 0x69, 0x65, 0x6C, 0x64, 0x20, 0x6F, 0x72, 0x5E, 0x69,
    0x6E, 0x20, 0x74, 0x68, 0x65, 0x20, 0x47, 0x59, 0x2E, 0x20, 0x20, 0x49,
    0x66, 0x20, 0x74, 0x68, 0x69, 0x73, 0x20, 0x63, 0x61, 0x72, 0x64, 0x20,
    0x20, 0x69, 0x73, 0x20, 0x4E, 0x6F, 0x72, 0x6D, 0x61, 0x6C, 0x20, 0x6F,
    0x72, 0x20, 0x20, 0x53, 0x70, 0x65, 0x63, 0x69, 0x61, 0x6C, 0x20, 0x20,
    0x20, 0x20, 0x20, 0x20, 0x20, 0x53, 0x75, 0x6D, 0x6D, 0x6F, 0x6E, 0x65,
    0x64, 0x3A, 0x20, 0x20, 0x20, 0x5E, 0x59, 0x6F, 0x75, 0x20, 0x63, 0x61,
    0x6E, 0x20, 0x61, 0x64, 0x64, 0x20, 0x31, 0x20, 0x41, 0x6D, 0x61, 0x7A,
    0x6F, 0x6E, 0x65, 0x73, 0x73, 0x20, 0x20, 0x20, 0x53, 0x70, 0x65, 0x6C,
    0x6C, 0x2F, 0x54, 0x72, 0x61, 0x70, 0x20, 0x20, 0x20, 0x20, 0x66, 0x72,
    0x6F, 0x6D, 0x20, 0x79, 0x6F, 0x75, 0x72, 0x20, 0x44, 0x65, 0x63, 0x6B,
    0x74, 0x6F, 0x20, 0x79, 0x6F, 0x75, 0x72, 0x20, 0x20, 0x20, 0x20, 0x20,
    0x5E, 0x68, 0x61, 0x6E, 0x64, 0x2E, 0x20, 0x59, 0x6F, 0x75, 0x20, 0x20,
    0x20, 0x63, 0x61, 0x6E, 0x20, 0x6F, 0x6E, 0x6C, 0x79, 0x20, 0x75, 0x73,
    0x65, 0x20, 0x20, 0x74, 0x68, 0x69, 0x73, 0x20, 0x65, 0x66, 0x66, 0x65,
    0x63, 0x74, 0x20, 0x6F, 0x66, 0x41, 0x6D, 0x61, 0x7A, 0x6F, 0x6E, 0x65,
    0x73, 0x73, 0x20, 0x20, 0x20, 0x20, 0x20, 0x50, 0x72, 0x69, 0x6E, 0x63,
    0x65, 0x73, 0x73, 0x20, 0x20, 0x20, 0x20, 0x5E, 0x6F, 0x6E, 0x63, 0x65,
    0x20, 0x70, 0x65, 0x72, 0x20, 0x20, 0x20, 0x20, 0x74, 0x75, 0x72, 0x6E,
    0x2E, 0x20, 0x57, 0x68, 0x65, 0x6E, 0x20, 0x20, 0x20, 0x20, 0x74, 0x68,
    0x69, 0x73, 0x20, 0x63, 0x61, 0x72, 0x64, 0x20, 0x20, 0x20, 0x20, 0x20,
    0x64, 0x65, 0x63, 0x6C, 0x61, 0x72, 0x65, 0x73, 0x20, 0x61, 0x6E, 0x20,
    0x20, 0x20, 0x61, 0x74, 0x74, 0x61, 0x63, 0x6B, 0x3A, 0x20, 0x59, 0x6F,
    0x75, 0x20, 0x5E, 0x63, 0x61, 0x6E, 0x20, 0x73, 0x65, 0x6E, 0x64, 0x20,
    0x31, 0x20, 0x20, 0x6F, 0x74, 0x68, 0x65, 0x72, 0x20, 0x63, 0x61, 0x72,
    0x64, 0x20, 0x20, 0x20, 0x20, 0x66, 0x72, 0x6F, 0x6D, 0x20, 0x79, 0x6F,
    0x75, 0x72, 0x20, 0x68, 0x61, 0x6E, 0x64, 0x6F, 0x72, 0x20, 0x66, 0x69,
    0x65, 0x6C, 0x64, 0x20, 0x74, 0x6F, 0x20, 0x20, 0x20, 0x74, 0x68, 0x65,
    0x20, 0x47, 0x59, 0x3B, 0x20, 0x20, 0x20, 0x20, 0x20, 0x5E, 0x53, 0x70,
    0x65, 0x63, 0x69, 0x61, 0x6C, 0x20, 0x20, 0x20, 0x20, 0x20, 0x53, 0x75,
    0x6D, 0x6D, 0x6F, 0x6E, 0x20, 0x31, 0x20, 0x20, 0x20, 0x20, 0x20, 0x20,
    0x41, 0x6D, 0x61, 0x7A, 0x6F, 0x6E, 0x65, 0x73, 0x73, 0x20, 0x20, 0x20,
    0x20, 0x20, 0x6D, 0x6F, 0x6E, 0x73, 0x74, 0x65, 0x72, 0x20, 0x66, 0x72,
    0x6F, 0x6D, 0x20, 0x20, 0x79, 0x6F, 0x75, 0x72, 0x20, 0x44, 0x65, 0x63,
    0x6B, 0x20, 0x69, 0x6E, 0x5E, 0x44, 0x65, 0x66, 0x65, 0x6E, 0x73, 0x65,
    0x20, 0x20, 0x20, 0x20, 0x20, 0x50, 0x6F, 0x73, 0x69, 0x74, 0x69, 0x6F,
    0x6E, 0x2C, 0x20, 0x20, 0x20, 0x20, 0x20, 0x65, 0x78, 0x63, 0x65, 0x70,
    0x74, 0x20, 0x20, 0x20, 0x20, 0x20, 0x20, 0x20, 0x20, 0x41, 0x6D, 0x61,
    0x7A, 0x6F, 0x6E, 0x65, 0x73, 0x73, 0x20, 0x20, 0x20, 0x20, 0x20, 0x50,
    0x72, 0x69, 0x6E, 0x63, 0x65, 0x73, 0x73, 0x2E, 0x20, 0x20, 0x20, 0x5E,
    0x00,
};

const u8 gDescription_AmazonessQueen[] APPEND_TEXT = {
    0x20, 0x20, 0x5E, 0x32, 0x41, 0x6D, 0x61, 0x7A, 0x6F, 0x6E, 0x65, 0x73,
    0x73, 0x20, 0x20, 0x20, 0x6D, 0x6F, 0x6E, 0x73, 0x74, 0x65, 0x72, 0x73,
    0x20, 0x79, 0x6F, 0x75, 0x20, 0x20, 0x63, 0x6F, 0x6E, 0x74, 0x72, 0x6F,
    0x6C, 0x20, 0x63, 0x61, 0x6E, 0x6E, 0x6F, 0x74, 0x62, 0x65, 0x20, 0x64,
    0x65, 0x73, 0x74, 0x72, 0x6F, 0x79, 0x65, 0x64, 0x20, 0x20, 0x62, 0x79,
    0x20, 0x62, 0x61, 0x74, 0x74, 0x6C, 0x65, 0x2E, 0x20, 0x20, 0x5E, 0x5E,
    0x00,
};

const u8 gDescription_AmazonessCall[] APPEND_TEXT = {
    0x20, 0x20, 0x5E, 0x37, 0x54, 0x61, 0x6B, 0x65, 0x20, 0x31, 0x20, 0x20,
    0x20, 0x20, 0x20, 0x20, 0x41, 0x6D, 0x61, 0x7A, 0x6F, 0x6E, 0x65, 0x73,
    0x73, 0x20, 0x63, 0x61, 0x72, 0x64, 0x66, 0x72, 0x6F, 0x6D, 0x20, 0x79,
    0x6F, 0x75, 0x72, 0x20, 0x20, 0x20, 0x20, 0x20, 0x44, 0x65, 0x63, 0x6B,
    0x2C, 0x20, 0x65, 0x78, 0x63, 0x65, 0x70, 0x74, 0x20, 0x20, 0x41, 0x6D,
    0x61, 0x7A, 0x6F, 0x6E, 0x65, 0x73, 0x73, 0x20, 0x20, 0x20, 0x5E, 0x43,
    0x61, 0x6C, 0x6C, 0x2C, 0x20, 0x61, 0x6E, 0x64, 0x20, 0x20, 0x20, 0x65,
    0x69, 0x74, 0x68, 0x65, 0x72, 0x20, 0x61, 0x64, 0x64, 0x20, 0x69, 0x74,
    0x20, 0x74, 0x6F, 0x20, 0x79, 0x6F, 0x75, 0x72, 0x20, 0x68, 0x61, 0x6E,
    0x64, 0x20, 0x20, 0x6F, 0x72, 0x20, 0x73, 0x65, 0x6E, 0x64, 0x20, 0x69,
    0x74, 0x20, 0x74, 0x6F, 0x20, 0x74, 0x68, 0x65, 0x20, 0x47, 0x59, 0x2E,
    0x20, 0x20, 0x20, 0x20, 0x20, 0x5E, 0x44, 0x75, 0x72, 0x69, 0x6E, 0x67,
    0x20, 0x79, 0x6F, 0x75, 0x72, 0x20, 0x4D, 0x61, 0x69, 0x6E, 0x20, 0x50,
    0x68, 0x61, 0x73, 0x65, 0x3A, 0x20, 0x20, 0x20, 0x59, 0x6F, 0x75, 0x20,
    0x63, 0x61, 0x6E, 0x20, 0x62, 0x61, 0x6E, 0x69, 0x73, 0x68, 0x74, 0x68,
    0x69, 0x73, 0x20, 0x63, 0x61, 0x72, 0x64, 0x20, 0x66, 0x72, 0x6F, 0x6D,
    0x79, 0x6F, 0x75, 0x72, 0x20, 0x47, 0x59, 0x2C, 0x20, 0x20, 0x20, 0x20,
    0x5E, 0x74, 0x68, 0x65, 0x6E, 0x20, 0x74, 0x61, 0x72, 0x67, 0x65, 0x74,
    0x20, 0x31, 0x20, 0x41, 0x6D, 0x61, 0x7A, 0x6F, 0x6E, 0x65, 0x73, 0x73,
    0x20, 0x20, 0x20, 0x6D, 0x6F, 0x6E, 0x73, 0x74, 0x65, 0x72, 0x20, 0x79,
    0x6F, 0x75, 0x20, 0x20, 0x20, 0x63, 0x6F, 0x6E, 0x74, 0x72, 0x6F, 0x6C,
    0x3B, 0x20, 0x74, 0x68, 0x69, 0x73, 0x20, 0x74, 0x75, 0x72, 0x6E, 0x2C,
    0x20, 0x74, 0x68, 0x61, 0x74, 0x20, 0x20, 0x5E, 0x6D, 0x6F, 0x6E, 0x73,
    0x74, 0x65, 0x72, 0x20, 0x63, 0x61, 0x6E, 0x20, 0x61, 0x74, 0x74, 0x61,
    0x63, 0x6B, 0x20, 0x61, 0x6C, 0x6C, 0x20, 0x20, 0x20, 0x20, 0x6D, 0x6F,
    0x6E, 0x73, 0x74, 0x65, 0x72, 0x73, 0x20, 0x79, 0x6F, 0x75, 0x72, 0x20,
    0x6F, 0x70, 0x70, 0x6F, 0x6E, 0x65, 0x6E, 0x74, 0x20, 0x20, 0x20, 0x20,
    0x20, 0x20, 0x63, 0x6F, 0x6E, 0x74, 0x72, 0x6F, 0x6C, 0x73, 0x2C, 0x20,
    0x20, 0x20, 0x5E, 0x6F, 0x6E, 0x63, 0x65, 0x20, 0x65, 0x61, 0x63, 0x68,
    0x2C, 0x20, 0x20, 0x61, 0x6C, 0x73, 0x6F, 0x20, 0x6F, 0x74, 0x68, 0x65,
    0x72, 0x20, 0x20, 0x20, 0x20, 0x6D, 0x6F, 0x6E, 0x73, 0x74, 0x65, 0x72,
    0x73, 0x20, 0x79, 0x6F, 0x75, 0x20, 0x20, 0x63, 0x6F, 0x6E, 0x74, 0x72,
    0x6F, 0x6C, 0x20, 0x63, 0x61, 0x6E, 0x6E, 0x6F, 0x74, 0x61, 0x74, 0x74,
    0x61, 0x63, 0x6B, 0x2E, 0x20, 0x59, 0x6F, 0x75, 0x20, 0x5E, 0x63, 0x61,
    0x6E, 0x20, 0x6F, 0x6E, 0x6C, 0x79, 0x20, 0x20, 0x20, 0x20, 0x61, 0x63,
    0x74, 0x69, 0x76, 0x61, 0x74, 0x65, 0x20, 0x31, 0x20, 0x20, 0x20, 0x20,
    0x41, 0x6D, 0x61, 0x7A, 0x6F, 0x6E, 0x65, 0x73, 0x73, 0x20, 0x43, 0x61,
    0x6C, 0x6C, 0x70, 0x65, 0x72, 0x20, 0x74, 0x75, 0x72, 0x6E, 0x2E, 0x20,
    0x20, 0x20, 0x20, 0x20, 0x5E, 0x00,
};

const u8 gDescription_AmazonessOnslaught[] APPEND_TEXT = {
    0x20, 0x20, 0x5E, 0x32, 0x4F, 0x6E, 0x63, 0x65, 0x20, 0x70, 0x65, 0x72,
    0x20, 0x74, 0x75, 0x72, 0x6E, 0x2C, 0x20, 0x64, 0x75, 0x72, 0x69, 0x6E,
    0x67, 0x20, 0x74, 0x68, 0x65, 0x20, 0x42, 0x61, 0x74, 0x74, 0x6C, 0x65,
    0x20, 0x50, 0x68, 0x61, 0x73, 0x65, 0x3A, 0x20, 0x59, 0x6F, 0x75, 0x20,
    0x63, 0x61, 0x6E, 0x20, 0x53, 0x70, 0x65, 0x63, 0x69, 0x61, 0x6C, 0x20,
    0x53, 0x75, 0x6D, 0x6D, 0x6F, 0x6E, 0x20, 0x31, 0x20, 0x41, 0x6D, 0x61,
    0x7A, 0x6F, 0x6E, 0x65, 0x73, 0x73, 0x20, 0x6D, 0x6F, 0x6E, 0x73, 0x74,
    0x65, 0x72, 0x20, 0x66, 0x72, 0x6F, 0x6D, 0x20, 0x79, 0x6F, 0x75, 0x72,
    0x20, 0x68, 0x61, 0x6E, 0x64, 0x2C, 0x20, 0x61, 0x6E, 0x64, 0x20, 0x69,
    0x66, 0x20, 0x79, 0x6F, 0x75, 0x20, 0x64, 0x6F, 0x2C, 0x20, 0x69, 0x74,
    0x20, 0x67, 0x61, 0x69, 0x6E, 0x73, 0x20, 0x35, 0x30, 0x30, 0x20, 0x41,
    0x54, 0x4B, 0x20, 0x75, 0x6E, 0x74, 0x69, 0x6C, 0x20, 0x74, 0x68, 0x65,
    0x20, 0x65, 0x6E, 0x64, 0x20, 0x6F, 0x66, 0x20, 0x74, 0x68, 0x69, 0x73,
    0x20, 0x74, 0x75, 0x72, 0x6E, 0x20, 0x28, 0x65, 0x76, 0x65, 0x6E, 0x20,
    0x69, 0x66, 0x20, 0x74, 0x68, 0x69, 0x73, 0x20, 0x63, 0x61, 0x72, 0x64,
    0x20, 0x6C, 0x65, 0x61, 0x76, 0x65, 0x73, 0x20, 0x74, 0x68, 0x65, 0x20,
    0x66, 0x69, 0x65, 0x6C, 0x64, 0x29, 0x2E, 0x20, 0x41, 0x66, 0x74, 0x65,
    0x72, 0x20, 0x64, 0x61, 0x6D, 0x61, 0x67, 0x65, 0x20, 0x63, 0x61, 0x6C,
    0x63, 0x75, 0x6C, 0x61, 0x74, 0x69, 0x6F, 0x6E, 0x2C, 0x20, 0x69, 0x66,
    0x20, 0x79, 0x6F, 0x75, 0x72, 0x20, 0x41, 0x6D, 0x61, 0x7A, 0x6F, 0x6E,
    0x65, 0x73, 0x73, 0x20, 0x6D, 0x6F, 0x6E, 0x73, 0x74, 0x65, 0x72, 0x20,
    0x62, 0x61, 0x74, 0x74, 0x6C, 0x65, 0x64, 0x20, 0x61, 0x6E, 0x20, 0x6F,
    0x70, 0x70, 0x6F, 0x6E, 0x65, 0x6E, 0x74, 0x27, 0x73, 0x20, 0x6D, 0x6F,
    0x6E, 0x73, 0x74, 0x65, 0x72, 0x20, 0x77, 0x68, 0x69, 0x6C, 0x65, 0x20,
    0x74, 0x68, 0x69, 0x73, 0x20, 0x63, 0x61, 0x72, 0x64, 0x20, 0x69, 0x73,
    0x20, 0x61, 0x6C, 0x72, 0x65, 0x61, 0x64, 0x79, 0x20, 0x66, 0x61, 0x63,
    0x65, 0x2D, 0x75, 0x70, 0x20, 0x69, 0x6E, 0x20, 0x79, 0x6F, 0x75, 0x72,
    0x20, 0x53, 0x70, 0x65, 0x6C, 0x6C, 0x20, 0x26, 0x20, 0x54, 0x72, 0x61,
    0x70, 0x20, 0x5A, 0x6F, 0x6E, 0x65, 0x3A, 0x20, 0x59, 0x6F, 0x75, 0x20,
    0x63, 0x61, 0x6E, 0x20, 0x62, 0x61, 0x6E, 0x69, 0x73, 0x68, 0x20, 0x74,
    0x68, 0x61, 0x74, 0x20, 0x6F, 0x70, 0x70, 0x6F, 0x6E, 0x65, 0x6E, 0x74,
    0x27, 0x73, 0x20, 0x6D, 0x6F, 0x6E, 0x73, 0x74, 0x65, 0x72, 0x2E, 0x20,
    0x49, 0x66, 0x20, 0x74, 0x68, 0x69, 0x73, 0x20, 0x63, 0x61, 0x72, 0x64,
    0x20, 0x6F, 0x6E, 0x20, 0x74, 0x68, 0x65, 0x20, 0x66, 0x69, 0x65, 0x6C,
    0x64, 0x20, 0x69, 0x73, 0x20, 0x64, 0x65, 0x73, 0x74, 0x72, 0x6F, 0x79,
    0x65, 0x64, 0x20, 0x61, 0x6E, 0x64, 0x20, 0x73, 0x65, 0x6E, 0x74, 0x20,
    0x74, 0x6F, 0x20, 0x74, 0x68, 0x65, 0x20, 0x47, 0x59, 0x3A, 0x20, 0x59,
    0x6F, 0x75, 0x20, 0x63, 0x61, 0x6E, 0x20, 0x74, 0x61, 0x72, 0x67, 0x65,
    0x74, 0x20, 0x31, 0x20, 0x41, 0x6D, 0x61, 0x7A, 0x6F, 0x6E, 0x65, 0x73,
    0x73, 0x20, 0x6D, 0x6F, 0x6E, 0x73, 0x74, 0x65, 0x72, 0x20, 0x69, 0x6E,
    0x20, 0x79, 0x6F, 0x75, 0x72, 0x20, 0x47, 0x59, 0x3B, 0x20, 0x53, 0x70,
    0x65, 0x63, 0x69, 0x61, 0x6C, 0x20, 0x53, 0x75, 0x6D, 0x6D, 0x6F, 0x6E,
    0x20, 0x69, 0x74, 0x2E, 0x5E, 0x5E, 0x00,
};

const u8 gDescription_AmazonessVillage[] APPEND_TEXT = {
    0x20, 0x20, 0x5E, 0x35, 0x41, 0x6C, 0x6C, 0x20, 0x20, 0x20, 0x20, 0x20,
    0x20, 0x20, 0x20, 0x20, 0x41, 0x6D, 0x61, 0x7A, 0x6F, 0x6E, 0x65, 0x73,
    0x73, 0x20, 0x20, 0x20, 0x20, 0x20, 0x6D, 0x6F, 0x6E, 0x73, 0x74, 0x65,
    0x72, 0x73, 0x20, 0x67, 0x61, 0x69, 0x6E, 0x20, 0x32, 0x30, 0x30, 0x20,
    0x41, 0x54, 0x4B, 0x2E, 0x20, 0x4F, 0x6E, 0x63, 0x65, 0x20, 0x70, 0x65,
    0x72, 0x20, 0x74, 0x75, 0x72, 0x6E, 0x2C, 0x20, 0x20, 0x20, 0x5E, 0x77,
    0x68, 0x65, 0x6E, 0x20, 0x61, 0x6E, 0x20, 0x20, 0x20, 0x20, 0x20, 0x41,
    0x6D, 0x61, 0x7A, 0x6F, 0x6E, 0x65, 0x73, 0x73, 0x20, 0x20, 0x20, 0x20,
    0x20, 0x6D, 0x6F, 0x6E, 0x73, 0x74, 0x65, 0x72, 0x20, 0x69, 0x73, 0x20,
    0x20, 0x20, 0x20, 0x64, 0x65, 0x73, 0x74, 0x72, 0x6F, 0x79, 0x65, 0x64,
    0x20, 0x62, 0x79, 0x20, 0x20, 0x62, 0x61, 0x74, 0x74, 0x6C, 0x65, 0x20,
    0x6F, 0x72, 0x20, 0x20, 0x20, 0x5E, 0x63, 0x61, 0x72, 0x64, 0x20, 0x65,
    0x66, 0x66, 0x65, 0x63, 0x74, 0x20, 0x61, 0x6E, 0x64, 0x20, 0x73, 0x65,
    0x6E, 0x74, 0x20, 0x74, 0x6F, 0x20, 0x20, 0x20, 0x74, 0x68, 0x65, 0x20,
    0x47, 0x59, 0x3A, 0x20, 0x59, 0x6F, 0x75, 0x20, 0x20, 0x20, 0x63, 0x61,
    0x6E, 0x20, 0x53, 0x70, 0x65, 0x63, 0x69, 0x61, 0x6C, 0x20, 0x20, 0x20,
    0x53, 0x75, 0x6D, 0x6D, 0x6F, 0x6E, 0x20, 0x31, 0x20, 0x20, 0x20, 0x20,
    0x5E, 0x41, 0x6D, 0x61, 0x7A, 0x6F, 0x6E, 0x65, 0x73, 0x73, 0x20, 0x20,
    0x20, 0x6D, 0x6F, 0x6E, 0x73, 0x74, 0x65, 0x72, 0x20, 0x66, 0x72, 0x6F,
    0x6D, 0x20, 0x20, 0x79, 0x6F, 0x75, 0x72, 0x20, 0x44, 0x65, 0x63, 0x6B,
    0x20, 0x77, 0x69, 0x74, 0x68, 0x61, 0x20, 0x4C, 0x65, 0x76, 0x65, 0x6C,
    0x20, 0x6C, 0x65, 0x73, 0x73, 0x20, 0x20, 0x74, 0x68, 0x61, 0x6E, 0x20,
    0x6F, 0x72, 0x20, 0x20, 0x20, 0x20, 0x20, 0x5E, 0x65, 0x71, 0x75, 0x61,
    0x6C, 0x20, 0x74, 0x6F, 0x20, 0x20, 0x20, 0x20, 0x74, 0x68, 0x61, 0x74,
    0x20, 0x41, 0x6D, 0x61, 0x7A, 0x6F, 0x6E, 0x65, 0x73, 0x73, 0x6D, 0x6F,
    0x6E, 0x73, 0x74, 0x65, 0x72, 0x20, 0x69, 0x6E, 0x20, 0x74, 0x68, 0x65,
    0x47, 0x59, 0x2E, 0x20, 0x20, 0x20, 0x20, 0x20, 0x20, 0x20, 0x20, 0x20,
    0x20, 0x20, 0x5E, 0x00,
};

const u8 gDescription_AshBlossomAndJoyousSpring[] APPEND_TEXT = {
    0x20, 0x20, 0x5E, 0x36, 0x57, 0x68, 0x65, 0x6E, 0x20, 0x61, 0x20, 0x63,
    0x61, 0x72, 0x64, 0x20, 0x6F, 0x72, 0x20, 0x65, 0x66, 0x66, 0x65, 0x63,
    0x74, 0x20, 0x69, 0x73, 0x20, 0x20, 0x61, 0x63, 0x74, 0x69, 0x76, 0x61,
    0x74, 0x65, 0x64, 0x20, 0x74, 0x68, 0x61, 0x74, 0x69, 0x6E, 0x63, 0x6C,
    0x75, 0x64, 0x65, 0x73, 0x20, 0x61, 0x6E, 0x79, 0x20, 0x20, 0x6F, 0x66,
    0x20, 0x74, 0x68, 0x65, 0x73, 0x65, 0x20, 0x20, 0x20, 0x20, 0x5E, 0x65,
    0x66, 0x66, 0x65, 0x63, 0x74, 0x73, 0x20, 0x20, 0x20, 0x20, 0x20, 0x28,
    0x51, 0x75, 0x69, 0x63, 0x6B, 0x20, 0x20, 0x20, 0x20, 0x20, 0x20, 0x20,
    0x20, 0x45, 0x66, 0x66, 0x65, 0x63, 0x74, 0x29, 0x3A, 0x20, 0x59, 0x6F,
    0x75, 0x20, 0x20, 0x63, 0x61, 0x6E, 0x20, 0x64, 0x69, 0x73, 0x63, 0x61,
    0x72, 0x64, 0x20, 0x20, 0x20, 0x74, 0x68, 0x69, 0x73, 0x20, 0x63, 0x61,
    0x72, 0x64, 0x3B, 0x20, 0x20, 0x5E, 0x6E, 0x65, 0x67, 0x61, 0x74, 0x65,
    0x20, 0x74, 0x68, 0x61, 0x74, 0x20, 0x65, 0x66, 0x66, 0x65, 0x63, 0x74,
    0x2E, 0x20, 0x2D, 0x20, 0x41, 0x64, 0x64, 0x20, 0x61, 0x20, 0x63, 0x61,
    0x72, 0x64, 0x20, 0x66, 0x72, 0x6F, 0x6D, 0x20, 0x20, 0x20, 0x74, 0x68,
    0x65, 0x20, 0x44, 0x65, 0x63, 0x6B, 0x20, 0x74, 0x6F, 0x20, 0x20, 0x20,
    0x74, 0x68, 0x65, 0x20, 0x68, 0x61, 0x6E, 0x64, 0x2E, 0x20, 0x2D, 0x20,
    0x5E, 0x53, 0x70, 0x65, 0x63, 0x69, 0x61, 0x6C, 0x20, 0x20, 0x20, 0x20,
    0x20, 0x53, 0x75, 0x6D, 0x6D, 0x6F, 0x6E, 0x20, 0x66, 0x72, 0x6F, 0x6D,
    0x20, 0x20, 0x20, 0x74, 0x68, 0x65, 0x20, 0x44, 0x65, 0x63, 0x6B, 0x2E,
    0x20, 0x2D, 0x20, 0x20, 0x20, 0x53, 0x65, 0x6E, 0x64, 0x20, 0x61, 0x20,
    0x63, 0x61, 0x72, 0x64, 0x20, 0x20, 0x20, 0x66, 0x72, 0x6F, 0x6D, 0x20,
    0x74, 0x68, 0x65, 0x20, 0x20, 0x20, 0x20, 0x5E, 0x44, 0x65, 0x63, 0x6B,
    0x20, 0x74, 0x6F, 0x20, 0x74, 0x68, 0x65, 0x20, 0x47, 0x59, 0x2E, 0x20,
    0x59, 0x6F, 0x75, 0x20, 0x63, 0x61, 0x6E, 0x20, 0x20, 0x20, 0x6F, 0x6E,
    0x6C, 0x79, 0x20, 0x75, 0x73, 0x65, 0x20, 0x74, 0x68, 0x69, 0x73, 0x20,
    0x65, 0x66, 0x66, 0x65, 0x63, 0x74, 0x20, 0x6F, 0x66, 0x20, 0x41, 0x73,
    0x68, 0x20, 0x42, 0x6C, 0x6F, 0x73, 0x73, 0x6F, 0x6D, 0x20, 0x26, 0x20,
    0x20, 0x20, 0x5E, 0x4A, 0x6F, 0x79, 0x6F, 0x75, 0x73, 0x20, 0x20, 0x20,
    0x20, 0x20, 0x20, 0x53, 0x70, 0x72, 0x69, 0x6E, 0x67, 0x20, 0x6F, 0x6E,
    0x63, 0x65, 0x20, 0x20, 0x20, 0x70, 0x65, 0x72, 0x20, 0x74, 0x75, 0x72,
    0x6E, 0x2E, 0x20, 0x20, 0x20, 0x20, 0x20, 0x5E, 0x00,
};

const u8 gDescription_ForbiddenChalice[] APPEND_TEXT = {
    0x20, 0x20, 0x5E, 0x33, 0x54, 0x61, 0x72, 0x67, 0x65, 0x74, 0x20, 0x31,
    0x20, 0x20, 0x20, 0x20, 0x66, 0x61, 0x63, 0x65, 0x2D, 0x75, 0x70, 0x20,
    0x20, 0x20, 0x20, 0x20, 0x20, 0x20, 0x6D, 0x6F, 0x6E, 0x73, 0x74, 0x65,
    0x72, 0x20, 0x6F, 0x6E, 0x20, 0x74, 0x68, 0x65, 0x66, 0x69, 0x65, 0x6C,
    0x64, 0x3B, 0x20, 0x75, 0x6E, 0x74, 0x69, 0x6C, 0x20, 0x20, 0x74, 0x68,
    0x65, 0x20, 0x65, 0x6E, 0x64, 0x20, 0x6F, 0x66, 0x20, 0x20, 0x5E, 0x74,
    0x68, 0x69, 0x73, 0x20, 0x74, 0x75, 0x72, 0x6E, 0x2C, 0x20, 0x20, 0x74,
    0x68, 0x61, 0x74, 0x20, 0x74, 0x61, 0x72, 0x67, 0x65, 0x74, 0x20, 0x20,
    0x20, 0x67, 0x61, 0x69, 0x6E, 0x73, 0x20, 0x34, 0x30, 0x30, 0x20, 0x41,
    0x54, 0x4B, 0x2C, 0x62, 0x75, 0x74, 0x20, 0x69, 0x74, 0x73, 0x20, 0x20,
    0x20, 0x20, 0x20, 0x20, 0x20, 0x65, 0x66, 0x66, 0x65, 0x63, 0x74, 0x73,
    0x20, 0x61, 0x72, 0x65, 0x20, 0x5E, 0x6E, 0x65, 0x67, 0x61, 0x74, 0x65,
    0x64, 0x2E, 0x20, 0x20, 0x20, 0x20, 0x5E, 0x00,
};

const u8 gDescription_ForbiddenLance[] APPEND_TEXT = {
    0x20, 0x20, 0x5E, 0x33, 0x54, 0x61, 0x72, 0x67, 0x65, 0x74, 0x20, 0x31,
    0x20, 0x20, 0x20, 0x20, 0x66, 0x61, 0x63, 0x65, 0x2D, 0x75, 0x70, 0x20,
    0x20, 0x20, 0x20, 0x20, 0x20, 0x20, 0x6D, 0x6F, 0x6E, 0x73, 0x74, 0x65,
    0x72, 0x20, 0x6F, 0x6E, 0x20, 0x74, 0x68, 0x65, 0x66, 0x69, 0x65, 0x6C,
    0x64, 0x3B, 0x20, 0x75, 0x6E, 0x74, 0x69, 0x6C, 0x20, 0x20, 0x74, 0x68,
    0x65, 0x20, 0x65, 0x6E, 0x64, 0x20, 0x6F, 0x66, 0x20, 0x20, 0x5E, 0x74,
    0x68, 0x69, 0x73, 0x20, 0x74, 0x75, 0x72, 0x6E, 0x2C, 0x20, 0x20, 0x74,
    0x68, 0x61, 0x74, 0x20, 0x74, 0x61, 0x72, 0x67, 0x65, 0x74, 0x20, 0x20,
    0x20, 0x6C, 0x6F, 0x73, 0x65, 0x73, 0x20, 0x38, 0x30, 0x30, 0x20, 0x41,
    0x54, 0x4B, 0x2C, 0x62, 0x75, 0x74, 0x20, 0x69, 0x73, 0x20, 0x20, 0x20,
    0x20, 0x20, 0x20, 0x20, 0x20, 0x75, 0x6E, 0x61, 0x66, 0x66, 0x65, 0x63,
    0x74, 0x65, 0x64, 0x20, 0x20, 0x5E, 0x62, 0x79, 0x20, 0x74, 0x68, 0x65,
    0x20, 0x20, 0x20, 0x20, 0x20, 0x20, 0x65, 0x66, 0x66, 0x65, 0x63, 0x74,
    0x73, 0x20, 0x6F, 0x66, 0x20, 0x20, 0x20, 0x20, 0x6F, 0x74, 0x68, 0x65,
    0x72, 0x20, 0x20, 0x20, 0x20, 0x20, 0x20, 0x20, 0x20, 0x20, 0x53, 0x70,
    0x65, 0x6C, 0x6C, 0x73, 0x2F, 0x54, 0x72, 0x61, 0x70, 0x73, 0x2E, 0x20,
    0x5E, 0x00,
};

const u8 gDescription_GravekeepersChief[] APPEND_TEXT = {
    0x20, 0x20, 0x5E, 0x34, 0x59, 0x6F, 0x75, 0x20, 0x63, 0x61, 0x6E, 0x20,
    0x6F, 0x6E, 0x6C, 0x79, 0x63, 0x6F, 0x6E, 0x74, 0x72, 0x6F, 0x6C, 0x20,
    0x31, 0x20, 0x20, 0x20, 0x20, 0x20, 0x66, 0x61, 0x63, 0x65, 0x2D, 0x75,
    0x70, 0x20, 0x20, 0x20, 0x20, 0x20, 0x20, 0x20, 0x47, 0x72, 0x61, 0x76,
    0x65, 0x6B, 0x65, 0x65, 0x70, 0x65, 0x72, 0x27, 0x73, 0x20, 0x43, 0x68,
    0x69, 0x65, 0x66, 0x2E, 0x20, 0x59, 0x6F, 0x75, 0x72, 0x20, 0x5E, 0x47,
    0x59, 0x20, 0x69, 0x73, 0x20, 0x20, 0x20, 0x20, 0x20, 0x20, 0x20, 0x75,
    0x6E, 0x61, 0x66, 0x66, 0x65, 0x63, 0x74, 0x65, 0x64, 0x20, 0x62, 0x79,
    0x20, 0x4E, 0x65, 0x63, 0x72, 0x6F, 0x76, 0x61, 0x6C, 0x6C, 0x65, 0x79,
    0x2E, 0x20, 0x20, 0x57, 0x68, 0x65, 0x6E, 0x20, 0x74, 0x68, 0x69, 0x73,
    0x20, 0x63, 0x61, 0x72, 0x64, 0x69, 0x73, 0x20, 0x54, 0x72, 0x69, 0x62,
    0x75, 0x74, 0x65, 0x20, 0x20, 0x5E, 0x53, 0x75, 0x6D, 0x6D, 0x6F, 0x6E,
    0x65, 0x64, 0x3A, 0x20, 0x20, 0x20, 0x59, 0x6F, 0x75, 0x20, 0x63, 0x61,
    0x6E, 0x20, 0x74, 0x61, 0x72, 0x67, 0x65, 0x74, 0x31, 0x20, 0x20, 0x20,
    0x20, 0x20, 0x20, 0x20, 0x20, 0x20, 0x20, 0x20, 0x20, 0x20, 0x47, 0x72,
    0x61, 0x76, 0x65, 0x6B, 0x65, 0x65, 0x70, 0x65, 0x72, 0x27, 0x73, 0x20,
    0x6D, 0x6F, 0x6E, 0x73, 0x74, 0x65, 0x72, 0x20, 0x69, 0x6E, 0x20, 0x20,
    0x5E, 0x79, 0x6F, 0x75, 0x72, 0x20, 0x47, 0x59, 0x3B, 0x20, 0x20, 0x20,
    0x20, 0x53, 0x70, 0x65, 0x63, 0x69, 0x61, 0x6C, 0x20, 0x53, 0x75, 0x6D,
    0x6D, 0x6F, 0x6E, 0x74, 0x68, 0x61, 0x74, 0x20, 0x74, 0x61, 0x72, 0x67,
    0x65, 0x74, 0x2E, 0x20, 0x20, 0x5E, 0x00,
};

const u8 gDescription_GravekeepersCommandant[] APPEND_TEXT = {
    0x20, 0x20, 0x5E, 0x32, 0x59, 0x6F, 0x75, 0x20, 0x63, 0x61, 0x6E, 0x20,
    0x20, 0x20, 0x20, 0x20, 0x64, 0x69, 0x73, 0x63, 0x61, 0x72, 0x64, 0x20,
    0x74, 0x68, 0x69, 0x73, 0x20, 0x20, 0x63, 0x61, 0x72, 0x64, 0x20, 0x74,
    0x6F, 0x20, 0x74, 0x68, 0x65, 0x20, 0x20, 0x20, 0x47, 0x72, 0x61, 0x76,
    0x65, 0x79, 0x61, 0x72, 0x64, 0x3B, 0x20, 0x61, 0x64, 0x64, 0x31, 0x20,
    0x20, 0x20, 0x20, 0x20, 0x20, 0x20, 0x20, 0x20, 0x20, 0x20, 0x5E, 0x4E,
    0x65, 0x63, 0x72, 0x6F, 0x76, 0x61, 0x6C, 0x6C, 0x65, 0x79, 0x20, 0x66,
    0x72, 0x6F, 0x6D, 0x20, 0x79, 0x6F, 0x75, 0x72, 0x20, 0x44, 0x65, 0x63,
    0x6B, 0x74, 0x6F, 0x20, 0x79, 0x6F, 0x75, 0x72, 0x20, 0x68, 0x61, 0x6E,
    0x64, 0x2E, 0x20, 0x5E, 0x00,
};

const u8 gDescription_GravekeepersHeadman[] APPEND_TEXT = {
    0x20, 0x20, 0x5E, 0x35, 0x49, 0x66, 0x20, 0x74, 0x68, 0x69, 0x73, 0x20,
    0x63, 0x61, 0x72, 0x64, 0x69, 0x73, 0x20, 0x53, 0x75, 0x6D, 0x6D, 0x6F,
    0x6E, 0x65, 0x64, 0x3A, 0x20, 0x20, 0x59, 0x6F, 0x75, 0x20, 0x63, 0x61,
    0x6E, 0x20, 0x74, 0x61, 0x72, 0x67, 0x65, 0x74, 0x31, 0x20, 0x4C, 0x65,
    0x76, 0x65, 0x6C, 0x20, 0x34, 0x20, 0x20, 0x20, 0x20, 0x20, 0x47, 0x72,
    0x61, 0x76, 0x65, 0x6B, 0x65, 0x65, 0x70, 0x65, 0x72, 0x2D, 0x5E, 0x6D,
    0x6F, 0x6E, 0x73, 0x74, 0x65, 0x72, 0x20, 0x69, 0x6E, 0x20, 0x20, 0x79,
    0x6F, 0x75, 0x72, 0x20, 0x47, 0x59, 0x3B, 0x20, 0x20, 0x20, 0x20, 0x20,
    0x20, 0x53, 0x70, 0x65, 0x63, 0x69, 0x61, 0x6C, 0x20, 0x53, 0x75, 0x6D,
    0x6D, 0x6F, 0x6E, 0x69, 0x74, 0x20, 0x69, 0x6E, 0x20, 0x41, 0x74, 0x74,
    0x61, 0x63, 0x6B, 0x20, 0x20, 0x50, 0x6F, 0x73, 0x69, 0x74, 0x69, 0x6F,
    0x6E, 0x20, 0x6F, 0x72, 0x20, 0x5E, 0x66, 0x61, 0x63, 0x65, 0x2D, 0x64,
    0x6F, 0x77, 0x6E, 0x20, 0x20, 0x20, 0x44, 0x65, 0x66, 0x65, 0x6E, 0x73,
    0x65, 0x20, 0x20, 0x20, 0x20, 0x20, 0x20, 0x20, 0x50, 0x6F, 0x73, 0x69,
    0x74, 0x69, 0x6F, 0x6E, 0x2E, 0x20, 0x59, 0x6F, 0x75, 0x20, 0x63, 0x61,
    0x6E, 0x20, 0x6F, 0x6E, 0x6C, 0x79, 0x20, 0x75, 0x73, 0x65, 0x20, 0x20,
    0x74, 0x68, 0x69, 0x73, 0x20, 0x65, 0x66, 0x66, 0x65, 0x63, 0x74, 0x20,
    0x5E, 0x6F, 0x66, 0x20, 0x27, 0x73, 0x20, 0x20, 0x20, 0x20, 0x20, 0x20,
    0x20, 0x48, 0x65, 0x61, 0x64, 0x6D, 0x61, 0x6E, 0x20, 0x6F, 0x6E, 0x63,
    0x65, 0x20, 0x20, 0x70, 0x65, 0x72, 0x20, 0x74, 0x75, 0x72, 0x6E, 0x2E,
    0x20, 0x54, 0x68, 0x69, 0x73, 0x65, 0x66, 0x66, 0x65, 0x63, 0x74, 0x20,
    0x69, 0x73, 0x20, 0x20, 0x20, 0x20, 0x20, 0x75, 0x6E, 0x61, 0x66, 0x66,
    0x65, 0x63, 0x74, 0x65, 0x64, 0x20, 0x20, 0x5E, 0x62, 0x79, 0x20, 0x20,
    0x20, 0x20, 0x20, 0x20, 0x20, 0x20, 0x20, 0x20, 0x4E, 0x65, 0x63, 0x72,
    0x6F, 0x76, 0x61, 0x6C, 0x6C, 0x65, 0x79, 0x2E, 0x20, 0x20, 0x5E, 0x00,
};

const u8 gDescription_GravekeepersOracle[] APPEND_TEXT = {
    0x20, 0x20, 0x5E, 0x39, 0x59, 0x6F, 0x75, 0x20, 0x63, 0x61, 0x6E, 0x20,
    0x20, 0x20, 0x20, 0x20, 0x54, 0x72, 0x69, 0x62, 0x75, 0x74, 0x65, 0x20,
    0x33, 0x20, 0x20, 0x20, 0x20, 0x20, 0x6D, 0x6F, 0x6E, 0x73, 0x74, 0x65,
    0x72, 0x73, 0x20, 0x6F, 0x72, 0x20, 0x31, 0x20, 0x47, 0x72, 0x61, 0x76,
    0x65, 0x6B, 0x65, 0x65, 0x70, 0x65, 0x72, 0x27, 0x73, 0x20, 0x6D, 0x6F,
    0x6E, 0x73, 0x74, 0x65, 0x72, 0x20, 0x74, 0x6F, 0x20, 0x20, 0x5E, 0x54,
    0x72, 0x69, 0x62, 0x75, 0x74, 0x65, 0x20, 0x20, 0x20, 0x20, 0x20, 0x53,
    0x75, 0x6D, 0x6D, 0x6F, 0x6E, 0x20, 0x28, 0x62, 0x75, 0x74, 0x20, 0x20,
    0x20, 0x6E, 0x6F, 0x74, 0x20, 0x53, 0x65, 0x74, 0x29, 0x20, 0x74, 0x68,
    0x69, 0x73, 0x20, 0x63, 0x61, 0x72, 0x64, 0x2E, 0x20, 0x57, 0x68, 0x65,
    0x6E, 0x20, 0x20, 0x20, 0x20, 0x74, 0x68, 0x69, 0x73, 0x20, 0x63, 0x61,
    0x72, 0x64, 0x20, 0x69, 0x73, 0x5E, 0x54, 0x72, 0x69, 0x62, 0x75, 0x74,
    0x65, 0x20, 0x20, 0x20, 0x20, 0x20, 0x53, 0x75, 0x6D, 0x6D, 0x6F, 0x6E,
    0x65, 0x64, 0x3A, 0x20, 0x59, 0x6F, 0x75, 0x20, 0x63, 0x61, 0x6E, 0x20,
    0x61, 0x63, 0x74, 0x69, 0x76, 0x61, 0x74, 0x65, 0x20, 0x20, 0x61, 0x6E,
    0x79, 0x20, 0x6F, 0x66, 0x20, 0x74, 0x68, 0x65, 0x73, 0x65, 0x20, 0x20,
    0x65, 0x66, 0x66, 0x65, 0x63, 0x74, 0x73, 0x2C, 0x20, 0x61, 0x6E, 0x64,
    0x5E, 0x72, 0x65, 0x73, 0x6F, 0x6C, 0x76, 0x65, 0x20, 0x69, 0x6E, 0x20,
    0x20, 0x73, 0x65, 0x71, 0x75, 0x65, 0x6E, 0x63, 0x65, 0x2C, 0x20, 0x75,
    0x70, 0x20, 0x20, 0x74, 0x6F, 0x20, 0x74, 0x68, 0x65, 0x20, 0x6E, 0x75,
    0x6D, 0x62, 0x65, 0x72, 0x20, 0x6F, 0x66, 0x20, 0x20, 0x20, 0x20, 0x20,
    0x20, 0x20, 0x20, 0x20, 0x20, 0x20, 0x20, 0x47, 0x72, 0x61, 0x76, 0x65,
    0x6B, 0x65, 0x65, 0x70, 0x65, 0x72, 0x2D, 0x5E, 0x6D, 0x6F, 0x6E, 0x73,
    0x74, 0x65, 0x72, 0x73, 0x20, 0x20, 0x20, 0x20, 0x54, 0x72, 0x69, 0x62,
    0x75, 0x74, 0x65, 0x64, 0x20, 0x66, 0x6F, 0x72, 0x20, 0x20, 0x69, 0x74,
    0x73, 0x20, 0x53, 0x75, 0x6D, 0x6D, 0x6F, 0x6E, 0x3B, 0x20, 0x2D, 0x20,
    0x54, 0x68, 0x69, 0x73, 0x20, 0x63, 0x61, 0x72, 0x64, 0x20, 0x20, 0x20,
    0x20, 0x20, 0x67, 0x61, 0x69, 0x6E, 0x73, 0x20, 0x41, 0x54, 0x4B, 0x20,
    0x20, 0x20, 0x5E, 0x65, 0x71, 0x75, 0x61, 0x6C, 0x20, 0x74, 0x6F, 0x20,
    0x74, 0x68, 0x65, 0x63, 0x6F, 0x6D, 0x62, 0x69, 0x6E, 0x65, 0x64, 0x20,
    0x20, 0x20, 0x20, 0x20, 0x20, 0x4C, 0x65, 0x76, 0x65, 0x6C, 0x73, 0x20,
    0x74, 0x68, 0x61, 0x74, 0x20, 0x20, 0x20, 0x61, 0x6C, 0x6C, 0x20, 0x6D,
    0x6F, 0x6E, 0x73, 0x74, 0x65, 0x72, 0x73, 0x20, 0x20, 0x54, 0x72, 0x69,
    0x62, 0x75, 0x74, 0x65, 0x64, 0x20, 0x66, 0x6F, 0x72, 0x5E, 0x69, 0x74,
    0x73, 0x20, 0x54, 0x72, 0x69, 0x62, 0x75, 0x74, 0x65, 0x20, 0x53, 0x75,
    0x6D, 0x6D, 0x6F, 0x6E, 0x20, 0x68, 0x61, 0x64, 0x20, 0x6F, 0x6E, 0x20,
    0x74, 0x68, 0x65, 0x20, 0x66, 0x69, 0x65, 0x6C, 0x64, 0x20, 0x78, 0x20,
    0x20, 0x20, 0x31, 0x30, 0x30, 0x2E, 0x20, 0x2D, 0x20, 0x44, 0x65, 0x73,
    0x74, 0x72, 0x6F, 0x79, 0x61, 0x6C, 0x6C, 0x20, 0x53, 0x65, 0x74, 0x20,
    0x20, 0x20, 0x20, 0x20, 0x5E, 0x6D, 0x6F, 0x6E, 0x73, 0x74, 0x65, 0x72,
    0x73, 0x20, 0x20, 0x20, 0x20, 0x79, 0x6F, 0x75, 0x72, 0x20, 0x6F, 0x70,
    0x70, 0x6F, 0x6E, 0x65, 0x6E, 0x74, 0x20, 0x63, 0x6F, 0x6E, 0x74, 0x72,
    0x6F, 0x6C, 0x73, 0x2E, 0x20, 0x2D, 0x20, 0x20, 0x20, 0x41, 0x6C, 0x6C,
    0x20, 0x6D, 0x6F, 0x6E, 0x73, 0x74, 0x65, 0x72, 0x73, 0x20, 0x20, 0x79,
    0x6F, 0x75, 0x72, 0x20, 0x20, 0x20, 0x20, 0x20, 0x20, 0x20, 0x20, 0x5E,
    0x6F, 0x70, 0x70, 0x6F, 0x6E, 0x65, 0x6E, 0x74, 0x20, 0x20, 0x20, 0x20,
    0x63, 0x75, 0x72, 0x72, 0x65, 0x6E, 0x74, 0x6C, 0x79, 0x20, 0x20, 0x20,
    0x20, 0x20, 0x63, 0x6F, 0x6E, 0x74, 0x72, 0x6F, 0x6C, 0x73, 0x20, 0x6C,
    0x6F, 0x73, 0x65, 0x20, 0x32, 0x30, 0x30, 0x30, 0x20, 0x41, 0x54, 0x4B,
    0x2F, 0x44, 0x45, 0x46, 0x2E, 0x20, 0x5E, 0x00,
};

const u8 gDescription_GravekeepersRecruiter[] APPEND_TEXT = {
    0x20, 0x20, 0x5E, 0x32, 0x49, 0x66, 0x20, 0x74, 0x68, 0x69, 0x73, 0x20,
    0x63, 0x61, 0x72, 0x64, 0x79, 0x6F, 0x75, 0x20, 0x63, 0x6F, 0x6E, 0x74,
    0x72, 0x6F, 0x6C, 0x20, 0x69, 0x73, 0x73, 0x65, 0x6E, 0x74, 0x20, 0x74,
    0x6F, 0x20, 0x79, 0x6F, 0x75, 0x72, 0x20, 0x20, 0x47, 0x59, 0x3A, 0x20,
    0x41, 0x64, 0x64, 0x20, 0x31, 0x20, 0x20, 0x20, 0x20, 0x20, 0x47, 0x72,
    0x61, 0x76, 0x65, 0x6B, 0x65, 0x65, 0x70, 0x65, 0x72, 0x2D, 0x5E, 0x6D,
    0x6F, 0x6E, 0x73, 0x74, 0x65, 0x72, 0x20, 0x77, 0x69, 0x74, 0x68, 0x31,
    0x35, 0x30, 0x30, 0x20, 0x6F, 0x72, 0x20, 0x6C, 0x65, 0x73, 0x73, 0x20,
    0x20, 0x44, 0x45, 0x46, 0x20, 0x66, 0x72, 0x6F, 0x6D, 0x20, 0x79, 0x6F,
    0x75, 0x72, 0x20, 0x44, 0x65, 0x63, 0x6B, 0x20, 0x74, 0x6F, 0x20, 0x79,
    0x6F, 0x75, 0x72, 0x20, 0x20, 0x68, 0x61, 0x6E, 0x64, 0x2E, 0x20, 0x20,
    0x20, 0x20, 0x20, 0x20, 0x20, 0x5E, 0x00,
};

const u8 gDescription_GravekeepersSpiritualist[] APPEND_TEXT = {
    0x20, 0x20, 0x5E, 0x36, 0x44, 0x75, 0x72, 0x69, 0x6E, 0x67, 0x20, 0x79,
    0x6F, 0x75, 0x72, 0x20, 0x4D, 0x61, 0x69, 0x6E, 0x20, 0x50, 0x68, 0x61,
    0x73, 0x65, 0x2C, 0x20, 0x69, 0x66, 0x4E, 0x65, 0x63, 0x72, 0x6F, 0x76,
    0x61, 0x6C, 0x6C, 0x65, 0x79, 0x20, 0x69, 0x73, 0x6F, 0x6E, 0x20, 0x74,
    0x68, 0x65, 0x20, 0x66, 0x69, 0x65, 0x6C, 0x64, 0x3A, 0x20, 0x59, 0x6F,
    0x75, 0x20, 0x63, 0x61, 0x6E, 0x20, 0x20, 0x20, 0x20, 0x20, 0x5E, 0x46,
    0x75, 0x73, 0x69, 0x6F, 0x6E, 0x20, 0x20, 0x20, 0x20, 0x20, 0x20, 0x53,
    0x75, 0x6D, 0x6D, 0x6F, 0x6E, 0x20, 0x31, 0x20, 0x20, 0x20, 0x20, 0x20,
    0x20, 0x53, 0x70, 0x65, 0x6C, 0x6C, 0x63, 0x61, 0x73, 0x74, 0x65, 0x72,
    0x20, 0x20, 0x20, 0x46, 0x75, 0x73, 0x69, 0x6F, 0x6E, 0x20, 0x4D, 0x6F,
    0x6E, 0x73, 0x74, 0x65, 0x72, 0x66, 0x72, 0x6F, 0x6D, 0x20, 0x79, 0x6F,
    0x75, 0x72, 0x20, 0x20, 0x20, 0x5E, 0x45, 0x78, 0x74, 0x72, 0x61, 0x20,
    0x44, 0x65, 0x63, 0x6B, 0x2C, 0x20, 0x75, 0x73, 0x69, 0x6E, 0x67, 0x20,
    0x74, 0x68, 0x69, 0x73, 0x20, 0x20, 0x20, 0x20, 0x63, 0x61, 0x72, 0x64,
    0x20, 0x79, 0x6F, 0x75, 0x20, 0x20, 0x20, 0x20, 0x20, 0x20, 0x63, 0x6F,
    0x6E, 0x74, 0x72, 0x6F, 0x6C, 0x20, 0x61, 0x6E, 0x64, 0x20, 0x20, 0x20,
    0x6F, 0x74, 0x68, 0x65, 0x72, 0x20, 0x20, 0x20, 0x20, 0x20, 0x20, 0x20,
    0x5E, 0x6D, 0x6F, 0x6E, 0x73, 0x74, 0x65, 0x72, 0x73, 0x20, 0x20, 0x20,
    0x20, 0x66, 0x72, 0x6F, 0x6D, 0x20, 0x79, 0x6F, 0x75, 0x72, 0x20, 0x68,
    0x61, 0x6E, 0x64, 0x6F, 0x72, 0x20, 0x66, 0x69, 0x65, 0x6C, 0x64, 0x20,
    0x61, 0x73, 0x20, 0x20, 0x20, 0x46, 0x75, 0x73, 0x69, 0x6F, 0x6E, 0x20,
    0x20, 0x20, 0x20, 0x20, 0x20, 0x20, 0x20, 0x4D, 0x61, 0x74, 0x65, 0x72,
    0x69, 0x61, 0x6C, 0x2E, 0x20, 0x20, 0x20, 0x5E, 0x59, 0x6F, 0x75, 0x20,
    0x63, 0x61, 0x6E, 0x20, 0x6F, 0x6E, 0x6C, 0x79, 0x75, 0x73, 0x65, 0x20,
    0x74, 0x68, 0x69, 0x73, 0x20, 0x20, 0x20, 0x20, 0x20, 0x20, 0x65, 0x66,
    0x66, 0x65, 0x63, 0x74, 0x20, 0x6F, 0x66, 0x20, 0x20, 0x20, 0x20, 0x20,
    0x47, 0x72, 0x61, 0x76, 0x65, 0x6B, 0x65, 0x65, 0x70, 0x65, 0x72, 0x27,
    0x73, 0x20, 0x53, 0x70, 0x69, 0x72, 0x69, 0x74, 0x75, 0x61, 0x6C, 0x69,
    0x73, 0x74, 0x5E, 0x6F, 0x6E, 0x63, 0x65, 0x20, 0x70, 0x65, 0x72, 0x20,
    0x20, 0x20, 0x20, 0x74, 0x75, 0x72, 0x6E, 0x2E, 0x20, 0x20, 0x20, 0x20,
    0x20, 0x20, 0x20, 0x20, 0x20, 0x5E, 0x00,
};

const u8 gDescription_GravekeepersTrap[] APPEND_TEXT = {
    0x20, 0x20, 0x5E, 0x32, 0x57, 0x68, 0x69, 0x6C, 0x65, 0x20, 0x45, 0x78,
    0x63, 0x68, 0x61, 0x6E, 0x67, 0x65, 0x20, 0x6F, 0x66, 0x20, 0x74, 0x68,
    0x65, 0x20, 0x53, 0x70, 0x69, 0x72, 0x69, 0x74, 0x20, 0x69, 0x73, 0x20,
    0x69, 0x6E, 0x20, 0x79, 0x6F, 0x75, 0x72, 0x20, 0x47, 0x59, 0x2C, 0x20,
    0x79, 0x6F, 0x75, 0x72, 0x20, 0x6F, 0x70, 0x70, 0x6F, 0x6E, 0x65, 0x6E,
    0x74, 0x20, 0x63, 0x61, 0x6E, 0x6E, 0x6F, 0x74, 0x20, 0x61, 0x63, 0x74,
    0x69, 0x76, 0x61, 0x74, 0x65, 0x20, 0x74, 0x68, 0x65, 0x20, 0x65, 0x66,
    0x66, 0x65, 0x63, 0x74, 0x73, 0x20, 0x6F, 0x66, 0x20, 0x63, 0x61, 0x72,
    0x64, 0x73, 0x20, 0x69, 0x6E, 0x20, 0x74, 0x68, 0x65, 0x20, 0x47, 0x59,
    0x2C, 0x20, 0x6F, 0x72, 0x20, 0x53, 0x70, 0x65, 0x63, 0x69, 0x61, 0x6C,
    0x20, 0x53, 0x75, 0x6D, 0x6D, 0x6F, 0x6E, 0x20, 0x6D, 0x6F, 0x6E, 0x73,
    0x74, 0x65, 0x72, 0x73, 0x20, 0x66, 0x72, 0x6F, 0x6D, 0x20, 0x74, 0x68,
    0x65, 0x20, 0x47, 0x59, 0x2E, 0x20, 0x59, 0x6F, 0x75, 0x20, 0x63, 0x61,
    0x6E, 0x20, 0x6F, 0x6E, 0x6C, 0x79, 0x20, 0x75, 0x73, 0x65, 0x20, 0x65,
    0x61, 0x63, 0x68, 0x20, 0x6F, 0x66, 0x20, 0x74, 0x68, 0x65, 0x20, 0x66,
    0x6F, 0x6C, 0x6C, 0x6F, 0x77, 0x69, 0x6E, 0x67, 0x20, 0x65, 0x66, 0x66,
    0x65, 0x63, 0x74, 0x73, 0x20, 0x6F, 0x66, 0x20, 0x47, 0x72, 0x61, 0x76,
    0x65, 0x6B, 0x65, 0x65, 0x70, 0x65, 0x72, 0x27, 0x73, 0x20, 0x54, 0x72,
    0x61, 0x70, 0x20, 0x6F, 0x6E, 0x63, 0x65, 0x20, 0x70, 0x65, 0x72, 0x20,
    0x74, 0x75, 0x72, 0x6E, 0x2E, 0x20, 0x44, 0x75, 0x72, 0x69, 0x6E, 0x67,
    0x20, 0x74, 0x68, 0x65, 0x20, 0x4D, 0x61, 0x69, 0x6E, 0x20, 0x50, 0x68,
    0x61, 0x73, 0x65, 0x3A, 0x20, 0x59, 0x6F, 0x75, 0x20, 0x63, 0x61, 0x6E,
    0x20, 0x64, 0x69, 0x73, 0x63, 0x61, 0x72, 0x64, 0x20, 0x31, 0x20, 0x63,
    0x61, 0x72, 0x64, 0x3B, 0x20, 0x61, 0x64, 0x64, 0x20, 0x31, 0x20, 0x47,
    0x72, 0x61, 0x76, 0x65, 0x6B, 0x65, 0x65, 0x70, 0x65, 0x72, 0x27, 0x73,
    0x20, 0x6F, 0x72, 0x20, 0x45, 0x41, 0x52, 0x54, 0x48, 0x20, 0x46, 0x61,
    0x69, 0x72, 0x79, 0x20, 0x6D, 0x6F, 0x6E, 0x73, 0x74, 0x65, 0x72, 0x20,
    0x66, 0x72, 0x6F, 0x6D, 0x20, 0x79, 0x6F, 0x75, 0x72, 0x20, 0x44, 0x65,
    0x63, 0x6B, 0x20, 0x74, 0x6F, 0x20, 0x79, 0x6F, 0x75, 0x72, 0x20, 0x68,
    0x61, 0x6E, 0x64, 0x2E, 0x20, 0x44, 0x75, 0x72, 0x69, 0x6E, 0x67, 0x20,
    0x79, 0x6F, 0x75, 0x72, 0x20, 0x6F, 0x70, 0x70, 0x6F, 0x6E, 0x65, 0x6E,
    0x74, 0x27, 0x73, 0x20, 0x44, 0x72, 0x61, 0x77, 0x20, 0x50, 0x68, 0x61,
    0x73, 0x65, 0x2C, 0x20, 0x62, 0x65, 0x66, 0x6F, 0x72, 0x65, 0x20, 0x74,
    0x68, 0x65, 0x69, 0x72, 0x20, 0x6E, 0x6F, 0x72, 0x6D, 0x61, 0x6C, 0x20,
    0x64, 0x72, 0x61, 0x77, 0x2C, 0x20, 0x69, 0x66, 0x20, 0x74, 0x68, 0x69,
    0x73, 0x20, 0x63, 0x61, 0x72, 0x64, 0x20, 0x69, 0x73, 0x20, 0x61, 0x6C,
    0x72, 0x65, 0x61, 0x64, 0x79, 0x20, 0x66, 0x61, 0x63, 0x65, 0x2D, 0x75,
    0x70, 0x20, 0x6F, 0x6E, 0x20, 0x74, 0x68, 0x65, 0x20, 0x66, 0x69, 0x65,
    0x6C, 0x64, 0x3A, 0x20, 0x44, 0x65, 0x63, 0x6C, 0x61, 0x72, 0x65, 0x20,
    0x31, 0x20, 0x63, 0x61, 0x72, 0x64, 0x20, 0x6E, 0x61, 0x6D, 0x65, 0x3B,
    0x20, 0x6C, 0x6F, 0x6F, 0x6B, 0x20, 0x61, 0x74, 0x20, 0x74, 0x68, 0x65,
    0x20, 0x63, 0x61, 0x72, 0x64, 0x28, 0x73, 0x29, 0x20, 0x64, 0x72, 0x61,
    0x77, 0x6E, 0x20, 0x66, 0x6F, 0x72, 0x20, 0x74, 0x68, 0x65, 0x69, 0x72,
    0x20, 0x6E, 0x6F, 0x72, 0x6D, 0x61, 0x6C, 0x20, 0x64, 0x72, 0x61, 0x77,
    0x2C, 0x20, 0x61, 0x6E, 0x64, 0x20, 0x69, 0x66, 0x20, 0x69, 0x74, 0x20,
    0x77, 0x61, 0x73, 0x20, 0x74, 0x68, 0x65, 0x20, 0x64, 0x65, 0x63, 0x6C,
    0x61, 0x72, 0x65, 0x64, 0x20, 0x63, 0x61, 0x72, 0x64, 0x2C, 0x20, 0x73,
    0x65, 0x6E, 0x64, 0x20, 0x69, 0x74, 0x20, 0x74, 0x6F, 0x20, 0x74, 0x68,
    0x65, 0x20, 0x47, 0x59, 0x2E, 0x5E, 0x5E, 0x00,
};

const u8 gDescription_ImperialTombsOfNecrovalley[] APPEND_TEXT = {
    0x20, 0x20, 0x5E, 0x35, 0x57, 0x68, 0x65, 0x6E, 0x20, 0x61, 0x20, 0x53,
    0x70, 0x65, 0x6C, 0x6C, 0x43, 0x61, 0x72, 0x64, 0x2C, 0x20, 0x54, 0x72,
    0x61, 0x70, 0x20, 0x20, 0x20, 0x20, 0x43, 0x61, 0x72, 0x64, 0x2C, 0x20,
    0x6F, 0x72, 0x20, 0x20, 0x20, 0x20, 0x20, 0x20, 0x6D, 0x6F, 0x6E, 0x73,
    0x74, 0x65, 0x72, 0x20, 0x65, 0x66, 0x66, 0x65, 0x63, 0x74, 0x69, 0x73,
    0x20, 0x20, 0x20, 0x20, 0x20, 0x20, 0x20, 0x20, 0x20, 0x20, 0x5E, 0x61,
    0x63, 0x74, 0x69, 0x76, 0x61, 0x74, 0x65, 0x64, 0x2C, 0x20, 0x20, 0x77,
    0x68, 0x69, 0x6C, 0x65, 0x20, 0x62, 0x6F, 0x74, 0x68, 0x20, 0x61, 0x20,
    0x20, 0x47, 0x72, 0x61, 0x76, 0x65, 0x6B, 0x65, 0x65, 0x70, 0x65, 0x72,
    0x27, 0x73, 0x20, 0x6D, 0x6F, 0x6E, 0x73, 0x74, 0x65, 0x72, 0x20, 0x61,
    0x6E, 0x64, 0x20, 0x20, 0x20, 0x4E, 0x65, 0x63, 0x72, 0x6F, 0x76, 0x61,
    0x6C, 0x6C, 0x65, 0x79, 0x20, 0x5E, 0x61, 0x72, 0x65, 0x20, 0x6F, 0x6E,
    0x20, 0x74, 0x68, 0x65, 0x20, 0x20, 0x66, 0x69, 0x65, 0x6C, 0x64, 0x3A,
    0x20, 0x4E, 0x65, 0x67, 0x61, 0x74, 0x65, 0x20, 0x74, 0x68, 0x65, 0x20,
    0x20, 0x20, 0x20, 0x20, 0x20, 0x20, 0x20, 0x20, 0x20, 0x20, 0x61, 0x63,
    0x74, 0x69, 0x76, 0x61, 0x74, 0x69, 0x6F, 0x6E, 0x2C, 0x20, 0x20, 0x20,
    0x61, 0x6E, 0x64, 0x20, 0x69, 0x66, 0x20, 0x79, 0x6F, 0x75, 0x20, 0x20,
    0x5E, 0x64, 0x6F, 0x2C, 0x20, 0x64, 0x65, 0x73, 0x74, 0x72, 0x6F, 0x79,
    0x20, 0x69, 0x74, 0x2E, 0x20, 0x59, 0x6F, 0x75, 0x20, 0x63, 0x61, 0x6E,
    0x20, 0x20, 0x20, 0x6F, 0x6E, 0x6C, 0x79, 0x20, 0x61, 0x63, 0x74, 0x69,
    0x76, 0x61, 0x74, 0x65, 0x20, 0x31, 0x20, 0x49, 0x6D, 0x70, 0x65, 0x72,
    0x69, 0x61, 0x6C, 0x20, 0x20, 0x20, 0x20, 0x54, 0x6F, 0x6D, 0x62, 0x73,
    0x20, 0x6F, 0x66, 0x20, 0x20, 0x20, 0x20, 0x5E, 0x4E, 0x65, 0x63, 0x72,
    0x6F, 0x76, 0x61, 0x6C, 0x6C, 0x65, 0x79, 0x20, 0x70, 0x65, 0x72, 0x20,
    0x74, 0x75, 0x72, 0x6E, 0x2E, 0x20, 0x20, 0x20, 0x20, 0x20, 0x5E, 0x00,
};

const u8 gDescription_InfiniteImpermanence[] APPEND_TEXT = {
    0x20, 0x20, 0x5E, 0x36, 0x54, 0x61, 0x72, 0x67, 0x65, 0x74, 0x20, 0x31,
    0x20, 0x20, 0x20, 0x20, 0x66, 0x61, 0x63, 0x65, 0x2D, 0x75, 0x70, 0x20,
    0x20, 0x20, 0x20, 0x20, 0x20, 0x20, 0x6D, 0x6F, 0x6E, 0x73, 0x74, 0x65,
    0x72, 0x20, 0x79, 0x6F, 0x75, 0x72, 0x20, 0x20, 0x6F, 0x70, 0x70, 0x6F,
    0x6E, 0x65, 0x6E, 0x74, 0x20, 0x20, 0x20, 0x20, 0x20, 0x20, 0x63, 0x6F,
    0x6E, 0x74, 0x72, 0x6F, 0x6C, 0x73, 0x3B, 0x20, 0x20, 0x20, 0x5E, 0x6E,
    0x65, 0x67, 0x61, 0x74, 0x65, 0x20, 0x69, 0x74, 0x73, 0x20, 0x20, 0x65,
    0x66, 0x66, 0x65, 0x63, 0x74, 0x73, 0x20, 0x28, 0x75, 0x6E, 0x74, 0x69,
    0x6C, 0x74, 0x68, 0x65, 0x20, 0x65, 0x6E, 0x64, 0x20, 0x6F, 0x66, 0x20,
    0x20, 0x20, 0x20, 0x74, 0x68, 0x69, 0x73, 0x20, 0x74, 0x75, 0x72, 0x6E,
    0x29, 0x2C, 0x20, 0x20, 0x20, 0x74, 0x68, 0x65, 0x6E, 0x2C, 0x20, 0x69,
    0x66, 0x20, 0x20, 0x20, 0x20, 0x5E, 0x74, 0x68, 0x69, 0x73, 0x20, 0x63,
    0x61, 0x72, 0x64, 0x20, 0x20, 0x20, 0x77, 0x61, 0x73, 0x20, 0x53, 0x65,
    0x74, 0x20, 0x62, 0x65, 0x66, 0x6F, 0x72, 0x65, 0x61, 0x63, 0x74, 0x69,
    0x76, 0x61, 0x74, 0x69, 0x6F, 0x6E, 0x20, 0x61, 0x6E, 0x64, 0x69, 0x73,
    0x20, 0x6F, 0x6E, 0x20, 0x74, 0x68, 0x65, 0x20, 0x20, 0x20, 0x20, 0x20,
    0x66, 0x69, 0x65, 0x6C, 0x64, 0x20, 0x61, 0x74, 0x20, 0x20, 0x20, 0x20,
    0x5E, 0x72, 0x65, 0x73, 0x6F, 0x6C, 0x75, 0x74, 0x69, 0x6F, 0x6E, 0x2C,
    0x20, 0x66, 0x6F, 0x72, 0x20, 0x74, 0x68, 0x65, 0x20, 0x72, 0x65, 0x73,
    0x74, 0x20, 0x20, 0x6F, 0x66, 0x20, 0x74, 0x68, 0x69, 0x73, 0x20, 0x74,
    0x75, 0x72, 0x6E, 0x20, 0x20, 0x61, 0x6C, 0x6C, 0x20, 0x6F, 0x74, 0x68,
    0x65, 0x72, 0x20, 0x20, 0x20, 0x20, 0x20, 0x53, 0x70, 0x65, 0x6C, 0x6C,
    0x2F, 0x54, 0x72, 0x61, 0x70, 0x20, 0x20, 0x5E, 0x65, 0x66, 0x66, 0x65,
    0x63, 0x74, 0x73, 0x20, 0x69, 0x6E, 0x20, 0x20, 0x74, 0x68, 0x69, 0x73,
    0x20, 0x63, 0x6F, 0x6C, 0x75, 0x6D, 0x6E, 0x20, 0x20, 0x20, 0x61, 0x72,
    0x65, 0x20, 0x6E, 0x65, 0x67, 0x61, 0x74, 0x65, 0x64, 0x2E, 0x20, 0x20,
    0x49, 0x66, 0x20, 0x79, 0x6F, 0x75, 0x20, 0x63, 0x6F, 0x6E, 0x74, 0x72,
    0x6F, 0x6C, 0x6E, 0x6F, 0x20, 0x63, 0x61, 0x72, 0x64, 0x73, 0x2C, 0x20,
    0x20, 0x20, 0x5E, 0x79, 0x6F, 0x75, 0x20, 0x63, 0x61, 0x6E, 0x20, 0x20,
    0x20, 0x20, 0x20, 0x61, 0x63, 0x74, 0x69, 0x76, 0x61, 0x74, 0x65, 0x20,
    0x74, 0x68, 0x69, 0x73, 0x20, 0x63, 0x61, 0x72, 0x64, 0x20, 0x66, 0x72,
    0x6F, 0x6D, 0x20, 0x79, 0x6F, 0x75, 0x72, 0x68, 0x61, 0x6E, 0x64, 0x2E,
    0x20, 0x20, 0x20, 0x20, 0x20, 0x20, 0x20, 0x20, 0x20, 0x5E, 0x00,
};

const u8 gDescription_HiddenTemplesOfNecrovalley[] APPEND_TEXT = {
    0x20, 0x20, 0x5E, 0x34, 0x41, 0x63, 0x74, 0x69, 0x76, 0x61, 0x74, 0x65,
    0x20, 0x20, 0x20, 0x20, 0x6F, 0x6E, 0x6C, 0x79, 0x20, 0x69, 0x66, 0x20,
    0x62, 0x6F, 0x74, 0x68, 0x20, 0x61, 0x47, 0x72, 0x61, 0x76, 0x65, 0x6B,
    0x65, 0x65, 0x70, 0x65, 0x72, 0x27, 0x73, 0x20, 0x6D, 0x6F, 0x6E, 0x73,
    0x74, 0x65, 0x72, 0x20, 0x61, 0x6E, 0x64, 0x20, 0x20, 0x20, 0x4E, 0x65,
    0x63, 0x72, 0x6F, 0x76, 0x61, 0x6C, 0x6C, 0x65, 0x79, 0x20, 0x5E, 0x61,
    0x72, 0x65, 0x20, 0x6F, 0x6E, 0x20, 0x74, 0x68, 0x65, 0x20, 0x20, 0x66,
    0x69, 0x65, 0x6C, 0x64, 0x2E, 0x20, 0x4E, 0x65, 0x69, 0x74, 0x68, 0x65,
    0x72, 0x70, 0x6C, 0x61, 0x79, 0x65, 0x72, 0x20, 0x63, 0x61, 0x6E, 0x20,
    0x20, 0x20, 0x20, 0x53, 0x70, 0x65, 0x63, 0x69, 0x61, 0x6C, 0x20, 0x53,
    0x75, 0x6D, 0x6D, 0x6F, 0x6E, 0x6D, 0x6F, 0x6E, 0x73, 0x74, 0x65, 0x72,
    0x73, 0x2C, 0x20, 0x20, 0x20, 0x5E, 0x65, 0x78, 0x63, 0x65, 0x70, 0x74,
    0x20, 0x27, 0x73, 0x20, 0x20, 0x20, 0x6D, 0x6F, 0x6E, 0x73, 0x74, 0x65,
    0x72, 0x73, 0x2E, 0x20, 0x49, 0x66, 0x20, 0x20, 0x65, 0x69, 0x74, 0x68,
    0x65, 0x72, 0x20, 0x61, 0x20, 0x20, 0x20, 0x20, 0x20, 0x20, 0x47, 0x72,
    0x61, 0x76, 0x65, 0x6B, 0x65, 0x65, 0x70, 0x65, 0x72, 0x27, 0x73, 0x20,
    0x6D, 0x6F, 0x6E, 0x73, 0x74, 0x65, 0x72, 0x20, 0x6F, 0x72, 0x20, 0x20,
    0x5E, 0x4E, 0x65, 0x63, 0x72, 0x6F, 0x76, 0x61, 0x6C, 0x6C, 0x65, 0x79,
    0x20, 0x69, 0x73, 0x20, 0x6E, 0x6F, 0x74, 0x20, 0x6F, 0x6E, 0x20, 0x74,
    0x68, 0x65, 0x20, 0x66, 0x69, 0x65, 0x6C, 0x64, 0x2C, 0x20, 0x64, 0x65,
    0x73, 0x74, 0x72, 0x6F, 0x79, 0x74, 0x68, 0x69, 0x73, 0x20, 0x63, 0x61,
    0x72, 0x64, 0x2E, 0x20, 0x20, 0x20, 0x20, 0x5E, 0x00,
};

const u8 gDescription_LightningStorm[] APPEND_TEXT = {
    0x20, 0x20, 0x5E, 0x35, 0x49, 0x66, 0x20, 0x79, 0x6F, 0x75, 0x20, 0x20,
    0x20, 0x20, 0x20, 0x20, 0x63, 0x6F, 0x6E, 0x74, 0x72, 0x6F, 0x6C, 0x20,
    0x6E, 0x6F, 0x20, 0x20, 0x20, 0x20, 0x66, 0x61, 0x63, 0x65, 0x2D, 0x75,
    0x70, 0x20, 0x63, 0x61, 0x72, 0x64, 0x73, 0x3A, 0x41, 0x63, 0x74, 0x69,
    0x76, 0x61, 0x74, 0x65, 0x20, 0x31, 0x20, 0x6F, 0x66, 0x20, 0x74, 0x68,
    0x65, 0x73, 0x65, 0x20, 0x20, 0x20, 0x20, 0x20, 0x20, 0x20, 0x5E, 0x65,
    0x66, 0x66, 0x65, 0x63, 0x74, 0x73, 0x3B, 0x20, 0x2D, 0x20, 0x20, 0x44,
    0x65, 0x73, 0x74, 0x72, 0x6F, 0x79, 0x20, 0x61, 0x6C, 0x6C, 0x20, 0x20,
    0x20, 0x41, 0x74, 0x74, 0x61, 0x63, 0x6B, 0x20, 0x20, 0x20, 0x20, 0x20,
    0x20, 0x20, 0x20, 0x50, 0x6F, 0x73, 0x69, 0x74, 0x69, 0x6F, 0x6E, 0x20,
    0x20, 0x20, 0x20, 0x20, 0x20, 0x6D, 0x6F, 0x6E, 0x73, 0x74, 0x65, 0x72,
    0x73, 0x20, 0x20, 0x20, 0x20, 0x5E, 0x79, 0x6F, 0x75, 0x72, 0x20, 0x20,
    0x20, 0x20, 0x20, 0x20, 0x20, 0x20, 0x6F, 0x70, 0x70, 0x6F, 0x6E, 0x65,
    0x6E, 0x74, 0x20, 0x20, 0x20, 0x20, 0x20, 0x20, 0x63, 0x6F, 0x6E, 0x74,
    0x72, 0x6F, 0x6C, 0x73, 0x2E, 0x20, 0x2D, 0x20, 0x20, 0x20, 0x44, 0x65,
    0x73, 0x74, 0x72, 0x6F, 0x79, 0x20, 0x61, 0x6C, 0x6C, 0x20, 0x20, 0x20,
    0x53, 0x70, 0x65, 0x6C, 0x6C, 0x73, 0x20, 0x61, 0x6E, 0x64, 0x20, 0x20,
    0x5E, 0x54, 0x72, 0x61, 0x70, 0x73, 0x20, 0x79, 0x6F, 0x75, 0x72, 0x20,
    0x20, 0x6F, 0x70, 0x70, 0x6F, 0x6E, 0x65, 0x6E, 0x74, 0x20, 0x20, 0x20,
    0x20, 0x20, 0x20, 0x63, 0x6F, 0x6E, 0x74, 0x72, 0x6F, 0x6C, 0x73, 0x2E,
    0x20, 0x59, 0x6F, 0x75, 0x20, 0x63, 0x61, 0x6E, 0x20, 0x6F, 0x6E, 0x6C,
    0x79, 0x20, 0x20, 0x20, 0x20, 0x20, 0x20, 0x61, 0x63, 0x74, 0x69, 0x76,
    0x61, 0x74, 0x65, 0x20, 0x31, 0x20, 0x20, 0x5E, 0x4C, 0x69, 0x67, 0x68,
    0x74, 0x6E, 0x69, 0x6E, 0x67, 0x20, 0x20, 0x20, 0x53, 0x74, 0x6F, 0x72,
    0x6D, 0x20, 0x70, 0x65, 0x72, 0x20, 0x20, 0x20, 0x20, 0x20, 0x74, 0x75,
    0x72, 0x6E, 0x2E, 0x20, 0x20, 0x20, 0x20, 0x20, 0x20, 0x20, 0x20, 0x20,
    0x5E, 0x00,
};

const u8 gDescription_PotOfAvarice[] APPEND_TEXT = {
    0x20, 0x20, 0x5E, 0x32, 0x54, 0x61, 0x72, 0x67, 0x65, 0x74, 0x20, 0x35,
    0x20, 0x20, 0x20, 0x20, 0x6D, 0x6F, 0x6E, 0x73, 0x74, 0x65, 0x72, 0x73,
    0x20, 0x69, 0x6E, 0x20, 0x20, 0x20, 0x79, 0x6F, 0x75, 0x72, 0x20, 0x47,
    0x59, 0x3B, 0x20, 0x20, 0x20, 0x20, 0x20, 0x20, 0x73, 0x68, 0x75, 0x66,
    0x66, 0x6C, 0x65, 0x20, 0x61, 0x6C, 0x6C, 0x20, 0x35, 0x20, 0x69, 0x6E,
    0x74, 0x6F, 0x20, 0x74, 0x68, 0x65, 0x20, 0x20, 0x20, 0x20, 0x5E, 0x44,
    0x65, 0x63, 0x6B, 0x2C, 0x20, 0x74, 0x68, 0x65, 0x6E, 0x20, 0x20, 0x64,
    0x72, 0x61, 0x77, 0x20, 0x32, 0x20, 0x63, 0x61, 0x72, 0x64, 0x73, 0x2E,
    0x20, 0x5E, 0x00,
};

const u8 gDescription_Number39Utopia[] APPEND_TEXT = {
    0x20, 0x20, 0x5E, 0x34, 0x32, 0x20, 0x4C, 0x65, 0x76, 0x65, 0x6C, 0x20,
    0x34, 0x20, 0x20, 0x20, 0x6D, 0x6F, 0x6E, 0x73, 0x74, 0x65, 0x72, 0x73,
    0x20, 0x57, 0x68, 0x65, 0x6E, 0x20, 0x61, 0x20, 0x6D, 0x6F, 0x6E, 0x73,
    0x74, 0x65, 0x72, 0x20, 0x20, 0x20, 0x20, 0x20, 0x64, 0x65, 0x63, 0x6C,
    0x61, 0x72, 0x65, 0x73, 0x20, 0x61, 0x6E, 0x20, 0x20, 0x20, 0x61, 0x74,
    0x74, 0x61, 0x63, 0x6B, 0x3A, 0x20, 0x59, 0x6F, 0x75, 0x20, 0x5E, 0x63,
    0x61, 0x6E, 0x20, 0x64, 0x65, 0x74, 0x61, 0x63, 0x68, 0x20, 0x31, 0x6D,
    0x61, 0x74, 0x65, 0x72, 0x69, 0x61, 0x6C, 0x20, 0x66, 0x72, 0x6F, 0x6D,
    0x20, 0x74, 0x68, 0x69, 0x73, 0x20, 0x63, 0x61, 0x72, 0x64, 0x3B, 0x20,
    0x20, 0x20, 0x20, 0x6E, 0x65, 0x67, 0x61, 0x74, 0x65, 0x20, 0x74, 0x68,
    0x65, 0x20, 0x20, 0x20, 0x20, 0x61, 0x74, 0x74, 0x61, 0x63, 0x6B, 0x2E,
    0x20, 0x49, 0x66, 0x20, 0x20, 0x5E, 0x74, 0x68, 0x69, 0x73, 0x20, 0x63,
    0x61, 0x72, 0x64, 0x20, 0x69, 0x73, 0x74, 0x61, 0x72, 0x67, 0x65, 0x74,
    0x65, 0x64, 0x20, 0x66, 0x6F, 0x72, 0x20, 0x20, 0x61, 0x6E, 0x20, 0x61,
    0x74, 0x74, 0x61, 0x63, 0x6B, 0x2C, 0x20, 0x20, 0x20, 0x20, 0x77, 0x68,
    0x69, 0x6C, 0x65, 0x20, 0x69, 0x74, 0x20, 0x68, 0x61, 0x73, 0x20, 0x20,
    0x6E, 0x6F, 0x20, 0x6D, 0x61, 0x74, 0x65, 0x72, 0x69, 0x61, 0x6C, 0x3A,
    0x5E, 0x44, 0x65, 0x73, 0x74, 0x72, 0x6F, 0x79, 0x20, 0x74, 0x68, 0x69,
    0x73, 0x63, 0x61, 0x72, 0x64, 0x2E, 0x20, 0x20, 0x20, 0x20, 0x20, 0x20,
    0x20, 0x20, 0x20, 0x5E, 0x00,
};

const u8 gDescription_MaxxC[] APPEND_TEXT = {
    0x20, 0x20, 0x5E, 0x34, 0x44, 0x75, 0x72, 0x69, 0x6E, 0x67, 0x20, 0x20,
    0x20, 0x20, 0x20, 0x20, 0x65, 0x69, 0x74, 0x68, 0x65, 0x72, 0x20, 0x20,
    0x20, 0x20, 0x20, 0x20, 0x20, 0x20, 0x70, 0x6C, 0x61, 0x79, 0x65, 0x72,
    0x27, 0x73, 0x20, 0x74, 0x75, 0x72, 0x6E, 0x3A, 0x59, 0x6F, 0x75, 0x20,
    0x63, 0x61, 0x6E, 0x20, 0x73, 0x65, 0x6E, 0x64, 0x20, 0x20, 0x74, 0x68,
    0x69, 0x73, 0x20, 0x63, 0x61, 0x72, 0x64, 0x20, 0x20, 0x20, 0x5E, 0x66,
    0x72, 0x6F, 0x6D, 0x20, 0x79, 0x6F, 0x75, 0x72, 0x20, 0x20, 0x20, 0x68,
    0x61, 0x6E, 0x64, 0x20, 0x74, 0x6F, 0x20, 0x74, 0x68, 0x65, 0x20, 0x20,
    0x20, 0x47, 0x72, 0x61, 0x76, 0x65, 0x79, 0x61, 0x72, 0x64, 0x3B, 0x20,
    0x20, 0x20, 0x20, 0x74, 0x68, 0x69, 0x73, 0x20, 0x74, 0x75, 0x72, 0x6E,
    0x2C, 0x20, 0x20, 0x20, 0x20, 0x65, 0x61, 0x63, 0x68, 0x20, 0x74, 0x69,
    0x6D, 0x65, 0x20, 0x20, 0x20, 0x5E, 0x79, 0x6F, 0x75, 0x72, 0x20, 0x20,
    0x20, 0x20, 0x20, 0x20, 0x20, 0x20, 0x6F, 0x70, 0x70, 0x6F, 0x6E, 0x65,
    0x6E, 0x74, 0x20, 0x20, 0x20, 0x20, 0x20, 0x20, 0x53, 0x70, 0x65, 0x63,
    0x69, 0x61, 0x6C, 0x20, 0x20, 0x20, 0x20, 0x20, 0x20, 0x20, 0x53, 0x75,
    0x6D, 0x6D, 0x6F, 0x6E, 0x73, 0x20, 0x61, 0x20, 0x20, 0x20, 0x20, 0x20,
    0x6D, 0x6F, 0x6E, 0x73, 0x74, 0x65, 0x72, 0x28, 0x73, 0x29, 0x2C, 0x20,
    0x5E, 0x69, 0x6D, 0x6D, 0x65, 0x64, 0x69, 0x61, 0x74, 0x65, 0x6C, 0x79,
    0x20, 0x64, 0x72, 0x61, 0x77, 0x20, 0x31, 0x20, 0x63, 0x61, 0x72, 0x64,
    0x2E, 0x20, 0x20, 0x59, 0x6F, 0x75, 0x20, 0x63, 0x61, 0x6E, 0x20, 0x6F,
    0x6E, 0x6C, 0x79, 0x20, 0x20, 0x75, 0x73, 0x65, 0x20, 0x31, 0x20, 0x4D,
    0x61, 0x78, 0x78, 0x20, 0x43, 0x20, 0x20, 0x70, 0x65, 0x72, 0x20, 0x74,
    0x75, 0x72, 0x6E, 0x2E, 0x20, 0x20, 0x20, 0x5E, 0x00,
};

const u8 gDescription_ToadallyAwesome[] APPEND_TEXT = {
    0x20, 0x20, 0x5E, 0x32, 0x32, 0x20, 0x4C, 0x65, 0x76, 0x65, 0x6C, 0x20,
    0x32, 0x20, 0x41, 0x71, 0x75, 0x61, 0x2D, 0x54, 0x79, 0x70, 0x65, 0x20,
    0x6D, 0x6F, 0x6E, 0x73, 0x74, 0x65, 0x72, 0x73, 0x20, 0x4F, 0x6E, 0x63,
    0x65, 0x20, 0x70, 0x65, 0x72, 0x20, 0x74, 0x75, 0x72, 0x6E, 0x2C, 0x20,
    0x64, 0x75, 0x72, 0x69, 0x6E, 0x67, 0x20, 0x74, 0x68, 0x65, 0x20, 0x53,
    0x74, 0x61, 0x6E, 0x64, 0x62, 0x79, 0x20, 0x50, 0x68, 0x61, 0x73, 0x65,
    0x3A, 0x20, 0x59, 0x6F, 0x75, 0x20, 0x63, 0x61, 0x6E, 0x20, 0x64, 0x65,
    0x74, 0x61, 0x63, 0x68, 0x20, 0x31, 0x20, 0x58, 0x79, 0x7A, 0x20, 0x4D,
    0x61, 0x74, 0x65, 0x72, 0x69, 0x61, 0x6C, 0x20, 0x66, 0x72, 0x6F, 0x6D,
    0x20, 0x74, 0x68, 0x69, 0x73, 0x20, 0x63, 0x61, 0x72, 0x64, 0x3B, 0x20,
    0x53, 0x70, 0x65, 0x63, 0x69, 0x61, 0x6C, 0x20, 0x53, 0x75, 0x6D, 0x6D,
    0x6F, 0x6E, 0x20, 0x31, 0x20, 0x46, 0x72, 0x6F, 0x67, 0x20, 0x6D, 0x6F,
    0x6E, 0x73, 0x74, 0x65, 0x72, 0x20, 0x66, 0x72, 0x6F, 0x6D, 0x20, 0x79,
    0x6F, 0x75, 0x72, 0x20, 0x44, 0x65, 0x63, 0x6B, 0x2E, 0x20, 0x4F, 0x6E,
    0x63, 0x65, 0x20, 0x70, 0x65, 0x72, 0x20, 0x74, 0x75, 0x72, 0x6E, 0x2C,
    0x20, 0x64, 0x75, 0x72, 0x69, 0x6E, 0x67, 0x20, 0x65, 0x69, 0x74, 0x68,
    0x65, 0x72, 0x20, 0x70, 0x6C, 0x61, 0x79, 0x65, 0x72, 0x27, 0x73, 0x20,
    0x74, 0x75, 0x72, 0x6E, 0x2C, 0x20, 0x77, 0x68, 0x65, 0x6E, 0x20, 0x79,
    0x6F, 0x75, 0x72, 0x20, 0x6F, 0x70, 0x70, 0x6F, 0x6E, 0x65, 0x6E, 0x74,
    0x20, 0x61, 0x63, 0x74, 0x69, 0x76, 0x61, 0x74, 0x65, 0x73, 0x20, 0x61,
    0x20, 0x53, 0x70, 0x65, 0x6C, 0x6C, 0x2F, 0x54, 0x72, 0x61, 0x70, 0x20,
    0x43, 0x61, 0x72, 0x64, 0x2C, 0x20, 0x6F, 0x72, 0x20, 0x6D, 0x6F, 0x6E,
    0x73, 0x74, 0x65, 0x72, 0x20, 0x65, 0x66, 0x66, 0x65, 0x63, 0x74, 0x3A,
    0x20, 0x59, 0x6F, 0x75, 0x20, 0x63, 0x61, 0x6E, 0x20, 0x73, 0x65, 0x6E,
    0x64, 0x20, 0x31, 0x20, 0x41, 0x71, 0x75, 0x61, 0x2D, 0x54, 0x79, 0x70,
    0x65, 0x20, 0x6D, 0x6F, 0x6E, 0x73, 0x74, 0x65, 0x72, 0x20, 0x66, 0x72,
    0x6F, 0x6D, 0x20, 0x79, 0x6F, 0x75, 0x72, 0x20, 0x68, 0x61, 0x6E, 0x64,
    0x20, 0x6F, 0x72, 0x20, 0x66, 0x61, 0x63, 0x65, 0x2D, 0x75, 0x70, 0x20,
    0x66, 0x72, 0x6F, 0x6D, 0x20, 0x79, 0x6F, 0x75, 0x72, 0x20, 0x66, 0x69,
    0x65, 0x6C, 0x64, 0x20, 0x74, 0x6F, 0x20, 0x74, 0x68, 0x65, 0x20, 0x47,
    0x72, 0x61, 0x76, 0x65, 0x79, 0x61, 0x72, 0x64, 0x3B, 0x20, 0x6E, 0x65,
    0x67, 0x61, 0x74, 0x65, 0x20, 0x74, 0x68, 0x65, 0x20, 0x61, 0x63, 0x74,
    0x69, 0x76, 0x61, 0x74, 0x69, 0x6F, 0x6E, 0x2C, 0x20, 0x61, 0x6E, 0x64,
    0x20, 0x69, 0x66, 0x20, 0x79, 0x6F, 0x75, 0x20, 0x64, 0x6F, 0x2C, 0x20,
    0x64, 0x65, 0x73, 0x74, 0x72, 0x6F, 0x79, 0x20, 0x74, 0x68, 0x61, 0x74,
    0x20, 0x63, 0x61, 0x72, 0x64, 0x2C, 0x20, 0x74, 0x68, 0x65, 0x6E, 0x20,
    0x79, 0x6F, 0x75, 0x20, 0x63, 0x61, 0x6E, 0x20, 0x53, 0x65, 0x74, 0x20,
    0x69, 0x74, 0x20, 0x74, 0x6F, 0x20, 0x79, 0x6F, 0x75, 0x72, 0x20, 0x66,
    0x69, 0x65, 0x6C, 0x64, 0x2E, 0x20, 0x49, 0x66, 0x20, 0x74, 0x68, 0x69,
    0x73, 0x20, 0x63, 0x61, 0x72, 0x64, 0x20, 0x69, 0x73, 0x20, 0x73, 0x65,
    0x6E, 0x74, 0x20, 0x74, 0x6F, 0x20, 0x74, 0x68, 0x65, 0x20, 0x47, 0x72,
    0x61, 0x76, 0x65, 0x79, 0x61, 0x72, 0x64, 0x3A, 0x20, 0x59, 0x6F, 0x75,
    0x20, 0x63, 0x61, 0x6E, 0x20, 0x74, 0x61, 0x72, 0x67, 0x65, 0x74, 0x20,
    0x31, 0x20, 0x57, 0x41, 0x54, 0x45, 0x52, 0x20, 0x6D, 0x6F, 0x6E, 0x73,
    0x74, 0x65, 0x72, 0x20, 0x69, 0x6E, 0x20, 0x79, 0x6F, 0x75, 0x72, 0x20,
    0x47, 0x72, 0x61, 0x76, 0x65, 0x79, 0x61, 0x72, 0x64, 0x3B, 0x20, 0x61,
    0x64, 0x64, 0x20, 0x69, 0x74, 0x20, 0x74, 0x6F, 0x20, 0x79, 0x6F, 0x75,
    0x72, 0x20, 0x68, 0x61, 0x6E, 0x64, 0x2E, 0x5E, 0x5E, 0x00,
};
