const u8 gActivationDescription_Sangan_Popup1[] APPEND_TEXT = {
    0x23, 0x32, 0x23, 0x30, 0x77, 0x61, 0x73, 0x20, 0x61, 0x63, 0x74, 0x69,
    0x76, 0x61, 0x74, 0x65, 0x64, 0x2E, 0x23, 0x31, 0x44, 0x72, 0x61, 0x77,
    0x20, 0x31, 0x20, 0x63, 0x61, 0x72, 0x64, 0x2E, 0x23, 0x31, 0x00,
};

const u8 gActivationDescription_MaskOfDarkness_Popup1[] APPEND_TEXT = {
    0x23, 0x32, 0x23, 0x30, 0x77, 0x61, 0x73, 0x20, 0x61, 0x63, 0x74, 0x69,
    0x76, 0x61, 0x74, 0x65, 0x64, 0x2E, 0x23, 0x31, 0x41, 0x20, 0x42, 0x65,
    0x61, 0x72, 0x20, 0x54, 0x72, 0x61, 0x70, 0x20, 0x77, 0x69, 0x6C, 0x6C,
    0x20, 0x62, 0x65, 0x20, 0x70, 0x6C, 0x61, 0x63, 0x65, 0x64, 0x23, 0x30,
    0x6F, 0x6E, 0x20, 0x74, 0x68, 0x65, 0x20, 0x75, 0x73, 0x65, 0x72, 0x27,
    0x73, 0x20, 0x73, 0x69, 0x64, 0x65, 0x20, 0x6F, 0x66, 0x20, 0x74, 0x68,
    0x65, 0x23, 0x30, 0x66, 0x69, 0x65, 0x6C, 0x64, 0x2E, 0x23, 0x31, 0x00,
};

const u8 gActivationDescription_FireReaper_Popup1[] APPEND_TEXT = {
    0x23, 0x32, 0x23, 0x30, 0x77, 0x61, 0x73, 0x20, 0x61, 0x63, 0x74, 0x69,
    0x76, 0x61, 0x74, 0x65, 0x64, 0x2E, 0x23, 0x31, 0x35, 0x30, 0x30, 0x4C,
    0x50, 0x20, 0x6F, 0x66, 0x20, 0x64, 0x61, 0x6D, 0x61, 0x67, 0x65, 0x20,
    0x77, 0x69, 0x6C, 0x6C, 0x20, 0x62, 0x65, 0x23, 0x30, 0x64, 0x65, 0x61,
    0x6C, 0x74, 0x20, 0x74, 0x6F, 0x20, 0x74, 0x68, 0x65, 0x20, 0x6F, 0x70,
    0x70, 0x6F, 0x6E, 0x65, 0x6E, 0x74, 0x2E, 0x23, 0x31, 0x00,
};

const u8 gActivationDescription_DesFeralImp_Popup1[] APPEND_TEXT = {
    0x23, 0x32, 0x23, 0x30, 0x77, 0x61, 0x73, 0x20, 0x61, 0x63, 0x74, 0x69,
    0x76, 0x61, 0x74, 0x65, 0x64, 0x2E, 0x23, 0x31, 0x52, 0x65, 0x74, 0x75,
    0x72, 0x6E, 0x20, 0x61, 0x20, 0x6D, 0x6F, 0x6E, 0x73, 0x74, 0x65, 0x72,
    0x20, 0x66, 0x72, 0x6F, 0x6D, 0x20, 0x79, 0x6F, 0x75, 0x72, 0x23, 0x30,
    0x67, 0x72, 0x61, 0x76, 0x65, 0x79, 0x61, 0x72, 0x64, 0x20, 0x74, 0x6F,
    0x20, 0x79, 0x6F, 0x75, 0x72, 0x20, 0x68, 0x61, 0x6E, 0x64, 0x2E, 0x23,
    0x31, 0x00,
};

const u8 gActivationDescription_MysteriousPuppeteer_Popup1[] APPEND_TEXT = {
    0x23, 0x32, 0x23, 0x30, 0x77, 0x61, 0x73, 0x20, 0x61, 0x63, 0x74, 0x69,
    0x76, 0x61, 0x74, 0x65, 0x64, 0x2E, 0x23, 0x31, 0x35, 0x30, 0x30, 0x20,
    0x4C, 0x50, 0x20, 0x77, 0x69, 0x6C, 0x6C, 0x20, 0x62, 0x65, 0x20, 0x72,
    0x65, 0x63, 0x6F, 0x76, 0x65, 0x72, 0x65, 0x64, 0x23, 0x30, 0x66, 0x6F,
    0x72, 0x20, 0x65, 0x61, 0x63, 0x68, 0x20, 0x6D, 0x6F, 0x6E, 0x73, 0x74,
    0x65, 0x72, 0x20, 0x6F, 0x6E, 0x20, 0x74, 0x68, 0x65, 0x23, 0x30, 0x6F,
    0x77, 0x6E, 0x65, 0x72, 0x27, 0x73, 0x20, 0x73, 0x69, 0x64, 0x65, 0x20,
    0x6F, 0x66, 0x20, 0x74, 0x68, 0x65, 0x20, 0x66, 0x69, 0x65, 0x6C, 0x64,
    0x2E, 0x23, 0x31, 0x00,
};

const u8 gActivationDescription_BigEye_Popup1[] APPEND_TEXT = {
    0x23, 0x32, 0x23, 0x30, 0x77, 0x61, 0x73, 0x20, 0x61, 0x63, 0x74, 0x69,
    0x76, 0x61, 0x74, 0x65, 0x64, 0x2E, 0x23, 0x31, 0x49, 0x74, 0x20, 0x77,
    0x69, 0x6C, 0x6C, 0x20, 0x72, 0x65, 0x76, 0x65, 0x61, 0x6C, 0x20, 0x74,
    0x68, 0x65, 0x20, 0x63, 0x61, 0x72, 0x64, 0x73, 0x20, 0x69, 0x6E, 0x23,
    0x30, 0x74, 0x68, 0x65, 0x20, 0x6F, 0x70, 0x70, 0x6F, 0x6E, 0x65, 0x6E,
    0x74, 0x27, 0x73, 0x20, 0x68, 0x61, 0x6E, 0x64, 0x2E, 0x23, 0x31, 0x00,
};

const u8 gActivationDescription_GiantRat_Popup1[] APPEND_TEXT = {
    0x23, 0x32, 0x23, 0x30, 0x77, 0x61, 0x73, 0x20, 0x61, 0x63, 0x74, 0x69,
    0x76, 0x61, 0x74, 0x65, 0x64, 0x2E, 0x23, 0x31, 0x53, 0x70, 0x65, 0x63,
    0x69, 0x61, 0x6C, 0x20, 0x73, 0x75, 0x6D, 0x6D, 0x6F, 0x6E, 0x20, 0x61,
    0x20, 0x27, 0x47, 0x69, 0x61, 0x6E, 0x74, 0x23, 0x30, 0x52, 0x61, 0x74,
    0x27, 0x20, 0x66, 0x72, 0x6F, 0x6D, 0x20, 0x64, 0x65, 0x63, 0x6B, 0x2E,
    0x23, 0x31, 0x00,
};

const u8 gActivationDescription_KarateMan_Popup1[] APPEND_TEXT = {
    0x23, 0x32, 0x23, 0x30, 0x77, 0x61, 0x73, 0x20, 0x61, 0x63, 0x74, 0x69,
    0x76, 0x61, 0x74, 0x65, 0x64, 0x2E, 0x23, 0x31, 0x48, 0x69, 0x73, 0x20,
    0x6F, 0x72, 0x69, 0x67, 0x69, 0x6E, 0x61, 0x6C, 0x20, 0x73, 0x74, 0x61,
    0x74, 0x73, 0x20, 0x77, 0x69, 0x6C, 0x6C, 0x20, 0x62, 0x65, 0x23, 0x30,
    0x64, 0x6F, 0x75, 0x62, 0x6C, 0x65, 0x64, 0x20, 0x69, 0x6E, 0x20, 0x72,
    0x65, 0x74, 0x75, 0x72, 0x6E, 0x20, 0x66, 0x6F, 0x72, 0x20, 0x62, 0x65,
    0x69, 0x6E, 0x67, 0x23, 0x30, 0x64, 0x65, 0x73, 0x74, 0x72, 0x6F, 0x79,
    0x65, 0x64, 0x20, 0x61, 0x74, 0x20, 0x74, 0x68, 0x65, 0x20, 0x65, 0x6E,
    0x64, 0x20, 0x6F, 0x66, 0x20, 0x74, 0x68, 0x65, 0x23, 0x30, 0x74, 0x75,
    0x72, 0x6E, 0x2E, 0x23, 0x31, 0x00,
};

const u8 gActivationDescription_GiantGerm_Popup1[] APPEND_TEXT = {
    0x23, 0x32, 0x23, 0x30, 0x77, 0x61, 0x73, 0x20, 0x61, 0x63, 0x74, 0x69,
    0x76, 0x61, 0x74, 0x65, 0x64, 0x2E, 0x23, 0x31, 0x35, 0x30, 0x30, 0x4C,
    0x50, 0x20, 0x6F, 0x66, 0x20, 0x64, 0x61, 0x6D, 0x61, 0x67, 0x65, 0x20,
    0x77, 0x69, 0x6C, 0x6C, 0x20, 0x62, 0x65, 0x23, 0x30, 0x63, 0x61, 0x75,
    0x73, 0x65, 0x64, 0x20, 0x74, 0x6F, 0x20, 0x74, 0x68, 0x65, 0x20, 0x6F,
    0x70, 0x70, 0x6F, 0x6E, 0x65, 0x6E, 0x74, 0x2E, 0x23, 0x31, 0x00,
};

const u8 gActivationDescription_NimbleMomonga_Popup1[] APPEND_TEXT = {
    0x23, 0x32, 0x23, 0x30, 0x77, 0x61, 0x73, 0x20, 0x61, 0x63, 0x74, 0x69,
    0x76, 0x61, 0x74, 0x65, 0x64, 0x2E, 0x23, 0x31, 0x31, 0x30, 0x30, 0x30,
    0x4C, 0x50, 0x20, 0x77, 0x69, 0x6C, 0x6C, 0x20, 0x62, 0x65, 0x20, 0x72,
    0x65, 0x73, 0x74, 0x6F, 0x72, 0x65, 0x64, 0x20, 0x74, 0x6F, 0x23, 0x30,
    0x74, 0x68, 0x65, 0x20, 0x6F, 0x77, 0x6E, 0x65, 0x72, 0x20, 0x61, 0x6E,
    0x64, 0x20, 0x74, 0x68, 0x65, 0x6E, 0x20, 0x74, 0x68, 0x69, 0x73, 0x23,
    0x30, 0x63, 0x61, 0x72, 0x64, 0x20, 0x77, 0x69, 0x6C, 0x6C, 0x20, 0x62,
    0x65, 0x20, 0x72, 0x65, 0x6D, 0x6F, 0x76, 0x65, 0x64, 0x20, 0x66, 0x72,
    0x6F, 0x6D, 0x23, 0x30, 0x74, 0x68, 0x65, 0x20, 0x67, 0x72, 0x61, 0x76,
    0x65, 0x79, 0x61, 0x72, 0x64, 0x2E, 0x23, 0x31, 0x00,
};

const u8 gActivationDescription_CeremonialBell_Popup1[] APPEND_TEXT = {
    0x23, 0x32, 0x23, 0x30, 0x77, 0x61, 0x73, 0x20, 0x61, 0x63, 0x74, 0x69,
    0x76, 0x61, 0x74, 0x65, 0x64, 0x2E, 0x23, 0x31, 0x42, 0x6F, 0x74, 0x68,
    0x20, 0x68, 0x61, 0x6E, 0x64, 0x73, 0x20, 0x6D, 0x75, 0x73, 0x74, 0x20,
    0x73, 0x74, 0x61, 0x79, 0x23, 0x30, 0x72, 0x65, 0x76, 0x65, 0x61, 0x6C,
    0x65, 0x64, 0x20, 0x77, 0x68, 0x69, 0x6C, 0x65, 0x20, 0x69, 0x74, 0x20,
    0x69, 0x73, 0x20, 0x6F, 0x6E, 0x20, 0x74, 0x68, 0x65, 0x23, 0x30, 0x66,
    0x69, 0x65, 0x6C, 0x64, 0x2E, 0x23, 0x31, 0x00,
};

const u8 gActivationDescription_JamBreedingMachine_Popup1[] APPEND_TEXT = {
    0x23, 0x32, 0x23, 0x30, 0x77, 0x61, 0x73, 0x20, 0x61, 0x63, 0x74, 0x69,
    0x76, 0x61, 0x74, 0x65, 0x64, 0x2E, 0x23, 0x31, 0x53, 0x75, 0x6D, 0x6D,
    0x6F, 0x6E, 0x73, 0x20, 0x43, 0x68, 0x61, 0x6E, 0x67, 0x65, 0x20, 0x53,
    0x6C, 0x69, 0x6D, 0x65, 0x2E, 0x23, 0x31, 0x00,
};

const u8 gActivationDescription_SliferTheSkyDragon_Popup1[] APPEND_TEXT = {
    0x23, 0x32, 0x23, 0x30, 0x77, 0x61, 0x73, 0x20, 0x61, 0x63, 0x74, 0x69,
    0x76, 0x61, 0x74, 0x65, 0x64, 0x2E, 0x23, 0x31, 0x54, 0x68, 0x65, 0x20,
    0x73, 0x75, 0x6D, 0x6D, 0x6F, 0x6E, 0x65, 0x64, 0x20, 0x6D, 0x6F, 0x6E,
    0x73, 0x74, 0x65, 0x72, 0x20, 0x6C, 0x6F, 0x73, 0x65, 0x73, 0x23, 0x30,
    0x34, 0x20, 0x73, 0x74, 0x61, 0x67, 0x65, 0x73, 0x20, 0x6F, 0x66, 0x20,
    0x41, 0x54, 0x4B, 0x21, 0x23, 0x31, 0x49, 0x66, 0x20, 0x69, 0x74, 0x73,
    0x20, 0x41, 0x54, 0x4B, 0x20, 0x62, 0x65, 0x63, 0x6F, 0x6D, 0x65, 0x73,
    0x20, 0x30, 0x2C, 0x20, 0x69, 0x74, 0x20, 0x69, 0x73, 0x23, 0x30, 0x64,
    0x65, 0x73, 0x74, 0x72, 0x6F, 0x79, 0x65, 0x64, 0x2E, 0x23, 0x31, 0x00,
};

const u8 gActivationDescription_PrincessOfTsurugi_Popup1[] APPEND_TEXT = {
    0x23, 0x32, 0x23, 0x30, 0x77, 0x61, 0x73, 0x20, 0x61, 0x63, 0x74, 0x69,
    0x76, 0x61, 0x74, 0x65, 0x64, 0x2E, 0x23, 0x31, 0x35, 0x30, 0x30, 0x4C,
    0x50, 0x20, 0x6F, 0x66, 0x20, 0x64, 0x61, 0x6D, 0x61, 0x67, 0x65, 0x20,
    0x77, 0x69, 0x6C, 0x6C, 0x20, 0x62, 0x65, 0x23, 0x30, 0x64, 0x65, 0x61,
    0x6C, 0x74, 0x20, 0x74, 0x6F, 0x20, 0x74, 0x68, 0x65, 0x20, 0x6F, 0x70,
    0x70, 0x6F, 0x6E, 0x65, 0x6E, 0x74, 0x20, 0x66, 0x6F, 0x72, 0x23, 0x30,
    0x65, 0x61, 0x63, 0x68, 0x20, 0x73, 0x70, 0x65, 0x6C, 0x6C, 0x20, 0x6F,
    0x72, 0x20, 0x74, 0x72, 0x61, 0x70, 0x20, 0x63, 0x61, 0x72, 0x64, 0x20,
    0x6F, 0x6E, 0x23, 0x30, 0x74, 0x68, 0x65, 0x69, 0x72, 0x20, 0x73, 0x69,
    0x64, 0x65, 0x20, 0x6F, 0x66, 0x20, 0x74, 0x68, 0x65, 0x20, 0x66, 0x69,
    0x65, 0x6C, 0x64, 0x2E, 0x23, 0x31, 0x00,
};

const u8 gActivationDescription_TheWingedDragonOfRaSphereMode_Popup1[] APPEND_TEXT = {
    0x23, 0x32, 0x23, 0x30, 0x77, 0x61, 0x73, 0x20, 0x61, 0x63, 0x74, 0x69,
    0x76, 0x61, 0x74, 0x65, 0x64, 0x2E, 0x23, 0x31, 0x54, 0x72, 0x69, 0x62,
    0x75, 0x74, 0x65, 0x73, 0x20, 0x33, 0x20, 0x65, 0x6E, 0x65, 0x6D, 0x79,
    0x20, 0x6D, 0x6F, 0x6E, 0x73, 0x74, 0x65, 0x72, 0x73, 0x23, 0x30, 0x74,
    0x6F, 0x20, 0x61, 0x70, 0x70, 0x65, 0x61, 0x72, 0x20, 0x6F, 0x6E, 0x20,
    0x74, 0x68, 0x65, 0x20, 0x66, 0x6F, 0x65, 0x27, 0x73, 0x23, 0x30, 0x66,
    0x69, 0x65, 0x6C, 0x64, 0x2E, 0x23, 0x31, 0x00,
};

const u8 gActivationDescription_TheWingedDragonOfRaSphereMode_Popup2[] APPEND_TEXT = {
    0x23, 0x32, 0x23, 0x30, 0x77, 0x61, 0x73, 0x20, 0x61, 0x63, 0x74, 0x69,
    0x76, 0x61, 0x74, 0x65, 0x64, 0x2E, 0x23, 0x31, 0x49, 0x74, 0x20, 0x6E,
    0x6F, 0x77, 0x20, 0x73, 0x77, 0x69, 0x74, 0x63, 0x68, 0x65, 0x73, 0x20,
    0x62, 0x61, 0x63, 0x6B, 0x20, 0x74, 0x6F, 0x20, 0x74, 0x68, 0x65, 0x23,
    0x30, 0x6F, 0x77, 0x6E, 0x65, 0x72, 0x27, 0x73, 0x20, 0x66, 0x69, 0x65,
    0x6C, 0x64, 0x2E, 0x23, 0x31, 0x00,
};

const u8 gActivationDescription_TheWingedDragonOfRaSphereMode_Popup3[] APPEND_TEXT = {
    0x23, 0x32, 0x23, 0x30, 0x77, 0x61, 0x73, 0x20, 0x61, 0x63, 0x74, 0x69,
    0x76, 0x61, 0x74, 0x65, 0x64, 0x2E, 0x23, 0x31, 0x49, 0x74, 0x20, 0x77,
    0x69, 0x6C, 0x6C, 0x20, 0x74, 0x72, 0x69, 0x62, 0x75, 0x74, 0x65, 0x20,
    0x69, 0x74, 0x73, 0x65, 0x6C, 0x66, 0x20, 0x74, 0x6F, 0x23, 0x30, 0x73,
    0x75, 0x6D, 0x6D, 0x6F, 0x6E, 0x20, 0x52, 0x61, 0x20, 0x42, 0x61, 0x74,
    0x74, 0x6C, 0x65, 0x20, 0x4D, 0x6F, 0x64, 0x65, 0x20, 0x66, 0x72, 0x6F,
    0x6D, 0x23, 0x30, 0x68, 0x61, 0x6E, 0x64, 0x20, 0x6F, 0x72, 0x20, 0x44,
    0x65, 0x63, 0x6B, 0x2E, 0x23, 0x31, 0x00,
};

const u8 gActivationDescription_Sparks_Popup1[] APPEND_TEXT = {
    0x23, 0x32, 0x23, 0x30, 0x77, 0x61, 0x73, 0x20, 0x61, 0x63, 0x74, 0x69,
    0x76, 0x61, 0x74, 0x65, 0x64, 0x2E, 0x23, 0x31, 0x54, 0x68, 0x65, 0x20,
    0x6F, 0x70, 0x70, 0x6F, 0x6E, 0x65, 0x6E, 0x74, 0x20, 0x77, 0x69, 0x6C,
    0x6C, 0x20, 0x74, 0x61, 0x6B, 0x65, 0x23, 0x30, 0x32, 0x30, 0x30, 0x4C,
    0x50, 0x20, 0x6F, 0x66, 0x20, 0x64, 0x61, 0x6D, 0x61, 0x67, 0x65, 0x2E,
    0x23, 0x31, 0x00,
};

const u8 gActivationDescription_Hinotama_Popup1[] APPEND_TEXT = {
    0x23, 0x32, 0x23, 0x30, 0x77, 0x61, 0x73, 0x20, 0x61, 0x63, 0x74, 0x69,
    0x76, 0x61, 0x74, 0x65, 0x64, 0x2E, 0x23, 0x31, 0x54, 0x68, 0x65, 0x20,
    0x6F, 0x70, 0x70, 0x6F, 0x6E, 0x65, 0x6E, 0x74, 0x20, 0x77, 0x69, 0x6C,
    0x6C, 0x20, 0x74, 0x61, 0x6B, 0x65, 0x23, 0x30, 0x35, 0x30, 0x30, 0x4C,
    0x50, 0x20, 0x6F, 0x66, 0x20, 0x64, 0x61, 0x6D, 0x61, 0x67, 0x65, 0x2E,
    0x23, 0x31, 0x00,
};

const u8 gActivationDescription_FinalFlame_Popup1[] APPEND_TEXT = {
    0x23, 0x32, 0x23, 0x30, 0x77, 0x61, 0x73, 0x20, 0x61, 0x63, 0x74, 0x69,
    0x76, 0x61, 0x74, 0x65, 0x64, 0x2E, 0x23, 0x31, 0x54, 0x68, 0x65, 0x20,
    0x6F, 0x70, 0x70, 0x6F, 0x6E, 0x65, 0x6E, 0x74, 0x20, 0x77, 0x69, 0x6C,
    0x6C, 0x20, 0x74, 0x61, 0x6B, 0x65, 0x23, 0x30, 0x36, 0x30, 0x30, 0x4C,
    0x50, 0x20, 0x6F, 0x66, 0x20, 0x64, 0x61, 0x6D, 0x61, 0x67, 0x65, 0x2E,
    0x23, 0x31, 0x00,
};

const u8 gActivationDescription_Ookazi_Popup1[] APPEND_TEXT = {
    0x23, 0x32, 0x23, 0x30, 0x77, 0x61, 0x73, 0x20, 0x61, 0x63, 0x74, 0x69,
    0x76, 0x61, 0x74, 0x65, 0x64, 0x2E, 0x23, 0x31, 0x54, 0x68, 0x65, 0x20,
    0x6F, 0x70, 0x70, 0x6F, 0x6E, 0x65, 0x6E, 0x74, 0x20, 0x77, 0x69, 0x6C,
    0x6C, 0x20, 0x74, 0x61, 0x6B, 0x65, 0x23, 0x30, 0x38, 0x30, 0x30, 0x4C,
    0x50, 0x20, 0x6F, 0x66, 0x20, 0x64, 0x61, 0x6D, 0x61, 0x67, 0x65, 0x2E,
    0x23, 0x31, 0x00,
};

const u8 gActivationDescription_MonsterTamer_Popup1[] APPEND_TEXT = {
    0x23, 0x32, 0x23, 0x30, 0x77, 0x61, 0x73, 0x20, 0x61, 0x63, 0x74, 0x69,
    0x76, 0x61, 0x74, 0x65, 0x64, 0x2E, 0x23, 0x31, 0x41, 0x20, 0x44, 0x75,
    0x6E, 0x67, 0x65, 0x6F, 0x6E, 0x20, 0x57, 0x6F, 0x72, 0x6D, 0x20, 0x77,
    0x69, 0x6C, 0x6C, 0x20, 0x62, 0x65, 0x23, 0x30, 0x73, 0x75, 0x6D, 0x6D,
    0x6F, 0x6E, 0x65, 0x64, 0x20, 0x74, 0x6F, 0x20, 0x74, 0x68, 0x65, 0x20,
    0x66, 0x69, 0x65, 0x6C, 0x64, 0x2E, 0x23, 0x31, 0x00,
};

const u8 gActivationDescription_CyberStein_Popup1[] APPEND_TEXT = {
    0x23, 0x32, 0x23, 0x30, 0x77, 0x61, 0x73, 0x20, 0x61, 0x63, 0x74, 0x69,
    0x76, 0x61, 0x74, 0x65, 0x64, 0x2E, 0x23, 0x31, 0x49, 0x6E, 0x20, 0x65,
    0x78, 0x63, 0x68, 0x61, 0x6E, 0x67, 0x65, 0x20, 0x66, 0x6F, 0x72, 0x20,
    0x35, 0x30, 0x30, 0x30, 0x4C, 0x50, 0x2C, 0x20, 0x61, 0x23, 0x30, 0x42,
    0x6C, 0x75, 0x65, 0x20, 0x45, 0x79, 0x65, 0x73, 0x20, 0x55, 0x6C, 0x74,
    0x69, 0x6D, 0x61, 0x74, 0x65, 0x20, 0x44, 0x72, 0x61, 0x67, 0x6F, 0x6E,
    0x23, 0x30, 0x77, 0x69, 0x6C, 0x6C, 0x20, 0x62, 0x65, 0x20, 0x73, 0x75,
    0x6D, 0x6D, 0x6F, 0x6E, 0x65, 0x64, 0x2E, 0x23, 0x31, 0x00,
};

const u8 gActivationDescription_GoddessOfWhim_Popup1[] APPEND_TEXT = {
    0x23, 0x32, 0x23, 0x30, 0x77, 0x61, 0x73, 0x20, 0x61, 0x63, 0x74, 0x69,
    0x76, 0x61, 0x74, 0x65, 0x64, 0x2E, 0x23, 0x31, 0x35, 0x30, 0x30, 0x4C,
    0x50, 0x20, 0x77, 0x69, 0x6C, 0x6C, 0x20, 0x62, 0x65, 0x20, 0x65, 0x78,
    0x63, 0x68, 0x61, 0x6E, 0x67, 0x65, 0x64, 0x20, 0x74, 0x6F, 0x23, 0x30,
    0x64, 0x72, 0x61, 0x77, 0x20, 0x61, 0x20, 0x63, 0x61, 0x72, 0x64, 0x20,
    0x66, 0x72, 0x6F, 0x6D, 0x20, 0x74, 0x68, 0x65, 0x20, 0x64, 0x65, 0x63,
    0x6B, 0x2E, 0x23, 0x31, 0x00,
};

const u8 gActivationDescription_SinisterSerpent_Popup1[] APPEND_TEXT = {
    0x23, 0x32, 0x23, 0x30, 0x77, 0x61, 0x73, 0x20, 0x61, 0x63, 0x74, 0x69,
    0x76, 0x61, 0x74, 0x65, 0x64, 0x2E, 0x23, 0x31, 0x54, 0x68, 0x69, 0x73,
    0x20, 0x63, 0x61, 0x72, 0x64, 0x20, 0x77, 0x69, 0x6C, 0x6C, 0x20, 0x62,
    0x65, 0x20, 0x72, 0x65, 0x74, 0x75, 0x72, 0x6E, 0x65, 0x64, 0x23, 0x30,
    0x74, 0x6F, 0x20, 0x74, 0x68, 0x65, 0x20, 0x66, 0x69, 0x65, 0x6C, 0x64,
    0x20, 0x69, 0x6E, 0x20, 0x61, 0x74, 0x74, 0x61, 0x63, 0x6B, 0x23, 0x30,
    0x70, 0x6F, 0x73, 0x69, 0x74, 0x69, 0x6F, 0x6E, 0x2E, 0x23, 0x31, 0x00,
};

const u8 gActivationDescription_Ameba_Popup1[] APPEND_TEXT = {
    0x23, 0x32, 0x23, 0x30, 0x77, 0x61, 0x73, 0x20, 0x61, 0x63, 0x74, 0x69,
    0x76, 0x61, 0x74, 0x65, 0x64, 0x2E, 0x23, 0x31, 0x44, 0x65, 0x61, 0x6C,
    0x20, 0x32, 0x30, 0x30, 0x30, 0x20, 0x4C, 0x50, 0x20, 0x6F, 0x66, 0x20,
    0x64, 0x61, 0x6D, 0x61, 0x67, 0x65, 0x20, 0x77, 0x68, 0x65, 0x6E, 0x23,
    0x30, 0x63, 0x6F, 0x6E, 0x74, 0x72, 0x6F, 0x6C, 0x20, 0x6F, 0x66, 0x20,
    0x74, 0x68, 0x69, 0x73, 0x20, 0x63, 0x61, 0x72, 0x64, 0x23, 0x30, 0x73,
    0x77, 0x69, 0x74, 0x63, 0x68, 0x65, 0x73, 0x2E, 0x23, 0x31, 0x00,
};

const u8 gActivationDescription_NeedleBall_Popup1[] APPEND_TEXT = {
    0x23, 0x32, 0x23, 0x30, 0x77, 0x61, 0x73, 0x20, 0x61, 0x63, 0x74, 0x69,
    0x76, 0x61, 0x74, 0x65, 0x64, 0x2E, 0x23, 0x31, 0x31, 0x30, 0x30, 0x30,
    0x4C, 0x50, 0x20, 0x6F, 0x66, 0x20, 0x64, 0x61, 0x6D, 0x61, 0x67, 0x65,
    0x20, 0x77, 0x69, 0x6C, 0x6C, 0x20, 0x62, 0x65, 0x23, 0x30, 0x64, 0x65,
    0x61, 0x6C, 0x74, 0x20, 0x74, 0x6F, 0x20, 0x74, 0x68, 0x65, 0x20, 0x6F,
    0x70, 0x70, 0x6F, 0x6E, 0x65, 0x6E, 0x74, 0x20, 0x61, 0x74, 0x20, 0x61,
    0x23, 0x30, 0x32, 0x30, 0x30, 0x30, 0x4C, 0x50, 0x20, 0x63, 0x6F, 0x73,
    0x74, 0x2E, 0x23, 0x31, 0x00,
};

const u8 gActivationDescription_MahaVailo_Popup1[] APPEND_TEXT = {
    0x23, 0x32, 0x23, 0x30, 0x77, 0x61, 0x73, 0x20, 0x61, 0x63, 0x74, 0x69,
    0x76, 0x61, 0x74, 0x65, 0x64, 0x2E, 0x23, 0x31, 0x49, 0x6E, 0x20, 0x72,
    0x65, 0x73, 0x70, 0x6F, 0x6E, 0x73, 0x65, 0x20, 0x74, 0x6F, 0x20, 0x61,
    0x6E, 0x20, 0x65, 0x71, 0x75, 0x69, 0x70, 0x23, 0x30, 0x73, 0x70, 0x65,
    0x6C, 0x6C, 0x2C, 0x20, 0x68, 0x69, 0x73, 0x20, 0x73, 0x74, 0x61, 0x74,
    0x73, 0x20, 0x77, 0x69, 0x6C, 0x6C, 0x20, 0x62, 0x65, 0x23, 0x30, 0x62,
    0x6F, 0x6F, 0x73, 0x74, 0x65, 0x64, 0x20, 0x62, 0x79, 0x20, 0x61, 0x20,
    0x66, 0x75, 0x72, 0x74, 0x68, 0x65, 0x72, 0x20, 0x73, 0x74, 0x61, 0x67,
    0x65, 0x2E, 0x23, 0x31, 0x00,
};

const u8 gActivationDescription_CannonSoldier_Popup1[] APPEND_TEXT = {
    0x23, 0x32, 0x23, 0x30, 0x77, 0x61, 0x73, 0x20, 0x61, 0x63, 0x74, 0x69,
    0x76, 0x61, 0x74, 0x65, 0x64, 0x2E, 0x23, 0x31, 0x53, 0x61, 0x63, 0x72,
    0x69, 0x66, 0x69, 0x63, 0x65, 0x20, 0x6F, 0x6E, 0x65, 0x20, 0x6D, 0x6F,
    0x6E, 0x73, 0x74, 0x65, 0x72, 0x2E, 0x23, 0x30, 0x44, 0x65, 0x61, 0x6C,
    0x20, 0x69, 0x74, 0x73, 0x20, 0x41, 0x54, 0x4B, 0x20, 0x74, 0x6F, 0x20,
    0x6F, 0x70, 0x70, 0x6F, 0x6E, 0x65, 0x6E, 0x74, 0x2E, 0x23, 0x31, 0x00,
};

const u8 gActivationDescription_EmbodimentOfApophis_Popup1[] APPEND_TEXT = {
    0x23, 0x32, 0x23, 0x30, 0x77, 0x61, 0x73, 0x20, 0x61, 0x63, 0x74, 0x69,
    0x76, 0x61, 0x74, 0x65, 0x64, 0x2E, 0x23, 0x31, 0x53, 0x70, 0x65, 0x63,
    0x69, 0x61, 0x6C, 0x20, 0x73, 0x75, 0x6D, 0x6D, 0x6F, 0x6E, 0x20, 0x74,
    0x68, 0x69, 0x73, 0x20, 0x74, 0x72, 0x61, 0x70, 0x20, 0x74, 0x6F, 0x23,
    0x30, 0x74, 0x68, 0x65, 0x20, 0x66, 0x69, 0x65, 0x6C, 0x64, 0x2E, 0x23,
    0x31, 0x00,
};

const u8 gActivationDescription_AmazonChainMaster_Popup1[] APPEND_TEXT = {
    0x23, 0x32, 0x23, 0x30, 0x77, 0x61, 0x73, 0x20, 0x61, 0x63, 0x74, 0x69,
    0x76, 0x61, 0x74, 0x65, 0x64, 0x2E, 0x23, 0x31, 0x53, 0x68, 0x65, 0x20,
    0x77, 0x69, 0x6C, 0x6C, 0x20, 0x73, 0x74, 0x65, 0x61, 0x6C, 0x20, 0x61,
    0x20, 0x63, 0x61, 0x72, 0x64, 0x20, 0x66, 0x72, 0x6F, 0x6D, 0x23, 0x30,
    0x74, 0x68, 0x65, 0x20, 0x6F, 0x70, 0x70, 0x6F, 0x6E, 0x65, 0x6E, 0x74,
    0x27, 0x73, 0x20, 0x68, 0x61, 0x6E, 0x64, 0x20, 0x69, 0x6E, 0x23, 0x30,
    0x65, 0x78, 0x63, 0x68, 0x61, 0x6E, 0x67, 0x65, 0x20, 0x66, 0x6F, 0x72,
    0x20, 0x31, 0x30, 0x30, 0x30, 0x4C, 0x50, 0x2E, 0x23, 0x31, 0x00,
};

const u8 gActivationDescription_ThunderNyanNyan_Popup1[] APPEND_TEXT = {
    0x23, 0x32, 0x23, 0x30, 0x77, 0x61, 0x73, 0x20, 0x61, 0x63, 0x74, 0x69,
    0x76, 0x61, 0x74, 0x65, 0x64, 0x2E, 0x23, 0x31, 0x4F, 0x70, 0x70, 0x6F,
    0x6E, 0x65, 0x6E, 0x74, 0x20, 0x63, 0x6F, 0x6E, 0x74, 0x72, 0x6F, 0x6C,
    0x73, 0x20, 0x61, 0x20, 0x66, 0x61, 0x63, 0x65, 0x2D, 0x75, 0x70, 0x23,
    0x30, 0x53, 0x68, 0x61, 0x64, 0x6F, 0x77, 0x20, 0x6D, 0x6F, 0x6E, 0x73,
    0x74, 0x65, 0x72, 0x2E, 0x23, 0x31, 0x54, 0x68, 0x69, 0x73, 0x20, 0x63,
    0x61, 0x72, 0x64, 0x20, 0x63, 0x61, 0x6E, 0x20, 0x61, 0x74, 0x74, 0x61,
    0x63, 0x6B, 0x20, 0x79, 0x6F, 0x75, 0x72, 0x23, 0x30, 0x6F, 0x70, 0x70,
    0x6F, 0x6E, 0x65, 0x6E, 0x74, 0x20, 0x64, 0x69, 0x72, 0x65, 0x63, 0x74,
    0x6C, 0x79, 0x2E, 0x23, 0x31, 0x00,
};

const u8 gActivationDescription_InjectionFairyLily_Popup1[] APPEND_TEXT = {
    0x23, 0x32, 0x23, 0x30, 0x77, 0x61, 0x73, 0x20, 0x61, 0x63, 0x74, 0x69,
    0x76, 0x61, 0x74, 0x65, 0x64, 0x2E, 0x23, 0x31, 0x46, 0x6F, 0x72, 0x20,
    0x33, 0x30, 0x30, 0x30, 0x4C, 0x50, 0x20, 0x73, 0x68, 0x65, 0x20, 0x77,
    0x69, 0x6C, 0x6C, 0x20, 0x62, 0x65, 0x23, 0x30, 0x62, 0x6F, 0x6F, 0x73,
    0x74, 0x65, 0x64, 0x20, 0x34, 0x20, 0x73, 0x74, 0x61, 0x67, 0x65, 0x73,
    0x2E, 0x23, 0x31, 0x00,
};

const u8 gActivationDescription_NeedleWorm_Popup1[] APPEND_TEXT = {
    0x23, 0x32, 0x23, 0x30, 0x77, 0x61, 0x73, 0x20, 0x61, 0x63, 0x74, 0x69,
    0x76, 0x61, 0x74, 0x65, 0x64, 0x2E, 0x23, 0x31, 0x35, 0x20, 0x63, 0x61,
    0x72, 0x64, 0x73, 0x20, 0x77, 0x69, 0x6C, 0x6C, 0x20, 0x62, 0x65, 0x20,
    0x72, 0x65, 0x6D, 0x6F, 0x76, 0x65, 0x64, 0x23, 0x30, 0x66, 0x72, 0x6F,
    0x6D, 0x20, 0x74, 0x68, 0x65, 0x20, 0x6F, 0x70, 0x70, 0x6F, 0x6E, 0x65,
    0x6E, 0x74, 0x27, 0x73, 0x20, 0x64, 0x65, 0x63, 0x6B, 0x2E, 0x23, 0x31,
    0x00,
};

const u8 gActivationDescription_WitchOfTheBlackForest_Popup1[] APPEND_TEXT = {
    0x23, 0x32, 0x23, 0x30, 0x77, 0x61, 0x73, 0x20, 0x61, 0x63, 0x74, 0x69,
    0x76, 0x61, 0x74, 0x65, 0x64, 0x2E, 0x23, 0x31, 0x44, 0x72, 0x61, 0x77,
    0x20, 0x31, 0x20, 0x63, 0x61, 0x72, 0x64, 0x2E, 0x23, 0x31, 0x00,
};

const u8 gActivationDescription_DarkMagicianKnight_Popup1[] APPEND_TEXT = {
    0x23, 0x32, 0x23, 0x30, 0x77, 0x61, 0x73, 0x20, 0x61, 0x63, 0x74, 0x69,
    0x76, 0x61, 0x74, 0x65, 0x64, 0x2E, 0x23, 0x31, 0x54, 0x61, 0x72, 0x67,
    0x65, 0x74, 0x20, 0x6F, 0x6E, 0x65, 0x20, 0x63, 0x61, 0x72, 0x64, 0x20,
    0x6F, 0x6E, 0x20, 0x74, 0x68, 0x65, 0x23, 0x30, 0x66, 0x69, 0x65, 0x6C,
    0x64, 0x20, 0x61, 0x6E, 0x64, 0x20, 0x64, 0x65, 0x73, 0x74, 0x72, 0x6F,
    0x79, 0x20, 0x69, 0x74, 0x2E, 0x23, 0x31, 0x00,
};

const u8 gActivationDescription_PenguinSoldier_Popup1[] APPEND_TEXT = {
    0x23, 0x32, 0x23, 0x30, 0x77, 0x61, 0x73, 0x20, 0x61, 0x63, 0x74, 0x69,
    0x76, 0x61, 0x74, 0x65, 0x64, 0x2E, 0x23, 0x31, 0x55, 0x70, 0x20, 0x74,
    0x6F, 0x20, 0x32, 0x20, 0x65, 0x6E, 0x65, 0x6D, 0x79, 0x20, 0x6D, 0x6F,
    0x6E, 0x73, 0x74, 0x65, 0x72, 0x73, 0x20, 0x77, 0x69, 0x6C, 0x6C, 0x23,
    0x30, 0x62, 0x65, 0x20, 0x72, 0x65, 0x74, 0x75, 0x72, 0x6E, 0x65, 0x64,
    0x20, 0x74, 0x6F, 0x20, 0x74, 0x68, 0x65, 0x23, 0x30, 0x6F, 0x70, 0x70,
    0x6F, 0x6E, 0x65, 0x6E, 0x74, 0x27, 0x73, 0x20, 0x68, 0x61, 0x6E, 0x64,
    0x20, 0x69, 0x66, 0x20, 0x74, 0x68, 0x65, 0x72, 0x65, 0x20, 0x69, 0x73,
    0x23, 0x30, 0x72, 0x6F, 0x6F, 0x6D, 0x2E, 0x23, 0x31, 0x00,
};

const u8 gActivationDescription_ExecutorMakyura_Popup1[] APPEND_TEXT = {
    0x23, 0x32, 0x23, 0x30, 0x77, 0x61, 0x73, 0x20, 0x61, 0x63, 0x74, 0x69,
    0x76, 0x61, 0x74, 0x65, 0x64, 0x2E, 0x23, 0x31, 0x54, 0x68, 0x69, 0x73,
    0x20, 0x74, 0x75, 0x72, 0x6E, 0x2C, 0x20, 0x79, 0x6F, 0x75, 0x20, 0x63,
    0x61, 0x6E, 0x20, 0x61, 0x63, 0x74, 0x69, 0x76, 0x61, 0x74, 0x65, 0x23,
    0x30, 0x65, 0x6C, 0x69, 0x67, 0x69, 0x62, 0x6C, 0x65, 0x20, 0x54, 0x72,
    0x61, 0x70, 0x20, 0x43, 0x61, 0x72, 0x64, 0x73, 0x20, 0x66, 0x72, 0x6F,
    0x6D, 0x23, 0x30, 0x79, 0x6F, 0x75, 0x72, 0x20, 0x68, 0x61, 0x6E, 0x64,
    0x2E, 0x23, 0x31, 0x00,
};

const u8 gActivationDescription_YamataDragon_Popup1[] APPEND_TEXT = {
    0x23, 0x32, 0x23, 0x30, 0x77, 0x61, 0x73, 0x20, 0x61, 0x63, 0x74, 0x69,
    0x76, 0x61, 0x74, 0x65, 0x64, 0x2E, 0x23, 0x31, 0x50, 0x6F, 0x74, 0x20,
    0x6F, 0x66, 0x20, 0x47, 0x72, 0x65, 0x65, 0x64, 0x20, 0x77, 0x69, 0x6C,
    0x6C, 0x20, 0x62, 0x65, 0x20, 0x70, 0x6C, 0x61, 0x63, 0x65, 0x64, 0x23,
    0x30, 0x6F, 0x6E, 0x20, 0x74, 0x68, 0x65, 0x20, 0x75, 0x73, 0x65, 0x72,
    0x27, 0x73, 0x20, 0x73, 0x69, 0x64, 0x65, 0x20, 0x6F, 0x66, 0x20, 0x74,
    0x68, 0x65, 0x23, 0x30, 0x66, 0x69, 0x65, 0x6C, 0x64, 0x2E, 0x23, 0x31,
    0x00,
};

const u8 gActivationDescription_SkullMarkLadyBug_Popup1[] APPEND_TEXT = {
    0x23, 0x32, 0x23, 0x30, 0x77, 0x61, 0x73, 0x20, 0x61, 0x63, 0x74, 0x69,
    0x76, 0x61, 0x74, 0x65, 0x64, 0x2E, 0x23, 0x31, 0x31, 0x30, 0x30, 0x30,
    0x4C, 0x50, 0x20, 0x77, 0x69, 0x6C, 0x6C, 0x20, 0x62, 0x65, 0x20, 0x72,
    0x65, 0x73, 0x74, 0x6F, 0x72, 0x65, 0x64, 0x20, 0x74, 0x6F, 0x23, 0x30,
    0x74, 0x68, 0x65, 0x20, 0x6F, 0x77, 0x6E, 0x65, 0x72, 0x20, 0x61, 0x6E,
    0x64, 0x20, 0x74, 0x68, 0x65, 0x6E, 0x20, 0x74, 0x68, 0x69, 0x73, 0x23,
    0x30, 0x63, 0x61, 0x72, 0x64, 0x20, 0x77, 0x69, 0x6C, 0x6C, 0x20, 0x62,
    0x65, 0x20, 0x72, 0x65, 0x6D, 0x6F, 0x76, 0x65, 0x64, 0x20, 0x66, 0x72,
    0x6F, 0x6D, 0x23, 0x30, 0x74, 0x68, 0x65, 0x20, 0x67, 0x72, 0x61, 0x76,
    0x65, 0x79, 0x61, 0x72, 0x64, 0x2E, 0x23, 0x31, 0x00,
};

const u8 gActivationDescription_TheUnhappyMaiden_Popup1[] APPEND_TEXT = {
    0x23, 0x32, 0x23, 0x30, 0x77, 0x61, 0x73, 0x20, 0x61, 0x63, 0x74, 0x69,
    0x76, 0x61, 0x74, 0x65, 0x64, 0x2E, 0x23, 0x31, 0x54, 0x68, 0x65, 0x20,
    0x63, 0x75, 0x72, 0x72, 0x65, 0x6E, 0x74, 0x20, 0x64, 0x75, 0x65, 0x6C,
    0x69, 0x73, 0x74, 0x27, 0x73, 0x20, 0x74, 0x75, 0x72, 0x6E, 0x23, 0x30,
    0x65, 0x6E, 0x64, 0x73, 0x2E, 0x23, 0x31, 0x00,
};

const u8 gActivationDescription_DeckDestructionVirus_Popup1[] APPEND_TEXT = {
    0x23, 0x32, 0x23, 0x30, 0x77, 0x61, 0x73, 0x20, 0x61, 0x63, 0x74, 0x69,
    0x76, 0x61, 0x74, 0x65, 0x64, 0x2E, 0x23, 0x31, 0x49, 0x74, 0x20, 0x77,
    0x69, 0x6C, 0x6C, 0x20, 0x72, 0x65, 0x6D, 0x6F, 0x76, 0x65, 0x20, 0x35,
    0x20, 0x63, 0x61, 0x72, 0x64, 0x73, 0x20, 0x66, 0x72, 0x6F, 0x6D, 0x23,
    0x30, 0x74, 0x68, 0x65, 0x20, 0x6F, 0x70, 0x70, 0x6F, 0x6E, 0x65, 0x6E,
    0x74, 0x27, 0x73, 0x20, 0x64, 0x65, 0x63, 0x6B, 0x2E, 0x23, 0x31, 0x00,
};

const u8 gActivationDescription_BlueEyesShiningDragon_Popup1[] APPEND_TEXT = {
    0x23, 0x32, 0x23, 0x30, 0x77, 0x61, 0x73, 0x20, 0x61, 0x63, 0x74, 0x69,
    0x76, 0x61, 0x74, 0x65, 0x64, 0x2E, 0x23, 0x31, 0x49, 0x74, 0x20, 0x77,
    0x69, 0x6C, 0x6C, 0x20, 0x73, 0x61, 0x63, 0x72, 0x69, 0x66, 0x69, 0x63,
    0x65, 0x20, 0x74, 0x68, 0x65, 0x23, 0x30, 0x75, 0x73, 0x65, 0x72, 0x27,
    0x73, 0x20, 0x42, 0x6C, 0x75, 0x65, 0x20, 0x45, 0x79, 0x65, 0x73, 0x20,
    0x55, 0x6C, 0x74, 0x69, 0x6D, 0x61, 0x74, 0x65, 0x23, 0x30, 0x44, 0x72,
    0x61, 0x67, 0x6F, 0x6E, 0x20, 0x74, 0x6F, 0x20, 0x73, 0x75, 0x6D, 0x6D,
    0x6F, 0x6E, 0x20, 0x69, 0x74, 0x73, 0x65, 0x6C, 0x66, 0x2E, 0x23, 0x31,
    0x00,
};

const u8 gActivationDescription_CardOfDemise_Popup1[] APPEND_TEXT = {
    0x23, 0x32, 0x23, 0x30, 0x77, 0x61, 0x73, 0x20, 0x61, 0x63, 0x74, 0x69,
    0x76, 0x61, 0x74, 0x65, 0x64, 0x2E, 0x23, 0x31, 0x54, 0x68, 0x65, 0x20,
    0x6F, 0x77, 0x6E, 0x65, 0x72, 0x20, 0x77, 0x69, 0x6C, 0x6C, 0x20, 0x64,
    0x72, 0x61, 0x77, 0x20, 0x75, 0x6E, 0x74, 0x69, 0x6C, 0x23, 0x30, 0x74,
    0x68, 0x65, 0x79, 0x20, 0x68, 0x61, 0x76, 0x65, 0x20, 0x35, 0x20, 0x63,
    0x61, 0x72, 0x64, 0x73, 0x20, 0x69, 0x6E, 0x20, 0x74, 0x68, 0x65, 0x69,
    0x72, 0x23, 0x30, 0x68, 0x61, 0x6E, 0x64, 0x2E, 0x23, 0x31, 0x00,
};

const u8 gActivationDescription_CardOfSanctity_Popup1[] APPEND_TEXT = {
    0x23, 0x32, 0x23, 0x30, 0x77, 0x61, 0x73, 0x20, 0x61, 0x63, 0x74, 0x69,
    0x76, 0x61, 0x74, 0x65, 0x64, 0x2E, 0x23, 0x31, 0x42, 0x6F, 0x74, 0x68,
    0x20, 0x70, 0x6C, 0x61, 0x79, 0x65, 0x72, 0x73, 0x20, 0x64, 0x69, 0x73,
    0x63, 0x61, 0x72, 0x64, 0x20, 0x74, 0x68, 0x65, 0x69, 0x72, 0x23, 0x30,
    0x68, 0x61, 0x6E, 0x64, 0x73, 0x20, 0x61, 0x6E, 0x64, 0x20, 0x64, 0x72,
    0x61, 0x77, 0x20, 0x66, 0x69, 0x76, 0x65, 0x20, 0x6E, 0x65, 0x77, 0x23,
    0x30, 0x63, 0x61, 0x72, 0x64, 0x73, 0x2E, 0x23, 0x31, 0x00,
};

const u8 gActivationDescription_ShieldAndSword_Popup1[] APPEND_TEXT = {
    0x23, 0x32, 0x23, 0x30, 0x77, 0x61, 0x73, 0x20, 0x61, 0x63, 0x74, 0x69,
    0x76, 0x61, 0x74, 0x65, 0x64, 0x2E, 0x23, 0x31, 0x41, 0x6C, 0x6C, 0x20,
    0x6D, 0x6F, 0x6E, 0x73, 0x74, 0x65, 0x72, 0x20, 0x63, 0x61, 0x72, 0x64,
    0x73, 0x20, 0x6F, 0x6E, 0x20, 0x74, 0x68, 0x65, 0x23, 0x30, 0x62, 0x6F,
    0x61, 0x72, 0x64, 0x20, 0x77, 0x69, 0x6C, 0x6C, 0x20, 0x68, 0x61, 0x76,
    0x65, 0x20, 0x74, 0x68, 0x65, 0x69, 0x72, 0x23, 0x30, 0x61, 0x74, 0x74,
    0x61, 0x63, 0x6B, 0x20, 0x61, 0x6E, 0x64, 0x20, 0x64, 0x65, 0x66, 0x65,
    0x6E, 0x73, 0x65, 0x20, 0x73, 0x77, 0x61, 0x70, 0x70, 0x65, 0x64, 0x2E,
    0x23, 0x31, 0x00,
};

const u8 gActivationDescription_ChainEnergy_Popup1[] APPEND_TEXT = {
    0x23, 0x32, 0x23, 0x30, 0x77, 0x61, 0x73, 0x20, 0x61, 0x63, 0x74, 0x69,
    0x76, 0x61, 0x74, 0x65, 0x64, 0x2E, 0x23, 0x31, 0x45, 0x61, 0x63, 0x68,
    0x20, 0x70, 0x6C, 0x61, 0x79, 0x65, 0x72, 0x20, 0x6D, 0x75, 0x73, 0x74,
    0x20, 0x70, 0x61, 0x79, 0x20, 0x35, 0x30, 0x30, 0x4C, 0x50, 0x23, 0x30,
    0x70, 0x65, 0x72, 0x20, 0x63, 0x61, 0x72, 0x64, 0x20, 0x74, 0x6F, 0x20,
    0x73, 0x65, 0x74, 0x20, 0x6F, 0x72, 0x20, 0x70, 0x6C, 0x61, 0x79, 0x23,
    0x30, 0x74, 0x68, 0x65, 0x6D, 0x2E, 0x23, 0x31, 0x00,
};

const u8 gActivationDescription_SpellCanceller_Popup1[] APPEND_TEXT = {
    0x23, 0x32, 0x23, 0x30, 0x77, 0x61, 0x73, 0x20, 0x61, 0x63, 0x74, 0x69,
    0x76, 0x61, 0x74, 0x65, 0x64, 0x2E, 0x23, 0x31, 0x4E, 0x6F, 0x20, 0x73,
    0x70, 0x65, 0x6C, 0x6C, 0x73, 0x20, 0x63, 0x61, 0x6E, 0x20, 0x61, 0x63,
    0x74, 0x69, 0x76, 0x61, 0x74, 0x65, 0x23, 0x30, 0x77, 0x68, 0x69, 0x6C,
    0x73, 0x74, 0x20, 0x69, 0x74, 0x20, 0x69, 0x73, 0x20, 0x6F, 0x6E, 0x20,
    0x74, 0x68, 0x65, 0x20, 0x66, 0x69, 0x65, 0x6C, 0x64, 0x2E, 0x23, 0x31,
    0x00,
};

const u8 gActivationDescription_Exchange_Popup1[] APPEND_TEXT = {
    0x23, 0x32, 0x23, 0x30, 0x77, 0x61, 0x73, 0x20, 0x61, 0x63, 0x74, 0x69,
    0x76, 0x61, 0x74, 0x65, 0x64, 0x2E, 0x23, 0x31, 0x42, 0x6F, 0x74, 0x68,
    0x20, 0x70, 0x6C, 0x61, 0x79, 0x65, 0x72, 0x73, 0x20, 0x74, 0x61, 0x6B,
    0x65, 0x20, 0x6F, 0x6E, 0x65, 0x20, 0x63, 0x61, 0x72, 0x64, 0x23, 0x30,
    0x66, 0x72, 0x6F, 0x6D, 0x20, 0x65, 0x61, 0x63, 0x68, 0x20, 0x6F, 0x74,
    0x68, 0x65, 0x72, 0x27, 0x73, 0x20, 0x68, 0x61, 0x6E, 0x64, 0x73, 0x2E,
    0x23, 0x31, 0x00,
};

const u8 gActivationDescription_Copycat_Popup1[] APPEND_TEXT = {
    0x23, 0x32, 0x23, 0x30, 0x77, 0x61, 0x73, 0x20, 0x61, 0x63, 0x74, 0x69,
    0x76, 0x61, 0x74, 0x65, 0x64, 0x2E, 0x23, 0x31, 0x49, 0x74, 0x20, 0x77,
    0x69, 0x6C, 0x6C, 0x20, 0x63, 0x6F, 0x70, 0x79, 0x20, 0x74, 0x68, 0x65,
    0x20, 0x73, 0x74, 0x61, 0x74, 0x73, 0x20, 0x6F, 0x66, 0x23, 0x30, 0x74,
    0x68, 0x65, 0x20, 0x73, 0x74, 0x72, 0x6F, 0x6E, 0x67, 0x65, 0x73, 0x74,
    0x20, 0x65, 0x6E, 0x65, 0x6D, 0x79, 0x23, 0x30, 0x6D, 0x6F, 0x6E, 0x73,
    0x74, 0x65, 0x72, 0x2E, 0x23, 0x31, 0x00,
};

const u8 gActivationDescription_MagePower_Popup1[] APPEND_TEXT = {
    0x23, 0x32, 0x23, 0x30, 0x77, 0x61, 0x73, 0x20, 0x61, 0x63, 0x74, 0x69,
    0x76, 0x61, 0x74, 0x65, 0x64, 0x2E, 0x23, 0x31, 0x49, 0x74, 0x20, 0x77,
    0x69, 0x6C, 0x6C, 0x20, 0x62, 0x6F, 0x6F, 0x73, 0x74, 0x20, 0x61, 0x20,
    0x6D, 0x6F, 0x6E, 0x73, 0x74, 0x65, 0x72, 0x27, 0x73, 0x23, 0x30, 0x73,
    0x74, 0x61, 0x74, 0x73, 0x20, 0x62, 0x79, 0x20, 0x31, 0x20, 0x73, 0x74,
    0x61, 0x67, 0x65, 0x20, 0x70, 0x65, 0x72, 0x20, 0x63, 0x61, 0x72, 0x64,
    0x23, 0x30, 0x69, 0x6E, 0x20, 0x79, 0x6F, 0x75, 0x72, 0x20, 0x73, 0x70,
    0x65, 0x6C, 0x6C, 0x20, 0x61, 0x6E, 0x64, 0x20, 0x74, 0x72, 0x61, 0x70,
    0x20, 0x63, 0x61, 0x72, 0x64, 0x23, 0x30, 0x7A, 0x6F, 0x6E, 0x65, 0x73,
    0x2E, 0x23, 0x31, 0x00,
};

const u8 gActivationDescription_Kaibaman_Popup1[] APPEND_TEXT = {
    0x23, 0x32, 0x23, 0x30, 0x77, 0x61, 0x73, 0x20, 0x61, 0x63, 0x74, 0x69,
    0x76, 0x61, 0x74, 0x65, 0x64, 0x2E, 0x23, 0x31, 0x49, 0x74, 0x20, 0x77,
    0x69, 0x6C, 0x6C, 0x20, 0x73, 0x61, 0x63, 0x72, 0x69, 0x66, 0x69, 0x63,
    0x65, 0x20, 0x69, 0x74, 0x73, 0x65, 0x6C, 0x66, 0x20, 0x74, 0x6F, 0x23,
    0x30, 0x73, 0x75, 0x6D, 0x6D, 0x6F, 0x6E, 0x20, 0x61, 0x20, 0x64, 0x72,
    0x61, 0x67, 0x6F, 0x6E, 0x20, 0x66, 0x72, 0x6F, 0x6D, 0x20, 0x79, 0x6F,
    0x75, 0x72, 0x23, 0x30, 0x68, 0x61, 0x6E, 0x64, 0x2E, 0x23, 0x31, 0x00,
};

const u8 gActivationDescription_UltimateOffering_Popup1[] APPEND_TEXT = {
    0x23, 0x32, 0x23, 0x30, 0x77, 0x61, 0x73, 0x20, 0x61, 0x63, 0x74, 0x69,
    0x76, 0x61, 0x74, 0x65, 0x64, 0x2E, 0x23, 0x31, 0x50, 0x61, 0x79, 0x20,
    0x35, 0x30, 0x30, 0x4C, 0x50, 0x20, 0x6F, 0x6E, 0x63, 0x65, 0x20, 0x70,
    0x65, 0x72, 0x20, 0x74, 0x75, 0x72, 0x6E, 0x20, 0x66, 0x6F, 0x72, 0x23,
    0x30, 0x61, 0x6E, 0x20, 0x65, 0x78, 0x74, 0x72, 0x61, 0x20, 0x6D, 0x6F,
    0x6E, 0x73, 0x74, 0x65, 0x72, 0x20, 0x73, 0x75, 0x6D, 0x6D, 0x6F, 0x6E,
    0x2E, 0x23, 0x31, 0x00,
};

const u8 gActivationDescription_UnitedWeStand_Popup1[] APPEND_TEXT = {
    0x23, 0x32, 0x23, 0x30, 0x77, 0x61, 0x73, 0x20, 0x61, 0x63, 0x74, 0x69,
    0x76, 0x61, 0x74, 0x65, 0x64, 0x2E, 0x23, 0x31, 0x49, 0x74, 0x20, 0x77,
    0x69, 0x6C, 0x6C, 0x20, 0x62, 0x6F, 0x6F, 0x73, 0x74, 0x20, 0x61, 0x20,
    0x6D, 0x6F, 0x6E, 0x73, 0x74, 0x65, 0x72, 0x27, 0x73, 0x23, 0x30, 0x73,
    0x74, 0x61, 0x74, 0x73, 0x20, 0x62, 0x79, 0x20, 0x31, 0x20, 0x73, 0x74,
    0x61, 0x67, 0x65, 0x20, 0x70, 0x65, 0x72, 0x23, 0x30, 0x6D, 0x6F, 0x6E,
    0x73, 0x74, 0x65, 0x72, 0x20, 0x69, 0x6E, 0x20, 0x79, 0x6F, 0x75, 0x72,
    0x20, 0x6D, 0x6F, 0x6E, 0x73, 0x74, 0x65, 0x72, 0x23, 0x30, 0x63, 0x61,
    0x72, 0x64, 0x20, 0x7A, 0x6F, 0x6E, 0x65, 0x73, 0x2E, 0x23, 0x31, 0x00,
};

const u8 gActivationDescription_WaveMotionCannon_Popup1[] APPEND_TEXT = {
    0x23, 0x32, 0x23, 0x30, 0x77, 0x61, 0x73, 0x20, 0x61, 0x63, 0x74, 0x69,
    0x76, 0x61, 0x74, 0x65, 0x64, 0x2E, 0x23, 0x31, 0x45, 0x61, 0x63, 0x68,
    0x20, 0x74, 0x75, 0x72, 0x6E, 0x20, 0x6F, 0x6E, 0x20, 0x74, 0x68, 0x65,
    0x20, 0x66, 0x69, 0x65, 0x6C, 0x64, 0x20, 0x61, 0x64, 0x64, 0x73, 0x23,
    0x30, 0x31, 0x30, 0x30, 0x30, 0x4C, 0x50, 0x20, 0x6F, 0x66, 0x20, 0x64,
    0x61, 0x6D, 0x61, 0x67, 0x65, 0x2E, 0x23, 0x31, 0x53, 0x65, 0x6C, 0x65,
    0x63, 0x74, 0x20, 0x69, 0x74, 0x20, 0x61, 0x67, 0x61, 0x69, 0x6E, 0x20,
    0x74, 0x6F, 0x20, 0x73, 0x65, 0x6E, 0x64, 0x20, 0x69, 0x74, 0x23, 0x30,
    0x74, 0x6F, 0x20, 0x74, 0x68, 0x65, 0x20, 0x67, 0x72, 0x61, 0x76, 0x65,
    0x79, 0x61, 0x72, 0x64, 0x20, 0x61, 0x6E, 0x64, 0x20, 0x64, 0x65, 0x61,
    0x6C, 0x23, 0x30, 0x74, 0x68, 0x61, 0x74, 0x20, 0x64, 0x61, 0x6D, 0x61,
    0x67, 0x65, 0x20, 0x74, 0x6F, 0x20, 0x79, 0x6F, 0x75, 0x72, 0x23, 0x30,
    0x6F, 0x70, 0x70, 0x6F, 0x6E, 0x65, 0x6E, 0x74, 0x2E, 0x23, 0x31, 0x00,
};

const u8 gActivationDescription_PyramidOfLight_Popup1[] APPEND_TEXT = {
    0x23, 0x32, 0x23, 0x30, 0x77, 0x61, 0x73, 0x20, 0x61, 0x63, 0x74, 0x69,
    0x76, 0x61, 0x74, 0x65, 0x64, 0x2E, 0x23, 0x31, 0x44, 0x65, 0x73, 0x74,
    0x72, 0x6F, 0x79, 0x20, 0x61, 0x6C, 0x6C, 0x20, 0x67, 0x6F, 0x64, 0x23,
    0x30, 0x6D, 0x6F, 0x6E, 0x73, 0x74, 0x65, 0x72, 0x73, 0x20, 0x6F, 0x6E,
    0x20, 0x62, 0x6F, 0x74, 0x68, 0x23, 0x30, 0x66, 0x69, 0x65, 0x6C, 0x64,
    0x73, 0x2E, 0x20, 0x47, 0x6F, 0x64, 0x23, 0x30, 0x73, 0x75, 0x6D, 0x6D,
    0x6F, 0x6E, 0x73, 0x20, 0x61, 0x72, 0x65, 0x23, 0x30, 0x62, 0x6C, 0x6F,
    0x63, 0x6B, 0x65, 0x64, 0x2E, 0x23, 0x31, 0x00,
};

const u8 gActivationDescription_SoulExchange_Popup1[] APPEND_TEXT = {
    0x23, 0x32, 0x23, 0x30, 0x77, 0x61, 0x73, 0x20, 0x61, 0x63, 0x74, 0x69,
    0x76, 0x61, 0x74, 0x65, 0x64, 0x2E, 0x23, 0x31, 0x54, 0x72, 0x69, 0x62,
    0x75, 0x74, 0x65, 0x20, 0x6F, 0x6E, 0x65, 0x20, 0x6F, 0x66, 0x20, 0x79,
    0x6F, 0x75, 0x72, 0x23, 0x30, 0x6F, 0x70, 0x70, 0x6F, 0x6E, 0x65, 0x6E,
    0x74, 0x27, 0x73, 0x20, 0x6D, 0x6F, 0x6E, 0x73, 0x74, 0x65, 0x72, 0x73,
    0x20, 0x69, 0x6E, 0x73, 0x74, 0x65, 0x61, 0x64, 0x23, 0x30, 0x6F, 0x66,
    0x20, 0x79, 0x6F, 0x75, 0x72, 0x20, 0x6F, 0x77, 0x6E, 0x20, 0x74, 0x68,
    0x69, 0x73, 0x20, 0x74, 0x75, 0x72, 0x6E, 0x2E, 0x23, 0x31, 0x00,
};

const u8 gActivationDescription_MysticalSpaceTyphoon_Popup1[] APPEND_TEXT = {
    0x23, 0x32, 0x23, 0x30, 0x77, 0x61, 0x73, 0x20, 0x61, 0x63, 0x74, 0x69,
    0x76, 0x61, 0x74, 0x65, 0x64, 0x2E, 0x23, 0x31, 0x53, 0x65, 0x6C, 0x65,
    0x63, 0x74, 0x20, 0x6F, 0x6E, 0x65, 0x20, 0x73, 0x70, 0x65, 0x6C, 0x6C,
    0x20, 0x6F, 0x72, 0x20, 0x74, 0x72, 0x61, 0x70, 0x23, 0x30, 0x63, 0x61,
    0x72, 0x64, 0x20, 0x6F, 0x6E, 0x20, 0x74, 0x68, 0x65, 0x20, 0x66, 0x69,
    0x65, 0x6C, 0x64, 0x20, 0x61, 0x6E, 0x64, 0x23, 0x30, 0x64, 0x65, 0x73,
    0x74, 0x72, 0x6F, 0x79, 0x20, 0x69, 0x74, 0x2E, 0x23, 0x31, 0x00,
};

const u8 gActivationDescription_DoubleSummon_Popup1[] APPEND_TEXT = {
    0x23, 0x32, 0x23, 0x30, 0x77, 0x61, 0x73, 0x20, 0x61, 0x63, 0x74, 0x69,
    0x76, 0x61, 0x74, 0x65, 0x64, 0x2E, 0x23, 0x31, 0x59, 0x6F, 0x75, 0x20,
    0x63, 0x61, 0x6E, 0x20, 0x63, 0x6F, 0x6E, 0x64, 0x75, 0x63, 0x74, 0x20,
    0x74, 0x77, 0x6F, 0x20, 0x6E, 0x6F, 0x72, 0x6D, 0x61, 0x6C, 0x23, 0x30,
    0x73, 0x75, 0x6D, 0x6D, 0x6F, 0x6E, 0x73, 0x20, 0x74, 0x68, 0x69, 0x73,
    0x20, 0x74, 0x75, 0x72, 0x6E, 0x2E, 0x23, 0x31, 0x00,
};

const u8 gActivationDescription_MaskOfRestrict_Popup1[] APPEND_TEXT = {
    0x23, 0x32, 0x23, 0x30, 0x77, 0x61, 0x73, 0x20, 0x61, 0x63, 0x74, 0x69,
    0x76, 0x61, 0x74, 0x65, 0x64, 0x2E, 0x23, 0x31, 0x4E, 0x65, 0x69, 0x74,
    0x68, 0x65, 0x72, 0x20, 0x70, 0x6C, 0x61, 0x79, 0x65, 0x72, 0x20, 0x63,
    0x61, 0x6E, 0x20, 0x74, 0x72, 0x69, 0x62, 0x75, 0x74, 0x65, 0x23, 0x30,
    0x73, 0x75, 0x6D, 0x6D, 0x6F, 0x6E, 0x20, 0x77, 0x68, 0x69, 0x6C, 0x65,
    0x20, 0x69, 0x74, 0x20, 0x69, 0x73, 0x20, 0x61, 0x63, 0x74, 0x69, 0x76,
    0x65, 0x2E, 0x23, 0x31, 0x00,
};

const u8 gActivationDescription_FairyBox_Popup1[] APPEND_TEXT = {
    0x23, 0x32, 0x23, 0x30, 0x77, 0x61, 0x73, 0x20, 0x61, 0x63, 0x74, 0x69,
    0x76, 0x61, 0x74, 0x65, 0x64, 0x2E, 0x23, 0x31, 0x44, 0x75, 0x65, 0x20,
    0x74, 0x6F, 0x20, 0x77, 0x69, 0x6E, 0x6E, 0x69, 0x6E, 0x67, 0x20, 0x74,
    0x68, 0x65, 0x23, 0x30, 0x63, 0x6F, 0x69, 0x6E, 0x66, 0x6C, 0x69, 0x70,
    0x2C, 0x20, 0x74, 0x68, 0x65, 0x20, 0x6F, 0x70, 0x70, 0x6F, 0x6E, 0x65,
    0x6E, 0x74, 0x27, 0x73, 0x23, 0x30, 0x61, 0x74, 0x74, 0x61, 0x63, 0x6B,
    0x69, 0x6E, 0x67, 0x20, 0x6D, 0x6F, 0x6E, 0x73, 0x74, 0x65, 0x72, 0x27,
    0x73, 0x20, 0x41, 0x54, 0x4B, 0x23, 0x30, 0x77, 0x69, 0x6C, 0x6C, 0x20,
    0x62, 0x65, 0x20, 0x73, 0x65, 0x74, 0x20, 0x74, 0x6F, 0x20, 0x30, 0x2E,
    0x23, 0x31, 0x00,
};

const u8 gActivationDescription_CostDown_Popup1[] APPEND_TEXT = {
    0x23, 0x32, 0x23, 0x30, 0x77, 0x61, 0x73, 0x20, 0x61, 0x63, 0x74, 0x69,
    0x76, 0x61, 0x74, 0x65, 0x64, 0x2E, 0x23, 0x31, 0x41, 0x6C, 0x6C, 0x20,
    0x6D, 0x6F, 0x6E, 0x73, 0x74, 0x65, 0x72, 0x73, 0x20, 0x69, 0x6E, 0x20,
    0x79, 0x6F, 0x75, 0x72, 0x20, 0x68, 0x61, 0x6E, 0x64, 0x23, 0x30, 0x61,
    0x72, 0x65, 0x20, 0x72, 0x65, 0x64, 0x75, 0x63, 0x65, 0x64, 0x20, 0x62,
    0x79, 0x20, 0x32, 0x20, 0x6C, 0x65, 0x76, 0x65, 0x6C, 0x73, 0x23, 0x30,
    0x75, 0x6E, 0x74, 0x69, 0x6C, 0x20, 0x65, 0x6E, 0x64, 0x20, 0x6F, 0x66,
    0x20, 0x74, 0x75, 0x72, 0x6E, 0x2E, 0x23, 0x31, 0x00,
};

const u8 gActivationDescription_BlueEyesAlternativeWhiteDragon_Popup1[] APPEND_TEXT = {
    0x23, 0x32, 0x23, 0x30, 0x77, 0x61, 0x73, 0x20, 0x61, 0x63, 0x74, 0x69,
    0x76, 0x61, 0x74, 0x65, 0x64, 0x2E, 0x23, 0x31, 0x54, 0x68, 0x69, 0x73,
    0x20, 0x63, 0x61, 0x72, 0x64, 0x20, 0x77, 0x69, 0x6C, 0x6C, 0x20, 0x62,
    0x65, 0x20, 0x73, 0x70, 0x65, 0x63, 0x69, 0x61, 0x6C, 0x23, 0x30, 0x73,
    0x75, 0x6D, 0x6D, 0x6F, 0x6E, 0x65, 0x64, 0x20, 0x62, 0x79, 0x20, 0x72,
    0x65, 0x76, 0x65, 0x61, 0x6C, 0x69, 0x6E, 0x67, 0x23, 0x30, 0x42, 0x6C,
    0x75, 0x65, 0x2D, 0x45, 0x79, 0x65, 0x73, 0x20, 0x57, 0x68, 0x69, 0x74,
    0x65, 0x20, 0x44, 0x72, 0x61, 0x67, 0x6F, 0x6E, 0x20, 0x69, 0x6E, 0x23,
    0x30, 0x74, 0x68, 0x65, 0x20, 0x70, 0x6C, 0x61, 0x79, 0x65, 0x72, 0x27,
    0x73, 0x20, 0x68, 0x61, 0x6E, 0x64, 0x2E, 0x23, 0x31, 0x00,
};

const u8 gActivationDescription_AncientRules_Popup1[] APPEND_TEXT = {
    0x23, 0x32, 0x23, 0x30, 0x77, 0x61, 0x73, 0x20, 0x61, 0x63, 0x74, 0x69,
    0x76, 0x61, 0x74, 0x65, 0x64, 0x2E, 0x23, 0x31, 0x53, 0x75, 0x6D, 0x6D,
    0x6F, 0x6E, 0x20, 0x61, 0x20, 0x6C, 0x65, 0x76, 0x65, 0x6C, 0x20, 0x35,
    0x2B, 0x20, 0x6E, 0x6F, 0x72, 0x6D, 0x61, 0x6C, 0x23, 0x30, 0x6D, 0x6F,
    0x6E, 0x73, 0x74, 0x65, 0x72, 0x20, 0x66, 0x72, 0x6F, 0x6D, 0x20, 0x68,
    0x61, 0x6E, 0x64, 0x2E, 0x23, 0x31, 0x00,
};

const u8 gActivationDescription_MagicJammer_Popup1[] APPEND_TEXT = {
    0x23, 0x32, 0x23, 0x30, 0x77, 0x61, 0x73, 0x20, 0x61, 0x63, 0x74, 0x69,
    0x76, 0x61, 0x74, 0x65, 0x64, 0x2E, 0x23, 0x31, 0x4E, 0x65, 0x67, 0x61,
    0x74, 0x65, 0x20, 0x61, 0x6E, 0x64, 0x20, 0x64, 0x65, 0x73, 0x74, 0x72,
    0x6F, 0x79, 0x20, 0x61, 0x6E, 0x23, 0x30, 0x6F, 0x70, 0x70, 0x6F, 0x6E,
    0x65, 0x6E, 0x74, 0x27, 0x73, 0x20, 0x73, 0x70, 0x65, 0x6C, 0x6C, 0x2E,
    0x23, 0x31, 0x00,
};

const u8 gActivationDescription_SealOfOrichalcos_Popup1[] APPEND_TEXT = {
    0x23, 0x32, 0x23, 0x30, 0x77, 0x61, 0x73, 0x20, 0x61, 0x63, 0x74, 0x69,
    0x76, 0x61, 0x74, 0x65, 0x64, 0x2E, 0x23, 0x31, 0x43, 0x68, 0x61, 0x6E,
    0x67, 0x65, 0x20, 0x74, 0x68, 0x65, 0x20, 0x66, 0x69, 0x65, 0x6C, 0x64,
    0x20, 0x74, 0x6F, 0x20, 0x53, 0x65, 0x61, 0x6C, 0x20, 0x6F, 0x66, 0x23,
    0x30, 0x4F, 0x72, 0x69, 0x63, 0x68, 0x61, 0x6C, 0x63, 0x6F, 0x73, 0x2E,
    0x23, 0x31, 0x00,
};

const u8 gActivationDescription_FamiliarKnight_Popup1[] APPEND_TEXT = {
    0x23, 0x32, 0x23, 0x30, 0x77, 0x61, 0x73, 0x20, 0x61, 0x63, 0x74, 0x69,
    0x76, 0x61, 0x74, 0x65, 0x64, 0x2E, 0x23, 0x31, 0x53, 0x75, 0x6D, 0x6D,
    0x6F, 0x6E, 0x20, 0x61, 0x20, 0x6C, 0x65, 0x76, 0x65, 0x6C, 0x20, 0x34,
    0x20, 0x6F, 0x72, 0x20, 0x6C, 0x6F, 0x77, 0x65, 0x72, 0x23, 0x30, 0x6D,
    0x6F, 0x6E, 0x73, 0x74, 0x65, 0x72, 0x20, 0x66, 0x72, 0x6F, 0x6D, 0x20,
    0x68, 0x61, 0x6E, 0x64, 0x2E, 0x23, 0x31, 0x00,
};

const u8 gActivationDescription_Riryoku_Popup1[] APPEND_TEXT = {
    0x23, 0x32, 0x23, 0x30, 0x77, 0x61, 0x73, 0x20, 0x61, 0x63, 0x74, 0x69,
    0x76, 0x61, 0x74, 0x65, 0x64, 0x2E, 0x23, 0x31, 0x48, 0x61, 0x6C, 0x76,
    0x65, 0x20, 0x6F, 0x6E, 0x65, 0x20, 0x6D, 0x6F, 0x6E, 0x73, 0x74, 0x65,
    0x72, 0x27, 0x73, 0x20, 0x61, 0x74, 0x74, 0x61, 0x63, 0x6B, 0x23, 0x30,
    0x61, 0x6E, 0x64, 0x20, 0x61, 0x64, 0x64, 0x20, 0x69, 0x74, 0x20, 0x74,
    0x6F, 0x20, 0x61, 0x6E, 0x6F, 0x74, 0x68, 0x65, 0x72, 0x2E, 0x23, 0x31,
    0x00,
};

const u8 gActivationDescription_SagesStone_Popup1[] APPEND_TEXT = {
    0x23, 0x32, 0x23, 0x30, 0x77, 0x61, 0x73, 0x20, 0x61, 0x63, 0x74, 0x69,
    0x76, 0x61, 0x74, 0x65, 0x64, 0x2E, 0x23, 0x31, 0x49, 0x66, 0x20, 0x74,
    0x68, 0x65, 0x72, 0x65, 0x20, 0x69, 0x73, 0x20, 0x61, 0x20, 0x44, 0x61,
    0x72, 0x6B, 0x20, 0x4D, 0x61, 0x67, 0x69, 0x63, 0x69, 0x61, 0x6E, 0x23,
    0x30, 0x47, 0x69, 0x72, 0x6C, 0x20, 0x70, 0x72, 0x65, 0x73, 0x65, 0x6E,
    0x74, 0x20, 0x6F, 0x6E, 0x20, 0x79, 0x6F, 0x75, 0x72, 0x20, 0x73, 0x69,
    0x64, 0x65, 0x23, 0x30, 0x6F, 0x66, 0x20, 0x74, 0x68, 0x65, 0x20, 0x66,
    0x69, 0x65, 0x6C, 0x64, 0x2C, 0x20, 0x73, 0x70, 0x65, 0x63, 0x69, 0x61,
    0x6C, 0x23, 0x30, 0x73, 0x75, 0x6D, 0x6D, 0x6F, 0x6E, 0x20, 0x61, 0x20,
    0x44, 0x61, 0x72, 0x6B, 0x20, 0x4D, 0x61, 0x67, 0x69, 0x63, 0x69, 0x61,
    0x6E, 0x2E, 0x23, 0x31, 0x00,
};

const u8 gActivationDescription_Bowganian_Popup1[] APPEND_TEXT = {
    0x23, 0x32, 0x23, 0x30, 0x77, 0x61, 0x73, 0x20, 0x61, 0x63, 0x74, 0x69,
    0x76, 0x61, 0x74, 0x65, 0x64, 0x2E, 0x23, 0x31, 0x44, 0x65, 0x61, 0x6C,
    0x73, 0x20, 0x36, 0x30, 0x30, 0x4C, 0x50, 0x20, 0x6F, 0x66, 0x20, 0x64,
    0x61, 0x6D, 0x61, 0x67, 0x65, 0x20, 0x74, 0x6F, 0x23, 0x30, 0x74, 0x68,
    0x65, 0x20, 0x6F, 0x70, 0x70, 0x6F, 0x6E, 0x65, 0x6E, 0x74, 0x20, 0x65,
    0x61, 0x63, 0x68, 0x20, 0x74, 0x75, 0x72, 0x6E, 0x2E, 0x23, 0x31, 0x00,
};

const u8 gActivationDescription_DarkMagicCurtain_Popup1[] APPEND_TEXT = {
    0x23, 0x32, 0x23, 0x30, 0x77, 0x61, 0x73, 0x20, 0x61, 0x63, 0x74, 0x69,
    0x76, 0x61, 0x74, 0x65, 0x64, 0x2E, 0x23, 0x31, 0x48, 0x61, 0x6C, 0x66,
    0x20, 0x79, 0x6F, 0x75, 0x72, 0x20, 0x6C, 0x69, 0x66, 0x65, 0x20, 0x70,
    0x6F, 0x69, 0x6E, 0x74, 0x73, 0x20, 0x77, 0x69, 0x6C, 0x6C, 0x23, 0x30,
    0x62, 0x65, 0x20, 0x70, 0x61, 0x69, 0x64, 0x20, 0x74, 0x6F, 0x20, 0x73,
    0x70, 0x65, 0x63, 0x69, 0x61, 0x6C, 0x20, 0x73, 0x75, 0x6D, 0x6D, 0x6F,
    0x6E, 0x20, 0x61, 0x23, 0x30, 0x44, 0x61, 0x72, 0x6B, 0x20, 0x4D, 0x61,
    0x67, 0x69, 0x63, 0x69, 0x61, 0x6E, 0x20, 0x74, 0x6F, 0x20, 0x74, 0x68,
    0x65, 0x20, 0x66, 0x69, 0x65, 0x6C, 0x64, 0x2E, 0x23, 0x31, 0x00,
};

const u8 gActivationDescription_CatsEarTribe_Popup1[] APPEND_TEXT = {
    0x23, 0x32, 0x23, 0x30, 0x77, 0x61, 0x73, 0x20, 0x61, 0x63, 0x74, 0x69,
    0x76, 0x61, 0x74, 0x65, 0x64, 0x2E, 0x23, 0x31, 0x41, 0x6E, 0x79, 0x20,
    0x6D, 0x6F, 0x6E, 0x73, 0x74, 0x65, 0x72, 0x20, 0x74, 0x68, 0x61, 0x74,
    0x20, 0x62, 0x61, 0x74, 0x74, 0x6C, 0x65, 0x73, 0x23, 0x30, 0x74, 0x68,
    0x69, 0x73, 0x20, 0x63, 0x61, 0x72, 0x64, 0x20, 0x68, 0x61, 0x73, 0x20,
    0x69, 0x74, 0x73, 0x20, 0x6F, 0x72, 0x69, 0x67, 0x69, 0x6E, 0x61, 0x6C,
    0x23, 0x30, 0x41, 0x54, 0x4B, 0x20, 0x73, 0x65, 0x74, 0x20, 0x74, 0x6F,
    0x20, 0x32, 0x30, 0x30, 0x2E, 0x23, 0x31, 0x00,
};

const u8 gActivationDescription_CureMermaid_Popup1[] APPEND_TEXT = {
    0x23, 0x32, 0x23, 0x30, 0x77, 0x61, 0x73, 0x20, 0x61, 0x63, 0x74, 0x69,
    0x76, 0x61, 0x74, 0x65, 0x64, 0x2E, 0x23, 0x31, 0x52, 0x65, 0x63, 0x6F,
    0x76, 0x65, 0x72, 0x73, 0x20, 0x38, 0x30, 0x30, 0x4C, 0x50, 0x20, 0x61,
    0x74, 0x20, 0x74, 0x68, 0x65, 0x20, 0x73, 0x74, 0x61, 0x72, 0x74, 0x23,
    0x30, 0x6F, 0x66, 0x20, 0x69, 0x74, 0x73, 0x20, 0x6F, 0x77, 0x6E, 0x65,
    0x72, 0x27, 0x73, 0x20, 0x74, 0x75, 0x72, 0x6E, 0x2E, 0x23, 0x31, 0x00,
};

const u8 gActivationDescription_DesKoala_Popup1[] APPEND_TEXT = {
    0x23, 0x32, 0x23, 0x30, 0x77, 0x61, 0x73, 0x20, 0x61, 0x63, 0x74, 0x69,
    0x76, 0x61, 0x74, 0x65, 0x64, 0x2E, 0x23, 0x31, 0x44, 0x65, 0x61, 0x6C,
    0x73, 0x20, 0x35, 0x30, 0x30, 0x4C, 0x50, 0x20, 0x64, 0x61, 0x6D, 0x61,
    0x67, 0x65, 0x20, 0x70, 0x65, 0x72, 0x20, 0x63, 0x61, 0x72, 0x64, 0x23,
    0x30, 0x69, 0x6E, 0x20, 0x6F, 0x70, 0x70, 0x6F, 0x6E, 0x65, 0x6E, 0x74,
    0x27, 0x73, 0x20, 0x68, 0x61, 0x6E, 0x64, 0x2E, 0x23, 0x31, 0x00,
};

const u8 gActivationDescription_SkillDrain_Popup1[] APPEND_TEXT = {
    0x23, 0x32, 0x23, 0x30, 0x77, 0x61, 0x73, 0x20, 0x61, 0x63, 0x74, 0x69,
    0x76, 0x61, 0x74, 0x65, 0x64, 0x2E, 0x23, 0x31, 0x50, 0x61, 0x79, 0x20,
    0x31, 0x30, 0x30, 0x30, 0x20, 0x4C, 0x50, 0x20, 0x74, 0x6F, 0x20, 0x61,
    0x63, 0x74, 0x69, 0x76, 0x61, 0x74, 0x65, 0x20, 0x61, 0x6E, 0x64, 0x23,
    0x30, 0x6E, 0x65, 0x67, 0x61, 0x74, 0x65, 0x20, 0x61, 0x6C, 0x6C, 0x20,
    0x6D, 0x6F, 0x6E, 0x73, 0x74, 0x65, 0x72, 0x20, 0x65, 0x66, 0x66, 0x65,
    0x63, 0x74, 0x73, 0x23, 0x30, 0x77, 0x68, 0x69, 0x6C, 0x65, 0x20, 0x66,
    0x61, 0x63, 0x65, 0x2D, 0x75, 0x70, 0x20, 0x6F, 0x6E, 0x20, 0x74, 0x68,
    0x65, 0x20, 0x66, 0x69, 0x65, 0x6C, 0x64, 0x2E, 0x23, 0x31, 0x00,
};

const u8 gActivationDescription_GuardianTreasure_Popup1[] APPEND_TEXT = {
    0x23, 0x32, 0x23, 0x30, 0x77, 0x61, 0x73, 0x20, 0x61, 0x63, 0x74, 0x69,
    0x76, 0x61, 0x74, 0x65, 0x64, 0x2E, 0x23, 0x31, 0x44, 0x69, 0x73, 0x63,
    0x61, 0x72, 0x64, 0x20, 0x34, 0x20, 0x63, 0x61, 0x72, 0x64, 0x73, 0x20,
    0x66, 0x72, 0x6F, 0x6D, 0x20, 0x74, 0x68, 0x65, 0x23, 0x30, 0x68, 0x61,
    0x6E, 0x64, 0x20, 0x74, 0x6F, 0x20, 0x64, 0x72, 0x61, 0x77, 0x20, 0x32,
    0x2E, 0x20, 0x57, 0x68, 0x69, 0x6C, 0x65, 0x20, 0x6F, 0x6E, 0x23, 0x30,
    0x74, 0x68, 0x65, 0x20, 0x66, 0x69, 0x65, 0x6C, 0x64, 0x2C, 0x20, 0x64,
    0x72, 0x61, 0x77, 0x20, 0x32, 0x20, 0x70, 0x65, 0x72, 0x20, 0x74, 0x75,
    0x72, 0x6E, 0x2E, 0x23, 0x31, 0x00,
};

const u8 gActivationDescription_JarOfGreed_Popup1[] APPEND_TEXT = {
    0x23, 0x32, 0x23, 0x30, 0x77, 0x61, 0x73, 0x20, 0x61, 0x63, 0x74, 0x69,
    0x76, 0x61, 0x74, 0x65, 0x64, 0x2E, 0x23, 0x31, 0x44, 0x72, 0x61, 0x77,
    0x20, 0x31, 0x20, 0x63, 0x61, 0x72, 0x64, 0x2E, 0x23, 0x31, 0x00,
};

const u8 gActivationDescription_OjamaTrio_Popup1[] APPEND_TEXT = {
    0x23, 0x32, 0x23, 0x30, 0x77, 0x61, 0x73, 0x20, 0x61, 0x63, 0x74, 0x69,
    0x76, 0x61, 0x74, 0x65, 0x64, 0x2E, 0x23, 0x31, 0x55, 0x70, 0x20, 0x74,
    0x6F, 0x20, 0x33, 0x20, 0x4F, 0x6A, 0x61, 0x6D, 0x61, 0x20, 0x74, 0x6F,
    0x6B, 0x65, 0x6E, 0x73, 0x20, 0x77, 0x69, 0x6C, 0x6C, 0x23, 0x30, 0x62,
    0x65, 0x20, 0x73, 0x75, 0x6D, 0x6D, 0x6F, 0x6E, 0x65, 0x64, 0x20, 0x74,
    0x6F, 0x20, 0x74, 0x68, 0x65, 0x23, 0x30, 0x6F, 0x70, 0x70, 0x6F, 0x6E,
    0x65, 0x6E, 0x74, 0x27, 0x73, 0x20, 0x66, 0x69, 0x65, 0x6C, 0x64, 0x20,
    0x69, 0x6E, 0x20, 0x64, 0x65, 0x66, 0x65, 0x6E, 0x73, 0x65, 0x23, 0x30,
    0x70, 0x6F, 0x73, 0x69, 0x74, 0x69, 0x6F, 0x6E, 0x2E, 0x23, 0x31, 0x00,
};

const u8 gActivationDescription_GoblinThief_Popup1[] APPEND_TEXT = {
    0x23, 0x32, 0x23, 0x30, 0x77, 0x61, 0x73, 0x20, 0x61, 0x63, 0x74, 0x69,
    0x76, 0x61, 0x74, 0x65, 0x64, 0x2E, 0x23, 0x31, 0x54, 0x68, 0x65, 0x20,
    0x6F, 0x70, 0x70, 0x6F, 0x6E, 0x65, 0x6E, 0x74, 0x20, 0x74, 0x61, 0x6B,
    0x65, 0x73, 0x20, 0x35, 0x30, 0x30, 0x20, 0x4C, 0x50, 0x23, 0x30, 0x64,
    0x61, 0x6D, 0x61, 0x67, 0x65, 0x20, 0x61, 0x6E, 0x64, 0x20, 0x79, 0x6F,
    0x75, 0x20, 0x67, 0x61, 0x69, 0x6E, 0x20, 0x35, 0x30, 0x30, 0x20, 0x4C,
    0x50, 0x2E, 0x23, 0x31, 0x00,
};

const u8 gActivationDescription_HayabusaKnight_Popup1[] APPEND_TEXT = {
    0x23, 0x32, 0x23, 0x30, 0x77, 0x61, 0x73, 0x20, 0x61, 0x63, 0x74, 0x69,
    0x76, 0x61, 0x74, 0x65, 0x64, 0x2E, 0x23, 0x31, 0x54, 0x68, 0x69, 0x73,
    0x20, 0x63, 0x61, 0x72, 0x64, 0x20, 0x63, 0x61, 0x6E, 0x20, 0x61, 0x74,
    0x74, 0x61, 0x63, 0x6B, 0x20, 0x74, 0x77, 0x69, 0x63, 0x65, 0x23, 0x30,
    0x64, 0x75, 0x72, 0x69, 0x6E, 0x67, 0x20, 0x65, 0x61, 0x63, 0x68, 0x20,
    0x62, 0x61, 0x74, 0x74, 0x6C, 0x65, 0x20, 0x70, 0x68, 0x61, 0x73, 0x65,
    0x2E, 0x23, 0x31, 0x00,
};

const u8 gActivationDescription_MagicCylinder_Popup1[] APPEND_TEXT = {
    0x23, 0x32, 0x23, 0x30, 0x77, 0x61, 0x73, 0x20, 0x61, 0x63, 0x74, 0x69,
    0x76, 0x61, 0x74, 0x65, 0x64, 0x2E, 0x23, 0x31, 0x4E, 0x65, 0x67, 0x61,
    0x74, 0x65, 0x20, 0x74, 0x68, 0x65, 0x20, 0x61, 0x74, 0x74, 0x61, 0x63,
    0x6B, 0x20, 0x61, 0x6E, 0x64, 0x23, 0x30, 0x69, 0x6E, 0x66, 0x6C, 0x69,
    0x63, 0x74, 0x20, 0x64, 0x61, 0x6D, 0x61, 0x67, 0x65, 0x20, 0x65, 0x71,
    0x75, 0x61, 0x6C, 0x20, 0x74, 0x6F, 0x20, 0x74, 0x68, 0x65, 0x23, 0x30,
    0x61, 0x74, 0x74, 0x61, 0x63, 0x6B, 0x69, 0x6E, 0x67, 0x20, 0x6D, 0x6F,
    0x6E, 0x73, 0x74, 0x65, 0x72, 0x27, 0x73, 0x20, 0x41, 0x54, 0x4B, 0x2E,
    0x23, 0x31, 0x00,
};

const u8 gActivationDescription_BlockAttack_Popup1[] APPEND_TEXT = {
    0x23, 0x32, 0x23, 0x30, 0x77, 0x61, 0x73, 0x20, 0x61, 0x63, 0x74, 0x69,
    0x76, 0x61, 0x74, 0x65, 0x64, 0x2E, 0x23, 0x31, 0x53, 0x65, 0x6C, 0x65,
    0x63, 0x74, 0x20, 0x6F, 0x6E, 0x65, 0x20, 0x61, 0x74, 0x74, 0x61, 0x63,
    0x6B, 0x20, 0x70, 0x6F, 0x73, 0x69, 0x74, 0x69, 0x6F, 0x6E, 0x23, 0x30,
    0x6D, 0x6F, 0x6E, 0x73, 0x74, 0x65, 0x72, 0x20, 0x6F, 0x6E, 0x20, 0x74,
    0x68, 0x65, 0x20, 0x6F, 0x70, 0x70, 0x6F, 0x6E, 0x65, 0x6E, 0x74, 0x27,
    0x73, 0x23, 0x30, 0x66, 0x69, 0x65, 0x6C, 0x64, 0x20, 0x61, 0x6E, 0x64,
    0x20, 0x63, 0x68, 0x61, 0x6E, 0x67, 0x65, 0x20, 0x69, 0x74, 0x20, 0x74,
    0x6F, 0x23, 0x30, 0x64, 0x65, 0x66, 0x65, 0x6E, 0x73, 0x65, 0x20, 0x70,
    0x6F, 0x73, 0x69, 0x74, 0x69, 0x6F, 0x6E, 0x2E, 0x23, 0x31, 0x00,
};

const u8 gActivationDescription_DelinquentDuo_Popup1[] APPEND_TEXT = {
    0x23, 0x32, 0x23, 0x30, 0x77, 0x61, 0x73, 0x20, 0x61, 0x63, 0x74, 0x69,
    0x76, 0x61, 0x74, 0x65, 0x64, 0x2E, 0x23, 0x31, 0x50, 0x61, 0x79, 0x20,
    0x31, 0x30, 0x30, 0x30, 0x20, 0x4C, 0x50, 0x2E, 0x20, 0x54, 0x68, 0x65,
    0x20, 0x6F, 0x70, 0x70, 0x6F, 0x6E, 0x65, 0x6E, 0x74, 0x23, 0x30, 0x64,
    0x69, 0x73, 0x63, 0x61, 0x72, 0x64, 0x73, 0x20, 0x6F, 0x6E, 0x65, 0x20,
    0x63, 0x61, 0x72, 0x64, 0x20, 0x79, 0x6F, 0x75, 0x20, 0x70, 0x69, 0x63,
    0x6B, 0x2C, 0x23, 0x31, 0x74, 0x68, 0x65, 0x6E, 0x20, 0x6F, 0x6E, 0x65,
    0x20, 0x72, 0x61, 0x6E, 0x64, 0x6F, 0x6D, 0x20, 0x63, 0x61, 0x72, 0x64,
    0x20, 0x69, 0x66, 0x23, 0x30, 0x74, 0x68, 0x65, 0x79, 0x20, 0x73, 0x74,
    0x69, 0x6C, 0x6C, 0x20, 0x68, 0x61, 0x76, 0x65, 0x20, 0x61, 0x6E, 0x79,
    0x20, 0x6C, 0x65, 0x66, 0x74, 0x2E, 0x23, 0x31, 0x00,
};

const u8 gActivationDescription_DrainingShield_Popup1[] APPEND_TEXT = {
    0x23, 0x32, 0x23, 0x30, 0x77, 0x61, 0x73, 0x20, 0x61, 0x63, 0x74, 0x69,
    0x76, 0x61, 0x74, 0x65, 0x64, 0x2E, 0x23, 0x31, 0x47, 0x61, 0x69, 0x6E,
    0x20, 0x4C, 0x69, 0x66, 0x65, 0x20, 0x50, 0x6F, 0x69, 0x6E, 0x74, 0x73,
    0x20, 0x65, 0x71, 0x75, 0x61, 0x6C, 0x20, 0x74, 0x6F, 0x23, 0x30, 0x74,
    0x68, 0x65, 0x20, 0x61, 0x74, 0x74, 0x61, 0x63, 0x6B, 0x69, 0x6E, 0x67,
    0x20, 0x6D, 0x6F, 0x6E, 0x73, 0x74, 0x65, 0x72, 0x27, 0x73, 0x23, 0x30,
    0x41, 0x54, 0x4B, 0x2E, 0x23, 0x31, 0x00,
};

const u8 gActivationDescription_MeteorOfDestruction_Popup1[] APPEND_TEXT = {
    0x23, 0x32, 0x23, 0x30, 0x77, 0x61, 0x73, 0x20, 0x61, 0x63, 0x74, 0x69,
    0x76, 0x61, 0x74, 0x65, 0x64, 0x2E, 0x23, 0x31, 0x49, 0x66, 0x20, 0x79,
    0x6F, 0x75, 0x72, 0x20, 0x6F, 0x70, 0x70, 0x6F, 0x6E, 0x65, 0x6E, 0x74,
    0x20, 0x68, 0x61, 0x73, 0x20, 0x6D, 0x6F, 0x72, 0x65, 0x23, 0x30, 0x74,
    0x68, 0x61, 0x6E, 0x20, 0x33, 0x30, 0x30, 0x30, 0x20, 0x4C, 0x50, 0x2C,
    0x20, 0x69, 0x6E, 0x66, 0x6C, 0x69, 0x63, 0x74, 0x20, 0x31, 0x30, 0x30,
    0x30, 0x23, 0x30, 0x64, 0x61, 0x6D, 0x61, 0x67, 0x65, 0x20, 0x74, 0x6F,
    0x20, 0x74, 0x68, 0x65, 0x6D, 0x2E, 0x23, 0x31, 0x00,
};

const u8 gActivationDescription_Toll_Popup1[] APPEND_TEXT = {
    0x23, 0x32, 0x23, 0x30, 0x77, 0x61, 0x73, 0x20, 0x61, 0x63, 0x74, 0x69,
    0x76, 0x61, 0x74, 0x65, 0x64, 0x2E, 0x23, 0x31, 0x45, 0x61, 0x63, 0x68,
    0x20, 0x70, 0x6C, 0x61, 0x79, 0x65, 0x72, 0x20, 0x6D, 0x75, 0x73, 0x74,
    0x20, 0x70, 0x61, 0x79, 0x20, 0x35, 0x30, 0x30, 0x4C, 0x50, 0x23, 0x30,
    0x74, 0x6F, 0x20, 0x64, 0x65, 0x63, 0x6C, 0x61, 0x72, 0x65, 0x20, 0x61,
    0x6E, 0x20, 0x61, 0x74, 0x74, 0x61, 0x63, 0x6B, 0x2E, 0x23, 0x31, 0x00,
};

const u8 gActivationDescription_RainOfMercy_Popup1[] APPEND_TEXT = {
    0x23, 0x32, 0x23, 0x30, 0x77, 0x61, 0x73, 0x20, 0x61, 0x63, 0x74, 0x69,
    0x76, 0x61, 0x74, 0x65, 0x64, 0x2E, 0x23, 0x31, 0x49, 0x6E, 0x63, 0x72,
    0x65, 0x61, 0x73, 0x65, 0x20, 0x74, 0x68, 0x65, 0x20, 0x4C, 0x69, 0x66,
    0x65, 0x20, 0x50, 0x6F, 0x69, 0x6E, 0x74, 0x73, 0x20, 0x6F, 0x66, 0x23,
    0x30, 0x62, 0x6F, 0x74, 0x68, 0x20, 0x70, 0x6C, 0x61, 0x79, 0x65, 0x72,
    0x73, 0x20, 0x62, 0x79, 0x20, 0x31, 0x30, 0x30, 0x30, 0x23, 0x30, 0x70,
    0x6F, 0x69, 0x6E, 0x74, 0x73, 0x2E, 0x23, 0x31, 0x00,
};

const u8 gActivationDescription_SolarFlareDragon_Popup1[] APPEND_TEXT = {
    0x23, 0x32, 0x23, 0x30, 0x77, 0x61, 0x73, 0x20, 0x61, 0x63, 0x74, 0x69,
    0x76, 0x61, 0x74, 0x65, 0x64, 0x2E, 0x23, 0x31, 0x44, 0x65, 0x61, 0x6C,
    0x73, 0x20, 0x35, 0x30, 0x30, 0x4C, 0x50, 0x20, 0x6F, 0x66, 0x20, 0x64,
    0x61, 0x6D, 0x61, 0x67, 0x65, 0x20, 0x74, 0x6F, 0x23, 0x30, 0x74, 0x68,
    0x65, 0x20, 0x6F, 0x70, 0x70, 0x6F, 0x6E, 0x65, 0x6E, 0x74, 0x2E, 0x23,
    0x31, 0x00,
};

const u8 gActivationDescription_YataGarasu_Popup1[] APPEND_TEXT = {
    0x23, 0x32, 0x23, 0x30, 0x77, 0x61, 0x73, 0x20, 0x61, 0x63, 0x74, 0x69,
    0x76, 0x61, 0x74, 0x65, 0x64, 0x2E, 0x23, 0x31, 0x54, 0x68, 0x65, 0x20,
    0x6F, 0x70, 0x70, 0x6F, 0x6E, 0x65, 0x6E, 0x74, 0x20, 0x63, 0x61, 0x6E,
    0x6E, 0x6F, 0x74, 0x20, 0x64, 0x72, 0x61, 0x77, 0x23, 0x30, 0x6E, 0x65,
    0x78, 0x74, 0x20, 0x74, 0x75, 0x72, 0x6E, 0x20, 0x61, 0x66, 0x74, 0x65,
    0x72, 0x20, 0x62, 0x61, 0x74, 0x74, 0x6C, 0x65, 0x23, 0x30, 0x64, 0x61,
    0x6D, 0x61, 0x67, 0x65, 0x2E, 0x23, 0x31, 0x00,
};

const u8 gActivationDescription_UpstartGoblin_Popup1[] APPEND_TEXT = {
    0x23, 0x32, 0x23, 0x30, 0x77, 0x61, 0x73, 0x20, 0x61, 0x63, 0x74, 0x69,
    0x76, 0x61, 0x74, 0x65, 0x64, 0x2E, 0x23, 0x31, 0x44, 0x72, 0x61, 0x77,
    0x20, 0x31, 0x20, 0x63, 0x61, 0x72, 0x64, 0x2E, 0x20, 0x54, 0x68, 0x65,
    0x6E, 0x20, 0x79, 0x6F, 0x75, 0x72, 0x23, 0x30, 0x6F, 0x70, 0x70, 0x6F,
    0x6E, 0x65, 0x6E, 0x74, 0x20, 0x67, 0x61, 0x69, 0x6E, 0x73, 0x20, 0x31,
    0x30, 0x30, 0x30, 0x20, 0x4C, 0x69, 0x66, 0x65, 0x23, 0x30, 0x50, 0x6F,
    0x69, 0x6E, 0x74, 0x73, 0x2E, 0x23, 0x31, 0x00,
};

const u8 gActivationDescription_NegateAttack_Popup1[] APPEND_TEXT = {
    0x23, 0x32, 0x23, 0x30, 0x77, 0x61, 0x73, 0x20, 0x61, 0x63, 0x74, 0x69,
    0x76, 0x61, 0x74, 0x65, 0x64, 0x2E, 0x23, 0x31, 0x4E, 0x65, 0x67, 0x61,
    0x74, 0x65, 0x20, 0x74, 0x68, 0x65, 0x20, 0x61, 0x74, 0x74, 0x61, 0x63,
    0x6B, 0x20, 0x61, 0x6E, 0x64, 0x20, 0x65, 0x6E, 0x64, 0x23, 0x30, 0x74,
    0x68, 0x65, 0x20, 0x6F, 0x70, 0x70, 0x6F, 0x6E, 0x65, 0x6E, 0x74, 0x27,
    0x73, 0x20, 0x62, 0x61, 0x74, 0x74, 0x6C, 0x65, 0x23, 0x30, 0x70, 0x68,
    0x61, 0x73, 0x65, 0x2E, 0x23, 0x31, 0x00,
};

const u8 gActivationDescription_Reload_Popup1[] APPEND_TEXT = {
    0x23, 0x32, 0x23, 0x30, 0x77, 0x61, 0x73, 0x20, 0x61, 0x63, 0x74, 0x69,
    0x76, 0x61, 0x74, 0x65, 0x64, 0x2E, 0x23, 0x31, 0x52, 0x65, 0x74, 0x75,
    0x72, 0x6E, 0x20, 0x61, 0x6C, 0x6C, 0x20, 0x63, 0x61, 0x72, 0x64, 0x73,
    0x20, 0x69, 0x6E, 0x20, 0x79, 0x6F, 0x75, 0x72, 0x23, 0x30, 0x68, 0x61,
    0x6E, 0x64, 0x20, 0x74, 0x6F, 0x20, 0x74, 0x68, 0x65, 0x20, 0x64, 0x65,
    0x63, 0x6B, 0x2C, 0x20, 0x73, 0x68, 0x75, 0x66, 0x66, 0x6C, 0x65, 0x23,
    0x30, 0x61, 0x6E, 0x64, 0x20, 0x74, 0x68, 0x65, 0x6E, 0x20, 0x72, 0x65,
    0x64, 0x72, 0x61, 0x77, 0x20, 0x74, 0x68, 0x65, 0x20, 0x73, 0x61, 0x6D,
    0x65, 0x23, 0x30, 0x6E, 0x75, 0x6D, 0x62, 0x65, 0x72, 0x20, 0x6F, 0x66,
    0x20, 0x63, 0x61, 0x72, 0x64, 0x73, 0x2E, 0x23, 0x31, 0x00,
};

const u8 gActivationDescription_MaraudingCaptain_Popup1[] APPEND_TEXT = {
    0x23, 0x32, 0x23, 0x30, 0x77, 0x61, 0x73, 0x20, 0x61, 0x63, 0x74, 0x69,
    0x76, 0x61, 0x74, 0x65, 0x64, 0x2E, 0x23, 0x31, 0x53, 0x75, 0x6D, 0x6D,
    0x6F, 0x6E, 0x20, 0x61, 0x20, 0x6C, 0x65, 0x76, 0x65, 0x6C, 0x20, 0x34,
    0x20, 0x6F, 0x72, 0x20, 0x6C, 0x6F, 0x77, 0x65, 0x72, 0x23, 0x30, 0x6D,
    0x6F, 0x6E, 0x73, 0x74, 0x65, 0x72, 0x20, 0x66, 0x72, 0x6F, 0x6D, 0x20,
    0x68, 0x61, 0x6E, 0x64, 0x2E, 0x23, 0x31, 0x00,
};

const u8 gActivationDescription_SecretBarrel_Popup1[] APPEND_TEXT = {
    0x23, 0x32, 0x23, 0x30, 0x77, 0x61, 0x73, 0x20, 0x61, 0x63, 0x74, 0x69,
    0x76, 0x61, 0x74, 0x65, 0x64, 0x2E, 0x23, 0x31, 0x54, 0x68, 0x65, 0x20,
    0x6F, 0x70, 0x70, 0x6F, 0x6E, 0x65, 0x6E, 0x74, 0x20, 0x69, 0x73, 0x20,
    0x64, 0x65, 0x61, 0x6C, 0x74, 0x20, 0x32, 0x30, 0x30, 0x23, 0x30, 0x4C,
    0x50, 0x20, 0x64, 0x61, 0x6D, 0x61, 0x67, 0x65, 0x20, 0x70, 0x65, 0x72,
    0x20, 0x63, 0x61, 0x72, 0x64, 0x20, 0x6F, 0x6E, 0x20, 0x74, 0x68, 0x65,
    0x69, 0x72, 0x23, 0x30, 0x66, 0x69, 0x65, 0x6C, 0x64, 0x20, 0x61, 0x6E,
    0x64, 0x20, 0x69, 0x6E, 0x20, 0x74, 0x68, 0x65, 0x69, 0x72, 0x20, 0x68,
    0x61, 0x6E, 0x64, 0x2E, 0x23, 0x31, 0x00,
};

const u8 gActivationDescription_RobbinGoblin_Popup1[] APPEND_TEXT = {
    0x23, 0x32, 0x23, 0x30, 0x77, 0x61, 0x73, 0x20, 0x61, 0x63, 0x74, 0x69,
    0x76, 0x61, 0x74, 0x65, 0x64, 0x2E, 0x23, 0x31, 0x57, 0x68, 0x65, 0x6E,
    0x20, 0x79, 0x6F, 0x75, 0x20, 0x64, 0x65, 0x61, 0x6C, 0x20, 0x64, 0x69,
    0x72, 0x65, 0x63, 0x74, 0x20, 0x62, 0x61, 0x74, 0x74, 0x6C, 0x65, 0x23,
    0x30, 0x64, 0x61, 0x6D, 0x61, 0x67, 0x65, 0x2C, 0x20, 0x79, 0x6F, 0x75,
    0x72, 0x20, 0x6F, 0x70, 0x70, 0x6F, 0x6E, 0x65, 0x6E, 0x74, 0x23, 0x30,
    0x64, 0x69, 0x73, 0x63, 0x61, 0x72, 0x64, 0x73, 0x20, 0x31, 0x20, 0x72,
    0x61, 0x6E, 0x64, 0x6F, 0x6D, 0x20, 0x63, 0x61, 0x72, 0x64, 0x2E, 0x23,
    0x31, 0x00,
};

const u8 gActivationDescription_RobbinZombie_Popup1[] APPEND_TEXT = {
    0x23, 0x32, 0x23, 0x30, 0x77, 0x61, 0x73, 0x20, 0x61, 0x63, 0x74, 0x69,
    0x76, 0x61, 0x74, 0x65, 0x64, 0x2E, 0x23, 0x31, 0x57, 0x68, 0x65, 0x6E,
    0x20, 0x79, 0x6F, 0x75, 0x20, 0x64, 0x65, 0x61, 0x6C, 0x20, 0x64, 0x69,
    0x72, 0x65, 0x63, 0x74, 0x20, 0x62, 0x61, 0x74, 0x74, 0x6C, 0x65, 0x23,
    0x30, 0x64, 0x61, 0x6D, 0x61, 0x67, 0x65, 0x2C, 0x20, 0x79, 0x6F, 0x75,
    0x72, 0x20, 0x6F, 0x70, 0x70, 0x6F, 0x6E, 0x65, 0x6E, 0x74, 0x20, 0x73,
    0x65, 0x6E, 0x64, 0x73, 0x23, 0x30, 0x31, 0x20, 0x64, 0x65, 0x63, 0x6B,
    0x20, 0x63, 0x61, 0x72, 0x64, 0x20, 0x74, 0x6F, 0x20, 0x74, 0x68, 0x65,
    0x23, 0x30, 0x67, 0x72, 0x61, 0x76, 0x65, 0x79, 0x61, 0x72, 0x64, 0x2E,
    0x23, 0x31, 0x00,
};

const u8 gActivationDescription_CallOfTheHaunted_Popup1[] APPEND_TEXT = {
    0x23, 0x32, 0x23, 0x30, 0x77, 0x61, 0x73, 0x20, 0x61, 0x63, 0x74, 0x69,
    0x76, 0x61, 0x74, 0x65, 0x64, 0x2E, 0x23, 0x31, 0x52, 0x65, 0x76, 0x69,
    0x76, 0x65, 0x20, 0x31, 0x20, 0x6D, 0x6F, 0x6E, 0x73, 0x74, 0x65, 0x72,
    0x20, 0x66, 0x72, 0x6F, 0x6D, 0x20, 0x79, 0x6F, 0x75, 0x72, 0x23, 0x30,
    0x67, 0x72, 0x61, 0x76, 0x65, 0x79, 0x61, 0x72, 0x64, 0x2E, 0x23, 0x31,
    0x00,
};

const u8 gActivationDescription_KaiserGlider_Popup1[] APPEND_TEXT = {
    0x23, 0x32, 0x23, 0x30, 0x77, 0x61, 0x73, 0x20, 0x61, 0x63, 0x74, 0x69,
    0x76, 0x61, 0x74, 0x65, 0x64, 0x2E, 0x23, 0x31, 0x52, 0x65, 0x74, 0x75,
    0x72, 0x6E, 0x20, 0x6F, 0x6E, 0x65, 0x20, 0x6D, 0x6F, 0x6E, 0x73, 0x74,
    0x65, 0x72, 0x20, 0x6F, 0x6E, 0x20, 0x74, 0x68, 0x65, 0x23, 0x30, 0x66,
    0x69, 0x65, 0x6C, 0x64, 0x20, 0x74, 0x6F, 0x20, 0x74, 0x68, 0x65, 0x20,
    0x6F, 0x77, 0x6E, 0x65, 0x72, 0x27, 0x73, 0x20, 0x68, 0x61, 0x6E, 0x64,
    0x2E, 0x23, 0x31, 0x00,
};

const u8 gActivationDescription_MoisterCreature_Popup1[] APPEND_TEXT = {
    0x23, 0x32, 0x23, 0x30, 0x77, 0x61, 0x73, 0x20, 0x61, 0x63, 0x74, 0x69,
    0x76, 0x61, 0x74, 0x65, 0x64, 0x2E, 0x23, 0x31, 0x44, 0x65, 0x73, 0x74,
    0x72, 0x6F, 0x79, 0x20, 0x61, 0x6C, 0x6C, 0x20, 0x79, 0x6F, 0x75, 0x72,
    0x20, 0x6F, 0x70, 0x70, 0x6F, 0x6E, 0x65, 0x6E, 0x74, 0x27, 0x73, 0x23,
    0x30, 0x53, 0x70, 0x65, 0x6C, 0x6C, 0x73, 0x20, 0x61, 0x6E, 0x64, 0x20,
    0x54, 0x72, 0x61, 0x70, 0x73, 0x2E, 0x23, 0x31, 0x00,
};

const u8 gActivationDescription_WhiteMagicianPikeru_Popup1[] APPEND_TEXT = {
    0x23, 0x32, 0x23, 0x30, 0x77, 0x61, 0x73, 0x20, 0x61, 0x63, 0x74, 0x69,
    0x76, 0x61, 0x74, 0x65, 0x64, 0x2E, 0x23, 0x31, 0x34, 0x30, 0x30, 0x20,
    0x4C, 0x50, 0x20, 0x77, 0x69, 0x6C, 0x6C, 0x20, 0x62, 0x65, 0x20, 0x72,
    0x65, 0x63, 0x6F, 0x76, 0x65, 0x72, 0x65, 0x64, 0x23, 0x30, 0x66, 0x6F,
    0x72, 0x20, 0x65, 0x61, 0x63, 0x68, 0x20, 0x6D, 0x6F, 0x6E, 0x73, 0x74,
    0x65, 0x72, 0x20, 0x6F, 0x6E, 0x20, 0x74, 0x68, 0x65, 0x23, 0x30, 0x6F,
    0x77, 0x6E, 0x65, 0x72, 0x27, 0x73, 0x20, 0x73, 0x69, 0x64, 0x65, 0x20,
    0x6F, 0x66, 0x20, 0x74, 0x68, 0x65, 0x20, 0x66, 0x69, 0x65, 0x6C, 0x64,
    0x2E, 0x23, 0x31, 0x00,
};

const u8 gActivationDescription_EbonMagicianCurran_Popup1[] APPEND_TEXT = {
    0x23, 0x32, 0x23, 0x30, 0x77, 0x61, 0x73, 0x20, 0x61, 0x63, 0x74, 0x69,
    0x76, 0x61, 0x74, 0x65, 0x64, 0x2E, 0x23, 0x31, 0x33, 0x30, 0x30, 0x20,
    0x4C, 0x50, 0x20, 0x77, 0x69, 0x6C, 0x6C, 0x20, 0x62, 0x65, 0x20, 0x69,
    0x6E, 0x66, 0x6C, 0x69, 0x63, 0x74, 0x65, 0x64, 0x23, 0x30, 0x66, 0x6F,
    0x72, 0x20, 0x65, 0x61, 0x63, 0x68, 0x20, 0x6D, 0x6F, 0x6E, 0x73, 0x74,
    0x65, 0x72, 0x20, 0x6F, 0x6E, 0x20, 0x74, 0x68, 0x65, 0x23, 0x30, 0x6F,
    0x70, 0x70, 0x6F, 0x6E, 0x65, 0x6E, 0x74, 0x27, 0x73, 0x20, 0x73, 0x69,
    0x64, 0x65, 0x20, 0x6F, 0x66, 0x20, 0x74, 0x68, 0x65, 0x23, 0x30, 0x66,
    0x69, 0x65, 0x6C, 0x64, 0x2E, 0x23, 0x31, 0x00,
};

const u8 gActivationDescription_WeatherReport_Popup1[] APPEND_TEXT = {
    0x23, 0x32, 0x23, 0x30, 0x77, 0x61, 0x73, 0x20, 0x61, 0x63, 0x74, 0x69,
    0x76, 0x61, 0x74, 0x65, 0x64, 0x2E, 0x23, 0x31, 0x44, 0x65, 0x73, 0x74,
    0x72, 0x6F, 0x79, 0x20, 0x61, 0x6C, 0x6C, 0x20, 0x53, 0x77, 0x6F, 0x72,
    0x64, 0x73, 0x20, 0x6F, 0x66, 0x23, 0x30, 0x52, 0x65, 0x76, 0x65, 0x61,
    0x6C, 0x69, 0x6E, 0x67, 0x20, 0x4C, 0x69, 0x67, 0x68, 0x74, 0x20, 0x6F,
    0x6E, 0x23, 0x30, 0x79, 0x6F, 0x75, 0x72, 0x20, 0x6F, 0x70, 0x70, 0x6F,
    0x6E, 0x65, 0x6E, 0x74, 0x27, 0x73, 0x20, 0x73, 0x69, 0x64, 0x65, 0x23,
    0x30, 0x6F, 0x66, 0x20, 0x74, 0x68, 0x65, 0x20, 0x66, 0x69, 0x65, 0x6C,
    0x64, 0x2E, 0x23, 0x31, 0x00,
};

const u8 gActivationDescription_TimeSeal_Popup1[] APPEND_TEXT = {
    0x23, 0x32, 0x23, 0x30, 0x77, 0x61, 0x73, 0x20, 0x61, 0x63, 0x74, 0x69,
    0x76, 0x61, 0x74, 0x65, 0x64, 0x2E, 0x23, 0x31, 0x53, 0x6B, 0x69, 0x70,
    0x20, 0x74, 0x68, 0x65, 0x20, 0x6F, 0x70, 0x70, 0x6F, 0x6E, 0x65, 0x6E,
    0x74, 0x27, 0x73, 0x20, 0x64, 0x72, 0x61, 0x77, 0x2E, 0x23, 0x31, 0x00,
};

const u8 gActivationDescription_ThousandEnergy_Popup1[] APPEND_TEXT = {
    0x23, 0x32, 0x23, 0x30, 0x77, 0x61, 0x73, 0x20, 0x61, 0x63, 0x74, 0x69,
    0x76, 0x61, 0x74, 0x65, 0x64, 0x2E, 0x23, 0x31, 0x41, 0x6C, 0x6C, 0x20,
    0x79, 0x6F, 0x75, 0x72, 0x20, 0x4C, 0x65, 0x76, 0x65, 0x6C, 0x20, 0x32,
    0x20, 0x6F, 0x72, 0x20, 0x6C, 0x6F, 0x77, 0x65, 0x72, 0x23, 0x30, 0x6D,
    0x6F, 0x6E, 0x73, 0x74, 0x65, 0x72, 0x73, 0x20, 0x67, 0x61, 0x69, 0x6E,
    0x20, 0x32, 0x20, 0x73, 0x74, 0x61, 0x67, 0x65, 0x73, 0x2E, 0x23, 0x30,
    0x54, 0x68, 0x65, 0x79, 0x20, 0x77, 0x69, 0x6C, 0x6C, 0x20, 0x62, 0x65,
    0x20, 0x64, 0x65, 0x73, 0x74, 0x72, 0x6F, 0x79, 0x65, 0x64, 0x20, 0x61,
    0x74, 0x23, 0x30, 0x74, 0x68, 0x65, 0x20, 0x65, 0x6E, 0x64, 0x20, 0x6F,
    0x66, 0x20, 0x74, 0x68, 0x65, 0x20, 0x74, 0x75, 0x72, 0x6E, 0x2E, 0x23,
    0x31, 0x00,
};

const u8 gActivationDescription_TheDarkDoor_Popup1[] APPEND_TEXT = {
    0x23, 0x32, 0x23, 0x30, 0x77, 0x61, 0x73, 0x20, 0x61, 0x63, 0x74, 0x69,
    0x76, 0x61, 0x74, 0x65, 0x64, 0x2E, 0x23, 0x31, 0x4F, 0x6E, 0x6C, 0x79,
    0x20, 0x6F, 0x6E, 0x65, 0x20, 0x6D, 0x6F, 0x6E, 0x73, 0x74, 0x65, 0x72,
    0x20, 0x6D, 0x61, 0x79, 0x20, 0x61, 0x74, 0x74, 0x61, 0x63, 0x6B, 0x23,
    0x30, 0x65, 0x61, 0x63, 0x68, 0x20, 0x74, 0x75, 0x72, 0x6E, 0x2E, 0x23,
    0x31, 0x00,
};

const u8 gActivationDescription_SelfDestructButton_Popup1[] APPEND_TEXT = {
    0x23, 0x32, 0x23, 0x30, 0x77, 0x61, 0x73, 0x20, 0x61, 0x63, 0x74, 0x69,
    0x76, 0x61, 0x74, 0x65, 0x64, 0x2E, 0x23, 0x31, 0x54, 0x68, 0x65, 0x20,
    0x64, 0x69, 0x66, 0x66, 0x65, 0x72, 0x65, 0x6E, 0x63, 0x65, 0x20, 0x62,
    0x65, 0x74, 0x77, 0x65, 0x65, 0x6E, 0x20, 0x62, 0x6F, 0x74, 0x68, 0x23,
    0x30, 0x70, 0x6C, 0x61, 0x79, 0x65, 0x72, 0x73, 0x20, 0x6C, 0x69, 0x66,
    0x65, 0x20, 0x70, 0x6F, 0x69, 0x6E, 0x74, 0x73, 0x20, 0x69, 0x73, 0x23,
    0x30, 0x61, 0x62, 0x6F, 0x76, 0x65, 0x20, 0x37, 0x30, 0x30, 0x30, 0x4C,
    0x50, 0x2E, 0x20, 0x53, 0x6F, 0x20, 0x62, 0x6F, 0x74, 0x68, 0x23, 0x30,
    0x70, 0x6C, 0x61, 0x79, 0x65, 0x72, 0x73, 0x27, 0x20, 0x4C, 0x50, 0x20,
    0x62, 0x65, 0x63, 0x6F, 0x6D, 0x65, 0x20, 0x30, 0x2E, 0x23, 0x31, 0x00,
};

const u8 gActivationDescription_SkullInvitation_Popup1[] APPEND_TEXT = {
    0x23, 0x32, 0x23, 0x30, 0x77, 0x61, 0x73, 0x20, 0x61, 0x63, 0x74, 0x69,
    0x76, 0x61, 0x74, 0x65, 0x64, 0x2E, 0x23, 0x31, 0x57, 0x68, 0x65, 0x6E,
    0x20, 0x61, 0x20, 0x63, 0x61, 0x72, 0x64, 0x20, 0x6C, 0x65, 0x61, 0x76,
    0x65, 0x73, 0x20, 0x74, 0x68, 0x65, 0x23, 0x30, 0x66, 0x69, 0x65, 0x6C,
    0x64, 0x20, 0x61, 0x6E, 0x64, 0x20, 0x69, 0x73, 0x20, 0x6E, 0x6F, 0x74,
    0x20, 0x72, 0x65, 0x74, 0x75, 0x72, 0x6E, 0x65, 0x64, 0x23, 0x31, 0x74,
    0x6F, 0x20, 0x74, 0x68, 0x65, 0x20, 0x68, 0x61, 0x6E, 0x64, 0x2C, 0x20,
    0x69, 0x74, 0x73, 0x20, 0x6F, 0x77, 0x6E, 0x65, 0x72, 0x23, 0x30, 0x74,
    0x61, 0x6B, 0x65, 0x73, 0x20, 0x33, 0x30, 0x30, 0x4C, 0x50, 0x20, 0x64,
    0x61, 0x6D, 0x61, 0x67, 0x65, 0x2E, 0x23, 0x31, 0x00,
};

const u8 gActivationDescription_VampireBaby_Popup1[] APPEND_TEXT = {
    0x23, 0x32, 0x23, 0x30, 0x77, 0x61, 0x73, 0x20, 0x61, 0x63, 0x74, 0x69,
    0x76, 0x61, 0x74, 0x65, 0x64, 0x2E, 0x23, 0x31, 0x53, 0x70, 0x65, 0x63,
    0x69, 0x61, 0x6C, 0x20, 0x73, 0x75, 0x6D, 0x6D, 0x6F, 0x6E, 0x20, 0x74,
    0x68, 0x65, 0x20, 0x6D, 0x6F, 0x6E, 0x73, 0x74, 0x65, 0x72, 0x23, 0x30,
    0x64, 0x65, 0x73, 0x74, 0x72, 0x6F, 0x79, 0x65, 0x64, 0x20, 0x69, 0x6E,
    0x20, 0x62, 0x61, 0x74, 0x74, 0x6C, 0x65, 0x2E, 0x23, 0x31, 0x00,
};

const u8 gActivationDescription_TheForcefulSentry_Popup1[] APPEND_TEXT = {
    0x23, 0x32, 0x23, 0x30, 0x77, 0x61, 0x73, 0x20, 0x61, 0x63, 0x74, 0x69,
    0x76, 0x61, 0x74, 0x65, 0x64, 0x2E, 0x23, 0x31, 0x53, 0x65, 0x6C, 0x65,
    0x63, 0x74, 0x20, 0x6F, 0x6E, 0x65, 0x20, 0x63, 0x61, 0x72, 0x64, 0x20,
    0x69, 0x6E, 0x20, 0x74, 0x68, 0x65, 0x23, 0x30, 0x6F, 0x70, 0x70, 0x6F,
    0x6E, 0x65, 0x6E, 0x74, 0x27, 0x73, 0x20, 0x68, 0x61, 0x6E, 0x64, 0x20,
    0x61, 0x6E, 0x64, 0x20, 0x72, 0x65, 0x74, 0x75, 0x72, 0x6E, 0x23, 0x30,
    0x69, 0x74, 0x20, 0x74, 0x6F, 0x20, 0x74, 0x68, 0x65, 0x69, 0x72, 0x20,
    0x64, 0x65, 0x63, 0x6B, 0x2C, 0x20, 0x74, 0x68, 0x65, 0x6E, 0x23, 0x30,
    0x73, 0x68, 0x75, 0x66, 0x66, 0x6C, 0x65, 0x2E, 0x23, 0x31, 0x00,
};

const u8 gActivationDescription_Maryokutai_Popup1[] APPEND_TEXT = {
    0x23, 0x32, 0x23, 0x30, 0x77, 0x61, 0x73, 0x20, 0x61, 0x63, 0x74, 0x69,
    0x76, 0x61, 0x74, 0x65, 0x64, 0x2E, 0x23, 0x31, 0x53, 0x61, 0x63, 0x72,
    0x69, 0x66, 0x69, 0x63, 0x65, 0x20, 0x74, 0x68, 0x69, 0x73, 0x20, 0x63,
    0x61, 0x72, 0x64, 0x20, 0x74, 0x6F, 0x23, 0x30, 0x64, 0x65, 0x73, 0x74,
    0x72, 0x6F, 0x79, 0x20, 0x61, 0x6E, 0x20, 0x6F, 0x70, 0x70, 0x6F, 0x6E,
    0x65, 0x6E, 0x74, 0x27, 0x73, 0x23, 0x30, 0x61, 0x63, 0x74, 0x69, 0x76,
    0x61, 0x74, 0x65, 0x64, 0x20, 0x53, 0x70, 0x65, 0x6C, 0x6C, 0x20, 0x43,
    0x61, 0x72, 0x64, 0x2E, 0x23, 0x31, 0x00,
};

const u8 gActivationDescription_MermaidKnight_Popup1[] APPEND_TEXT = {
    0x23, 0x32, 0x23, 0x30, 0x77, 0x61, 0x73, 0x20, 0x61, 0x63, 0x74, 0x69,
    0x76, 0x61, 0x74, 0x65, 0x64, 0x2E, 0x23, 0x31, 0x57, 0x68, 0x69, 0x6C,
    0x65, 0x20, 0x55, 0x6D, 0x69, 0x20, 0x69, 0x73, 0x20, 0x61, 0x63, 0x74,
    0x69, 0x76, 0x65, 0x2C, 0x20, 0x74, 0x68, 0x69, 0x73, 0x23, 0x30, 0x63,
    0x61, 0x72, 0x64, 0x20, 0x63, 0x61, 0x6E, 0x20, 0x61, 0x74, 0x74, 0x61,
    0x63, 0x6B, 0x20, 0x74, 0x77, 0x69, 0x63, 0x65, 0x23, 0x30, 0x64, 0x75,
    0x72, 0x69, 0x6E, 0x67, 0x20, 0x65, 0x61, 0x63, 0x68, 0x20, 0x62, 0x61,
    0x74, 0x74, 0x6C, 0x65, 0x20, 0x70, 0x68, 0x61, 0x73, 0x65, 0x2E, 0x23,
    0x31, 0x00,
};

const u8 gActivationDescription_MefistTheInfernalGeneral_Popup1[] APPEND_TEXT = {
    0x23, 0x32, 0x23, 0x30, 0x77, 0x61, 0x73, 0x20, 0x61, 0x63, 0x74, 0x69,
    0x76, 0x61, 0x74, 0x65, 0x64, 0x2E, 0x23, 0x31, 0x44, 0x69, 0x73, 0x63,
    0x61, 0x72, 0x64, 0x20, 0x31, 0x20, 0x72, 0x61, 0x6E, 0x64, 0x6F, 0x6D,
    0x20, 0x63, 0x61, 0x72, 0x64, 0x20, 0x66, 0x72, 0x6F, 0x6D, 0x23, 0x30,
    0x79, 0x6F, 0x75, 0x72, 0x20, 0x6F, 0x70, 0x70, 0x6F, 0x6E, 0x65, 0x6E,
    0x74, 0x27, 0x73, 0x20, 0x68, 0x61, 0x6E, 0x64, 0x2E, 0x23, 0x31, 0x00,
};

const u8 gActivationDescription_GuardianAngelJoan_Popup1[] APPEND_TEXT = {
    0x23, 0x32, 0x23, 0x30, 0x77, 0x61, 0x73, 0x20, 0x61, 0x63, 0x74, 0x69,
    0x76, 0x61, 0x74, 0x65, 0x64, 0x2E, 0x23, 0x31, 0x49, 0x6E, 0x63, 0x72,
    0x65, 0x61, 0x73, 0x65, 0x20, 0x79, 0x6F, 0x75, 0x72, 0x20, 0x4C, 0x69,
    0x66, 0x65, 0x20, 0x50, 0x6F, 0x69, 0x6E, 0x74, 0x73, 0x23, 0x30, 0x62,
    0x79, 0x20, 0x74, 0x68, 0x65, 0x20, 0x6F, 0x72, 0x69, 0x67, 0x69, 0x6E,
    0x61, 0x6C, 0x20, 0x41, 0x54, 0x4B, 0x20, 0x6F, 0x66, 0x20, 0x74, 0x68,
    0x65, 0x23, 0x30, 0x64, 0x65, 0x73, 0x74, 0x72, 0x6F, 0x79, 0x65, 0x64,
    0x20, 0x6D, 0x6F, 0x6E, 0x73, 0x74, 0x65, 0x72, 0x2E, 0x23, 0x31, 0x00,
};

const u8 gActivationDescription_PetenTheDarkClown_Popup1[] APPEND_TEXT = {
    0x23, 0x32, 0x23, 0x30, 0x77, 0x61, 0x73, 0x20, 0x61, 0x63, 0x74, 0x69,
    0x76, 0x61, 0x74, 0x65, 0x64, 0x2E, 0x23, 0x31, 0x53, 0x70, 0x65, 0x63,
    0x69, 0x61, 0x6C, 0x20, 0x73, 0x75, 0x6D, 0x6D, 0x6F, 0x6E, 0x20, 0x31,
    0x20, 0x27, 0x50, 0x65, 0x74, 0x65, 0x6E, 0x20, 0x74, 0x68, 0x65, 0x23,
    0x30, 0x44, 0x61, 0x72, 0x6B, 0x20, 0x43, 0x6C, 0x6F, 0x77, 0x6E, 0x27,
    0x20, 0x66, 0x72, 0x6F, 0x6D, 0x20, 0x79, 0x6F, 0x75, 0x72, 0x20, 0x68,
    0x61, 0x6E, 0x64, 0x23, 0x30, 0x6F, 0x72, 0x20, 0x64, 0x65, 0x63, 0x6B,
    0x2E, 0x23, 0x31, 0x00,
};

const u8 gActivationDescription_LimiterRemoval_Popup1[] APPEND_TEXT = {
    0x23, 0x32, 0x23, 0x30, 0x77, 0x61, 0x73, 0x20, 0x61, 0x63, 0x74, 0x69,
    0x76, 0x61, 0x74, 0x65, 0x64, 0x2E, 0x23, 0x31, 0x44, 0x6F, 0x75, 0x62,
    0x6C, 0x65, 0x20, 0x74, 0x68, 0x65, 0x20, 0x41, 0x54, 0x4B, 0x20, 0x6F,
    0x66, 0x20, 0x61, 0x6C, 0x6C, 0x23, 0x30, 0x4D, 0x61, 0x63, 0x68, 0x69,
    0x6E, 0x65, 0x2D, 0x54, 0x79, 0x70, 0x65, 0x20, 0x6D, 0x6F, 0x6E, 0x73,
    0x74, 0x65, 0x72, 0x73, 0x20, 0x6F, 0x6E, 0x23, 0x30, 0x79, 0x6F, 0x75,
    0x72, 0x20, 0x73, 0x69, 0x64, 0x65, 0x20, 0x6F, 0x66, 0x20, 0x74, 0x68,
    0x65, 0x20, 0x66, 0x69, 0x65, 0x6C, 0x64, 0x2E, 0x23, 0x31, 0x54, 0x68,
    0x65, 0x79, 0x20, 0x77, 0x69, 0x6C, 0x6C, 0x20, 0x74, 0x68, 0x65, 0x6E,
    0x20, 0x62, 0x65, 0x20, 0x64, 0x65, 0x73, 0x74, 0x72, 0x6F, 0x79, 0x65,
    0x64, 0x23, 0x30, 0x61, 0x74, 0x20, 0x74, 0x68, 0x65, 0x20, 0x65, 0x6E,
    0x64, 0x20, 0x6F, 0x66, 0x20, 0x74, 0x68, 0x65, 0x20, 0x74, 0x75, 0x72,
    0x6E, 0x2E, 0x23, 0x31, 0x00,
};

const u8 gActivationDescription_JustDeserts_Popup1[] APPEND_TEXT = {
    0x23, 0x32, 0x23, 0x30, 0x77, 0x61, 0x73, 0x20, 0x61, 0x63, 0x74, 0x69,
    0x76, 0x61, 0x74, 0x65, 0x64, 0x2E, 0x23, 0x31, 0x54, 0x68, 0x65, 0x20,
    0x6F, 0x70, 0x70, 0x6F, 0x6E, 0x65, 0x6E, 0x74, 0x20, 0x69, 0x73, 0x20,
    0x64, 0x65, 0x61, 0x6C, 0x74, 0x20, 0x35, 0x30, 0x30, 0x23, 0x30, 0x4C,
    0x50, 0x20, 0x64, 0x61, 0x6D, 0x61, 0x67, 0x65, 0x20, 0x70, 0x65, 0x72,
    0x20, 0x6D, 0x6F, 0x6E, 0x73, 0x74, 0x65, 0x72, 0x20, 0x6F, 0x6E, 0x23,
    0x30, 0x74, 0x68, 0x65, 0x69, 0x72, 0x20, 0x73, 0x69, 0x64, 0x65, 0x20,
    0x6F, 0x66, 0x20, 0x74, 0x68, 0x65, 0x20, 0x66, 0x69, 0x65, 0x6C, 0x64,
    0x2E, 0x23, 0x31, 0x00,
};

const u8 gActivationDescription_Gilasaurus_Popup1[] APPEND_TEXT = {
    0x23, 0x32, 0x23, 0x30, 0x77, 0x61, 0x73, 0x20, 0x61, 0x63, 0x74, 0x69,
    0x76, 0x61, 0x74, 0x65, 0x64, 0x2E, 0x23, 0x31, 0x53, 0x70, 0x65, 0x63,
    0x69, 0x61, 0x6C, 0x20, 0x73, 0x75, 0x6D, 0x6D, 0x6F, 0x6E, 0x20, 0x74,
    0x68, 0x69, 0x73, 0x20, 0x63, 0x61, 0x72, 0x64, 0x23, 0x30, 0x66, 0x72,
    0x6F, 0x6D, 0x20, 0x79, 0x6F, 0x75, 0x72, 0x20, 0x68, 0x61, 0x6E, 0x64,
    0x2E, 0x23, 0x31, 0x59, 0x6F, 0x75, 0x72, 0x20, 0x6F, 0x70, 0x70, 0x6F,
    0x6E, 0x65, 0x6E, 0x74, 0x20, 0x73, 0x70, 0x65, 0x63, 0x69, 0x61, 0x6C,
    0x23, 0x30, 0x73, 0x75, 0x6D, 0x6D, 0x6F, 0x6E, 0x73, 0x20, 0x31, 0x20,
    0x6D, 0x6F, 0x6E, 0x73, 0x74, 0x65, 0x72, 0x20, 0x66, 0x72, 0x6F, 0x6D,
    0x23, 0x30, 0x74, 0x68, 0x65, 0x69, 0x72, 0x20, 0x67, 0x72, 0x61, 0x76,
    0x65, 0x79, 0x61, 0x72, 0x64, 0x2E, 0x23, 0x31, 0x00,
};

const u8 gActivationDescription_GravityBind_Popup1[] APPEND_TEXT = {
    0x23, 0x32, 0x23, 0x30, 0x77, 0x61, 0x73, 0x20, 0x61, 0x63, 0x74, 0x69,
    0x76, 0x61, 0x74, 0x65, 0x64, 0x2E, 0x23, 0x31, 0x4C, 0x65, 0x76, 0x65,
    0x6C, 0x20, 0x34, 0x20, 0x6F, 0x72, 0x20, 0x68, 0x69, 0x67, 0x68, 0x65,
    0x72, 0x20, 0x6D, 0x6F, 0x6E, 0x73, 0x74, 0x65, 0x72, 0x73, 0x23, 0x30,
    0x63, 0x61, 0x6E, 0x6E, 0x6F, 0x74, 0x20, 0x61, 0x74, 0x74, 0x61, 0x63,
    0x6B, 0x20, 0x77, 0x68, 0x69, 0x6C, 0x65, 0x20, 0x74, 0x68, 0x69, 0x73,
    0x23, 0x30, 0x74, 0x72, 0x61, 0x70, 0x20, 0x69, 0x73, 0x20, 0x66, 0x61,
    0x63, 0x65, 0x20, 0x75, 0x70, 0x2E, 0x23, 0x31, 0x00,
};

const u8 gActivationDescription_GiftOfTheMysticalElf_Popup1[] APPEND_TEXT = {
    0x23, 0x32, 0x23, 0x30, 0x77, 0x61, 0x73, 0x20, 0x61, 0x63, 0x74, 0x69,
    0x76, 0x61, 0x74, 0x65, 0x64, 0x2E, 0x23, 0x31, 0x47, 0x61, 0x69, 0x6E,
    0x20, 0x33, 0x30, 0x30, 0x20, 0x4C, 0x50, 0x20, 0x66, 0x6F, 0x72, 0x20,
    0x65, 0x61, 0x63, 0x68, 0x23, 0x30, 0x6D, 0x6F, 0x6E, 0x73, 0x74, 0x65,
    0x72, 0x20, 0x6F, 0x6E, 0x20, 0x62, 0x6F, 0x74, 0x68, 0x20, 0x73, 0x69,
    0x64, 0x65, 0x73, 0x20, 0x6F, 0x66, 0x23, 0x30, 0x74, 0x68, 0x65, 0x20,
    0x66, 0x69, 0x65, 0x6C, 0x64, 0x2E, 0x23, 0x31, 0x00,
};

const u8 gActivationDescription_RecklessGreed_Popup1[] APPEND_TEXT = {
    0x23, 0x32, 0x23, 0x30, 0x77, 0x61, 0x73, 0x20, 0x61, 0x63, 0x74, 0x69,
    0x76, 0x61, 0x74, 0x65, 0x64, 0x2E, 0x23, 0x31, 0x44, 0x72, 0x61, 0x77,
    0x20, 0x32, 0x20, 0x63, 0x61, 0x72, 0x64, 0x73, 0x2C, 0x20, 0x74, 0x68,
    0x65, 0x6E, 0x20, 0x73, 0x6B, 0x69, 0x70, 0x23, 0x30, 0x79, 0x6F, 0x75,
    0x72, 0x20, 0x6E, 0x65, 0x78, 0x74, 0x20, 0x32, 0x20, 0x64, 0x72, 0x61,
    0x77, 0x20, 0x70, 0x68, 0x61, 0x73, 0x65, 0x73, 0x2E, 0x23, 0x31, 0x00,
};

const u8 gActivationDescription_AirknightParshath_Popup1[] APPEND_TEXT = {
    0x23, 0x32, 0x23, 0x30, 0x77, 0x61, 0x73, 0x20, 0x61, 0x63, 0x74, 0x69,
    0x76, 0x61, 0x74, 0x65, 0x64, 0x2E, 0x23, 0x31, 0x42, 0x61, 0x74, 0x74,
    0x65, 0x20, 0x64, 0x61, 0x6D, 0x61, 0x67, 0x65, 0x20, 0x77, 0x61, 0x73,
    0x20, 0x69, 0x6E, 0x66, 0x6C, 0x69, 0x63, 0x74, 0x65, 0x64, 0x2C, 0x23,
    0x30, 0x73, 0x6F, 0x20, 0x64, 0x72, 0x61, 0x77, 0x20, 0x31, 0x20, 0x63,
    0x61, 0x72, 0x64, 0x2E, 0x23, 0x31, 0x00,
};

const u8 gActivationDescription_AmphibiousBugrothMk3_Popup1[] APPEND_TEXT = {
    0x23, 0x32, 0x23, 0x30, 0x77, 0x61, 0x73, 0x20, 0x61, 0x63, 0x74, 0x69,
    0x76, 0x61, 0x74, 0x65, 0x64, 0x2E, 0x23, 0x31, 0x57, 0x68, 0x69, 0x6C,
    0x65, 0x20, 0x55, 0x6D, 0x69, 0x20, 0x69, 0x73, 0x20, 0x61, 0x63, 0x74,
    0x69, 0x76, 0x65, 0x2C, 0x20, 0x74, 0x68, 0x69, 0x73, 0x23, 0x30, 0x63,
    0x61, 0x72, 0x64, 0x20, 0x63, 0x61, 0x6E, 0x20, 0x61, 0x74, 0x74, 0x61,
    0x63, 0x6B, 0x20, 0x79, 0x6F, 0x75, 0x72, 0x23, 0x30, 0x6F, 0x70, 0x70,
    0x6F, 0x6E, 0x65, 0x6E, 0x74, 0x20, 0x64, 0x69, 0x72, 0x65, 0x63, 0x74,
    0x6C, 0x79, 0x2E, 0x23, 0x31, 0x00,
};

const u8 gActivationDescription_BlackTyranno_Popup1[] APPEND_TEXT = {
    0x23, 0x32, 0x23, 0x30, 0x77, 0x61, 0x73, 0x20, 0x61, 0x63, 0x74, 0x69,
    0x76, 0x61, 0x74, 0x65, 0x64, 0x2E, 0x23, 0x31, 0x41, 0x6C, 0x6C, 0x20,
    0x6F, 0x70, 0x70, 0x6F, 0x6E, 0x65, 0x6E, 0x74, 0x20, 0x6D, 0x6F, 0x6E,
    0x73, 0x74, 0x65, 0x72, 0x73, 0x20, 0x61, 0x72, 0x65, 0x23, 0x30, 0x69,
    0x6E, 0x20, 0x44, 0x65, 0x66, 0x65, 0x6E, 0x73, 0x65, 0x20, 0x50, 0x6F,
    0x73, 0x69, 0x74, 0x69, 0x6F, 0x6E, 0x2E, 0x23, 0x31, 0x54, 0x68, 0x69,
    0x73, 0x20, 0x63, 0x61, 0x72, 0x64, 0x20, 0x63, 0x61, 0x6E, 0x20, 0x61,
    0x74, 0x74, 0x61, 0x63, 0x6B, 0x20, 0x79, 0x6F, 0x75, 0x72, 0x23, 0x30,
    0x6F, 0x70, 0x70, 0x6F, 0x6E, 0x65, 0x6E, 0x74, 0x20, 0x64, 0x69, 0x72,
    0x65, 0x63, 0x74, 0x6C, 0x79, 0x2E, 0x23, 0x31, 0x00,
};

const u8 gActivationDescription_TheAgentOfCreationVenus_Popup1[] APPEND_TEXT = {
    0x23, 0x32, 0x23, 0x30, 0x77, 0x61, 0x73, 0x20, 0x61, 0x63, 0x74, 0x69,
    0x76, 0x61, 0x74, 0x65, 0x64, 0x2E, 0x23, 0x31, 0x50, 0x61, 0x79, 0x20,
    0x35, 0x30, 0x30, 0x20, 0x4C, 0x69, 0x66, 0x65, 0x20, 0x50, 0x6F, 0x69,
    0x6E, 0x74, 0x73, 0x20, 0x74, 0x6F, 0x23, 0x30, 0x73, 0x70, 0x65, 0x63,
    0x69, 0x61, 0x6C, 0x20, 0x73, 0x75, 0x6D, 0x6D, 0x6F, 0x6E, 0x20, 0x31,
    0x20, 0x27, 0x4D, 0x79, 0x73, 0x74, 0x69, 0x63, 0x61, 0x6C, 0x23, 0x30,
    0x53, 0x68, 0x69, 0x6E, 0x65, 0x20, 0x42, 0x61, 0x6C, 0x6C, 0x27, 0x20,
    0x66, 0x72, 0x6F, 0x6D, 0x20, 0x79, 0x6F, 0x75, 0x72, 0x20, 0x64, 0x65,
    0x63, 0x6B, 0x2E, 0x23, 0x31, 0x00,
};

const u8 gActivationDescription_BlastingTheRuins_Popup1[] APPEND_TEXT = {
    0x23, 0x32, 0x23, 0x30, 0x77, 0x61, 0x73, 0x20, 0x61, 0x63, 0x74, 0x69,
    0x76, 0x61, 0x74, 0x65, 0x64, 0x2E, 0x23, 0x31, 0x59, 0x6F, 0x75, 0x20,
    0x68, 0x61, 0x76, 0x65, 0x20, 0x31, 0x30, 0x20, 0x6F, 0x72, 0x20, 0x66,
    0x65, 0x77, 0x65, 0x72, 0x20, 0x63, 0x61, 0x72, 0x64, 0x73, 0x23, 0x30,
    0x69, 0x6E, 0x20, 0x79, 0x6F, 0x75, 0x72, 0x20, 0x64, 0x65, 0x63, 0x6B,
    0x2E, 0x23, 0x31, 0x59, 0x6F, 0x75, 0x72, 0x20, 0x6F, 0x70, 0x70, 0x6F,
    0x6E, 0x65, 0x6E, 0x74, 0x20, 0x74, 0x61, 0x6B, 0x65, 0x73, 0x20, 0x33,
    0x30, 0x30, 0x30, 0x20, 0x4C, 0x50, 0x23, 0x30, 0x64, 0x61, 0x6D, 0x61,
    0x67, 0x65, 0x2E, 0x23, 0x31, 0x00,
};

const u8 gActivationDescription_CurseOfDarkness_Popup1[] APPEND_TEXT = {
    0x23, 0x32, 0x23, 0x30, 0x77, 0x61, 0x73, 0x20, 0x61, 0x63, 0x74, 0x69,
    0x76, 0x61, 0x74, 0x65, 0x64, 0x2E, 0x23, 0x31, 0x45, 0x61, 0x63, 0x68,
    0x20, 0x73, 0x70, 0x65, 0x6C, 0x6C, 0x20, 0x61, 0x63, 0x74, 0x69, 0x76,
    0x61, 0x74, 0x69, 0x6F, 0x6E, 0x20, 0x64, 0x65, 0x61, 0x6C, 0x73, 0x23,
    0x30, 0x31, 0x30, 0x30, 0x30, 0x20, 0x64, 0x61, 0x6D, 0x61, 0x67, 0x65,
    0x2E, 0x23, 0x31, 0x00,
};

const u8 gActivationDescription_CoffinSeller_Popup1[] APPEND_TEXT = {
    0x23, 0x32, 0x23, 0x30, 0x77, 0x61, 0x73, 0x20, 0x61, 0x63, 0x74, 0x69,
    0x76, 0x61, 0x74, 0x65, 0x64, 0x2E, 0x23, 0x31, 0x45, 0x61, 0x63, 0x68,
    0x20, 0x6F, 0x70, 0x70, 0x6F, 0x6E, 0x65, 0x6E, 0x74, 0x20, 0x6D, 0x6F,
    0x6E, 0x73, 0x74, 0x65, 0x72, 0x23, 0x30, 0x6C, 0x65, 0x61, 0x76, 0x69,
    0x6E, 0x67, 0x20, 0x64, 0x65, 0x61, 0x6C, 0x73, 0x20, 0x33, 0x30, 0x30,
    0x4C, 0x50, 0x20, 0x64, 0x61, 0x6D, 0x61, 0x67, 0x65, 0x2E, 0x23, 0x31,
    0x00,
};

const u8 gActivationDescription_CardDestruction_Popup1[] APPEND_TEXT = {
    0x23, 0x32, 0x23, 0x30, 0x77, 0x61, 0x73, 0x20, 0x61, 0x63, 0x74, 0x69,
    0x76, 0x61, 0x74, 0x65, 0x64, 0x2E, 0x23, 0x31, 0x42, 0x6F, 0x74, 0x68,
    0x20, 0x70, 0x6C, 0x61, 0x79, 0x65, 0x72, 0x73, 0x20, 0x64, 0x69, 0x73,
    0x63, 0x61, 0x72, 0x64, 0x20, 0x74, 0x68, 0x65, 0x69, 0x72, 0x23, 0x30,
    0x68, 0x61, 0x6E, 0x64, 0x73, 0x20, 0x61, 0x6E, 0x64, 0x20, 0x64, 0x72,
    0x61, 0x77, 0x20, 0x74, 0x68, 0x61, 0x74, 0x20, 0x6D, 0x61, 0x6E, 0x79,
    0x23, 0x30, 0x63, 0x61, 0x72, 0x64, 0x73, 0x2E, 0x23, 0x31, 0x00,
};

const u8 gActivationDescription_DarkRoomOfNightmare_Popup1[] APPEND_TEXT = {
    0x23, 0x32, 0x23, 0x30, 0x77, 0x61, 0x73, 0x20, 0x61, 0x63, 0x74, 0x69,
    0x76, 0x61, 0x74, 0x65, 0x64, 0x2E, 0x23, 0x31, 0x44, 0x65, 0x61, 0x6C,
    0x20, 0x33, 0x30, 0x30, 0x20, 0x4C, 0x50, 0x20, 0x6F, 0x66, 0x20, 0x61,
    0x64, 0x64, 0x69, 0x74, 0x69, 0x6F, 0x6E, 0x61, 0x6C, 0x23, 0x30, 0x64,
    0x61, 0x6D, 0x61, 0x67, 0x65, 0x2E, 0x23, 0x31, 0x00,
};

const u8 gActivationDescription_GracefulCharity_Popup1[] APPEND_TEXT = {
    0x23, 0x32, 0x23, 0x30, 0x77, 0x61, 0x73, 0x20, 0x61, 0x63, 0x74, 0x69,
    0x76, 0x61, 0x74, 0x65, 0x64, 0x2E, 0x23, 0x31, 0x44, 0x72, 0x61, 0x77,
    0x20, 0x33, 0x20, 0x63, 0x61, 0x72, 0x64, 0x73, 0x2C, 0x20, 0x74, 0x68,
    0x65, 0x6E, 0x20, 0x64, 0x69, 0x73, 0x63, 0x61, 0x72, 0x64, 0x23, 0x30,
    0x32, 0x20, 0x63, 0x61, 0x72, 0x64, 0x73, 0x2E, 0x23, 0x31, 0x00,
};

const u8 gActivationDescription_GreatMajuGarzett_Popup1[] APPEND_TEXT = {
    0x23, 0x32, 0x23, 0x30, 0x77, 0x61, 0x73, 0x20, 0x61, 0x63, 0x74, 0x69,
    0x76, 0x61, 0x74, 0x65, 0x64, 0x2E, 0x23, 0x31, 0x54, 0x68, 0x69, 0x73,
    0x20, 0x63, 0x61, 0x72, 0x64, 0x27, 0x73, 0x20, 0x41, 0x54, 0x4B, 0x20,
    0x61, 0x6E, 0x64, 0x20, 0x44, 0x45, 0x46, 0x23, 0x30, 0x62, 0x65, 0x63,
    0x6F, 0x6D, 0x65, 0x20, 0x74, 0x77, 0x69, 0x63, 0x65, 0x20, 0x74, 0x68,
    0x65, 0x20, 0x41, 0x54, 0x4B, 0x20, 0x61, 0x6E, 0x64, 0x23, 0x30, 0x44,
    0x45, 0x46, 0x20, 0x6F, 0x66, 0x20, 0x74, 0x68, 0x65, 0x20, 0x6D, 0x6F,
    0x6E, 0x73, 0x74, 0x65, 0x72, 0x20, 0x54, 0x72, 0x69, 0x62, 0x75, 0x74,
    0x65, 0x64, 0x23, 0x30, 0x74, 0x6F, 0x20, 0x73, 0x75, 0x6D, 0x6D, 0x6F,
    0x6E, 0x20, 0x69, 0x74, 0x2E, 0x23, 0x31, 0x00,
};

const u8 gActivationDescription_TrianglePower_Popup1[] APPEND_TEXT = {
    0x23, 0x32, 0x23, 0x30, 0x77, 0x61, 0x73, 0x20, 0x61, 0x63, 0x74, 0x69,
    0x76, 0x61, 0x74, 0x65, 0x64, 0x2E, 0x23, 0x31, 0x41, 0x6C, 0x6C, 0x20,
    0x4C, 0x65, 0x76, 0x65, 0x6C, 0x20, 0x31, 0x20, 0x6D, 0x6F, 0x6E, 0x73,
    0x74, 0x65, 0x72, 0x73, 0x20, 0x67, 0x61, 0x69, 0x6E, 0x20, 0x34, 0x23,
    0x30, 0x73, 0x74, 0x61, 0x67, 0x65, 0x73, 0x2E, 0x20, 0x54, 0x68, 0x65,
    0x79, 0x20, 0x77, 0x69, 0x6C, 0x6C, 0x20, 0x62, 0x65, 0x23, 0x30, 0x64,
    0x65, 0x73, 0x74, 0x72, 0x6F, 0x79, 0x65, 0x64, 0x20, 0x64, 0x75, 0x72,
    0x69, 0x6E, 0x67, 0x20, 0x74, 0x68, 0x65, 0x20, 0x45, 0x6E, 0x64, 0x23,
    0x30, 0x50, 0x68, 0x61, 0x73, 0x65, 0x2E, 0x23, 0x31, 0x00,
};

const u8 gActivationDescription_TwinSwordsOfFlashingLightTryce_Popup1[] APPEND_TEXT = {
    0x23, 0x32, 0x23, 0x30, 0x77, 0x61, 0x73, 0x20, 0x61, 0x63, 0x74, 0x69,
    0x76, 0x61, 0x74, 0x65, 0x64, 0x2E, 0x23, 0x31, 0x54, 0x68, 0x65, 0x20,
    0x65, 0x71, 0x75, 0x69, 0x70, 0x70, 0x65, 0x64, 0x20, 0x6D, 0x6F, 0x6E,
    0x73, 0x74, 0x65, 0x72, 0x20, 0x63, 0x61, 0x6E, 0x23, 0x30, 0x61, 0x74,
    0x74, 0x61, 0x63, 0x6B, 0x20, 0x74, 0x77, 0x69, 0x63, 0x65, 0x20, 0x64,
    0x75, 0x72, 0x69, 0x6E, 0x67, 0x20, 0x65, 0x61, 0x63, 0x68, 0x23, 0x30,
    0x62, 0x61, 0x74, 0x74, 0x6C, 0x65, 0x20, 0x70, 0x68, 0x61, 0x73, 0x65,
    0x2C, 0x20, 0x62, 0x75, 0x74, 0x20, 0x69, 0x74, 0x73, 0x20, 0x73, 0x74,
    0x61, 0x74, 0x73, 0x23, 0x30, 0x61, 0x72, 0x65, 0x20, 0x72, 0x65, 0x64,
    0x75, 0x63, 0x65, 0x64, 0x20, 0x62, 0x79, 0x20, 0x31, 0x20, 0x73, 0x74,
    0x61, 0x67, 0x65, 0x2E, 0x23, 0x31, 0x00,
};

const u8 gActivationDescription_ThousandKnives_Popup1[] APPEND_TEXT = {
    0x23, 0x32, 0x23, 0x30, 0x77, 0x61, 0x73, 0x20, 0x61, 0x63, 0x74, 0x69,
    0x76, 0x61, 0x74, 0x65, 0x64, 0x2E, 0x23, 0x31, 0x49, 0x66, 0x20, 0x79,
    0x6F, 0x75, 0x20, 0x63, 0x6F, 0x6E, 0x74, 0x72, 0x6F, 0x6C, 0x20, 0x44,
    0x61, 0x72, 0x6B, 0x23, 0x30, 0x4D, 0x61, 0x67, 0x69, 0x63, 0x69, 0x61,
    0x6E, 0x2C, 0x20, 0x64, 0x65, 0x73, 0x74, 0x72, 0x6F, 0x79, 0x20, 0x61,
    0x6C, 0x6C, 0x20, 0x79, 0x6F, 0x75, 0x72, 0x23, 0x30, 0x6F, 0x70, 0x70,
    0x6F, 0x6E, 0x65, 0x6E, 0x74, 0x27, 0x73, 0x20, 0x53, 0x70, 0x65, 0x6C,
    0x6C, 0x73, 0x2C, 0x20, 0x54, 0x72, 0x61, 0x70, 0x73, 0x2C, 0x23, 0x30,
    0x61, 0x6E, 0x64, 0x20, 0x6D, 0x6F, 0x6E, 0x73, 0x74, 0x65, 0x72, 0x73,
    0x2E, 0x23, 0x31, 0x00,
};

const u8 gActivationDescription_SoulTaker_Popup1[] APPEND_TEXT = {
    0x23, 0x32, 0x23, 0x30, 0x77, 0x61, 0x73, 0x20, 0x61, 0x63, 0x74, 0x69,
    0x76, 0x61, 0x74, 0x65, 0x64, 0x2E, 0x23, 0x31, 0x44, 0x65, 0x73, 0x74,
    0x72, 0x6F, 0x79, 0x20, 0x31, 0x20, 0x6D, 0x6F, 0x6E, 0x73, 0x74, 0x65,
    0x72, 0x20, 0x79, 0x6F, 0x75, 0x72, 0x23, 0x30, 0x6F, 0x70, 0x70, 0x6F,
    0x6E, 0x65, 0x6E, 0x74, 0x20, 0x63, 0x6F, 0x6E, 0x74, 0x72, 0x6F, 0x6C,
    0x73, 0x2E, 0x20, 0x59, 0x6F, 0x75, 0x72, 0x23, 0x30, 0x6F, 0x70, 0x70,
    0x6F, 0x6E, 0x65, 0x6E, 0x74, 0x20, 0x67, 0x61, 0x69, 0x6E, 0x73, 0x20,
    0x31, 0x30, 0x30, 0x30, 0x20, 0x4C, 0x69, 0x66, 0x65, 0x23, 0x30, 0x50,
    0x6F, 0x69, 0x6E, 0x74, 0x73, 0x2E, 0x23, 0x31, 0x00,
};

const u8 gActivationDescription_SolarRay_Popup1[] APPEND_TEXT = {
    0x23, 0x32, 0x23, 0x30, 0x77, 0x61, 0x73, 0x20, 0x61, 0x63, 0x74, 0x69,
    0x76, 0x61, 0x74, 0x65, 0x64, 0x2E, 0x23, 0x31, 0x59, 0x6F, 0x75, 0x72,
    0x20, 0x6F, 0x70, 0x70, 0x6F, 0x6E, 0x65, 0x6E, 0x74, 0x20, 0x74, 0x61,
    0x6B, 0x65, 0x73, 0x20, 0x36, 0x30, 0x30, 0x20, 0x4C, 0x50, 0x23, 0x30,
    0x64, 0x61, 0x6D, 0x61, 0x67, 0x65, 0x20, 0x70, 0x65, 0x72, 0x20, 0x66,
    0x61, 0x63, 0x65, 0x2D, 0x75, 0x70, 0x20, 0x4C, 0x69, 0x67, 0x68, 0x74,
    0x23, 0x30, 0x6D, 0x6F, 0x6E, 0x73, 0x74, 0x65, 0x72, 0x20, 0x6F, 0x6E,
    0x20, 0x79, 0x6F, 0x75, 0x72, 0x20, 0x66, 0x69, 0x65, 0x6C, 0x64, 0x2E,
    0x23, 0x31, 0x00,
};

const u8 gActivationDescription_SolemnWishes_Popup1[] APPEND_TEXT = {
    0x23, 0x32, 0x23, 0x30, 0x77, 0x61, 0x73, 0x20, 0x61, 0x63, 0x74, 0x69,
    0x76, 0x61, 0x74, 0x65, 0x64, 0x2E, 0x23, 0x31, 0x45, 0x61, 0x63, 0x68,
    0x20, 0x74, 0x69, 0x6D, 0x65, 0x20, 0x79, 0x6F, 0x75, 0x20, 0x64, 0x72,
    0x61, 0x77, 0x20, 0x61, 0x20, 0x63, 0x61, 0x72, 0x64, 0x2C, 0x23, 0x30,
    0x67, 0x61, 0x69, 0x6E, 0x20, 0x35, 0x30, 0x30, 0x20, 0x4C, 0x69, 0x66,
    0x65, 0x20, 0x50, 0x6F, 0x69, 0x6E, 0x74, 0x73, 0x2E, 0x23, 0x31, 0x00,
};

const u8 gActivationDescription_StealthBird_Popup1[] APPEND_TEXT = {
    0x23, 0x32, 0x23, 0x30, 0x77, 0x61, 0x73, 0x20, 0x61, 0x63, 0x74, 0x69,
    0x76, 0x61, 0x74, 0x65, 0x64, 0x2E, 0x23, 0x31, 0x31, 0x30, 0x30, 0x30,
    0x4C, 0x50, 0x20, 0x6F, 0x66, 0x20, 0x64, 0x61, 0x6D, 0x61, 0x67, 0x65,
    0x20, 0x77, 0x69, 0x6C, 0x6C, 0x20, 0x62, 0x65, 0x23, 0x30, 0x64, 0x65,
    0x61, 0x6C, 0x74, 0x20, 0x74, 0x6F, 0x20, 0x74, 0x68, 0x65, 0x20, 0x6F,
    0x70, 0x70, 0x6F, 0x6E, 0x65, 0x6E, 0x74, 0x2E, 0x23, 0x31, 0x00,
};

const u8 gActivationDescription_NeedleBurrower_Popup1[] APPEND_TEXT = {
    0x23, 0x32, 0x23, 0x30, 0x77, 0x61, 0x73, 0x20, 0x61, 0x63, 0x74, 0x69,
    0x76, 0x61, 0x74, 0x65, 0x64, 0x2E, 0x23, 0x31, 0x35, 0x30, 0x30, 0x4C,
    0x50, 0x20, 0x64, 0x61, 0x6D, 0x61, 0x67, 0x65, 0x20, 0x66, 0x6F, 0x72,
    0x20, 0x65, 0x61, 0x63, 0x68, 0x20, 0x4C, 0x65, 0x76, 0x65, 0x6C, 0x23,
    0x30, 0x6F, 0x66, 0x20, 0x74, 0x68, 0x65, 0x20, 0x64, 0x65, 0x73, 0x74,
    0x72, 0x6F, 0x79, 0x65, 0x64, 0x20, 0x6D, 0x6F, 0x6E, 0x73, 0x74, 0x65,
    0x72, 0x2E, 0x23, 0x31, 0x00,
};

const u8 gActivationDescription_Ka2DesScissors_Popup1[] APPEND_TEXT = {
    0x23, 0x32, 0x23, 0x30, 0x77, 0x61, 0x73, 0x20, 0x61, 0x63, 0x74, 0x69,
    0x76, 0x61, 0x74, 0x65, 0x64, 0x2E, 0x23, 0x31, 0x35, 0x30, 0x30, 0x4C,
    0x50, 0x20, 0x64, 0x61, 0x6D, 0x61, 0x67, 0x65, 0x20, 0x66, 0x6F, 0x72,
    0x20, 0x65, 0x61, 0x63, 0x68, 0x20, 0x4C, 0x65, 0x76, 0x65, 0x6C, 0x23,
    0x30, 0x6F, 0x66, 0x20, 0x74, 0x68, 0x65, 0x20, 0x64, 0x65, 0x73, 0x74,
    0x72, 0x6F, 0x79, 0x65, 0x64, 0x20, 0x6D, 0x6F, 0x6E, 0x73, 0x74, 0x65,
    0x72, 0x2E, 0x23, 0x31, 0x00,
};

const u8 gActivationDescription_ImperialOrder_Popup1[] APPEND_TEXT = {
    0x23, 0x32, 0x23, 0x30, 0x77, 0x61, 0x73, 0x20, 0x61, 0x63, 0x74, 0x69,
    0x76, 0x61, 0x74, 0x65, 0x64, 0x2E, 0x23, 0x31, 0x4E, 0x65, 0x67, 0x61,
    0x74, 0x65, 0x73, 0x20, 0x61, 0x6C, 0x6C, 0x20, 0x73, 0x70, 0x65, 0x6C,
    0x6C, 0x20, 0x63, 0x61, 0x72, 0x64, 0x23, 0x30, 0x65, 0x66, 0x66, 0x65,
    0x63, 0x74, 0x73, 0x20, 0x6F, 0x6E, 0x20, 0x74, 0x68, 0x65, 0x20, 0x66,
    0x69, 0x65, 0x6C, 0x64, 0x20, 0x77, 0x68, 0x69, 0x6C, 0x65, 0x23, 0x30,
    0x61, 0x63, 0x74, 0x69, 0x76, 0x65, 0x2E, 0x23, 0x31, 0x00,
};

const u8 gActivationDescription_RoyalDecree_Popup1[] APPEND_TEXT = {
    0x23, 0x32, 0x23, 0x30, 0x77, 0x61, 0x73, 0x20, 0x61, 0x63, 0x74, 0x69,
    0x76, 0x61, 0x74, 0x65, 0x64, 0x2E, 0x23, 0x31, 0x4E, 0x65, 0x67, 0x61,
    0x74, 0x65, 0x73, 0x20, 0x61, 0x6C, 0x6C, 0x20, 0x74, 0x72, 0x61, 0x70,
    0x20, 0x63, 0x61, 0x72, 0x64, 0x23, 0x30, 0x65, 0x66, 0x66, 0x65, 0x63,
    0x74, 0x73, 0x20, 0x6F, 0x6E, 0x20, 0x74, 0x68, 0x65, 0x20, 0x66, 0x69,
    0x65, 0x6C, 0x64, 0x20, 0x77, 0x68, 0x69, 0x6C, 0x65, 0x23, 0x30, 0x61,
    0x63, 0x74, 0x69, 0x76, 0x65, 0x2E, 0x23, 0x31, 0x00,
};

const u8 gActivationDescription_ReaperOnTheNightmare_Popup1[] APPEND_TEXT = {
    0x23, 0x32, 0x23, 0x30, 0x77, 0x61, 0x73, 0x20, 0x61, 0x63, 0x74, 0x69,
    0x76, 0x61, 0x74, 0x65, 0x64, 0x2E, 0x23, 0x31, 0x44, 0x69, 0x73, 0x63,
    0x61, 0x72, 0x64, 0x20, 0x6F, 0x6E, 0x65, 0x20, 0x72, 0x61, 0x6E, 0x64,
    0x6F, 0x6D, 0x20, 0x63, 0x61, 0x72, 0x64, 0x23, 0x30, 0x66, 0x72, 0x6F,
    0x6D, 0x20, 0x79, 0x6F, 0x75, 0x72, 0x20, 0x6F, 0x70, 0x70, 0x6F, 0x6E,
    0x65, 0x6E, 0x74, 0x27, 0x73, 0x20, 0x68, 0x61, 0x6E, 0x64, 0x2E, 0x23,
    0x31, 0x00,
};

const u8 gActivationDescription_NegativeEnergy_Popup1[] APPEND_TEXT = {
    0x23, 0x32, 0x23, 0x30, 0x77, 0x61, 0x73, 0x20, 0x61, 0x63, 0x74, 0x69,
    0x76, 0x61, 0x74, 0x65, 0x64, 0x2E, 0x23, 0x31, 0x53, 0x65, 0x6C, 0x65,
    0x63, 0x74, 0x20, 0x31, 0x20, 0x4C, 0x65, 0x76, 0x65, 0x6C, 0x20, 0x33,
    0x20, 0x6F, 0x72, 0x20, 0x6C, 0x6F, 0x77, 0x65, 0x72, 0x23, 0x30, 0x44,
    0x61, 0x72, 0x6B, 0x20, 0x6F, 0x72, 0x20, 0x46, 0x69, 0x65, 0x6E, 0x64,
    0x20, 0x6D, 0x6F, 0x6E, 0x73, 0x74, 0x65, 0x72, 0x2E, 0x20, 0x49, 0x74,
    0x23, 0x30, 0x67, 0x61, 0x69, 0x6E, 0x73, 0x20, 0x32, 0x20, 0x73, 0x74,
    0x61, 0x67, 0x65, 0x73, 0x2E, 0x23, 0x31, 0x00,
};

const u8 gActivationDescription_MatazaTheZapper_Popup1[] APPEND_TEXT = {
    0x23, 0x32, 0x23, 0x30, 0x77, 0x61, 0x73, 0x20, 0x61, 0x63, 0x74, 0x69,
    0x76, 0x61, 0x74, 0x65, 0x64, 0x2E, 0x23, 0x31, 0x43, 0x6F, 0x6E, 0x74,
    0x72, 0x6F, 0x6C, 0x20, 0x6F, 0x66, 0x20, 0x74, 0x68, 0x69, 0x73, 0x20,
    0x63, 0x61, 0x72, 0x64, 0x20, 0x63, 0x61, 0x6E, 0x6E, 0x6F, 0x74, 0x23,
    0x30, 0x62, 0x65, 0x20, 0x73, 0x77, 0x69, 0x74, 0x63, 0x68, 0x65, 0x64,
    0x2E, 0x23, 0x31, 0x00,
};

const u8 gActivationDescription_PreciousCardsFromBeyond_Popup1[] APPEND_TEXT = {
    0x23, 0x32, 0x23, 0x30, 0x77, 0x61, 0x73, 0x20, 0x61, 0x63, 0x74, 0x69,
    0x76, 0x61, 0x74, 0x65, 0x64, 0x2E, 0x23, 0x31, 0x44, 0x72, 0x61, 0x77,
    0x20, 0x32, 0x20, 0x63, 0x61, 0x72, 0x64, 0x73, 0x20, 0x77, 0x68, 0x65,
    0x6E, 0x20, 0x79, 0x6F, 0x75, 0x23, 0x30, 0x74, 0x72, 0x69, 0x62, 0x75,
    0x74, 0x65, 0x20, 0x73, 0x75, 0x6D, 0x6D, 0x6F, 0x6E, 0x20, 0x61, 0x20,
    0x6D, 0x6F, 0x6E, 0x73, 0x74, 0x65, 0x72, 0x23, 0x30, 0x74, 0x68, 0x61,
    0x74, 0x20, 0x72, 0x65, 0x71, 0x75, 0x69, 0x72, 0x65, 0x73, 0x20, 0x32,
    0x20, 0x6F, 0x72, 0x20, 0x6D, 0x6F, 0x72, 0x65, 0x23, 0x30, 0x74, 0x72,
    0x69, 0x62, 0x75, 0x74, 0x65, 0x73, 0x2E, 0x23, 0x31, 0x00,
};

const u8 gActivationDescription_FinalCountdown_Popup1[] APPEND_TEXT = {
    0x23, 0x32, 0x23, 0x30, 0x77, 0x61, 0x73, 0x20, 0x61, 0x63, 0x74, 0x69,
    0x76, 0x61, 0x74, 0x65, 0x64, 0x2E, 0x23, 0x31, 0x50, 0x61, 0x79, 0x20,
    0x32, 0x30, 0x30, 0x30, 0x20, 0x4C, 0x69, 0x66, 0x65, 0x20, 0x50, 0x6F,
    0x69, 0x6E, 0x74, 0x73, 0x2E, 0x23, 0x31, 0x57, 0x69, 0x6E, 0x20, 0x74,
    0x68, 0x65, 0x20, 0x44, 0x75, 0x65, 0x6C, 0x20, 0x61, 0x66, 0x74, 0x65,
    0x72, 0x20, 0x32, 0x30, 0x23, 0x30, 0x74, 0x75, 0x72, 0x6E, 0x73, 0x2E,
    0x23, 0x31, 0x00,
};

const u8 gActivationDescription_AbsorbingKidFromTheSky_Popup1[] APPEND_TEXT = {
    0x23, 0x32, 0x23, 0x30, 0x77, 0x61, 0x73, 0x20, 0x61, 0x63, 0x74, 0x69,
    0x76, 0x61, 0x74, 0x65, 0x64, 0x2E, 0x23, 0x31, 0x49, 0x6E, 0x63, 0x72,
    0x65, 0x61, 0x73, 0x65, 0x20, 0x79, 0x6F, 0x75, 0x72, 0x20, 0x4C, 0x69,
    0x66, 0x65, 0x20, 0x50, 0x6F, 0x69, 0x6E, 0x74, 0x73, 0x23, 0x30, 0x62,
    0x79, 0x20, 0x74, 0x68, 0x65, 0x20, 0x64, 0x65, 0x73, 0x74, 0x72, 0x6F,
    0x79, 0x65, 0x64, 0x20, 0x6D, 0x6F, 0x6E, 0x73, 0x74, 0x65, 0x72, 0x27,
    0x73, 0x23, 0x30, 0x4C, 0x65, 0x76, 0x65, 0x6C, 0x20, 0x78, 0x20, 0x33,
    0x30, 0x30, 0x2E, 0x23, 0x31, 0x00,
};

const u8 gActivationDescription_ArsenalBug_Popup1[] APPEND_TEXT = {
    0x23, 0x32, 0x23, 0x30, 0x77, 0x61, 0x73, 0x20, 0x61, 0x63, 0x74, 0x69,
    0x76, 0x61, 0x74, 0x65, 0x64, 0x2E, 0x23, 0x31, 0x59, 0x6F, 0x75, 0x20,
    0x63, 0x6F, 0x6E, 0x74, 0x72, 0x6F, 0x6C, 0x20, 0x6E, 0x6F, 0x20, 0x6F,
    0x74, 0x68, 0x65, 0x72, 0x23, 0x30, 0x49, 0x6E, 0x73, 0x65, 0x63, 0x74,
    0x2D, 0x54, 0x79, 0x70, 0x65, 0x20, 0x73, 0x6F, 0x20, 0x74, 0x68, 0x65,
    0x20, 0x41, 0x54, 0x4B, 0x20, 0x61, 0x6E, 0x64, 0x23, 0x30, 0x44, 0x45,
    0x46, 0x20, 0x6F, 0x66, 0x20, 0x41, 0x72, 0x73, 0x65, 0x6E, 0x61, 0x6C,
    0x20, 0x42, 0x75, 0x67, 0x20, 0x62, 0x65, 0x63, 0x6F, 0x6D, 0x65, 0x23,
    0x30, 0x31, 0x30, 0x30, 0x30, 0x2E, 0x23, 0x31, 0x00,
};

const u8 gActivationDescription_BurningLand_Popup1[] APPEND_TEXT = {
    0x23, 0x32, 0x23, 0x30, 0x77, 0x61, 0x73, 0x20, 0x61, 0x63, 0x74, 0x69,
    0x76, 0x61, 0x74, 0x65, 0x64, 0x2E, 0x23, 0x31, 0x44, 0x65, 0x61, 0x6C,
    0x20, 0x35, 0x30, 0x30, 0x20, 0x4C, 0x50, 0x20, 0x6F, 0x66, 0x20, 0x64,
    0x61, 0x6D, 0x61, 0x67, 0x65, 0x20, 0x74, 0x6F, 0x23, 0x30, 0x74, 0x68,
    0x65, 0x20, 0x74, 0x75, 0x72, 0x6E, 0x20, 0x70, 0x6C, 0x61, 0x79, 0x65,
    0x72, 0x2E, 0x23, 0x31, 0x00,
};

const u8 gActivationDescription_DancingFairy_Popup1[] APPEND_TEXT = {
    0x23, 0x32, 0x23, 0x30, 0x77, 0x61, 0x73, 0x20, 0x61, 0x63, 0x74, 0x69,
    0x76, 0x61, 0x74, 0x65, 0x64, 0x2E, 0x23, 0x31, 0x47, 0x61, 0x69, 0x6E,
    0x20, 0x31, 0x30, 0x30, 0x30, 0x20, 0x4C, 0x50, 0x20, 0x64, 0x75, 0x72,
    0x69, 0x6E, 0x67, 0x20, 0x79, 0x6F, 0x75, 0x72, 0x23, 0x30, 0x74, 0x75,
    0x72, 0x6E, 0x20, 0x77, 0x68, 0x69, 0x6C, 0x65, 0x20, 0x69, 0x74, 0x20,
    0x69, 0x73, 0x20, 0x69, 0x6E, 0x20, 0x66, 0x61, 0x63, 0x65, 0x20, 0x75,
    0x70, 0x23, 0x30, 0x64, 0x65, 0x66, 0x65, 0x6E, 0x73, 0x65, 0x20, 0x70,
    0x6F, 0x73, 0x69, 0x74, 0x69, 0x6F, 0x6E, 0x2E, 0x23, 0x31, 0x00,
};

const u8 gActivationDescription_SpiritOfTheBreeze_Popup1[] APPEND_TEXT = {
    0x23, 0x32, 0x23, 0x30, 0x77, 0x61, 0x73, 0x20, 0x61, 0x63, 0x74, 0x69,
    0x76, 0x61, 0x74, 0x65, 0x64, 0x2E, 0x23, 0x31, 0x47, 0x61, 0x69, 0x6E,
    0x20, 0x31, 0x30, 0x30, 0x30, 0x20, 0x4C, 0x50, 0x20, 0x64, 0x75, 0x72,
    0x69, 0x6E, 0x67, 0x20, 0x74, 0x68, 0x65, 0x23, 0x30, 0x73, 0x74, 0x61,
    0x72, 0x74, 0x20, 0x6F, 0x66, 0x20, 0x74, 0x68, 0x65, 0x20, 0x70, 0x6C,
    0x61, 0x79, 0x65, 0x72, 0x27, 0x73, 0x20, 0x74, 0x75, 0x72, 0x6E, 0x23,
    0x30, 0x77, 0x68, 0x69, 0x6C, 0x65, 0x20, 0x69, 0x74, 0x20, 0x69, 0x73,
    0x20, 0x69, 0x6E, 0x20, 0x66, 0x61, 0x63, 0x65, 0x2D, 0x75, 0x70, 0x23,
    0x30, 0x41, 0x74, 0x74, 0x61, 0x63, 0x6B, 0x20, 0x50, 0x6F, 0x73, 0x69,
    0x74, 0x69, 0x6F, 0x6E, 0x2E, 0x23, 0x31, 0x00,
};

const u8 gActivationDescription_DropOff_Popup1[] APPEND_TEXT = {
    0x23, 0x32, 0x23, 0x30, 0x77, 0x61, 0x73, 0x20, 0x61, 0x63, 0x74, 0x69,
    0x76, 0x61, 0x74, 0x65, 0x64, 0x2E, 0x23, 0x31, 0x57, 0x68, 0x65, 0x6E,
    0x20, 0x79, 0x6F, 0x75, 0x72, 0x20, 0x6F, 0x70, 0x70, 0x6F, 0x6E, 0x65,
    0x6E, 0x74, 0x20, 0x64, 0x72, 0x61, 0x77, 0x73, 0x23, 0x30, 0x66, 0x6F,
    0x72, 0x20, 0x74, 0x68, 0x65, 0x69, 0x72, 0x20, 0x6E, 0x6F, 0x72, 0x6D,
    0x61, 0x6C, 0x20, 0x64, 0x72, 0x61, 0x77, 0x20, 0x69, 0x6E, 0x23, 0x30,
    0x74, 0x68, 0x65, 0x69, 0x72, 0x20, 0x44, 0x72, 0x61, 0x77, 0x20, 0x50,
    0x68, 0x61, 0x73, 0x65, 0x3A, 0x20, 0x59, 0x6F, 0x75, 0x72, 0x23, 0x30,
    0x6F, 0x70, 0x70, 0x6F, 0x6E, 0x65, 0x6E, 0x74, 0x20, 0x64, 0x69, 0x73,
    0x63, 0x61, 0x72, 0x64, 0x73, 0x20, 0x31, 0x20, 0x63, 0x61, 0x72, 0x64,
    0x23, 0x30, 0x74, 0x68, 0x65, 0x79, 0x20, 0x6A, 0x75, 0x73, 0x74, 0x20,
    0x64, 0x72, 0x65, 0x77, 0x2E, 0x23, 0x31, 0x00,
};

const u8 gActivationDescription_GoblinKing_Popup1[] APPEND_TEXT = {
    0x23, 0x32, 0x23, 0x30, 0x77, 0x61, 0x73, 0x20, 0x61, 0x63, 0x74, 0x69,
    0x76, 0x61, 0x74, 0x65, 0x64, 0x2E, 0x23, 0x31, 0x41, 0x54, 0x4B, 0x2F,
    0x44, 0x45, 0x46, 0x20, 0x6F, 0x66, 0x20, 0x74, 0x68, 0x69, 0x73, 0x20,
    0x63, 0x61, 0x72, 0x64, 0x20, 0x62, 0x65, 0x63, 0x6F, 0x6D, 0x65, 0x23,
    0x30, 0x74, 0x68, 0x65, 0x20, 0x6E, 0x75, 0x6D, 0x62, 0x65, 0x72, 0x20,
    0x6F, 0x66, 0x20, 0x46, 0x69, 0x65, 0x6E, 0x64, 0x23, 0x30, 0x6D, 0x6F,
    0x6E, 0x73, 0x74, 0x65, 0x72, 0x73, 0x20, 0x6F, 0x6E, 0x20, 0x74, 0x68,
    0x65, 0x20, 0x66, 0x69, 0x65, 0x6C, 0x64, 0x20, 0x78, 0x23, 0x30, 0x35,
    0x30, 0x30, 0x2E, 0x23, 0x31, 0x00,
};

const u8 gActivationDescription_Granadora_Popup1[] APPEND_TEXT = {
    0x23, 0x32, 0x23, 0x30, 0x77, 0x61, 0x73, 0x20, 0x61, 0x63, 0x74, 0x69,
    0x76, 0x61, 0x74, 0x65, 0x64, 0x2E, 0x23, 0x31, 0x47, 0x61, 0x69, 0x6E,
    0x20, 0x31, 0x30, 0x30, 0x30, 0x20, 0x4C, 0x50, 0x20, 0x77, 0x68, 0x65,
    0x6E, 0x20, 0x73, 0x75, 0x6D, 0x6D, 0x6F, 0x6E, 0x65, 0x64, 0x23, 0x30,
    0x74, 0x6F, 0x20, 0x74, 0x68, 0x65, 0x20, 0x66, 0x69, 0x65, 0x6C, 0x64,
    0x2E, 0x20, 0x54, 0x61, 0x6B, 0x65, 0x20, 0x32, 0x30, 0x30, 0x30, 0x20,
    0x4C, 0x50, 0x23, 0x30, 0x6F, 0x66, 0x20, 0x64, 0x61, 0x6D, 0x61, 0x67,
    0x65, 0x20, 0x69, 0x66, 0x20, 0x64, 0x65, 0x73, 0x74, 0x72, 0x6F, 0x79,
    0x65, 0x64, 0x2E, 0x23, 0x31, 0x00,
};

const u8 gActivationDescription_HyperHammerhead_Popup1[] APPEND_TEXT = {
    0x23, 0x32, 0x23, 0x30, 0x77, 0x61, 0x73, 0x20, 0x61, 0x63, 0x74, 0x69,
    0x76, 0x61, 0x74, 0x65, 0x64, 0x2E, 0x23, 0x31, 0x49, 0x66, 0x20, 0x74,
    0x68, 0x65, 0x20, 0x6F, 0x70, 0x70, 0x6F, 0x6E, 0x65, 0x6E, 0x74, 0x27,
    0x73, 0x20, 0x6D, 0x6F, 0x6E, 0x73, 0x74, 0x65, 0x72, 0x23, 0x30, 0x74,
    0x68, 0x69, 0x73, 0x20, 0x62, 0x61, 0x74, 0x74, 0x6C, 0x65, 0x64, 0x20,
    0x77, 0x61, 0x73, 0x6E, 0x27, 0x74, 0x23, 0x30, 0x64, 0x65, 0x73, 0x74,
    0x72, 0x6F, 0x79, 0x65, 0x64, 0x3A, 0x20, 0x72, 0x65, 0x74, 0x75, 0x72,
    0x6E, 0x20, 0x69, 0x74, 0x20, 0x74, 0x6F, 0x20, 0x74, 0x68, 0x65, 0x23,
    0x30, 0x68, 0x61, 0x6E, 0x64, 0x2E, 0x23, 0x31, 0x00,
};

const u8 gActivationDescription_GyakuGirePanda_Popup1[] APPEND_TEXT = {
    0x23, 0x32, 0x23, 0x30, 0x77, 0x61, 0x73, 0x20, 0x61, 0x63, 0x74, 0x69,
    0x76, 0x61, 0x74, 0x65, 0x64, 0x2E, 0x23, 0x31, 0x49, 0x74, 0x20, 0x67,
    0x61, 0x69, 0x6E, 0x73, 0x20, 0x35, 0x30, 0x30, 0x20, 0x41, 0x54, 0x4B,
    0x20, 0x70, 0x65, 0x72, 0x23, 0x30, 0x6F, 0x70, 0x70, 0x6F, 0x6E, 0x65,
    0x6E, 0x74, 0x27, 0x73, 0x20, 0x6D, 0x6F, 0x6E, 0x73, 0x74, 0x65, 0x72,
    0x20, 0x6F, 0x6E, 0x20, 0x74, 0x68, 0x65, 0x23, 0x30, 0x66, 0x69, 0x65,
    0x6C, 0x64, 0x2E, 0x23, 0x31, 0x00,
};

const u8 gActivationDescription_GracefulDice_Popup1[] APPEND_TEXT = {
    0x23, 0x32, 0x23, 0x30, 0x77, 0x61, 0x73, 0x20, 0x61, 0x63, 0x74, 0x69,
    0x76, 0x61, 0x74, 0x65, 0x64, 0x2E, 0x23, 0x31, 0x52, 0x6F, 0x6C, 0x6C,
    0x20, 0x31, 0x20, 0x64, 0x69, 0x65, 0x2E, 0x20, 0x59, 0x6F, 0x75, 0x72,
    0x20, 0x6D, 0x6F, 0x6E, 0x73, 0x74, 0x65, 0x72, 0x73, 0x23, 0x30, 0x77,
    0x69, 0x74, 0x68, 0x20, 0x35, 0x30, 0x30, 0x20, 0x6F, 0x72, 0x20, 0x6C,
    0x65, 0x73, 0x73, 0x20, 0x41, 0x54, 0x4B, 0x20, 0x61, 0x72, 0x65, 0x23,
    0x30, 0x6D, 0x75, 0x6C, 0x74, 0x69, 0x70, 0x6C, 0x69, 0x65, 0x64, 0x20,
    0x62, 0x79, 0x20, 0x74, 0x68, 0x65, 0x20, 0x72, 0x6F, 0x6C, 0x6C, 0x23,
    0x30, 0x75, 0x6E, 0x74, 0x69, 0x6C, 0x20, 0x65, 0x6E, 0x64, 0x20, 0x6F,
    0x66, 0x20, 0x74, 0x75, 0x72, 0x6E, 0x2E, 0x23, 0x31, 0x00,
};

const u8 gActivationDescription_BerserkGorilla_Popup1[] APPEND_TEXT = {
    0x23, 0x32, 0x23, 0x30, 0x77, 0x61, 0x73, 0x20, 0x61, 0x63, 0x74, 0x69,
    0x76, 0x61, 0x74, 0x65, 0x64, 0x2E, 0x23, 0x31, 0x54, 0x68, 0x69, 0x73,
    0x20, 0x63, 0x61, 0x72, 0x64, 0x20, 0x63, 0x61, 0x6E, 0x6E, 0x6F, 0x74,
    0x20, 0x62, 0x65, 0x20, 0x70, 0x6C, 0x61, 0x63, 0x65, 0x64, 0x23, 0x30,
    0x69, 0x6E, 0x20, 0x44, 0x65, 0x66, 0x65, 0x6E, 0x73, 0x65, 0x20, 0x50,
    0x6F, 0x73, 0x69, 0x74, 0x69, 0x6F, 0x6E, 0x2E, 0x23, 0x31, 0x00,
};

const u8 gActivationDescription_ChaosGreed_Popup1[] APPEND_TEXT = {
    0x23, 0x32, 0x23, 0x30, 0x77, 0x61, 0x73, 0x20, 0x61, 0x63, 0x74, 0x69,
    0x76, 0x61, 0x74, 0x65, 0x64, 0x2E, 0x23, 0x31, 0x44, 0x72, 0x61, 0x77,
    0x20, 0x32, 0x20, 0x63, 0x61, 0x72, 0x64, 0x73, 0x20, 0x77, 0x68, 0x65,
    0x6E, 0x20, 0x79, 0x6F, 0x75, 0x72, 0x23, 0x30, 0x66, 0x69, 0x65, 0x6C,
    0x64, 0x20, 0x61, 0x6E, 0x64, 0x20, 0x47, 0x72, 0x61, 0x76, 0x65, 0x79,
    0x61, 0x72, 0x64, 0x20, 0x61, 0x72, 0x65, 0x23, 0x30, 0x65, 0x6D, 0x70,
    0x74, 0x79, 0x2E, 0x23, 0x31, 0x00,
};

const u8 gActivationDescription_BookOfMoon_Popup1[] APPEND_TEXT = {
    0x23, 0x32, 0x23, 0x30, 0x77, 0x61, 0x73, 0x20, 0x61, 0x63, 0x74, 0x69,
    0x76, 0x61, 0x74, 0x65, 0x64, 0x2E, 0x23, 0x31, 0x54, 0x61, 0x72, 0x67,
    0x65, 0x74, 0x20, 0x31, 0x20, 0x66, 0x61, 0x63, 0x65, 0x2D, 0x75, 0x70,
    0x20, 0x6D, 0x6F, 0x6E, 0x73, 0x74, 0x65, 0x72, 0x20, 0x6F, 0x6E, 0x23,
    0x30, 0x74, 0x68, 0x65, 0x20, 0x66, 0x69, 0x65, 0x6C, 0x64, 0x3B, 0x20,
    0x63, 0x68, 0x61, 0x6E, 0x67, 0x65, 0x20, 0x74, 0x68, 0x61, 0x74, 0x23,
    0x30, 0x74, 0x61, 0x72, 0x67, 0x65, 0x74, 0x20, 0x74, 0x6F, 0x20, 0x66,
    0x61, 0x63, 0x65, 0x2D, 0x64, 0x6F, 0x77, 0x6E, 0x20, 0x44, 0x65, 0x66,
    0x65, 0x6E, 0x73, 0x65, 0x23, 0x30, 0x50, 0x6F, 0x73, 0x69, 0x74, 0x69,
    0x6F, 0x6E, 0x2E, 0x23, 0x31, 0x00,
};

const u8 gActivationDescription_BurningAlgae_Popup1[] APPEND_TEXT = {
    0x23, 0x32, 0x23, 0x30, 0x77, 0x61, 0x73, 0x20, 0x61, 0x63, 0x74, 0x69,
    0x76, 0x61, 0x74, 0x65, 0x64, 0x2E, 0x23, 0x31, 0x57, 0x68, 0x65, 0x6E,
    0x20, 0x74, 0x68, 0x69, 0x73, 0x20, 0x63, 0x61, 0x72, 0x64, 0x20, 0x69,
    0x73, 0x20, 0x73, 0x65, 0x6E, 0x74, 0x20, 0x74, 0x6F, 0x23, 0x30, 0x74,
    0x68, 0x65, 0x20, 0x47, 0x72, 0x61, 0x76, 0x65, 0x79, 0x61, 0x72, 0x64,
    0x2C, 0x20, 0x69, 0x6E, 0x63, 0x72, 0x65, 0x61, 0x73, 0x65, 0x23, 0x30,
    0x79, 0x6F, 0x75, 0x72, 0x20, 0x6F, 0x70, 0x70, 0x6F, 0x6E, 0x65, 0x6E,
    0x74, 0x27, 0x73, 0x20, 0x4C, 0x69, 0x66, 0x65, 0x20, 0x50, 0x6F, 0x69,
    0x6E, 0x74, 0x73, 0x23, 0x30, 0x62, 0x79, 0x20, 0x31, 0x30, 0x30, 0x30,
    0x20, 0x70, 0x6F, 0x69, 0x6E, 0x74, 0x73, 0x2E, 0x23, 0x31, 0x00,
};

const u8 gActivationDescription_DarklordMarie_Popup1[] APPEND_TEXT = {
    0x23, 0x32, 0x23, 0x30, 0x77, 0x61, 0x73, 0x20, 0x61, 0x63, 0x74, 0x69,
    0x76, 0x61, 0x74, 0x65, 0x64, 0x2E, 0x23, 0x31, 0x47, 0x61, 0x69, 0x6E,
    0x20, 0x32, 0x30, 0x30, 0x20, 0x4C, 0x50, 0x20, 0x66, 0x72, 0x6F, 0x6D,
    0x20, 0x74, 0x68, 0x69, 0x73, 0x20, 0x63, 0x61, 0x72, 0x64, 0x23, 0x30,
    0x62, 0x65, 0x69, 0x6E, 0x67, 0x20, 0x69, 0x6E, 0x20, 0x74, 0x68, 0x65,
    0x20, 0x6F, 0x77, 0x6E, 0x65, 0x72, 0x27, 0x73, 0x23, 0x30, 0x67, 0x72,
    0x61, 0x76, 0x65, 0x79, 0x61, 0x72, 0x64, 0x2E, 0x23, 0x31, 0x00,
};

const u8 gActivationDescription_Fenrir_Popup1[] APPEND_TEXT = {
    0x23, 0x32, 0x23, 0x30, 0x77, 0x61, 0x73, 0x20, 0x61, 0x63, 0x74, 0x69,
    0x76, 0x61, 0x74, 0x65, 0x64, 0x2E, 0x23, 0x31, 0x53, 0x6B, 0x69, 0x70,
    0x20, 0x79, 0x6F, 0x75, 0x72, 0x20, 0x6F, 0x70, 0x70, 0x6F, 0x6E, 0x65,
    0x6E, 0x74, 0x27, 0x73, 0x20, 0x6E, 0x65, 0x78, 0x74, 0x23, 0x30, 0x64,
    0x72, 0x61, 0x77, 0x2E, 0x23, 0x31, 0x00,
};

const u8 gActivationDescription_MagicalMerchant_Popup1[] APPEND_TEXT = {
    0x23, 0x32, 0x23, 0x30, 0x77, 0x61, 0x73, 0x20, 0x61, 0x63, 0x74, 0x69,
    0x76, 0x61, 0x74, 0x65, 0x64, 0x2E, 0x23, 0x31, 0x45, 0x78, 0x63, 0x61,
    0x76, 0x61, 0x74, 0x65, 0x20, 0x79, 0x6F, 0x75, 0x72, 0x20, 0x44, 0x65,
    0x63, 0x6B, 0x20, 0x75, 0x6E, 0x74, 0x69, 0x6C, 0x20, 0x61, 0x23, 0x30,
    0x53, 0x70, 0x65, 0x6C, 0x6C, 0x2F, 0x54, 0x72, 0x61, 0x70, 0x20, 0x69,
    0x73, 0x20, 0x66, 0x6F, 0x75, 0x6E, 0x64, 0x2E, 0x23, 0x31, 0x41, 0x64,
    0x64, 0x20, 0x69, 0x74, 0x20, 0x74, 0x6F, 0x20, 0x79, 0x6F, 0x75, 0x72,
    0x20, 0x68, 0x61, 0x6E, 0x64, 0x20, 0x61, 0x6E, 0x64, 0x23, 0x30, 0x73,
    0x65, 0x6E, 0x64, 0x20, 0x74, 0x68, 0x65, 0x20, 0x72, 0x65, 0x73, 0x74,
    0x20, 0x74, 0x6F, 0x20, 0x74, 0x68, 0x65, 0x20, 0x47, 0x59, 0x2E, 0x23,
    0x31, 0x00,
};

const u8 gActivationDescription_RaregoldArmor_Popup1[] APPEND_TEXT = {
    0x23, 0x32, 0x23, 0x30, 0x77, 0x61, 0x73, 0x20, 0x61, 0x63, 0x74, 0x69,
    0x76, 0x61, 0x74, 0x65, 0x64, 0x2E, 0x23, 0x31, 0x4F, 0x70, 0x70, 0x6F,
    0x6E, 0x65, 0x6E, 0x74, 0x73, 0x20, 0x63, 0x61, 0x6E, 0x20, 0x6F, 0x6E,
    0x6C, 0x79, 0x20, 0x61, 0x74, 0x74, 0x61, 0x63, 0x6B, 0x23, 0x30, 0x74,
    0x68, 0x65, 0x20, 0x65, 0x71, 0x75, 0x69, 0x70, 0x70, 0x65, 0x64, 0x20,
    0x6D, 0x6F, 0x6E, 0x73, 0x74, 0x65, 0x72, 0x2E, 0x23, 0x31, 0x00,
};

const u8 gActivationDescription_SpiritReaper_Popup1[] APPEND_TEXT = {
    0x23, 0x32, 0x23, 0x30, 0x77, 0x61, 0x73, 0x20, 0x61, 0x63, 0x74, 0x69,
    0x76, 0x61, 0x74, 0x65, 0x64, 0x2E, 0x23, 0x31, 0x44, 0x69, 0x73, 0x63,
    0x61, 0x72, 0x64, 0x20, 0x31, 0x20, 0x72, 0x61, 0x6E, 0x64, 0x6F, 0x6D,
    0x20, 0x63, 0x61, 0x72, 0x64, 0x20, 0x66, 0x72, 0x6F, 0x6D, 0x23, 0x30,
    0x79, 0x6F, 0x75, 0x72, 0x20, 0x6F, 0x70, 0x70, 0x6F, 0x6E, 0x65, 0x6E,
    0x74, 0x27, 0x73, 0x20, 0x68, 0x61, 0x6E, 0x64, 0x2E, 0x23, 0x31, 0x00,
};

const u8 gActivationDescription_ThunderCrash_Popup1[] APPEND_TEXT = {
    0x23, 0x32, 0x23, 0x30, 0x77, 0x61, 0x73, 0x20, 0x61, 0x63, 0x74, 0x69,
    0x76, 0x61, 0x74, 0x65, 0x64, 0x2E, 0x23, 0x31, 0x44, 0x65, 0x73, 0x74,
    0x72, 0x6F, 0x79, 0x20, 0x61, 0x6C, 0x6C, 0x20, 0x6D, 0x6F, 0x6E, 0x73,
    0x74, 0x65, 0x72, 0x73, 0x20, 0x79, 0x6F, 0x75, 0x23, 0x30, 0x63, 0x6F,
    0x6E, 0x74, 0x72, 0x6F, 0x6C, 0x2C, 0x20, 0x61, 0x6E, 0x64, 0x20, 0x74,
    0x68, 0x65, 0x6E, 0x20, 0x69, 0x6E, 0x66, 0x6C, 0x69, 0x63, 0x74, 0x23,
    0x30, 0x33, 0x30, 0x30, 0x20, 0x64, 0x61, 0x6D, 0x61, 0x67, 0x65, 0x20,
    0x74, 0x6F, 0x20, 0x79, 0x6F, 0x75, 0x72, 0x20, 0x6F, 0x70, 0x70, 0x6F,
    0x6E, 0x65, 0x6E, 0x74, 0x23, 0x30, 0x66, 0x6F, 0x72, 0x20, 0x65, 0x61,
    0x63, 0x68, 0x20, 0x6D, 0x6F, 0x6E, 0x73, 0x74, 0x65, 0x72, 0x20, 0x64,
    0x65, 0x73, 0x74, 0x72, 0x6F, 0x79, 0x65, 0x64, 0x2E, 0x23, 0x31, 0x00,
};

const u8 gActivationDescription_TorpedoFish_Popup1[] APPEND_TEXT = {
    0x23, 0x32, 0x23, 0x30, 0x77, 0x61, 0x73, 0x20, 0x61, 0x63, 0x74, 0x69,
    0x76, 0x61, 0x74, 0x65, 0x64, 0x2E, 0x23, 0x31, 0x57, 0x68, 0x69, 0x6C,
    0x65, 0x20, 0x55, 0x6D, 0x69, 0x20, 0x69, 0x73, 0x20, 0x66, 0x61, 0x63,
    0x65, 0x2D, 0x75, 0x70, 0x20, 0x6F, 0x6E, 0x20, 0x74, 0x68, 0x65, 0x23,
    0x30, 0x66, 0x69, 0x65, 0x6C, 0x64, 0x2C, 0x20, 0x74, 0x68, 0x69, 0x73,
    0x20, 0x63, 0x61, 0x72, 0x64, 0x20, 0x69, 0x73, 0x23, 0x30, 0x75, 0x6E,
    0x61, 0x66, 0x66, 0x65, 0x63, 0x74, 0x65, 0x64, 0x20, 0x62, 0x79, 0x20,
    0x61, 0x6E, 0x79, 0x20, 0x53, 0x70, 0x65, 0x6C, 0x6C, 0x23, 0x30, 0x43,
    0x61, 0x72, 0x64, 0x73, 0x2E, 0x23, 0x31, 0x00,
};

const u8 gActivationDescription_SevenToolsOfTheBandit_Popup1[] APPEND_TEXT = {
    0x23, 0x32, 0x23, 0x30, 0x77, 0x61, 0x73, 0x20, 0x61, 0x63, 0x74, 0x69,
    0x76, 0x61, 0x74, 0x65, 0x64, 0x2E, 0x23, 0x31, 0x4E, 0x65, 0x67, 0x61,
    0x74, 0x65, 0x20, 0x61, 0x6E, 0x64, 0x20, 0x64, 0x65, 0x73, 0x74, 0x72,
    0x6F, 0x79, 0x20, 0x61, 0x6E, 0x23, 0x30, 0x6F, 0x70, 0x70, 0x6F, 0x6E,
    0x65, 0x6E, 0x74, 0x27, 0x73, 0x20, 0x74, 0x72, 0x61, 0x70, 0x20, 0x61,
    0x63, 0x74, 0x69, 0x76, 0x61, 0x74, 0x69, 0x6F, 0x6E, 0x2E, 0x23, 0x31,
    0x00,
};

const u8 gActivationDescription_RivalryOfWarlords_Popup1[] APPEND_TEXT = {
    0x23, 0x32, 0x23, 0x30, 0x77, 0x61, 0x73, 0x20, 0x61, 0x63, 0x74, 0x69,
    0x76, 0x61, 0x74, 0x65, 0x64, 0x2E, 0x23, 0x31, 0x45, 0x61, 0x63, 0x68,
    0x20, 0x70, 0x6C, 0x61, 0x79, 0x65, 0x72, 0x20, 0x63, 0x61, 0x6E, 0x20,
    0x6F, 0x6E, 0x6C, 0x79, 0x23, 0x30, 0x63, 0x6F, 0x6E, 0x74, 0x72, 0x6F,
    0x6C, 0x20, 0x31, 0x20, 0x54, 0x79, 0x70, 0x65, 0x20, 0x6F, 0x66, 0x20,
    0x6D, 0x6F, 0x6E, 0x73, 0x74, 0x65, 0x72, 0x2E, 0x23, 0x30, 0x53, 0x65,
    0x6E, 0x64, 0x20, 0x61, 0x6C, 0x6C, 0x20, 0x6F, 0x74, 0x68, 0x65, 0x72,
    0x20, 0x66, 0x61, 0x63, 0x65, 0x2D, 0x75, 0x70, 0x23, 0x30, 0x6D, 0x6F,
    0x6E, 0x73, 0x74, 0x65, 0x72, 0x73, 0x20, 0x74, 0x68, 0x65, 0x79, 0x20,
    0x63, 0x6F, 0x6E, 0x74, 0x72, 0x6F, 0x6C, 0x20, 0x74, 0x6F, 0x23, 0x30,
    0x74, 0x68, 0x65, 0x20, 0x47, 0x59, 0x2E, 0x23, 0x31, 0x00,
};

const u8 gActivationDescription_RingOfDestruction_Popup1[] APPEND_TEXT = {
    0x23, 0x32, 0x23, 0x30, 0x77, 0x61, 0x73, 0x20, 0x61, 0x63, 0x74, 0x69,
    0x76, 0x61, 0x74, 0x65, 0x64, 0x2E, 0x23, 0x31, 0x44, 0x65, 0x73, 0x74,
    0x72, 0x6F, 0x79, 0x20, 0x31, 0x20, 0x6F, 0x70, 0x70, 0x6F, 0x6E, 0x65,
    0x6E, 0x74, 0x20, 0x6D, 0x6F, 0x6E, 0x73, 0x74, 0x65, 0x72, 0x23, 0x30,
    0x77, 0x69, 0x74, 0x68, 0x20, 0x41, 0x54, 0x4B, 0x20, 0x61, 0x74, 0x20,
    0x6F, 0x72, 0x20, 0x62, 0x65, 0x6C, 0x6F, 0x77, 0x20, 0x74, 0x68, 0x65,
    0x69, 0x72, 0x23, 0x30, 0x4C, 0x50, 0x2E, 0x23, 0x31, 0x00,
};

const u8 gActivationDescription_SasukeSamurai2_Popup1[] APPEND_TEXT = {
    0x23, 0x32, 0x23, 0x30, 0x77, 0x61, 0x73, 0x20, 0x61, 0x63, 0x74, 0x69,
    0x76, 0x61, 0x74, 0x65, 0x64, 0x2E, 0x23, 0x31, 0x50, 0x61, 0x79, 0x20,
    0x38, 0x30, 0x30, 0x20, 0x4C, 0x69, 0x66, 0x65, 0x20, 0x50, 0x6F, 0x69,
    0x6E, 0x74, 0x73, 0x2E, 0x20, 0x55, 0x6E, 0x74, 0x69, 0x6C, 0x23, 0x30,
    0x74, 0x68, 0x65, 0x20, 0x45, 0x6E, 0x64, 0x20, 0x50, 0x68, 0x61, 0x73,
    0x65, 0x2C, 0x23, 0x31, 0x79, 0x6F, 0x75, 0x72, 0x20, 0x6F, 0x70, 0x70,
    0x6F, 0x6E, 0x65, 0x6E, 0x74, 0x27, 0x73, 0x20, 0x54, 0x72, 0x61, 0x70,
    0x20, 0x43, 0x61, 0x72, 0x64, 0x73, 0x23, 0x30, 0x63, 0x61, 0x6E, 0x6E,
    0x6F, 0x74, 0x20, 0x62, 0x65, 0x20, 0x61, 0x63, 0x74, 0x69, 0x76, 0x61,
    0x74, 0x65, 0x64, 0x2E, 0x23, 0x31, 0x00,
};

const u8 gActivationDescription_SasukeSamurai3_Popup1[] APPEND_TEXT = {
    0x23, 0x32, 0x23, 0x30, 0x77, 0x61, 0x73, 0x20, 0x61, 0x63, 0x74, 0x69,
    0x76, 0x61, 0x74, 0x65, 0x64, 0x2E, 0x23, 0x31, 0x57, 0x68, 0x65, 0x6E,
    0x20, 0x74, 0x68, 0x69, 0x73, 0x20, 0x63, 0x61, 0x72, 0x64, 0x20, 0x69,
    0x6E, 0x66, 0x6C, 0x69, 0x63, 0x74, 0x73, 0x23, 0x30, 0x42, 0x61, 0x74,
    0x74, 0x6C, 0x65, 0x20, 0x44, 0x61, 0x6D, 0x61, 0x67, 0x65, 0x2C, 0x20,
    0x79, 0x6F, 0x75, 0x72, 0x23, 0x30, 0x6F, 0x70, 0x70, 0x6F, 0x6E, 0x65,
    0x6E, 0x74, 0x20, 0x64, 0x72, 0x61, 0x77, 0x73, 0x20, 0x63, 0x61, 0x72,
    0x64, 0x73, 0x20, 0x75, 0x6E, 0x74, 0x69, 0x6C, 0x23, 0x30, 0x74, 0x68,
    0x65, 0x69, 0x72, 0x20, 0x68, 0x61, 0x6E, 0x64, 0x20, 0x68, 0x61, 0x73,
    0x20, 0x35, 0x20, 0x63, 0x61, 0x72, 0x64, 0x73, 0x23, 0x31, 0x00,
};

const u8 gActivationDescription_ManThroTro_Popup1[] APPEND_TEXT = {
    0x23, 0x32, 0x23, 0x30, 0x77, 0x61, 0x73, 0x20, 0x61, 0x63, 0x74, 0x69,
    0x76, 0x61, 0x74, 0x65, 0x64, 0x2E, 0x23, 0x31, 0x54, 0x72, 0x69, 0x62,
    0x75, 0x74, 0x65, 0x20, 0x31, 0x20, 0x4E, 0x6F, 0x72, 0x6D, 0x61, 0x6C,
    0x20, 0x4D, 0x6F, 0x6E, 0x73, 0x74, 0x65, 0x72, 0x23, 0x30, 0x61, 0x6E,
    0x64, 0x20, 0x69, 0x6E, 0x66, 0x6C, 0x69, 0x63, 0x74, 0x20, 0x38, 0x30,
    0x30, 0x20, 0x64, 0x61, 0x6D, 0x61, 0x67, 0x65, 0x20, 0x74, 0x6F, 0x23,
    0x30, 0x79, 0x6F, 0x75, 0x72, 0x20, 0x6F, 0x70, 0x70, 0x6F, 0x6E, 0x65,
    0x6E, 0x74, 0x2E, 0x23, 0x31, 0x00,
};

const u8 gActivationDescription_LevelLimitAreaB_Popup1[] APPEND_TEXT = {
    0x23, 0x32, 0x23, 0x30, 0x77, 0x61, 0x73, 0x20, 0x61, 0x63, 0x74, 0x69,
    0x76, 0x61, 0x74, 0x65, 0x64, 0x2E, 0x23, 0x31, 0x43, 0x68, 0x61, 0x6E,
    0x67, 0x65, 0x20, 0x61, 0x6C, 0x6C, 0x20, 0x66, 0x61, 0x63, 0x65, 0x2D,
    0x75, 0x70, 0x20, 0x4C, 0x65, 0x76, 0x65, 0x6C, 0x20, 0x34, 0x23, 0x30,
    0x6F, 0x72, 0x20, 0x68, 0x69, 0x67, 0x68, 0x65, 0x72, 0x20, 0x6D, 0x6F,
    0x6E, 0x73, 0x74, 0x65, 0x72, 0x73, 0x20, 0x74, 0x6F, 0x23, 0x30, 0x44,
    0x65, 0x66, 0x65, 0x6E, 0x73, 0x65, 0x20, 0x50, 0x6F, 0x73, 0x69, 0x74,
    0x69, 0x6F, 0x6E, 0x2E, 0x23, 0x31, 0x00,
};

const u8 gActivationDescription_AmazonessTiger_Popup1[] APPEND_TEXT = {
    0x23, 0x32, 0x23, 0x30, 0x77, 0x61, 0x73, 0x20, 0x61, 0x63, 0x74, 0x69,
    0x76, 0x61, 0x74, 0x65, 0x64, 0x2E, 0x23, 0x31, 0x59, 0x6F, 0x75, 0x20,
    0x63, 0x61, 0x6E, 0x20, 0x6F, 0x6E, 0x6C, 0x79, 0x20, 0x63, 0x6F, 0x6E,
    0x74, 0x72, 0x6F, 0x6C, 0x20, 0x6F, 0x6E, 0x65, 0x23, 0x30, 0x41, 0x6D,
    0x61, 0x7A, 0x6F, 0x6E, 0x65, 0x73, 0x73, 0x20, 0x54, 0x69, 0x67, 0x65,
    0x72, 0x2C, 0x20, 0x73, 0x6F, 0x20, 0x74, 0x68, 0x65, 0x23, 0x30, 0x64,
    0x75, 0x70, 0x6C, 0x69, 0x63, 0x61, 0x74, 0x65, 0x20, 0x77, 0x69, 0x6C,
    0x6C, 0x20, 0x62, 0x65, 0x23, 0x30, 0x64, 0x65, 0x73, 0x74, 0x72, 0x6F,
    0x79, 0x65, 0x64, 0x2E, 0x23, 0x31, 0x00,
};

const u8 gActivationDescription_BlastHeldByATribute_Popup1[] APPEND_TEXT = {
    0x23, 0x32, 0x23, 0x30, 0x77, 0x61, 0x73, 0x20, 0x61, 0x63, 0x74, 0x69,
    0x76, 0x61, 0x74, 0x65, 0x64, 0x2E, 0x23, 0x31, 0x57, 0x68, 0x65, 0x6E,
    0x20, 0x61, 0x6E, 0x20, 0x6F, 0x70, 0x70, 0x6F, 0x6E, 0x65, 0x6E, 0x74,
    0x27, 0x73, 0x20, 0x54, 0x72, 0x69, 0x62, 0x75, 0x74, 0x65, 0x23, 0x30,
    0x53, 0x75, 0x6D, 0x6D, 0x6F, 0x6E, 0x65, 0x64, 0x20, 0x6D, 0x6F, 0x6E,
    0x73, 0x74, 0x65, 0x72, 0x20, 0x64, 0x65, 0x63, 0x6C, 0x61, 0x72, 0x65,
    0x73, 0x23, 0x30, 0x61, 0x6E, 0x20, 0x61, 0x74, 0x74, 0x61, 0x63, 0x6B,
    0x3A, 0x20, 0x44, 0x65, 0x73, 0x74, 0x72, 0x6F, 0x79, 0x20, 0x61, 0x6C,
    0x6C, 0x23, 0x30, 0x74, 0x68, 0x65, 0x69, 0x72, 0x20, 0x66, 0x61, 0x63,
    0x65, 0x2D, 0x75, 0x70, 0x20, 0x41, 0x74, 0x74, 0x61, 0x63, 0x6B, 0x23,
    0x30, 0x50, 0x6F, 0x73, 0x69, 0x74, 0x69, 0x6F, 0x6E, 0x20, 0x6D, 0x6F,
    0x6E, 0x73, 0x74, 0x65, 0x72, 0x73, 0x23, 0x31, 0x61, 0x6E, 0x64, 0x20,
    0x69, 0x6E, 0x66, 0x6C, 0x69, 0x63, 0x74, 0x20, 0x31, 0x30, 0x30, 0x30,
    0x20, 0x64, 0x61, 0x6D, 0x61, 0x67, 0x65, 0x20, 0x74, 0x6F, 0x23, 0x30,
    0x74, 0x68, 0x65, 0x69, 0x72, 0x20, 0x4C, 0x69, 0x66, 0x65, 0x20, 0x50,
    0x6F, 0x69, 0x6E, 0x74, 0x73, 0x2E, 0x23, 0x31, 0x00,
};

const u8 gActivationDescription_DDWarrior_Popup1[] APPEND_TEXT = {
    0x23, 0x32, 0x23, 0x30, 0x77, 0x61, 0x73, 0x20, 0x61, 0x63, 0x74, 0x69,
    0x76, 0x61, 0x74, 0x65, 0x64, 0x2E, 0x23, 0x31, 0x41, 0x66, 0x74, 0x65,
    0x72, 0x20, 0x64, 0x61, 0x6D, 0x61, 0x67, 0x65, 0x20, 0x63, 0x61, 0x6C,
    0x63, 0x75, 0x6C, 0x61, 0x74, 0x69, 0x6F, 0x6E, 0x2C, 0x23, 0x30, 0x62,
    0x61, 0x6E, 0x69, 0x73, 0x68, 0x20, 0x74, 0x68, 0x65, 0x20, 0x62, 0x61,
    0x74, 0x74, 0x6C, 0x65, 0x64, 0x20, 0x6D, 0x6F, 0x6E, 0x73, 0x74, 0x65,
    0x72, 0x23, 0x30, 0x61, 0x6E, 0x64, 0x20, 0x74, 0x68, 0x69, 0x73, 0x20,
    0x63, 0x61, 0x72, 0x64, 0x2E, 0x23, 0x31, 0x00,
};

const u8 gActivationDescription_Confiscation_Popup1[] APPEND_TEXT = {
    0x23, 0x32, 0x23, 0x30, 0x77, 0x61, 0x73, 0x20, 0x61, 0x63, 0x74, 0x69,
    0x76, 0x61, 0x74, 0x65, 0x64, 0x2E, 0x23, 0x31, 0x50, 0x61, 0x79, 0x20,
    0x31, 0x30, 0x30, 0x30, 0x20, 0x4C, 0x69, 0x66, 0x65, 0x20, 0x50, 0x6F,
    0x69, 0x6E, 0x74, 0x73, 0x2E, 0x20, 0x4C, 0x6F, 0x6F, 0x6B, 0x23, 0x30,
    0x61, 0x74, 0x20, 0x79, 0x6F, 0x75, 0x72, 0x20, 0x6F, 0x70, 0x70, 0x6F,
    0x6E, 0x65, 0x6E, 0x74, 0x27, 0x73, 0x20, 0x68, 0x61, 0x6E, 0x64, 0x2C,
    0x23, 0x30, 0x73, 0x65, 0x6C, 0x65, 0x63, 0x74, 0x20, 0x31, 0x20, 0x63,
    0x61, 0x72, 0x64, 0x20, 0x69, 0x6E, 0x20, 0x69, 0x74, 0x20, 0x61, 0x6E,
    0x64, 0x23, 0x30, 0x64, 0x69, 0x73, 0x63, 0x61, 0x72, 0x64, 0x20, 0x74,
    0x68, 0x61, 0x74, 0x20, 0x63, 0x61, 0x72, 0x64, 0x2E, 0x23, 0x31, 0x00,
};

const u8 gActivationDescription_BreakerTheMagicalWarrior_Popup1[] APPEND_TEXT = {
    0x23, 0x32, 0x23, 0x30, 0x77, 0x61, 0x73, 0x20, 0x61, 0x63, 0x74, 0x69,
    0x76, 0x61, 0x74, 0x65, 0x64, 0x2E, 0x23, 0x31, 0x52, 0x65, 0x6D, 0x6F,
    0x76, 0x65, 0x20, 0x31, 0x20, 0x53, 0x70, 0x65, 0x6C, 0x6C, 0x20, 0x43,
    0x6F, 0x75, 0x6E, 0x74, 0x65, 0x72, 0x20, 0x66, 0x72, 0x6F, 0x6D, 0x23,
    0x30, 0x74, 0x68, 0x69, 0x73, 0x20, 0x63, 0x61, 0x72, 0x64, 0x20, 0x61,
    0x6E, 0x64, 0x20, 0x64, 0x65, 0x73, 0x74, 0x72, 0x6F, 0x79, 0x20, 0x31,
    0x23, 0x30, 0x53, 0x70, 0x65, 0x6C, 0x6C, 0x2F, 0x54, 0x72, 0x61, 0x70,
    0x20, 0x43, 0x61, 0x72, 0x64, 0x20, 0x6F, 0x6E, 0x20, 0x74, 0x68, 0x65,
    0x23, 0x30, 0x66, 0x69, 0x65, 0x6C, 0x64, 0x2E, 0x23, 0x31, 0x00,
};

const u8 gActivationDescription_DesKangaroo_Popup1[] APPEND_TEXT = {
    0x23, 0x32, 0x23, 0x30, 0x77, 0x61, 0x73, 0x20, 0x61, 0x63, 0x74, 0x69,
    0x76, 0x61, 0x74, 0x65, 0x64, 0x2E, 0x23, 0x31, 0x44, 0x65, 0x73, 0x74,
    0x72, 0x6F, 0x79, 0x20, 0x74, 0x68, 0x65, 0x20, 0x61, 0x74, 0x74, 0x61,
    0x63, 0x6B, 0x69, 0x6E, 0x67, 0x23, 0x30, 0x6D, 0x6F, 0x6E, 0x73, 0x74,
    0x65, 0x72, 0x20, 0x69, 0x66, 0x20, 0x69, 0x74, 0x73, 0x20, 0x41, 0x54,
    0x4B, 0x20, 0x69, 0x73, 0x20, 0x6C, 0x6F, 0x77, 0x65, 0x72, 0x23, 0x30,
    0x74, 0x68, 0x61, 0x6E, 0x20, 0x74, 0x68, 0x69, 0x73, 0x20, 0x63, 0x61,
    0x72, 0x64, 0x27, 0x73, 0x20, 0x44, 0x45, 0x46, 0x2E, 0x23, 0x31, 0x00,
};

const u8 gActivationDescription_Drillago_Popup1[] APPEND_TEXT = {
    0x23, 0x32, 0x23, 0x30, 0x77, 0x61, 0x73, 0x20, 0x61, 0x63, 0x74, 0x69,
    0x76, 0x61, 0x74, 0x65, 0x64, 0x2E, 0x23, 0x31, 0x4F, 0x70, 0x70, 0x6F,
    0x6E, 0x65, 0x6E, 0x74, 0x20, 0x6F, 0x6E, 0x6C, 0x79, 0x20, 0x63, 0x6F,
    0x6E, 0x74, 0x72, 0x6F, 0x6C, 0x73, 0x23, 0x30, 0x66, 0x61, 0x63, 0x65,
    0x2D, 0x75, 0x70, 0x20, 0x6D, 0x6F, 0x6E, 0x73, 0x74, 0x65, 0x72, 0x73,
    0x20, 0x77, 0x69, 0x74, 0x68, 0x20, 0x31, 0x36, 0x30, 0x30, 0x2B, 0x23,
    0x30, 0x41, 0x54, 0x4B, 0x2E, 0x23, 0x31, 0x54, 0x68, 0x69, 0x73, 0x20,
    0x63, 0x61, 0x72, 0x64, 0x20, 0x63, 0x61, 0x6E, 0x20, 0x61, 0x74, 0x74,
    0x61, 0x63, 0x6B, 0x20, 0x79, 0x6F, 0x75, 0x72, 0x23, 0x30, 0x6F, 0x70,
    0x70, 0x6F, 0x6E, 0x65, 0x6E, 0x74, 0x20, 0x64, 0x69, 0x72, 0x65, 0x63,
    0x74, 0x6C, 0x79, 0x2E, 0x23, 0x31, 0x00,
};

const u8 gActivationDescription_DarkSnakeSyndrome_Popup1[] APPEND_TEXT = {
    0x23, 0x32, 0x23, 0x30, 0x77, 0x61, 0x73, 0x20, 0x61, 0x63, 0x74, 0x69,
    0x76, 0x61, 0x74, 0x65, 0x64, 0x2E, 0x23, 0x31, 0x44, 0x65, 0x61, 0x6C,
    0x20, 0x32, 0x30, 0x30, 0x20, 0x64, 0x61, 0x6D, 0x61, 0x67, 0x65, 0x20,
    0x74, 0x6F, 0x20, 0x62, 0x6F, 0x74, 0x68, 0x23, 0x30, 0x70, 0x6C, 0x61,
    0x79, 0x65, 0x72, 0x73, 0x20, 0x65, 0x61, 0x63, 0x68, 0x20, 0x6F, 0x66,
    0x20, 0x79, 0x6F, 0x75, 0x72, 0x23, 0x30, 0x53, 0x74, 0x61, 0x6E, 0x64,
    0x62, 0x79, 0x20, 0x50, 0x68, 0x61, 0x73, 0x65, 0x73, 0x2E, 0x23, 0x31,
    0x00,
};

const u8 gActivationDescription_JarRobber_Popup1[] APPEND_TEXT = {
    0x23, 0x32, 0x23, 0x30, 0x77, 0x61, 0x73, 0x20, 0x61, 0x63, 0x74, 0x69,
    0x76, 0x61, 0x74, 0x65, 0x64, 0x2E, 0x23, 0x31, 0x4E, 0x65, 0x67, 0x61,
    0x74, 0x65, 0x20, 0x50, 0x6F, 0x74, 0x20, 0x6F, 0x66, 0x20, 0x47, 0x72,
    0x65, 0x65, 0x64, 0x20, 0x61, 0x6E, 0x64, 0x23, 0x30, 0x64, 0x72, 0x61,
    0x77, 0x20, 0x31, 0x20, 0x63, 0x61, 0x72, 0x64, 0x20, 0x66, 0x72, 0x6F,
    0x6D, 0x20, 0x79, 0x6F, 0x75, 0x72, 0x20, 0x44, 0x65, 0x63, 0x6B, 0x2E,
    0x23, 0x31, 0x00,
};

const u8 gActivationDescription_GravekeepersServant_Popup1[] APPEND_TEXT = {
    0x23, 0x32, 0x23, 0x30, 0x77, 0x61, 0x73, 0x20, 0x61, 0x63, 0x74, 0x69,
    0x76, 0x61, 0x74, 0x65, 0x64, 0x2E, 0x23, 0x31, 0x54, 0x68, 0x65, 0x20,
    0x6F, 0x70, 0x70, 0x6F, 0x6E, 0x65, 0x6E, 0x74, 0x20, 0x6D, 0x75, 0x73,
    0x74, 0x20, 0x73, 0x65, 0x6E, 0x64, 0x20, 0x31, 0x23, 0x30, 0x63, 0x61,
    0x72, 0x64, 0x20, 0x66, 0x72, 0x6F, 0x6D, 0x20, 0x74, 0x68, 0x65, 0x20,
    0x74, 0x6F, 0x70, 0x20, 0x6F, 0x66, 0x20, 0x74, 0x68, 0x65, 0x69, 0x72,
    0x23, 0x30, 0x44, 0x65, 0x63, 0x6B, 0x20, 0x74, 0x6F, 0x20, 0x74, 0x68,
    0x65, 0x20, 0x47, 0x72, 0x61, 0x76, 0x65, 0x79, 0x61, 0x72, 0x64, 0x20,
    0x74, 0x6F, 0x23, 0x30, 0x61, 0x74, 0x74, 0x61, 0x63, 0x6B, 0x2E, 0x23,
    0x31, 0x00,
};

const u8 gActivationDescription_DiceJar_Popup1[] APPEND_TEXT = {
    0x23, 0x32, 0x23, 0x30, 0x77, 0x61, 0x73, 0x20, 0x61, 0x63, 0x74, 0x69,
    0x76, 0x61, 0x74, 0x65, 0x64, 0x2E, 0x23, 0x31, 0x42, 0x6F, 0x74, 0x68,
    0x20, 0x70, 0x6C, 0x61, 0x79, 0x65, 0x72, 0x73, 0x20, 0x72, 0x6F, 0x6C,
    0x6C, 0x20, 0x61, 0x20, 0x64, 0x69, 0x65, 0x2E, 0x23, 0x30, 0x54, 0x68,
    0x65, 0x20, 0x6C, 0x6F, 0x77, 0x65, 0x72, 0x20, 0x72, 0x6F, 0x6C, 0x6C,
    0x20, 0x74, 0x61, 0x6B, 0x65, 0x73, 0x20, 0x64, 0x61, 0x6D, 0x61, 0x67,
    0x65, 0x23, 0x30, 0x66, 0x72, 0x6F, 0x6D, 0x20, 0x74, 0x68, 0x65, 0x20,
    0x77, 0x69, 0x6E, 0x6E, 0x65, 0x72, 0x27, 0x73, 0x20, 0x72, 0x6F, 0x6C,
    0x6C, 0x2E, 0x23, 0x31, 0x00,
};

const u8 gActivationDescription_KnightsTitle_Popup1[] APPEND_TEXT = {
    0x23, 0x32, 0x23, 0x30, 0x77, 0x61, 0x73, 0x20, 0x61, 0x63, 0x74, 0x69,
    0x76, 0x61, 0x74, 0x65, 0x64, 0x2E, 0x23, 0x31, 0x54, 0x72, 0x69, 0x62,
    0x75, 0x74, 0x65, 0x20, 0x31, 0x20, 0x44, 0x61, 0x72, 0x6B, 0x20, 0x4D,
    0x61, 0x67, 0x69, 0x63, 0x69, 0x61, 0x6E, 0x20, 0x74, 0x6F, 0x23, 0x30,
    0x53, 0x70, 0x65, 0x63, 0x69, 0x61, 0x6C, 0x20, 0x53, 0x75, 0x6D, 0x6D,
    0x6F, 0x6E, 0x20, 0x31, 0x20, 0x44, 0x61, 0x72, 0x6B, 0x23, 0x30, 0x4D,
    0x61, 0x67, 0x69, 0x63, 0x69, 0x61, 0x6E, 0x20, 0x4B, 0x6E, 0x69, 0x67,
    0x68, 0x74, 0x20, 0x66, 0x72, 0x6F, 0x6D, 0x20, 0x79, 0x6F, 0x75, 0x72,
    0x23, 0x30, 0x68, 0x61, 0x6E, 0x64, 0x2C, 0x20, 0x44, 0x65, 0x63, 0x6B,
    0x20, 0x6F, 0x72, 0x20, 0x47, 0x72, 0x61, 0x76, 0x65, 0x79, 0x61, 0x72,
    0x64, 0x2E, 0x23, 0x31, 0x00,
};

const u8 gActivationDescription_JowlsOfDarkDemise_Popup1[] APPEND_TEXT = {
    0x23, 0x32, 0x23, 0x30, 0x77, 0x61, 0x73, 0x20, 0x61, 0x63, 0x74, 0x69,
    0x76, 0x61, 0x74, 0x65, 0x64, 0x2E, 0x23, 0x31, 0x54, 0x61, 0x72, 0x67,
    0x65, 0x74, 0x20, 0x31, 0x20, 0x6F, 0x70, 0x70, 0x6F, 0x6E, 0x65, 0x6E,
    0x74, 0x20, 0x6D, 0x6F, 0x6E, 0x73, 0x74, 0x65, 0x72, 0x3B, 0x23, 0x30,
    0x67, 0x61, 0x69, 0x6E, 0x20, 0x63, 0x6F, 0x6E, 0x74, 0x72, 0x6F, 0x6C,
    0x20, 0x75, 0x6E, 0x74, 0x69, 0x6C, 0x20, 0x74, 0x68, 0x65, 0x20, 0x45,
    0x6E, 0x64, 0x23, 0x30, 0x50, 0x68, 0x61, 0x73, 0x65, 0x2E, 0x23, 0x31,
    0x00,
};

const u8 gActivationDescription_KishidoSpirit_Popup1[] APPEND_TEXT = {
    0x23, 0x32, 0x23, 0x30, 0x77, 0x61, 0x73, 0x20, 0x61, 0x63, 0x74, 0x69,
    0x76, 0x61, 0x74, 0x65, 0x64, 0x2E, 0x23, 0x31, 0x4D, 0x6F, 0x6E, 0x73,
    0x74, 0x65, 0x72, 0x73, 0x20, 0x6F, 0x6E, 0x20, 0x79, 0x6F, 0x75, 0x72,
    0x20, 0x73, 0x69, 0x64, 0x65, 0x20, 0x6F, 0x66, 0x23, 0x30, 0x74, 0x68,
    0x65, 0x20, 0x66, 0x69, 0x65, 0x6C, 0x64, 0x20, 0x63, 0x61, 0x6E, 0x6E,
    0x6F, 0x74, 0x20, 0x62, 0x65, 0x23, 0x30, 0x64, 0x65, 0x73, 0x74, 0x72,
    0x6F, 0x79, 0x65, 0x64, 0x20, 0x69, 0x6E, 0x20, 0x61, 0x20, 0x62, 0x61,
    0x74, 0x74, 0x6C, 0x65, 0x20, 0x69, 0x66, 0x23, 0x30, 0x74, 0x68, 0x65,
    0x20, 0x6D, 0x6F, 0x6E, 0x73, 0x74, 0x65, 0x72, 0x73, 0x27, 0x20, 0x41,
    0x54, 0x4B, 0x20, 0x61, 0x72, 0x65, 0x23, 0x30, 0x65, 0x71, 0x75, 0x61,
    0x6C, 0x2E, 0x23, 0x31, 0x00,
};

const u8 gActivationDescription_PossessedDarkSoul_Popup1[] APPEND_TEXT = {
    0x23, 0x32, 0x23, 0x30, 0x77, 0x61, 0x73, 0x20, 0x61, 0x63, 0x74, 0x69,
    0x76, 0x61, 0x74, 0x65, 0x64, 0x2E, 0x23, 0x31, 0x54, 0x72, 0x69, 0x62,
    0x75, 0x74, 0x65, 0x20, 0x74, 0x68, 0x69, 0x73, 0x20, 0x63, 0x61, 0x72,
    0x64, 0x3B, 0x20, 0x74, 0x61, 0x6B, 0x65, 0x23, 0x30, 0x63, 0x6F, 0x6E,
    0x74, 0x72, 0x6F, 0x6C, 0x20, 0x6F, 0x66, 0x20, 0x61, 0x6C, 0x6C, 0x20,
    0x66, 0x61, 0x63, 0x65, 0x2D, 0x75, 0x70, 0x23, 0x30, 0x4C, 0x65, 0x76,
    0x65, 0x6C, 0x20, 0x33, 0x20, 0x6F, 0x72, 0x20, 0x6C, 0x6F, 0x77, 0x65,
    0x72, 0x20, 0x6D, 0x6F, 0x6E, 0x73, 0x74, 0x65, 0x72, 0x73, 0x23, 0x30,
    0x79, 0x6F, 0x75, 0x72, 0x20, 0x6F, 0x70, 0x70, 0x6F, 0x6E, 0x65, 0x6E,
    0x74, 0x20, 0x63, 0x6F, 0x6E, 0x74, 0x72, 0x6F, 0x6C, 0x73, 0x2E, 0x23,
    0x31, 0x00,
};

const u8 gActivationDescription_RoyalKnight_Popup1[] APPEND_TEXT = {
    0x23, 0x32, 0x23, 0x30, 0x77, 0x61, 0x73, 0x20, 0x61, 0x63, 0x74, 0x69,
    0x76, 0x61, 0x74, 0x65, 0x64, 0x2E, 0x23, 0x31, 0x49, 0x6E, 0x63, 0x72,
    0x65, 0x61, 0x73, 0x65, 0x20, 0x79, 0x6F, 0x75, 0x72, 0x20, 0x4C, 0x69,
    0x66, 0x65, 0x20, 0x50, 0x6F, 0x69, 0x6E, 0x74, 0x73, 0x23, 0x30, 0x62,
    0x79, 0x20, 0x74, 0x68, 0x65, 0x20, 0x6F, 0x72, 0x69, 0x67, 0x69, 0x6E,
    0x61, 0x6C, 0x20, 0x44, 0x45, 0x46, 0x20, 0x6F, 0x66, 0x20, 0x74, 0x68,
    0x65, 0x23, 0x30, 0x64, 0x65, 0x73, 0x74, 0x72, 0x6F, 0x79, 0x65, 0x64,
    0x20, 0x6D, 0x6F, 0x6E, 0x73, 0x74, 0x65, 0x72, 0x2E, 0x23, 0x31, 0x00,
};

const u8 gActivationDescription_TheThingInTheCrater_Popup1[] APPEND_TEXT = {
    0x23, 0x32, 0x23, 0x30, 0x77, 0x61, 0x73, 0x20, 0x61, 0x63, 0x74, 0x69,
    0x76, 0x61, 0x74, 0x65, 0x64, 0x2E, 0x23, 0x31, 0x53, 0x70, 0x65, 0x63,
    0x69, 0x61, 0x6C, 0x20, 0x53, 0x75, 0x6D, 0x6D, 0x6F, 0x6E, 0x20, 0x31,
    0x20, 0x50, 0x79, 0x72, 0x6F, 0x2D, 0x54, 0x79, 0x70, 0x65, 0x23, 0x30,
    0x4D, 0x6F, 0x6E, 0x73, 0x74, 0x65, 0x72, 0x20, 0x66, 0x72, 0x6F, 0x6D,
    0x20, 0x79, 0x6F, 0x75, 0x72, 0x20, 0x68, 0x61, 0x6E, 0x64, 0x2E, 0x23,
    0x31, 0x00,
};

const u8 gActivationDescription_CreatureSwap_Popup1[] APPEND_TEXT = {
    0x23, 0x32, 0x23, 0x30, 0x77, 0x61, 0x73, 0x20, 0x61, 0x63, 0x74, 0x69,
    0x76, 0x61, 0x74, 0x65, 0x64, 0x2E, 0x23, 0x31, 0x43, 0x68, 0x6F, 0x6F,
    0x73, 0x65, 0x20, 0x6F, 0x6E, 0x65, 0x20, 0x6F, 0x66, 0x20, 0x79, 0x6F,
    0x75, 0x72, 0x23, 0x30, 0x6D, 0x6F, 0x6E, 0x73, 0x74, 0x65, 0x72, 0x73,
    0x2C, 0x20, 0x79, 0x6F, 0x75, 0x72, 0x20, 0x6F, 0x70, 0x70, 0x6F, 0x6E,
    0x65, 0x6E, 0x74, 0x23, 0x30, 0x63, 0x68, 0x6F, 0x6F, 0x73, 0x65, 0x73,
    0x20, 0x6F, 0x6E, 0x65, 0x20, 0x6F, 0x66, 0x20, 0x74, 0x68, 0x65, 0x69,
    0x72, 0x73, 0x2E, 0x20, 0x53, 0x77, 0x61, 0x70, 0x23, 0x30, 0x63, 0x6F,
    0x6E, 0x74, 0x72, 0x6F, 0x6C, 0x20, 0x6F, 0x66, 0x20, 0x74, 0x68, 0x6F,
    0x73, 0x65, 0x20, 0x6D, 0x6F, 0x6E, 0x73, 0x74, 0x65, 0x72, 0x73, 0x2E,
    0x23, 0x31, 0x00,
};

const u8 gActivationDescription_LesserFiend_Popup1[] APPEND_TEXT = {
    0x23, 0x32, 0x23, 0x30, 0x77, 0x61, 0x73, 0x20, 0x61, 0x63, 0x74, 0x69,
    0x76, 0x61, 0x74, 0x65, 0x64, 0x2E, 0x23, 0x31, 0x42, 0x61, 0x6E, 0x69,
    0x73, 0x68, 0x20, 0x61, 0x6E, 0x79, 0x20, 0x6D, 0x6F, 0x6E, 0x73, 0x74,
    0x65, 0x72, 0x23, 0x30, 0x64, 0x65, 0x73, 0x74, 0x72, 0x6F, 0x79, 0x65,
    0x64, 0x20, 0x62, 0x79, 0x20, 0x62, 0x61, 0x74, 0x74, 0x6C, 0x65, 0x20,
    0x77, 0x69, 0x74, 0x68, 0x23, 0x30, 0x74, 0x68, 0x69, 0x73, 0x20, 0x63,
    0x61, 0x72, 0x64, 0x2E, 0x23, 0x31, 0x00,
};

const u8 gActivationDescription_SpiritOfThePotOfGreed_Popup1[] APPEND_TEXT = {
    0x23, 0x32, 0x23, 0x30, 0x77, 0x61, 0x73, 0x20, 0x61, 0x63, 0x74, 0x69,
    0x76, 0x61, 0x74, 0x65, 0x64, 0x2E, 0x23, 0x31, 0x44, 0x72, 0x61, 0x77,
    0x20, 0x31, 0x20, 0x63, 0x61, 0x72, 0x64, 0x20, 0x77, 0x68, 0x65, 0x6E,
    0x20, 0x61, 0x20, 0x70, 0x6C, 0x61, 0x79, 0x65, 0x72, 0x23, 0x30, 0x61,
    0x63, 0x74, 0x69, 0x76, 0x61, 0x74, 0x65, 0x73, 0x20, 0x50, 0x6F, 0x74,
    0x20, 0x6F, 0x66, 0x20, 0x47, 0x72, 0x65, 0x65, 0x64, 0x2E, 0x23, 0x31,
    0x00,
};

const u8 gActivationDescription_ZaborgTheThunderMonarch_Popup1[] APPEND_TEXT = {
    0x23, 0x32, 0x23, 0x30, 0x77, 0x61, 0x73, 0x20, 0x61, 0x63, 0x74, 0x69,
    0x76, 0x61, 0x74, 0x65, 0x64, 0x2E, 0x23, 0x31, 0x49, 0x66, 0x20, 0x74,
    0x68, 0x69, 0x73, 0x20, 0x63, 0x61, 0x72, 0x64, 0x20, 0x69, 0x73, 0x20,
    0x54, 0x72, 0x69, 0x62, 0x75, 0x74, 0x65, 0x23, 0x30, 0x53, 0x75, 0x6D,
    0x6D, 0x6F, 0x6E, 0x65, 0x64, 0x3A, 0x20, 0x54, 0x61, 0x72, 0x67, 0x65,
    0x74, 0x20, 0x31, 0x20, 0x6D, 0x6F, 0x6E, 0x73, 0x74, 0x65, 0x72, 0x23,
    0x30, 0x6F, 0x6E, 0x20, 0x74, 0x68, 0x65, 0x20, 0x66, 0x69, 0x65, 0x6C,
    0x64, 0x3B, 0x20, 0x64, 0x65, 0x73, 0x74, 0x72, 0x6F, 0x79, 0x20, 0x74,
    0x68, 0x61, 0x74, 0x23, 0x30, 0x74, 0x61, 0x72, 0x67, 0x65, 0x74, 0x2E,
    0x23, 0x31, 0x00,
};

const u8 gActivationDescription_BottomlessShiftingSand_Popup1[] APPEND_TEXT = {
    0x23, 0x32, 0x23, 0x30, 0x77, 0x61, 0x73, 0x20, 0x61, 0x63, 0x74, 0x69,
    0x76, 0x61, 0x74, 0x65, 0x64, 0x2E, 0x23, 0x31, 0x44, 0x65, 0x73, 0x74,
    0x72, 0x6F, 0x79, 0x20, 0x74, 0x68, 0x65, 0x20, 0x68, 0x69, 0x67, 0x68,
    0x65, 0x73, 0x74, 0x20, 0x41, 0x54, 0x4B, 0x23, 0x30, 0x66, 0x61, 0x63,
    0x65, 0x2D, 0x75, 0x70, 0x20, 0x6D, 0x6F, 0x6E, 0x73, 0x74, 0x65, 0x72,
    0x28, 0x73, 0x29, 0x2E, 0x20, 0x44, 0x65, 0x73, 0x74, 0x72, 0x6F, 0x79,
    0x23, 0x30, 0x74, 0x68, 0x69, 0x73, 0x20, 0x63, 0x61, 0x72, 0x64, 0x20,
    0x69, 0x66, 0x20, 0x79, 0x6F, 0x75, 0x20, 0x68, 0x61, 0x76, 0x65, 0x20,
    0x33, 0x20, 0x6F, 0x72, 0x23, 0x30, 0x6C, 0x65, 0x73, 0x73, 0x20, 0x63,
    0x61, 0x72, 0x64, 0x73, 0x20, 0x69, 0x6E, 0x20, 0x79, 0x6F, 0x75, 0x72,
    0x20, 0x68, 0x61, 0x6E, 0x64, 0x2E, 0x23, 0x31, 0x00,
};

const u8 gActivationDescription_FirePrincess_Popup1[] APPEND_TEXT = {
    0x23, 0x32, 0x23, 0x30, 0x77, 0x61, 0x73, 0x20, 0x61, 0x63, 0x74, 0x69,
    0x76, 0x61, 0x74, 0x65, 0x64, 0x2E, 0x23, 0x31, 0x45, 0x61, 0x63, 0x68,
    0x20, 0x74, 0x69, 0x6D, 0x65, 0x20, 0x79, 0x6F, 0x75, 0x20, 0x67, 0x61,
    0x69, 0x6E, 0x20, 0x4C, 0x69, 0x66, 0x65, 0x23, 0x30, 0x50, 0x6F, 0x69,
    0x6E, 0x74, 0x73, 0x2C, 0x20, 0x69, 0x6E, 0x66, 0x6C, 0x69, 0x63, 0x74,
    0x20, 0x35, 0x30, 0x30, 0x20, 0x64, 0x61, 0x6D, 0x61, 0x67, 0x65, 0x23,
    0x30, 0x74, 0x6F, 0x20, 0x79, 0x6F, 0x75, 0x72, 0x20, 0x6F, 0x70, 0x70,
    0x6F, 0x6E, 0x65, 0x6E, 0x74, 0x2E, 0x23, 0x31, 0x00,
};

const u8 gActivationDescription_InvaderOfTheThrone_Popup1[] APPEND_TEXT = {
    0x23, 0x32, 0x23, 0x30, 0x77, 0x61, 0x73, 0x20, 0x61, 0x63, 0x74, 0x69,
    0x76, 0x61, 0x74, 0x65, 0x64, 0x2E, 0x23, 0x31, 0x54, 0x61, 0x72, 0x67,
    0x65, 0x74, 0x20, 0x6F, 0x6E, 0x65, 0x20, 0x6D, 0x6F, 0x6E, 0x73, 0x74,
    0x65, 0x72, 0x20, 0x6F, 0x6E, 0x20, 0x74, 0x68, 0x65, 0x23, 0x30, 0x6F,
    0x70, 0x70, 0x6F, 0x6E, 0x65, 0x6E, 0x74, 0x27, 0x73, 0x20, 0x66, 0x69,
    0x65, 0x6C, 0x64, 0x20, 0x61, 0x6E, 0x64, 0x20, 0x73, 0x77, 0x69, 0x74,
    0x63, 0x68, 0x23, 0x30, 0x63, 0x6F, 0x6E, 0x74, 0x72, 0x6F, 0x6C, 0x20,
    0x6F, 0x66, 0x20, 0x69, 0x74, 0x20, 0x77, 0x69, 0x74, 0x68, 0x20, 0x74,
    0x68, 0x69, 0x73, 0x23, 0x30, 0x63, 0x61, 0x72, 0x64, 0x2E, 0x23, 0x31,
    0x00,
};

const u8 gActivationDescription_TheFluteOfSummoningDragon_Popup1[] APPEND_TEXT = {
    0x23, 0x32, 0x23, 0x30, 0x77, 0x61, 0x73, 0x20, 0x61, 0x63, 0x74, 0x69,
    0x76, 0x61, 0x74, 0x65, 0x64, 0x2E, 0x23, 0x31, 0x53, 0x70, 0x65, 0x63,
    0x69, 0x61, 0x6C, 0x20, 0x53, 0x75, 0x6D, 0x6D, 0x6F, 0x6E, 0x20, 0x75,
    0x70, 0x20, 0x74, 0x6F, 0x20, 0x32, 0x23, 0x30, 0x44, 0x72, 0x61, 0x67,
    0x6F, 0x6E, 0x20, 0x6D, 0x6F, 0x6E, 0x73, 0x74, 0x65, 0x72, 0x73, 0x20,
    0x66, 0x72, 0x6F, 0x6D, 0x20, 0x79, 0x6F, 0x75, 0x72, 0x23, 0x30, 0x68,
    0x61, 0x6E, 0x64, 0x2E, 0x23, 0x31, 0x00,
};

const u8 gActivationDescription_SpiritCaller_Popup1[] APPEND_TEXT = {
    0x23, 0x32, 0x23, 0x30, 0x77, 0x61, 0x73, 0x20, 0x61, 0x63, 0x74, 0x69,
    0x76, 0x61, 0x74, 0x65, 0x64, 0x2E, 0x23, 0x31, 0x53, 0x70, 0x65, 0x63,
    0x69, 0x61, 0x6C, 0x20, 0x53, 0x75, 0x6D, 0x6D, 0x6F, 0x6E, 0x20, 0x31,
    0x20, 0x4C, 0x65, 0x76, 0x65, 0x6C, 0x20, 0x33, 0x20, 0x6F, 0x72, 0x23,
    0x30, 0x6C, 0x6F, 0x77, 0x65, 0x72, 0x20, 0x4E, 0x6F, 0x72, 0x6D, 0x61,
    0x6C, 0x20, 0x4D, 0x6F, 0x6E, 0x73, 0x74, 0x65, 0x72, 0x20, 0x66, 0x72,
    0x6F, 0x6D, 0x23, 0x30, 0x79, 0x6F, 0x75, 0x72, 0x20, 0x47, 0x72, 0x61,
    0x76, 0x65, 0x79, 0x61, 0x72, 0x64, 0x2E, 0x23, 0x31, 0x00,
};

const u8 gActivationDescription_VengefulBogSpirit_Popup1[] APPEND_TEXT = {
    0x23, 0x32, 0x23, 0x30, 0x77, 0x61, 0x73, 0x20, 0x61, 0x63, 0x74, 0x69,
    0x76, 0x61, 0x74, 0x65, 0x64, 0x2E, 0x23, 0x31, 0x4D, 0x6F, 0x6E, 0x73,
    0x74, 0x65, 0x72, 0x73, 0x20, 0x63, 0x61, 0x6E, 0x6E, 0x6F, 0x74, 0x20,
    0x61, 0x74, 0x74, 0x61, 0x63, 0x6B, 0x20, 0x74, 0x68, 0x65, 0x23, 0x30,
    0x74, 0x75, 0x72, 0x6E, 0x20, 0x74, 0x68, 0x65, 0x79, 0x20, 0x61, 0x72,
    0x65, 0x20, 0x53, 0x75, 0x6D, 0x6D, 0x6F, 0x6E, 0x65, 0x64, 0x2E, 0x23,
    0x31, 0x00,
};

const u8 gActivationDescription_WallOfRevealingLight_Popup1[] APPEND_TEXT = {
    0x23, 0x32, 0x23, 0x30, 0x77, 0x61, 0x73, 0x20, 0x61, 0x63, 0x74, 0x69,
    0x76, 0x61, 0x74, 0x65, 0x64, 0x2E, 0x23, 0x31, 0x50, 0x61, 0x79, 0x20,
    0x68, 0x61, 0x6C, 0x66, 0x20, 0x79, 0x6F, 0x75, 0x72, 0x20, 0x4C, 0x69,
    0x66, 0x65, 0x20, 0x50, 0x6F, 0x69, 0x6E, 0x74, 0x73, 0x2E, 0x23, 0x30,
    0x4F, 0x70, 0x70, 0x6F, 0x6E, 0x65, 0x6E, 0x74, 0x20, 0x6D, 0x6F, 0x6E,
    0x73, 0x74, 0x65, 0x72, 0x73, 0x20, 0x77, 0x69, 0x74, 0x68, 0x20, 0x41,
    0x54, 0x4B, 0x23, 0x30, 0x61, 0x62, 0x6F, 0x76, 0x65, 0x20, 0x74, 0x68,
    0x61, 0x74, 0x20, 0x63, 0x6F, 0x73, 0x74, 0x20, 0x6D, 0x61, 0x79, 0x20,
    0x61, 0x74, 0x74, 0x61, 0x63, 0x6B, 0x2E, 0x23, 0x31, 0x00,
};

const u8 gActivationDescription_WorldSuppression_Popup1[] APPEND_TEXT = {
    0x23, 0x32, 0x23, 0x30, 0x77, 0x61, 0x73, 0x20, 0x61, 0x63, 0x74, 0x69,
    0x76, 0x61, 0x74, 0x65, 0x64, 0x2E, 0x23, 0x31, 0x41, 0x63, 0x74, 0x69,
    0x76, 0x61, 0x74, 0x65, 0x20, 0x77, 0x68, 0x65, 0x6E, 0x20, 0x61, 0x20,
    0x46, 0x69, 0x65, 0x6C, 0x64, 0x20, 0x53, 0x70, 0x65, 0x6C, 0x6C, 0x23,
    0x30, 0x43, 0x61, 0x72, 0x64, 0x20, 0x69, 0x73, 0x20, 0x61, 0x63, 0x74,
    0x69, 0x76, 0x61, 0x74, 0x65, 0x64, 0x2E, 0x23, 0x31, 0x4E, 0x65, 0x67,
    0x61, 0x74, 0x65, 0x20, 0x46, 0x69, 0x65, 0x6C, 0x64, 0x20, 0x53, 0x70,
    0x65, 0x6C, 0x6C, 0x20, 0x43, 0x61, 0x72, 0x64, 0x73, 0x23, 0x30, 0x75,
    0x6E, 0x74, 0x69, 0x6C, 0x20, 0x74, 0x68, 0x65, 0x20, 0x65, 0x6E, 0x64,
    0x20, 0x6F, 0x66, 0x20, 0x74, 0x68, 0x69, 0x73, 0x20, 0x74, 0x75, 0x72,
    0x6E, 0x2E, 0x23, 0x31, 0x00,
};

const u8 gActivationDescription_RyuKishinClown_Popup1[] APPEND_TEXT = {
    0x23, 0x32, 0x23, 0x30, 0x77, 0x61, 0x73, 0x20, 0x61, 0x63, 0x74, 0x69,
    0x76, 0x61, 0x74, 0x65, 0x64, 0x2E, 0x23, 0x31, 0x57, 0x68, 0x65, 0x6E,
    0x20, 0x53, 0x75, 0x6D, 0x6D, 0x6F, 0x6E, 0x65, 0x64, 0x2C, 0x20, 0x73,
    0x65, 0x6C, 0x65, 0x63, 0x74, 0x20, 0x6F, 0x6E, 0x65, 0x23, 0x30, 0x66,
    0x61, 0x63, 0x65, 0x2D, 0x75, 0x70, 0x20, 0x6D, 0x6F, 0x6E, 0x73, 0x74,
    0x65, 0x72, 0x20, 0x6F, 0x6E, 0x20, 0x74, 0x68, 0x65, 0x23, 0x30, 0x66,
    0x69, 0x65, 0x6C, 0x64, 0x20, 0x61, 0x6E, 0x64, 0x20, 0x63, 0x68, 0x61,
    0x6E, 0x67, 0x65, 0x20, 0x69, 0x74, 0x73, 0x20, 0x62, 0x61, 0x74, 0x74,
    0x6C, 0x65, 0x23, 0x30, 0x70, 0x6F, 0x73, 0x69, 0x74, 0x69, 0x6F, 0x6E,
    0x2E, 0x23, 0x31, 0x00,
};

const u8 gActivationDescription_DarkDustSpirit_Popup1[] APPEND_TEXT = {
    0x23, 0x32, 0x23, 0x30, 0x77, 0x61, 0x73, 0x20, 0x61, 0x63, 0x74, 0x69,
    0x76, 0x61, 0x74, 0x65, 0x64, 0x2E, 0x23, 0x31, 0x57, 0x68, 0x65, 0x6E,
    0x20, 0x4E, 0x6F, 0x72, 0x6D, 0x61, 0x6C, 0x20, 0x53, 0x75, 0x6D, 0x6D,
    0x6F, 0x6E, 0x65, 0x64, 0x23, 0x30, 0x64, 0x65, 0x73, 0x74, 0x72, 0x6F,
    0x79, 0x20, 0x61, 0x6C, 0x6C, 0x20, 0x6F, 0x74, 0x68, 0x65, 0x72, 0x20,
    0x66, 0x61, 0x63, 0x65, 0x2D, 0x75, 0x70, 0x23, 0x30, 0x6D, 0x6F, 0x6E,
    0x73, 0x74, 0x65, 0x72, 0x73, 0x2E, 0x23, 0x31, 0x00,
};

const u8 gActivationDescription_GhostKnightOfJackal_Popup1[] APPEND_TEXT = {
    0x23, 0x32, 0x23, 0x30, 0x77, 0x61, 0x73, 0x20, 0x61, 0x63, 0x74, 0x69,
    0x76, 0x61, 0x74, 0x65, 0x64, 0x2E, 0x23, 0x31, 0x53, 0x70, 0x65, 0x63,
    0x69, 0x61, 0x6C, 0x20, 0x73, 0x75, 0x6D, 0x6D, 0x6F, 0x6E, 0x20, 0x74,
    0x68, 0x65, 0x20, 0x6D, 0x6F, 0x6E, 0x73, 0x74, 0x65, 0x72, 0x23, 0x30,
    0x64, 0x65, 0x73, 0x74, 0x72, 0x6F, 0x79, 0x65, 0x64, 0x20, 0x69, 0x6E,
    0x20, 0x62, 0x61, 0x74, 0x74, 0x6C, 0x65, 0x2E, 0x23, 0x31, 0x00,
};

const u8 gActivationDescription_KaiserColosseum_Popup1[] APPEND_TEXT = {
    0x23, 0x32, 0x23, 0x30, 0x77, 0x61, 0x73, 0x20, 0x61, 0x63, 0x74, 0x69,
    0x76, 0x61, 0x74, 0x65, 0x64, 0x2E, 0x23, 0x31, 0x4F, 0x70, 0x70, 0x6F,
    0x6E, 0x65, 0x6E, 0x74, 0x20, 0x73, 0x75, 0x6D, 0x6D, 0x6F, 0x6E, 0x73,
    0x20, 0x61, 0x72, 0x65, 0x20, 0x63, 0x61, 0x70, 0x70, 0x65, 0x64, 0x23,
    0x30, 0x61, 0x74, 0x20, 0x79, 0x6F, 0x75, 0x72, 0x20, 0x63, 0x75, 0x72,
    0x72, 0x65, 0x6E, 0x74, 0x20, 0x6D, 0x6F, 0x6E, 0x73, 0x74, 0x65, 0x72,
    0x23, 0x30, 0x63, 0x6F, 0x75, 0x6E, 0x74, 0x2E, 0x23, 0x31, 0x00,
};

const u8 gActivationDescription_NightmareWheel_Popup1[] APPEND_TEXT = {
    0x23, 0x32, 0x23, 0x30, 0x77, 0x61, 0x73, 0x20, 0x61, 0x63, 0x74, 0x69,
    0x76, 0x61, 0x74, 0x65, 0x64, 0x2E, 0x23, 0x31, 0x54, 0x61, 0x72, 0x67,
    0x65, 0x74, 0x20, 0x61, 0x6E, 0x20, 0x6F, 0x70, 0x70, 0x6F, 0x6E, 0x65,
    0x6E, 0x74, 0x27, 0x73, 0x23, 0x30, 0x6D, 0x6F, 0x6E, 0x73, 0x74, 0x65,
    0x72, 0x20, 0x61, 0x6E, 0x64, 0x20, 0x64, 0x65, 0x61, 0x6C, 0x20, 0x35,
    0x30, 0x30, 0x4C, 0x50, 0x20, 0x6F, 0x66, 0x23, 0x30, 0x64, 0x61, 0x6D,
    0x61, 0x67, 0x65, 0x20, 0x61, 0x74, 0x20, 0x74, 0x68, 0x65, 0x20, 0x73,
    0x74, 0x61, 0x72, 0x74, 0x20, 0x6F, 0x66, 0x20, 0x79, 0x6F, 0x75, 0x72,
    0x23, 0x30, 0x74, 0x75, 0x72, 0x6E, 0x2E, 0x23, 0x31, 0x00,
};

const u8 gActivationDescription_MirrorWall_Popup1[] APPEND_TEXT = {
    0x23, 0x32, 0x23, 0x30, 0x77, 0x61, 0x73, 0x20, 0x61, 0x63, 0x74, 0x69,
    0x76, 0x61, 0x74, 0x65, 0x64, 0x2E, 0x23, 0x31, 0x48, 0x61, 0x6C, 0x76,
    0x65, 0x20, 0x74, 0x68, 0x65, 0x20, 0x41, 0x54, 0x4B, 0x20, 0x6F, 0x66,
    0x20, 0x74, 0x68, 0x65, 0x23, 0x30, 0x6F, 0x70, 0x70, 0x6F, 0x6E, 0x65,
    0x6E, 0x74, 0x27, 0x73, 0x20, 0x61, 0x74, 0x74, 0x61, 0x63, 0x6B, 0x69,
    0x6E, 0x67, 0x23, 0x30, 0x6D, 0x6F, 0x6E, 0x73, 0x74, 0x65, 0x72, 0x2E,
    0x23, 0x31, 0x00,
};

const u8 gActivationDescription_MajuGarzett_Popup1[] APPEND_TEXT = {
    0x23, 0x32, 0x23, 0x30, 0x77, 0x61, 0x73, 0x20, 0x61, 0x63, 0x74, 0x69,
    0x76, 0x61, 0x74, 0x65, 0x64, 0x2E, 0x23, 0x31, 0x54, 0x68, 0x69, 0x73,
    0x20, 0x63, 0x61, 0x72, 0x64, 0x27, 0x73, 0x20, 0x41, 0x54, 0x4B, 0x20,
    0x62, 0x65, 0x63, 0x6F, 0x6D, 0x65, 0x73, 0x20, 0x74, 0x68, 0x65, 0x23,
    0x30, 0x63, 0x6F, 0x6D, 0x62, 0x69, 0x6E, 0x65, 0x64, 0x23, 0x31, 0x6F,
    0x72, 0x69, 0x67, 0x69, 0x6E, 0x61, 0x6C, 0x20, 0x41, 0x54, 0x4B, 0x20,
    0x6F, 0x66, 0x20, 0x69, 0x74, 0x73, 0x20, 0x32, 0x23, 0x30, 0x54, 0x72,
    0x69, 0x62, 0x75, 0x74, 0x65, 0x73, 0x2E, 0x23, 0x31, 0x00,
};

const u8 gActivationDescription_DustTornado_Popup1[] APPEND_TEXT = {
    0x23, 0x32, 0x23, 0x30, 0x77, 0x61, 0x73, 0x20, 0x61, 0x63, 0x74, 0x69,
    0x76, 0x61, 0x74, 0x65, 0x64, 0x2E, 0x23, 0x31, 0x54, 0x61, 0x72, 0x67,
    0x65, 0x74, 0x20, 0x6F, 0x6E, 0x65, 0x20, 0x53, 0x70, 0x65, 0x6C, 0x6C,
    0x2F, 0x54, 0x72, 0x61, 0x70, 0x20, 0x79, 0x6F, 0x75, 0x72, 0x23, 0x30,
    0x6F, 0x70, 0x70, 0x6F, 0x6E, 0x65, 0x6E, 0x74, 0x20, 0x63, 0x6F, 0x6E,
    0x74, 0x72, 0x6F, 0x6C, 0x73, 0x2C, 0x20, 0x64, 0x65, 0x73, 0x74, 0x72,
    0x6F, 0x79, 0x23, 0x30, 0x69, 0x74, 0x2C, 0x20, 0x74, 0x68, 0x65, 0x6E,
    0x20, 0x73, 0x65, 0x74, 0x20, 0x6F, 0x6E, 0x65, 0x20, 0x53, 0x70, 0x65,
    0x6C, 0x6C, 0x2F, 0x54, 0x72, 0x61, 0x70, 0x23, 0x30, 0x66, 0x72, 0x6F,
    0x6D, 0x20, 0x79, 0x6F, 0x75, 0x72, 0x20, 0x68, 0x61, 0x6E, 0x64, 0x2E,
    0x23, 0x31, 0x00,
};

const u8 gActivationDescription_Ectoplasmer_Popup1[] APPEND_TEXT = {
    0x23, 0x32, 0x23, 0x30, 0x77, 0x61, 0x73, 0x20, 0x61, 0x63, 0x74, 0x69,
    0x76, 0x61, 0x74, 0x65, 0x64, 0x2E, 0x23, 0x31, 0x54, 0x68, 0x65, 0x20,
    0x63, 0x75, 0x72, 0x72, 0x65, 0x6E, 0x74, 0x20, 0x70, 0x6C, 0x61, 0x79,
    0x65, 0x72, 0x20, 0x6D, 0x75, 0x73, 0x74, 0x23, 0x30, 0x74, 0x72, 0x69,
    0x62, 0x75, 0x74, 0x65, 0x20, 0x31, 0x20, 0x66, 0x61, 0x63, 0x65, 0x2D,
    0x75, 0x70, 0x20, 0x6D, 0x6F, 0x6E, 0x73, 0x74, 0x65, 0x72, 0x23, 0x30,
    0x74, 0x6F, 0x20, 0x69, 0x6E, 0x66, 0x6C, 0x69, 0x63, 0x74, 0x20, 0x68,
    0x61, 0x6C, 0x66, 0x20, 0x69, 0x74, 0x73, 0x23, 0x30, 0x6F, 0x72, 0x69,
    0x67, 0x69, 0x6E, 0x61, 0x6C, 0x20, 0x41, 0x54, 0x4B, 0x20, 0x61, 0x73,
    0x20, 0x64, 0x61, 0x6D, 0x61, 0x67, 0x65, 0x2E, 0x23, 0x31, 0x00,
};

const u8 gActivationDescription_LeviaDragonDaedalus_Popup1[] APPEND_TEXT = {
    0x23, 0x32, 0x23, 0x30, 0x77, 0x61, 0x73, 0x20, 0x61, 0x63, 0x74, 0x69,
    0x76, 0x61, 0x74, 0x65, 0x64, 0x2E, 0x23, 0x31, 0x52, 0x65, 0x76, 0x65,
    0x72, 0x74, 0x20, 0x55, 0x6D, 0x69, 0x20, 0x74, 0x65, 0x72, 0x72, 0x61,
    0x69, 0x6E, 0x20, 0x74, 0x6F, 0x23, 0x30, 0x41, 0x72, 0x65, 0x6E, 0x61,
    0x2C, 0x20, 0x74, 0x68, 0x65, 0x6E, 0x20, 0x64, 0x65, 0x73, 0x74, 0x72,
    0x6F, 0x79, 0x20, 0x61, 0x6C, 0x6C, 0x23, 0x30, 0x6F, 0x74, 0x68, 0x65,
    0x72, 0x20, 0x63, 0x61, 0x72, 0x64, 0x73, 0x20, 0x6F, 0x6E, 0x20, 0x74,
    0x68, 0x65, 0x20, 0x66, 0x69, 0x65, 0x6C, 0x64, 0x2E, 0x23, 0x31, 0x00,
};

const u8 gActivationDescription_ThebanNightmare_Popup1[] APPEND_TEXT = {
    0x23, 0x32, 0x23, 0x30, 0x77, 0x61, 0x73, 0x20, 0x61, 0x63, 0x74, 0x69,
    0x76, 0x61, 0x74, 0x65, 0x64, 0x2E, 0x23, 0x31, 0x47, 0x61, 0x69, 0x6E,
    0x73, 0x20, 0x31, 0x35, 0x30, 0x30, 0x20, 0x41, 0x54, 0x4B, 0x20, 0x77,
    0x68, 0x69, 0x6C, 0x65, 0x20, 0x79, 0x6F, 0x75, 0x23, 0x30, 0x68, 0x61,
    0x76, 0x65, 0x20, 0x6E, 0x6F, 0x20, 0x63, 0x61, 0x72, 0x64, 0x73, 0x20,
    0x69, 0x6E, 0x20, 0x79, 0x6F, 0x75, 0x72, 0x20, 0x68, 0x61, 0x6E, 0x64,
    0x23, 0x30, 0x6E, 0x6F, 0x72, 0x20, 0x69, 0x6E, 0x20, 0x79, 0x6F, 0x75,
    0x72, 0x20, 0x53, 0x70, 0x65, 0x6C, 0x6C, 0x20, 0x26, 0x20, 0x54, 0x72,
    0x61, 0x70, 0x23, 0x30, 0x5A, 0x6F, 0x6E, 0x65, 0x73, 0x2E, 0x23, 0x31,
    0x00,
};

const u8 gActivationDescription_BigBangShot_Popup1[] APPEND_TEXT = {
    0x23, 0x32, 0x23, 0x30, 0x77, 0x61, 0x73, 0x20, 0x61, 0x63, 0x74, 0x69,
    0x76, 0x61, 0x74, 0x65, 0x64, 0x2E, 0x23, 0x31, 0x54, 0x68, 0x65, 0x20,
    0x65, 0x71, 0x75, 0x69, 0x70, 0x70, 0x65, 0x64, 0x20, 0x6D, 0x6F, 0x6E,
    0x73, 0x74, 0x65, 0x72, 0x20, 0x67, 0x61, 0x69, 0x6E, 0x73, 0x23, 0x30,
    0x34, 0x30, 0x30, 0x20, 0x41, 0x54, 0x4B, 0x2E, 0x20, 0x50, 0x69, 0x65,
    0x72, 0x63, 0x69, 0x6E, 0x67, 0x20, 0x76, 0x73, 0x23, 0x30, 0x44, 0x65,
    0x66, 0x65, 0x6E, 0x73, 0x65, 0x2E, 0x20, 0x42, 0x61, 0x6E, 0x69, 0x73,
    0x68, 0x20, 0x6F, 0x6E, 0x20, 0x6C, 0x65, 0x61, 0x76, 0x65, 0x2E, 0x23,
    0x31, 0x00,
};

const u8 gActivationDescription_Polymerization_Popup1[] APPEND_TEXT = {
    0x23, 0x32, 0x23, 0x30, 0x77, 0x61, 0x73, 0x20, 0x61, 0x63, 0x74, 0x69,
    0x76, 0x61, 0x74, 0x65, 0x64, 0x2E, 0x23, 0x31, 0x46, 0x75, 0x73, 0x69,
    0x6F, 0x6E, 0x20, 0x53, 0x75, 0x6D, 0x6D, 0x6F, 0x6E, 0x20, 0x31, 0x20,
    0x46, 0x75, 0x73, 0x69, 0x6F, 0x6E, 0x23, 0x30, 0x4D, 0x6F, 0x6E, 0x73,
    0x74, 0x65, 0x72, 0x2C, 0x20, 0x75, 0x73, 0x69, 0x6E, 0x67, 0x20, 0x6D,
    0x6F, 0x6E, 0x73, 0x74, 0x65, 0x72, 0x73, 0x23, 0x30, 0x66, 0x72, 0x6F,
    0x6D, 0x20, 0x79, 0x6F, 0x75, 0x72, 0x20, 0x68, 0x61, 0x6E, 0x64, 0x20,
    0x6F, 0x72, 0x20, 0x66, 0x69, 0x65, 0x6C, 0x64, 0x20, 0x61, 0x73, 0x23,
    0x30, 0x6D, 0x61, 0x74, 0x65, 0x72, 0x69, 0x61, 0x6C, 0x73, 0x2E, 0x23,
    0x31, 0x00,
};

const u8 gActivationDescription_CyberDragon_Popup1[] APPEND_TEXT = {
    0x23, 0x32, 0x23, 0x30, 0x77, 0x61, 0x73, 0x20, 0x61, 0x63, 0x74, 0x69,
    0x76, 0x61, 0x74, 0x65, 0x64, 0x2E, 0x23, 0x31, 0x49, 0x66, 0x20, 0x6F,
    0x6E, 0x6C, 0x79, 0x20, 0x79, 0x6F, 0x75, 0x72, 0x20, 0x6F, 0x70, 0x70,
    0x6F, 0x6E, 0x65, 0x6E, 0x74, 0x23, 0x30, 0x63, 0x6F, 0x6E, 0x74, 0x72,
    0x6F, 0x6C, 0x73, 0x20, 0x61, 0x20, 0x6D, 0x6F, 0x6E, 0x73, 0x74, 0x65,
    0x72, 0x2C, 0x20, 0x79, 0x6F, 0x75, 0x20, 0x63, 0x61, 0x6E, 0x23, 0x30,
    0x53, 0x70, 0x65, 0x63, 0x69, 0x61, 0x6C, 0x20, 0x53, 0x75, 0x6D, 0x6D,
    0x6F, 0x6E, 0x20, 0x74, 0x68, 0x69, 0x73, 0x20, 0x63, 0x61, 0x72, 0x64,
    0x23, 0x30, 0x28, 0x66, 0x72, 0x6F, 0x6D, 0x20, 0x79, 0x6F, 0x75, 0x72,
    0x20, 0x68, 0x61, 0x6E, 0x64, 0x29, 0x2E, 0x23, 0x31, 0x00,
};

const u8 gActivationDescription_CaiusTheShadowMonarch_Popup1[] APPEND_TEXT = {
    0x23, 0x32, 0x23, 0x30, 0x77, 0x61, 0x73, 0x20, 0x61, 0x63, 0x74, 0x69,
    0x76, 0x61, 0x74, 0x65, 0x64, 0x2E, 0x23, 0x31, 0x57, 0x68, 0x65, 0x6E,
    0x20, 0x54, 0x72, 0x69, 0x62, 0x75, 0x74, 0x65, 0x20, 0x53, 0x75, 0x6D,
    0x6D, 0x6F, 0x6E, 0x65, 0x64, 0x2C, 0x23, 0x30, 0x74, 0x61, 0x72, 0x67,
    0x65, 0x74, 0x20, 0x61, 0x6E, 0x64, 0x20, 0x62, 0x61, 0x6E, 0x69, 0x73,
    0x68, 0x20, 0x31, 0x20, 0x63, 0x61, 0x72, 0x64, 0x2E, 0x23, 0x30, 0x49,
    0x66, 0x20, 0x44, 0x41, 0x52, 0x4B, 0x2C, 0x20, 0x69, 0x6E, 0x66, 0x6C,
    0x69, 0x63, 0x74, 0x20, 0x31, 0x30, 0x30, 0x30, 0x23, 0x30, 0x64, 0x61,
    0x6D, 0x61, 0x67, 0x65, 0x2E, 0x23, 0x31, 0x00,
};

const u8 gActivationDescription_MobiusTheFrostMonarch_Popup1[] APPEND_TEXT = {
    0x23, 0x32, 0x23, 0x30, 0x77, 0x61, 0x73, 0x20, 0x61, 0x63, 0x74, 0x69,
    0x76, 0x61, 0x74, 0x65, 0x64, 0x2E, 0x23, 0x31, 0x49, 0x66, 0x20, 0x74,
    0x68, 0x69, 0x73, 0x20, 0x63, 0x61, 0x72, 0x64, 0x20, 0x69, 0x73, 0x20,
    0x54, 0x72, 0x69, 0x62, 0x75, 0x74, 0x65, 0x23, 0x30, 0x53, 0x75, 0x6D,
    0x6D, 0x6F, 0x6E, 0x65, 0x64, 0x3A, 0x20, 0x44, 0x65, 0x73, 0x74, 0x72,
    0x6F, 0x79, 0x20, 0x75, 0x70, 0x20, 0x74, 0x6F, 0x20, 0x32, 0x23, 0x30,
    0x53, 0x70, 0x65, 0x6C, 0x6C, 0x2F, 0x54, 0x72, 0x61, 0x70, 0x20, 0x43,
    0x61, 0x72, 0x64, 0x73, 0x2E, 0x23, 0x31, 0x00,
};

const u8 gActivationDescription_ProtoCyberDragon_Popup1[] APPEND_TEXT = {
    0x23, 0x32, 0x23, 0x30, 0x77, 0x61, 0x73, 0x20, 0x61, 0x63, 0x74, 0x69,
    0x76, 0x61, 0x74, 0x65, 0x64, 0x2E, 0x23, 0x31, 0x54, 0x68, 0x69, 0x73,
    0x20, 0x63, 0x61, 0x72, 0x64, 0x27, 0x73, 0x20, 0x6E, 0x61, 0x6D, 0x65,
    0x20, 0x62, 0x65, 0x63, 0x6F, 0x6D, 0x65, 0x73, 0x23, 0x30, 0x43, 0x79,
    0x62, 0x65, 0x72, 0x20, 0x44, 0x72, 0x61, 0x67, 0x6F, 0x6E, 0x20, 0x77,
    0x68, 0x69, 0x6C, 0x65, 0x20, 0x6F, 0x6E, 0x20, 0x74, 0x68, 0x65, 0x23,
    0x30, 0x66, 0x69, 0x65, 0x6C, 0x64, 0x2E, 0x23, 0x31, 0x00,
};

const u8 gActivationDescription_AmazonessArcher_Popup1[] APPEND_TEXT = {
    0x23, 0x32, 0x23, 0x30, 0x77, 0x61, 0x73, 0x20, 0x61, 0x63, 0x74, 0x69,
    0x76, 0x61, 0x74, 0x65, 0x64, 0x2E, 0x23, 0x31, 0x59, 0x6F, 0x75, 0x20,
    0x63, 0x61, 0x6E, 0x20, 0x54, 0x72, 0x69, 0x62, 0x75, 0x74, 0x65, 0x20,
    0x32, 0x20, 0x6D, 0x6F, 0x6E, 0x73, 0x74, 0x65, 0x72, 0x73, 0x3B, 0x23,
    0x30, 0x69, 0x6E, 0x66, 0x6C, 0x69, 0x63, 0x74, 0x20, 0x31, 0x32, 0x30,
    0x30, 0x20, 0x64, 0x61, 0x6D, 0x61, 0x67, 0x65, 0x20, 0x74, 0x6F, 0x20,
    0x79, 0x6F, 0x75, 0x72, 0x23, 0x30, 0x6F, 0x70, 0x70, 0x6F, 0x6E, 0x65,
    0x6E, 0x74, 0x2E, 0x23, 0x31, 0x00,
};

const u8 gActivationDescription_ElementalHeroBubbleman_Popup1[] APPEND_TEXT = {
    0x23, 0x32, 0x23, 0x30, 0x77, 0x61, 0x73, 0x20, 0x61, 0x63, 0x74, 0x69,
    0x76, 0x61, 0x74, 0x65, 0x64, 0x2E, 0x23, 0x31, 0x44, 0x72, 0x61, 0x77,
    0x20, 0x32, 0x20, 0x63, 0x61, 0x72, 0x64, 0x73, 0x2E, 0x23, 0x31, 0x00,
};

const u8 gActivationDescription_ElementalHeroWildheart_Popup1[] APPEND_TEXT = {
    0x23, 0x32, 0x23, 0x30, 0x77, 0x61, 0x73, 0x20, 0x61, 0x63, 0x74, 0x69,
    0x76, 0x61, 0x74, 0x65, 0x64, 0x2E, 0x23, 0x31, 0x54, 0x68, 0x69, 0x73,
    0x20, 0x63, 0x61, 0x72, 0x64, 0x20, 0x69, 0x73, 0x20, 0x75, 0x6E, 0x61,
    0x66, 0x66, 0x65, 0x63, 0x74, 0x65, 0x64, 0x20, 0x62, 0x79, 0x23, 0x30,
    0x54, 0x72, 0x61, 0x70, 0x20, 0x65, 0x66, 0x66, 0x65, 0x63, 0x74, 0x73,
    0x2E, 0x23, 0x31, 0x00,
};

const u8 gActivationDescription_ElementalHeroBladedge_Popup1[] APPEND_TEXT = {
    0x23, 0x32, 0x23, 0x30, 0x77, 0x61, 0x73, 0x20, 0x61, 0x63, 0x74, 0x69,
    0x76, 0x61, 0x74, 0x65, 0x64, 0x2E, 0x23, 0x31, 0x50, 0x69, 0x65, 0x72,
    0x63, 0x69, 0x6E, 0x67, 0x20, 0x62, 0x61, 0x74, 0x74, 0x6C, 0x65, 0x20,
    0x64, 0x61, 0x6D, 0x61, 0x67, 0x65, 0x2E, 0x23, 0x31, 0x00,
};

const u8 gActivationDescription_HarpieLady1_Popup1[] APPEND_TEXT = {
    0x23, 0x32, 0x23, 0x30, 0x77, 0x61, 0x73, 0x20, 0x61, 0x63, 0x74, 0x69,
    0x76, 0x61, 0x74, 0x65, 0x64, 0x2E, 0x23, 0x31, 0x28, 0x54, 0x68, 0x69,
    0x73, 0x20, 0x63, 0x61, 0x72, 0x64, 0x27, 0x73, 0x20, 0x6E, 0x61, 0x6D,
    0x65, 0x20, 0x69, 0x73, 0x20, 0x61, 0x6C, 0x77, 0x61, 0x79, 0x73, 0x23,
    0x30, 0x74, 0x72, 0x65, 0x61, 0x74, 0x65, 0x64, 0x20, 0x61, 0x73, 0x20,
    0x48, 0x61, 0x72, 0x70, 0x69, 0x65, 0x20, 0x4C, 0x61, 0x64, 0x79, 0x2E,
    0x29, 0x23, 0x30, 0x41, 0x6C, 0x6C, 0x20, 0x57, 0x49, 0x4E, 0x44, 0x20,
    0x6D, 0x6F, 0x6E, 0x73, 0x74, 0x65, 0x72, 0x73, 0x20, 0x67, 0x61, 0x69,
    0x6E, 0x20, 0x33, 0x30, 0x30, 0x23, 0x30, 0x41, 0x54, 0x4B, 0x2E, 0x23,
    0x31, 0x00,
};

const u8 gActivationDescription_HarpieLady2_Popup1[] APPEND_TEXT = {
    0x23, 0x32, 0x23, 0x30, 0x77, 0x61, 0x73, 0x20, 0x61, 0x63, 0x74, 0x69,
    0x76, 0x61, 0x74, 0x65, 0x64, 0x2E, 0x23, 0x31, 0x28, 0x54, 0x68, 0x69,
    0x73, 0x20, 0x63, 0x61, 0x72, 0x64, 0x27, 0x73, 0x20, 0x6E, 0x61, 0x6D,
    0x65, 0x20, 0x69, 0x73, 0x20, 0x61, 0x6C, 0x77, 0x61, 0x79, 0x73, 0x23,
    0x30, 0x74, 0x72, 0x65, 0x61, 0x74, 0x65, 0x64, 0x20, 0x61, 0x73, 0x20,
    0x48, 0x61, 0x72, 0x70, 0x69, 0x65, 0x20, 0x4C, 0x61, 0x64, 0x79, 0x2E,
    0x29, 0x23, 0x30, 0x4E, 0x65, 0x67, 0x61, 0x74, 0x65, 0x20, 0x74, 0x68,
    0x65, 0x20, 0x65, 0x66, 0x66, 0x65, 0x63, 0x74, 0x73, 0x20, 0x6F, 0x66,
    0x20, 0x46, 0x6C, 0x69, 0x70, 0x23, 0x30, 0x6D, 0x6F, 0x6E, 0x73, 0x74,
    0x65, 0x72, 0x73, 0x20, 0x74, 0x68, 0x69, 0x73, 0x20, 0x63, 0x61, 0x72,
    0x64, 0x20, 0x64, 0x65, 0x73, 0x74, 0x72, 0x6F, 0x79, 0x73, 0x23, 0x30,
    0x62, 0x79, 0x20, 0x62, 0x61, 0x74, 0x74, 0x6C, 0x65, 0x2E, 0x23, 0x31,
    0x00,
};

const u8 gActivationDescription_HarpieLady3_Popup1[] APPEND_TEXT = {
    0x23, 0x32, 0x23, 0x30, 0x77, 0x61, 0x73, 0x20, 0x61, 0x63, 0x74, 0x69,
    0x76, 0x61, 0x74, 0x65, 0x64, 0x2E, 0x23, 0x31, 0x28, 0x54, 0x68, 0x69,
    0x73, 0x20, 0x63, 0x61, 0x72, 0x64, 0x27, 0x73, 0x20, 0x6E, 0x61, 0x6D,
    0x65, 0x20, 0x69, 0x73, 0x20, 0x61, 0x6C, 0x77, 0x61, 0x79, 0x73, 0x23,
    0x30, 0x74, 0x72, 0x65, 0x61, 0x74, 0x65, 0x64, 0x20, 0x61, 0x73, 0x20,
    0x48, 0x61, 0x72, 0x70, 0x69, 0x65, 0x20, 0x4C, 0x61, 0x64, 0x79, 0x2E,
    0x29, 0x23, 0x30, 0x41, 0x6E, 0x20, 0x6F, 0x70, 0x70, 0x6F, 0x6E, 0x65,
    0x6E, 0x74, 0x27, 0x73, 0x20, 0x6D, 0x6F, 0x6E, 0x73, 0x74, 0x65, 0x72,
    0x20, 0x74, 0x68, 0x61, 0x74, 0x23, 0x30, 0x62, 0x61, 0x74, 0x74, 0x6C,
    0x65, 0x73, 0x20, 0x74, 0x68, 0x69, 0x73, 0x20, 0x63, 0x61, 0x72, 0x64,
    0x20, 0x63, 0x61, 0x6E, 0x6E, 0x6F, 0x74, 0x23, 0x30, 0x64, 0x65, 0x63,
    0x6C, 0x61, 0x72, 0x65, 0x20, 0x61, 0x6E, 0x20, 0x61, 0x74, 0x74, 0x61,
    0x63, 0x6B, 0x20, 0x64, 0x75, 0x72, 0x69, 0x6E, 0x67, 0x23, 0x30, 0x6F,
    0x70, 0x70, 0x6F, 0x6E, 0x65, 0x6E, 0x74, 0x27, 0x73, 0x20, 0x6E, 0x65,
    0x78, 0x74, 0x20, 0x32, 0x20, 0x74, 0x75, 0x72, 0x6E, 0x73, 0x2E, 0x23,
    0x31, 0x00,
};

const u8 gActivationDescription_SpellEconomics_Popup1[] APPEND_TEXT = {
    0x23, 0x32, 0x23, 0x30, 0x77, 0x61, 0x73, 0x20, 0x61, 0x63, 0x74, 0x69,
    0x76, 0x61, 0x74, 0x65, 0x64, 0x2E, 0x23, 0x31, 0x59, 0x6F, 0x75, 0x20,
    0x64, 0x6F, 0x20, 0x6E, 0x6F, 0x74, 0x20, 0x70, 0x61, 0x79, 0x20, 0x4C,
    0x69, 0x66, 0x65, 0x20, 0x50, 0x6F, 0x69, 0x6E, 0x74, 0x73, 0x23, 0x30,
    0x74, 0x6F, 0x20, 0x61, 0x63, 0x74, 0x69, 0x76, 0x61, 0x74, 0x65, 0x20,
    0x53, 0x70, 0x65, 0x6C, 0x6C, 0x20, 0x43, 0x61, 0x72, 0x64, 0x73, 0x2E,
    0x23, 0x31, 0x00,
};

const u8 gActivationDescription_TheUnstoppableExodiaIncarnate_Popup1[] APPEND_TEXT = {
    0x23, 0x32, 0x23, 0x30, 0x77, 0x61, 0x73, 0x20, 0x61, 0x63, 0x74, 0x69,
    0x76, 0x61, 0x74, 0x65, 0x64, 0x2E, 0x23, 0x31, 0x59, 0x6F, 0x75, 0x20,
    0x6C, 0x6F, 0x73, 0x65, 0x20, 0x31, 0x30, 0x30, 0x30, 0x20, 0x6C, 0x69,
    0x66, 0x65, 0x20, 0x70, 0x6F, 0x69, 0x6E, 0x74, 0x73, 0x23, 0x30, 0x61,
    0x74, 0x20, 0x74, 0x68, 0x65, 0x20, 0x73, 0x74, 0x61, 0x72, 0x74, 0x20,
    0x6F, 0x66, 0x20, 0x79, 0x6F, 0x75, 0x72, 0x20, 0x74, 0x75, 0x72, 0x6E,
    0x2E, 0x23, 0x31, 0x00,
};

const u8 gActivationDescription_TheSanctuaryInTheSky_Popup1[] APPEND_TEXT = {
    0x23, 0x32, 0x23, 0x30, 0x77, 0x61, 0x73, 0x20, 0x61, 0x63, 0x74, 0x69,
    0x76, 0x61, 0x74, 0x65, 0x64, 0x2E, 0x23, 0x31, 0x42, 0x61, 0x74, 0x74,
    0x6C, 0x65, 0x20, 0x64, 0x61, 0x6D, 0x61, 0x67, 0x65, 0x20, 0x74, 0x6F,
    0x20, 0x74, 0x68, 0x65, 0x23, 0x30, 0x63, 0x6F, 0x6E, 0x74, 0x72, 0x6F,
    0x6C, 0x6C, 0x65, 0x72, 0x20, 0x6F, 0x66, 0x20, 0x61, 0x20, 0x46, 0x61,
    0x69, 0x72, 0x79, 0x23, 0x30, 0x6D, 0x6F, 0x6E, 0x73, 0x74, 0x65, 0x72,
    0x20, 0x66, 0x72, 0x6F, 0x6D, 0x20, 0x61, 0x20, 0x62, 0x61, 0x74, 0x74,
    0x6C, 0x65, 0x23, 0x30, 0x69, 0x6E, 0x76, 0x6F, 0x6C, 0x76, 0x69, 0x6E,
    0x67, 0x20, 0x74, 0x68, 0x61, 0x74, 0x20, 0x6D, 0x6F, 0x6E, 0x73, 0x74,
    0x65, 0x72, 0x23, 0x30, 0x62, 0x65, 0x63, 0x6F, 0x6D, 0x65, 0x73, 0x20,
    0x30, 0x2E, 0x23, 0x31, 0x00,
};

const u8 gActivationDescription_MirrorForce_Popup1[] APPEND_TEXT = {
    0x23, 0x32, 0x23, 0x30, 0x77, 0x61, 0x73, 0x20, 0x61, 0x63, 0x74, 0x69,
    0x76, 0x61, 0x74, 0x65, 0x64, 0x2E, 0x23, 0x31, 0x57, 0x68, 0x65, 0x6E,
    0x20, 0x61, 0x6E, 0x20, 0x6F, 0x70, 0x70, 0x6F, 0x6E, 0x65, 0x6E, 0x74,
    0x20, 0x6D, 0x6F, 0x6E, 0x73, 0x74, 0x65, 0x72, 0x23, 0x30, 0x64, 0x65,
    0x63, 0x6C, 0x61, 0x72, 0x65, 0x73, 0x20, 0x61, 0x6E, 0x20, 0x61, 0x74,
    0x74, 0x61, 0x63, 0x6B, 0x3A, 0x20, 0x44, 0x65, 0x73, 0x74, 0x72, 0x6F,
    0x79, 0x23, 0x30, 0x61, 0x6C, 0x6C, 0x20, 0x79, 0x6F, 0x75, 0x72, 0x20,
    0x6F, 0x70, 0x70, 0x6F, 0x6E, 0x65, 0x6E, 0x74, 0x20, 0x41, 0x74, 0x74,
    0x61, 0x63, 0x6B, 0x23, 0x30, 0x50, 0x6F, 0x73, 0x69, 0x74, 0x69, 0x6F,
    0x6E, 0x20, 0x6D, 0x6F, 0x6E, 0x73, 0x74, 0x65, 0x72, 0x73, 0x2E, 0x23,
    0x31, 0x00,
};

const u8 gActivationDescription_LevelLimitAreaA_Popup1[] APPEND_TEXT = {
    0x23, 0x32, 0x23, 0x30, 0x77, 0x61, 0x73, 0x20, 0x61, 0x63, 0x74, 0x69,
    0x76, 0x61, 0x74, 0x65, 0x64, 0x2E, 0x23, 0x31, 0x43, 0x68, 0x61, 0x6E,
    0x67, 0x65, 0x20, 0x61, 0x6C, 0x6C, 0x20, 0x66, 0x61, 0x63, 0x65, 0x2D,
    0x75, 0x70, 0x20, 0x4C, 0x65, 0x76, 0x65, 0x6C, 0x20, 0x33, 0x23, 0x30,
    0x6F, 0x72, 0x20, 0x6C, 0x6F, 0x77, 0x65, 0x72, 0x20, 0x6D, 0x6F, 0x6E,
    0x73, 0x74, 0x65, 0x72, 0x73, 0x20, 0x74, 0x6F, 0x20, 0x41, 0x74, 0x74,
    0x61, 0x63, 0x6B, 0x23, 0x30, 0x50, 0x6F, 0x73, 0x69, 0x74, 0x69, 0x6F,
    0x6E, 0x2E, 0x23, 0x31, 0x00,
};

const u8 gActivationDescription_HarpiesPetBabyDragon_Popup1[] APPEND_TEXT = {
    0x23, 0x32, 0x23, 0x30, 0x77, 0x61, 0x73, 0x20, 0x61, 0x63, 0x74, 0x69,
    0x76, 0x61, 0x74, 0x65, 0x64, 0x2E, 0x23, 0x31, 0x4F, 0x6E, 0x63, 0x65,
    0x20, 0x70, 0x65, 0x72, 0x20, 0x74, 0x75, 0x72, 0x6E, 0x2C, 0x20, 0x64,
    0x65, 0x73, 0x74, 0x72, 0x6F, 0x79, 0x20, 0x6F, 0x6E, 0x65, 0x23, 0x30,
    0x63, 0x61, 0x72, 0x64, 0x20, 0x6F, 0x6E, 0x20, 0x74, 0x68, 0x65, 0x20,
    0x66, 0x69, 0x65, 0x6C, 0x64, 0x2E, 0x23, 0x31, 0x00,
};

const u8 gActivationDescription_BlueEyesChaosDragon_Popup1[] APPEND_TEXT = {
    0x23, 0x32, 0x23, 0x30, 0x77, 0x61, 0x73, 0x20, 0x61, 0x63, 0x74, 0x69,
    0x76, 0x61, 0x74, 0x65, 0x64, 0x2E, 0x23, 0x31, 0x41, 0x6C, 0x6C, 0x20,
    0x6F, 0x70, 0x70, 0x6F, 0x6E, 0x65, 0x6E, 0x74, 0x20, 0x6D, 0x6F, 0x6E,
    0x73, 0x74, 0x65, 0x72, 0x73, 0x20, 0x61, 0x72, 0x65, 0x23, 0x30, 0x66,
    0x6F, 0x72, 0x63, 0x65, 0x64, 0x20, 0x41, 0x74, 0x74, 0x61, 0x63, 0x6B,
    0x20, 0x50, 0x6F, 0x73, 0x69, 0x74, 0x69, 0x6F, 0x6E, 0x2E, 0x23, 0x31,
    0x00,
};

const u8 gActivationDescription_BlowbackDragon_Popup1[] APPEND_TEXT = {
    0x23, 0x32, 0x23, 0x30, 0x77, 0x61, 0x73, 0x20, 0x61, 0x63, 0x74, 0x69,
    0x76, 0x61, 0x74, 0x65, 0x64, 0x2E, 0x23, 0x31, 0x54, 0x61, 0x72, 0x67,
    0x65, 0x74, 0x20, 0x31, 0x20, 0x63, 0x61, 0x72, 0x64, 0x20, 0x79, 0x6F,
    0x75, 0x72, 0x20, 0x6F, 0x70, 0x70, 0x6F, 0x6E, 0x65, 0x6E, 0x74, 0x23,
    0x30, 0x63, 0x6F, 0x6E, 0x74, 0x72, 0x6F, 0x6C, 0x73, 0x3B, 0x20, 0x74,
    0x6F, 0x73, 0x73, 0x20, 0x61, 0x20, 0x63, 0x6F, 0x69, 0x6E, 0x20, 0x33,
    0x23, 0x30, 0x74, 0x69, 0x6D, 0x65, 0x73, 0x20, 0x61, 0x6E, 0x64, 0x20,
    0x64, 0x65, 0x73, 0x74, 0x72, 0x6F, 0x79, 0x20, 0x74, 0x68, 0x61, 0x74,
    0x23, 0x30, 0x74, 0x61, 0x72, 0x67, 0x65, 0x74, 0x20, 0x69, 0x66, 0x20,
    0x61, 0x74, 0x20, 0x6C, 0x65, 0x61, 0x73, 0x74, 0x20, 0x32, 0x20, 0x61,
    0x72, 0x65, 0x23, 0x30, 0x68, 0x65, 0x61, 0x64, 0x73, 0x2E, 0x23, 0x31,
    0x00,
};

const u8 gActivationDescription_ChaosCommandMagician_Popup1[] APPEND_TEXT = {
    0x23, 0x32, 0x23, 0x30, 0x77, 0x61, 0x73, 0x20, 0x61, 0x63, 0x74, 0x69,
    0x76, 0x61, 0x74, 0x65, 0x64, 0x2E, 0x23, 0x31, 0x4E, 0x65, 0x67, 0x61,
    0x74, 0x65, 0x20, 0x74, 0x68, 0x65, 0x20, 0x65, 0x66, 0x66, 0x65, 0x63,
    0x74, 0x20, 0x6F, 0x66, 0x20, 0x61, 0x23, 0x30, 0x4D, 0x6F, 0x6E, 0x73,
    0x74, 0x65, 0x72, 0x20, 0x43, 0x61, 0x72, 0x64, 0x20, 0x74, 0x68, 0x61,
    0x74, 0x20, 0x74, 0x61, 0x72, 0x67, 0x65, 0x74, 0x73, 0x23, 0x30, 0x74,
    0x68, 0x69, 0x73, 0x20, 0x31, 0x20, 0x63, 0x61, 0x72, 0x64, 0x2E, 0x23,
    0x31, 0x00,
};

const u8 gActivationDescription_BookOfLife_Popup1[] APPEND_TEXT = {
    0x23, 0x32, 0x23, 0x30, 0x77, 0x61, 0x73, 0x20, 0x61, 0x63, 0x74, 0x69,
    0x76, 0x61, 0x74, 0x65, 0x64, 0x2E, 0x23, 0x31, 0x54, 0x61, 0x72, 0x67,
    0x65, 0x74, 0x20, 0x31, 0x20, 0x5A, 0x6F, 0x6D, 0x62, 0x69, 0x65, 0x20,
    0x6D, 0x6F, 0x6E, 0x73, 0x74, 0x65, 0x72, 0x20, 0x69, 0x6E, 0x23, 0x30,
    0x79, 0x6F, 0x75, 0x72, 0x20, 0x47, 0x59, 0x20, 0x61, 0x6E, 0x64, 0x20,
    0x31, 0x20, 0x6D, 0x6F, 0x6E, 0x73, 0x74, 0x65, 0x72, 0x20, 0x69, 0x6E,
    0x23, 0x30, 0x79, 0x6F, 0x75, 0x72, 0x20, 0x6F, 0x70, 0x70, 0x6F, 0x6E,
    0x65, 0x6E, 0x74, 0x27, 0x73, 0x20, 0x47, 0x59, 0x3B, 0x20, 0x53, 0x70,
    0x65, 0x63, 0x69, 0x61, 0x6C, 0x23, 0x30, 0x53, 0x75, 0x6D, 0x6D, 0x6F,
    0x6E, 0x20, 0x74, 0x68, 0x65, 0x20, 0x66, 0x69, 0x72, 0x73, 0x74, 0x2C,
    0x20, 0x61, 0x6E, 0x64, 0x23, 0x30, 0x62, 0x61, 0x6E, 0x69, 0x73, 0x68,
    0x20, 0x74, 0x68, 0x65, 0x20, 0x73, 0x65, 0x63, 0x6F, 0x6E, 0x64, 0x2E,
    0x23, 0x31, 0x00,
};

const u8 gActivationDescription_BookOfTaiyou_Popup1[] APPEND_TEXT = {
    0x23, 0x32, 0x23, 0x30, 0x77, 0x61, 0x73, 0x20, 0x61, 0x63, 0x74, 0x69,
    0x76, 0x61, 0x74, 0x65, 0x64, 0x2E, 0x23, 0x31, 0x46, 0x6C, 0x69, 0x70,
    0x20, 0x31, 0x20, 0x66, 0x61, 0x63, 0x65, 0x2D, 0x64, 0x6F, 0x77, 0x6E,
    0x20, 0x6D, 0x6F, 0x6E, 0x73, 0x74, 0x65, 0x72, 0x20, 0x6F, 0x6E, 0x23,
    0x30, 0x74, 0x68, 0x65, 0x20, 0x66, 0x69, 0x65, 0x6C, 0x64, 0x20, 0x69,
    0x6E, 0x74, 0x6F, 0x20, 0x66, 0x61, 0x63, 0x65, 0x2D, 0x75, 0x70, 0x23,
    0x30, 0x41, 0x74, 0x74, 0x61, 0x63, 0x6B, 0x20, 0x50, 0x6F, 0x73, 0x69,
    0x74, 0x69, 0x6F, 0x6E, 0x2E, 0x23, 0x31, 0x00,
};

const u8 gActivationDescription_DeFusion_Popup1[] APPEND_TEXT = {
    0x23, 0x32, 0x23, 0x30, 0x77, 0x61, 0x73, 0x20, 0x61, 0x63, 0x74, 0x69,
    0x76, 0x61, 0x74, 0x65, 0x64, 0x2E, 0x23, 0x31, 0x54, 0x61, 0x72, 0x67,
    0x65, 0x74, 0x20, 0x61, 0x20, 0x66, 0x75, 0x73, 0x69, 0x6F, 0x6E, 0x20,
    0x6D, 0x6F, 0x6E, 0x73, 0x74, 0x65, 0x72, 0x20, 0x6F, 0x6E, 0x23, 0x30,
    0x79, 0x6F, 0x75, 0x72, 0x20, 0x73, 0x69, 0x64, 0x65, 0x20, 0x6F, 0x66,
    0x20, 0x74, 0x68, 0x65, 0x20, 0x66, 0x69, 0x65, 0x6C, 0x64, 0x2C, 0x23,
    0x30, 0x73, 0x6E, 0x65, 0x64, 0x20, 0x69, 0x74, 0x20, 0x74, 0x6F, 0x20,
    0x74, 0x68, 0x65, 0x20, 0x67, 0x72, 0x61, 0x76, 0x65, 0x79, 0x61, 0x72,
    0x64, 0x23, 0x30, 0x61, 0x6E, 0x64, 0x20, 0x73, 0x75, 0x6D, 0x6D, 0x6F,
    0x6E, 0x20, 0x69, 0x74, 0x73, 0x20, 0x6D, 0x61, 0x74, 0x65, 0x72, 0x69,
    0x61, 0x6C, 0x73, 0x23, 0x31, 0x00,
};

const u8 gActivationDescription_DiffusionWaveMotion_Popup1[] APPEND_TEXT = {
    0x23, 0x32, 0x23, 0x30, 0x77, 0x61, 0x73, 0x20, 0x61, 0x63, 0x74, 0x69,
    0x76, 0x61, 0x74, 0x65, 0x64, 0x2E, 0x23, 0x31, 0x50, 0x61, 0x79, 0x20,
    0x31, 0x30, 0x30, 0x30, 0x20, 0x4C, 0x50, 0x2E, 0x20, 0x54, 0x61, 0x72,
    0x67, 0x65, 0x74, 0x20, 0x31, 0x20, 0x4C, 0x65, 0x76, 0x65, 0x6C, 0x23,
    0x30, 0x37, 0x2B, 0x20, 0x53, 0x70, 0x65, 0x6C, 0x6C, 0x63, 0x61, 0x73,
    0x74, 0x65, 0x72, 0x20, 0x79, 0x6F, 0x75, 0x20, 0x63, 0x6F, 0x6E, 0x74,
    0x72, 0x6F, 0x6C, 0x3B, 0x23, 0x30, 0x69, 0x74, 0x20, 0x61, 0x74, 0x74,
    0x61, 0x63, 0x6B, 0x73, 0x20, 0x61, 0x6C, 0x6C, 0x20, 0x6F, 0x70, 0x70,
    0x6F, 0x6E, 0x65, 0x6E, 0x74, 0x23, 0x30, 0x6D, 0x6F, 0x6E, 0x73, 0x74,
    0x65, 0x72, 0x73, 0x20, 0x6F, 0x6E, 0x63, 0x65, 0x20, 0x65, 0x61, 0x63,
    0x68, 0x2E, 0x23, 0x31, 0x00,
};

const u8 gActivationDescription_AutonomousActionUnit_Popup1[] APPEND_TEXT = {
    0x23, 0x32, 0x23, 0x30, 0x77, 0x61, 0x73, 0x20, 0x61, 0x63, 0x74, 0x69,
    0x76, 0x61, 0x74, 0x65, 0x64, 0x2E, 0x23, 0x31, 0x50, 0x61, 0x79, 0x20,
    0x31, 0x35, 0x30, 0x30, 0x20, 0x4C, 0x69, 0x66, 0x65, 0x20, 0x50, 0x6F,
    0x69, 0x6E, 0x74, 0x73, 0x2C, 0x20, 0x74, 0x68, 0x65, 0x6E, 0x23, 0x30,
    0x73, 0x70, 0x65, 0x63, 0x69, 0x61, 0x6C, 0x20, 0x73, 0x75, 0x6D, 0x6D,
    0x6F, 0x6E, 0x20, 0x31, 0x20, 0x6D, 0x6F, 0x6E, 0x73, 0x74, 0x65, 0x72,
    0x23, 0x30, 0x66, 0x72, 0x6F, 0x6D, 0x20, 0x79, 0x6F, 0x75, 0x72, 0x20,
    0x6F, 0x70, 0x70, 0x6F, 0x6E, 0x65, 0x6E, 0x74, 0x27, 0x73, 0x23, 0x30,
    0x47, 0x72, 0x61, 0x76, 0x65, 0x79, 0x61, 0x72, 0x64, 0x2E, 0x23, 0x31,
    0x00,
};

const u8 gActivationDescription_ElementalHeroRampartBlaster_Popup1[] APPEND_TEXT = {
    0x23, 0x32, 0x23, 0x30, 0x77, 0x61, 0x73, 0x20, 0x61, 0x63, 0x74, 0x69,
    0x76, 0x61, 0x74, 0x65, 0x64, 0x2E, 0x23, 0x31, 0x49, 0x6E, 0x66, 0x6C,
    0x69, 0x63, 0x74, 0x20, 0x64, 0x61, 0x6D, 0x61, 0x67, 0x65, 0x20, 0x65,
    0x71, 0x75, 0x61, 0x6C, 0x20, 0x74, 0x6F, 0x23, 0x30, 0x68, 0x61, 0x6C,
    0x66, 0x20, 0x74, 0x68, 0x69, 0x73, 0x20, 0x63, 0x61, 0x72, 0x64, 0x27,
    0x73, 0x20, 0x63, 0x75, 0x72, 0x72, 0x65, 0x6E, 0x74, 0x23, 0x30, 0x41,
    0x54, 0x4B, 0x2E, 0x23, 0x31, 0x00,
};

const u8 gActivationDescription_ALegendaryOcean_Popup1[] APPEND_TEXT = {
    0x23, 0x32, 0x23, 0x30, 0x77, 0x61, 0x73, 0x20, 0x61, 0x63, 0x74, 0x69,
    0x76, 0x61, 0x74, 0x65, 0x64, 0x2E, 0x23, 0x31, 0x43, 0x68, 0x61, 0x6E,
    0x67, 0x65, 0x20, 0x74, 0x68, 0x65, 0x20, 0x66, 0x69, 0x65, 0x6C, 0x64,
    0x20, 0x74, 0x6F, 0x20, 0x55, 0x6D, 0x69, 0x2E, 0x23, 0x30, 0x57, 0x41,
    0x54, 0x45, 0x52, 0x20, 0x6D, 0x6F, 0x6E, 0x73, 0x74, 0x65, 0x72, 0x73,
    0x20, 0x6F, 0x6E, 0x20, 0x74, 0x68, 0x65, 0x20, 0x66, 0x69, 0x65, 0x6C,
    0x64, 0x23, 0x30, 0x67, 0x61, 0x69, 0x6E, 0x20, 0x32, 0x30, 0x30, 0x20,
    0x41, 0x54, 0x4B, 0x2F, 0x44, 0x45, 0x46, 0x2E, 0x23, 0x31, 0x52, 0x65,
    0x64, 0x75, 0x63, 0x65, 0x20, 0x74, 0x68, 0x65, 0x20, 0x4C, 0x65, 0x76,
    0x65, 0x6C, 0x20, 0x6F, 0x66, 0x20, 0x61, 0x6C, 0x6C, 0x23, 0x30, 0x57,
    0x41, 0x54, 0x45, 0x52, 0x20, 0x6D, 0x6F, 0x6E, 0x73, 0x74, 0x65, 0x72,
    0x73, 0x20, 0x69, 0x6E, 0x20, 0x62, 0x6F, 0x74, 0x68, 0x23, 0x30, 0x70,
    0x6C, 0x61, 0x79, 0x65, 0x72, 0x73, 0x27, 0x20, 0x68, 0x61, 0x6E, 0x64,
    0x73, 0x20, 0x61, 0x6E, 0x64, 0x20, 0x6F, 0x6E, 0x20, 0x74, 0x68, 0x65,
    0x23, 0x30, 0x66, 0x69, 0x65, 0x6C, 0x64, 0x20, 0x62, 0x79, 0x20, 0x31,
    0x2E, 0x23, 0x31, 0x00,
};

const u8 gActivationDescription_DarkMagicianOfChaos_Popup1[] APPEND_TEXT = {
    0x23, 0x32, 0x23, 0x30, 0x77, 0x61, 0x73, 0x20, 0x61, 0x63, 0x74, 0x69,
    0x76, 0x61, 0x74, 0x65, 0x64, 0x2E, 0x23, 0x31, 0x41, 0x64, 0x64, 0x20,
    0x61, 0x20, 0x73, 0x70, 0x65, 0x6C, 0x6C, 0x20, 0x66, 0x72, 0x6F, 0x6D,
    0x20, 0x79, 0x6F, 0x75, 0x72, 0x23, 0x30, 0x67, 0x72, 0x61, 0x76, 0x65,
    0x79, 0x61, 0x72, 0x64, 0x20, 0x74, 0x6F, 0x20, 0x79, 0x6F, 0x75, 0x72,
    0x20, 0x68, 0x61, 0x6E, 0x64, 0x2E, 0x23, 0x31, 0x00,
};

const u8 gActivationDescription_DedicationThroughLightAndDarkness_Popup1[] APPEND_TEXT = {
    0x23, 0x32, 0x23, 0x30, 0x77, 0x61, 0x73, 0x20, 0x61, 0x63, 0x74, 0x69,
    0x76, 0x61, 0x74, 0x65, 0x64, 0x2E, 0x23, 0x31, 0x54, 0x72, 0x69, 0x62,
    0x75, 0x74, 0x65, 0x20, 0x31, 0x20, 0x44, 0x61, 0x72, 0x6B, 0x20, 0x4D,
    0x61, 0x67, 0x69, 0x63, 0x69, 0x61, 0x6E, 0x3B, 0x23, 0x30, 0x53, 0x70,
    0x65, 0x63, 0x69, 0x61, 0x6C, 0x20, 0x53, 0x75, 0x6D, 0x6D, 0x6F, 0x6E,
    0x20, 0x31, 0x20, 0x44, 0x61, 0x72, 0x6B, 0x23, 0x30, 0x4D, 0x61, 0x67,
    0x69, 0x63, 0x69, 0x61, 0x6E, 0x20, 0x6F, 0x66, 0x20, 0x43, 0x68, 0x61,
    0x6F, 0x73, 0x20, 0x66, 0x72, 0x6F, 0x6D, 0x20, 0x79, 0x6F, 0x75, 0x72,
    0x23, 0x30, 0x68, 0x61, 0x6E, 0x64, 0x2C, 0x20, 0x44, 0x65, 0x63, 0x6B,
    0x2C, 0x20, 0x6F, 0x72, 0x20, 0x47, 0x72, 0x61, 0x76, 0x65, 0x79, 0x61,
    0x72, 0x64, 0x2E, 0x23, 0x31, 0x00,
};

const u8 gActivationDescription_ElementalHeroSteamHealer_Popup1[] APPEND_TEXT = {
    0x23, 0x32, 0x23, 0x30, 0x77, 0x61, 0x73, 0x20, 0x61, 0x63, 0x74, 0x69,
    0x76, 0x61, 0x74, 0x65, 0x64, 0x2E, 0x23, 0x31, 0x47, 0x61, 0x69, 0x6E,
    0x20, 0x4C, 0x69, 0x66, 0x65, 0x20, 0x50, 0x6F, 0x69, 0x6E, 0x74, 0x73,
    0x20, 0x65, 0x71, 0x75, 0x61, 0x6C, 0x20, 0x74, 0x6F, 0x23, 0x30, 0x74,
    0x68, 0x65, 0x20, 0x41, 0x54, 0x4B, 0x20, 0x6F, 0x66, 0x20, 0x74, 0x68,
    0x65, 0x20, 0x64, 0x65, 0x73, 0x74, 0x72, 0x6F, 0x79, 0x65, 0x64, 0x23,
    0x30, 0x6D, 0x6F, 0x6E, 0x73, 0x74, 0x65, 0x72, 0x20, 0x69, 0x6E, 0x20,
    0x74, 0x68, 0x65, 0x20, 0x47, 0x72, 0x61, 0x76, 0x65, 0x79, 0x61, 0x72,
    0x64, 0x2E, 0x23, 0x31, 0x00,
};

const u8 gActivationDescription_ElementalHeroFlameWingman_Popup1[] APPEND_TEXT = {
    0x23, 0x32, 0x23, 0x30, 0x77, 0x61, 0x73, 0x20, 0x61, 0x63, 0x74, 0x69,
    0x76, 0x61, 0x74, 0x65, 0x64, 0x2E, 0x23, 0x31, 0x49, 0x6E, 0x66, 0x6C,
    0x69, 0x63, 0x74, 0x20, 0x64, 0x61, 0x6D, 0x61, 0x67, 0x65, 0x20, 0x74,
    0x6F, 0x20, 0x79, 0x6F, 0x75, 0x72, 0x23, 0x30, 0x6F, 0x70, 0x70, 0x6F,
    0x6E, 0x65, 0x6E, 0x74, 0x20, 0x65, 0x71, 0x75, 0x61, 0x6C, 0x20, 0x74,
    0x6F, 0x20, 0x74, 0x68, 0x65, 0x20, 0x41, 0x54, 0x4B, 0x23, 0x30, 0x6F,
    0x66, 0x20, 0x74, 0x68, 0x65, 0x20, 0x64, 0x65, 0x73, 0x74, 0x72, 0x6F,
    0x79, 0x65, 0x64, 0x20, 0x6D, 0x6F, 0x6E, 0x73, 0x74, 0x65, 0x72, 0x2E,
    0x23, 0x31, 0x00,
};

const u8 gActivationDescription_ElementalHeroShiningFlareWingman_Popup1[] APPEND_TEXT = {
    0x23, 0x32, 0x23, 0x30, 0x77, 0x61, 0x73, 0x20, 0x61, 0x63, 0x74, 0x69,
    0x76, 0x61, 0x74, 0x65, 0x64, 0x2E, 0x23, 0x31, 0x49, 0x6E, 0x66, 0x6C,
    0x69, 0x63, 0x74, 0x20, 0x64, 0x61, 0x6D, 0x61, 0x67, 0x65, 0x20, 0x74,
    0x6F, 0x20, 0x79, 0x6F, 0x75, 0x72, 0x23, 0x30, 0x6F, 0x70, 0x70, 0x6F,
    0x6E, 0x65, 0x6E, 0x74, 0x20, 0x65, 0x71, 0x75, 0x61, 0x6C, 0x20, 0x74,
    0x6F, 0x20, 0x74, 0x68, 0x65, 0x20, 0x41, 0x54, 0x4B, 0x23, 0x30, 0x6F,
    0x66, 0x20, 0x74, 0x68, 0x65, 0x20, 0x64, 0x65, 0x73, 0x74, 0x72, 0x6F,
    0x79, 0x65, 0x64, 0x20, 0x6D, 0x6F, 0x6E, 0x73, 0x74, 0x65, 0x72, 0x2E,
    0x23, 0x31, 0x00,
};

const u8 gActivationDescription_ElementalHeroTempest_Popup1[] APPEND_TEXT = {
    0x23, 0x32, 0x23, 0x30, 0x77, 0x61, 0x73, 0x20, 0x61, 0x63, 0x74, 0x69,
    0x76, 0x61, 0x74, 0x65, 0x64, 0x2E, 0x23, 0x31, 0x53, 0x65, 0x6E, 0x64,
    0x20, 0x31, 0x20, 0x6F, 0x74, 0x68, 0x65, 0x72, 0x20, 0x63, 0x61, 0x72,
    0x64, 0x20, 0x74, 0x6F, 0x20, 0x74, 0x68, 0x65, 0x23, 0x30, 0x47, 0x59,
    0x3B, 0x20, 0x70, 0x72, 0x6F, 0x74, 0x65, 0x63, 0x74, 0x20, 0x31, 0x20,
    0x61, 0x6C, 0x6C, 0x79, 0x20, 0x66, 0x72, 0x6F, 0x6D, 0x23, 0x30, 0x62,
    0x61, 0x74, 0x74, 0x6C, 0x65, 0x20, 0x64, 0x65, 0x73, 0x74, 0x72, 0x75,
    0x63, 0x74, 0x69, 0x6F, 0x6E, 0x2E, 0x23, 0x31, 0x00,
};

const u8 gActivationDescription_ElementalHeroWildedge_Popup1[] APPEND_TEXT = {
    0x23, 0x32, 0x23, 0x30, 0x77, 0x61, 0x73, 0x20, 0x61, 0x63, 0x74, 0x69,
    0x76, 0x61, 0x74, 0x65, 0x64, 0x2E, 0x23, 0x31, 0x41, 0x74, 0x74, 0x61,
    0x63, 0x6B, 0x20, 0x65, 0x76, 0x65, 0x72, 0x79, 0x20, 0x6F, 0x70, 0x70,
    0x6F, 0x6E, 0x65, 0x6E, 0x74, 0x23, 0x30, 0x6D, 0x6F, 0x6E, 0x73, 0x74,
    0x65, 0x72, 0x20, 0x6F, 0x6E, 0x63, 0x65, 0x20, 0x65, 0x61, 0x63, 0x68,
    0x20, 0x42, 0x61, 0x74, 0x74, 0x6C, 0x65, 0x23, 0x30, 0x50, 0x68, 0x61,
    0x73, 0x65, 0x2E, 0x23, 0x31, 0x00,
};

const u8 gActivationDescription_ElementalHeroThunderGiant_Popup1[] APPEND_TEXT = {
    0x23, 0x32, 0x23, 0x30, 0x77, 0x61, 0x73, 0x20, 0x61, 0x63, 0x74, 0x69,
    0x76, 0x61, 0x74, 0x65, 0x64, 0x2E, 0x23, 0x31, 0x44, 0x69, 0x73, 0x63,
    0x61, 0x72, 0x64, 0x20, 0x31, 0x20, 0x63, 0x61, 0x72, 0x64, 0x2C, 0x20,
    0x64, 0x65, 0x73, 0x74, 0x72, 0x6F, 0x79, 0x20, 0x31, 0x23, 0x30, 0x6D,
    0x6F, 0x6E, 0x73, 0x74, 0x65, 0x72, 0x20, 0x77, 0x69, 0x74, 0x68, 0x20,
    0x6C, 0x65, 0x73, 0x73, 0x20, 0x6F, 0x72, 0x20, 0x65, 0x71, 0x75, 0x61,
    0x6C, 0x23, 0x30, 0x41, 0x54, 0x4B, 0x20, 0x74, 0x6F, 0x20, 0x54, 0x68,
    0x75, 0x6E, 0x64, 0x65, 0x72, 0x20, 0x47, 0x69, 0x61, 0x6E, 0x74, 0x2E,
    0x23, 0x31, 0x00,
};

const u8 gActivationDescription_ElementalHeroMariner_Popup1[] APPEND_TEXT = {
    0x23, 0x32, 0x23, 0x30, 0x77, 0x61, 0x73, 0x20, 0x61, 0x63, 0x74, 0x69,
    0x76, 0x61, 0x74, 0x65, 0x64, 0x2E, 0x23, 0x31, 0x57, 0x68, 0x69, 0x6C,
    0x65, 0x20, 0x79, 0x6F, 0x75, 0x20, 0x68, 0x61, 0x76, 0x65, 0x20, 0x61,
    0x20, 0x66, 0x61, 0x63, 0x65, 0x20, 0x64, 0x6F, 0x77, 0x6E, 0x23, 0x30,
    0x73, 0x70, 0x65, 0x6C, 0x6C, 0x20, 0x6F, 0x72, 0x20, 0x74, 0x72, 0x61,
    0x70, 0x2C, 0x20, 0x74, 0x68, 0x69, 0x73, 0x20, 0x63, 0x61, 0x72, 0x64,
    0x23, 0x30, 0x63, 0x61, 0x6E, 0x20, 0x61, 0x74, 0x74, 0x61, 0x63, 0x6B,
    0x20, 0x64, 0x69, 0x72, 0x65, 0x63, 0x74, 0x6C, 0x79, 0x2E, 0x23, 0x31,
    0x00,
};

const u8 gActivationDescription_ElementalHeroElectrum_Popup1[] APPEND_TEXT = {
    0x23, 0x32, 0x23, 0x30, 0x77, 0x61, 0x73, 0x20, 0x61, 0x63, 0x74, 0x69,
    0x76, 0x61, 0x74, 0x65, 0x64, 0x2E, 0x23, 0x31, 0x41, 0x6C, 0x6C, 0x20,
    0x6D, 0x6F, 0x6E, 0x73, 0x74, 0x65, 0x72, 0x73, 0x20, 0x72, 0x65, 0x6D,
    0x6F, 0x76, 0x65, 0x64, 0x20, 0x66, 0x72, 0x6F, 0x6D, 0x23, 0x30, 0x70,
    0x6C, 0x61, 0x79, 0x65, 0x72, 0x20, 0x61, 0x72, 0x65, 0x20, 0x72, 0x65,
    0x74, 0x75, 0x72, 0x6E, 0x65, 0x64, 0x20, 0x74, 0x6F, 0x23, 0x30, 0x74,
    0x68, 0x65, 0x69, 0x72, 0x20, 0x72, 0x65, 0x73, 0x70, 0x65, 0x63, 0x74,
    0x69, 0x76, 0x65, 0x20, 0x64, 0x65, 0x63, 0x6B, 0x73, 0x2E, 0x23, 0x31,
    0x00,
};

const u8 gActivationDescription_MiracleFusion_Popup1[] APPEND_TEXT = {
    0x23, 0x32, 0x23, 0x30, 0x77, 0x61, 0x73, 0x20, 0x61, 0x63, 0x74, 0x69,
    0x76, 0x61, 0x74, 0x65, 0x64, 0x2E, 0x23, 0x31, 0x53, 0x75, 0x6D, 0x6D,
    0x6F, 0x6E, 0x20, 0x31, 0x20, 0x45, 0x6C, 0x65, 0x6D, 0x65, 0x6E, 0x74,
    0x61, 0x6C, 0x20, 0x48, 0x45, 0x52, 0x4F, 0x23, 0x30, 0x46, 0x75, 0x73,
    0x69, 0x6F, 0x6E, 0x20, 0x4D, 0x6F, 0x6E, 0x73, 0x74, 0x65, 0x72, 0x20,
    0x75, 0x73, 0x69, 0x6E, 0x67, 0x23, 0x30, 0x6D, 0x6F, 0x6E, 0x73, 0x74,
    0x65, 0x72, 0x73, 0x20, 0x66, 0x72, 0x6F, 0x6D, 0x20, 0x66, 0x69, 0x65,
    0x6C, 0x64, 0x20, 0x6F, 0x72, 0x23, 0x30, 0x47, 0x72, 0x61, 0x76, 0x65,
    0x79, 0x61, 0x72, 0x64, 0x20, 0x61, 0x73, 0x20, 0x6D, 0x61, 0x74, 0x65,
    0x72, 0x69, 0x61, 0x6C, 0x73, 0x2E, 0x23, 0x31, 0x00,
};

const u8 gActivationDescription_TheAgentOfForceMars_Popup1[] APPEND_TEXT = {
    0x23, 0x32, 0x23, 0x30, 0x77, 0x61, 0x73, 0x20, 0x61, 0x63, 0x74, 0x69,
    0x76, 0x61, 0x74, 0x65, 0x64, 0x2E, 0x23, 0x31, 0x57, 0x68, 0x69, 0x6C,
    0x65, 0x20, 0x53, 0x61, 0x6E, 0x63, 0x74, 0x75, 0x61, 0x72, 0x79, 0x20,
    0x69, 0x6E, 0x20, 0x74, 0x68, 0x65, 0x20, 0x53, 0x6B, 0x79, 0x23, 0x30,
    0x69, 0x73, 0x20, 0x61, 0x63, 0x74, 0x69, 0x76, 0x65, 0x20, 0x61, 0x6E,
    0x64, 0x20, 0x79, 0x6F, 0x75, 0x72, 0x20, 0x4C, 0x50, 0x20, 0x61, 0x72,
    0x65, 0x23, 0x30, 0x68, 0x69, 0x67, 0x68, 0x65, 0x72, 0x2C, 0x20, 0x67,
    0x61, 0x69, 0x6E, 0x20, 0x41, 0x54, 0x4B, 0x2F, 0x44, 0x45, 0x46, 0x20,
    0x65, 0x71, 0x75, 0x61, 0x6C, 0x23, 0x30, 0x74, 0x6F, 0x20, 0x74, 0x68,
    0x65, 0x20, 0x64, 0x69, 0x66, 0x66, 0x65, 0x72, 0x65, 0x6E, 0x63, 0x65,
    0x2E, 0x23, 0x31, 0x00,
};

const u8 gActivationDescription_ChaosEmperorDragonEnvoyOfTheEnd_Popup1[] APPEND_TEXT = {
    0x23, 0x32, 0x23, 0x30, 0x77, 0x61, 0x73, 0x20, 0x61, 0x63, 0x74, 0x69,
    0x76, 0x61, 0x74, 0x65, 0x64, 0x2E, 0x23, 0x31, 0x50, 0x61, 0x79, 0x20,
    0x31, 0x30, 0x30, 0x30, 0x20, 0x4C, 0x50, 0x3B, 0x20, 0x73, 0x65, 0x6E,
    0x64, 0x20, 0x61, 0x6C, 0x6C, 0x20, 0x63, 0x61, 0x72, 0x64, 0x73, 0x23,
    0x30, 0x74, 0x6F, 0x20, 0x47, 0x59, 0x2C, 0x20, 0x74, 0x68, 0x65, 0x6E,
    0x20, 0x64, 0x65, 0x61, 0x6C, 0x20, 0x33, 0x30, 0x30, 0x20, 0x4C, 0x50,
    0x20, 0x6F, 0x66, 0x23, 0x30, 0x64, 0x61, 0x6D, 0x61, 0x67, 0x65, 0x20,
    0x74, 0x6F, 0x20, 0x79, 0x6F, 0x75, 0x72, 0x20, 0x6F, 0x70, 0x70, 0x6F,
    0x6E, 0x65, 0x6E, 0x74, 0x20, 0x66, 0x6F, 0x72, 0x23, 0x30, 0x65, 0x61,
    0x63, 0x68, 0x20, 0x6F, 0x66, 0x20, 0x74, 0x68, 0x65, 0x73, 0x65, 0x20,
    0x63, 0x61, 0x72, 0x64, 0x73, 0x2E, 0x23, 0x31, 0x00,
};

const u8 gActivationDescription_BlackLusterSoldierEnvoyOfTheBeginning_Popup1[] APPEND_TEXT = {
    0x23, 0x32, 0x23, 0x30, 0x77, 0x61, 0x73, 0x20, 0x61, 0x63, 0x74, 0x69,
    0x76, 0x61, 0x74, 0x65, 0x64, 0x2E, 0x23, 0x31, 0x54, 0x61, 0x72, 0x67,
    0x65, 0x74, 0x20, 0x31, 0x20, 0x6D, 0x6F, 0x6E, 0x73, 0x74, 0x65, 0x72,
    0x20, 0x6F, 0x6E, 0x20, 0x74, 0x68, 0x65, 0x23, 0x30, 0x66, 0x69, 0x65,
    0x6C, 0x64, 0x3B, 0x20, 0x62, 0x61, 0x6E, 0x69, 0x73, 0x68, 0x20, 0x69,
    0x74, 0x2E, 0x20, 0x54, 0x68, 0x69, 0x73, 0x20, 0x63, 0x61, 0x72, 0x64,
    0x23, 0x30, 0x63, 0x61, 0x6E, 0x6E, 0x6F, 0x74, 0x20, 0x61, 0x74, 0x74,
    0x61, 0x63, 0x6B, 0x20, 0x74, 0x68, 0x65, 0x20, 0x74, 0x75, 0x72, 0x6E,
    0x20, 0x74, 0x68, 0x69, 0x73, 0x23, 0x30, 0x65, 0x66, 0x66, 0x65, 0x63,
    0x74, 0x20, 0x69, 0x73, 0x20, 0x61, 0x63, 0x74, 0x69, 0x76, 0x61, 0x74,
    0x65, 0x64, 0x2E, 0x23, 0x31, 0x00,
};

const u8 gActivationDescription_ElementalHeroWoodsman_Popup1[] APPEND_TEXT = {
    0x23, 0x32, 0x23, 0x30, 0x77, 0x61, 0x73, 0x20, 0x61, 0x63, 0x74, 0x69,
    0x76, 0x61, 0x74, 0x65, 0x64, 0x2E, 0x23, 0x31, 0x41, 0x64, 0x64, 0x20,
    0x31, 0x20, 0x50, 0x6F, 0x6C, 0x79, 0x6D, 0x65, 0x72, 0x69, 0x7A, 0x61,
    0x74, 0x69, 0x6F, 0x6E, 0x20, 0x66, 0x72, 0x6F, 0x6D, 0x23, 0x30, 0x79,
    0x6F, 0x75, 0x72, 0x20, 0x44, 0x65, 0x63, 0x6B, 0x20, 0x6F, 0x72, 0x20,
    0x47, 0x72, 0x61, 0x76, 0x65, 0x79, 0x61, 0x72, 0x64, 0x20, 0x74, 0x6F,
    0x23, 0x30, 0x79, 0x6F, 0x75, 0x72, 0x20, 0x68, 0x61, 0x6E, 0x64, 0x2E,
    0x23, 0x31, 0x00,
};

const u8 gActivationDescription_ElementalHeroOcean_Popup1[] APPEND_TEXT = {
    0x23, 0x32, 0x23, 0x30, 0x77, 0x61, 0x73, 0x20, 0x61, 0x63, 0x74, 0x69,
    0x76, 0x61, 0x74, 0x65, 0x64, 0x2E, 0x23, 0x31, 0x4F, 0x6E, 0x63, 0x65,
    0x20, 0x70, 0x65, 0x72, 0x20, 0x74, 0x75, 0x72, 0x6E, 0x2C, 0x20, 0x79,
    0x6F, 0x75, 0x20, 0x63, 0x61, 0x6E, 0x23, 0x30, 0x74, 0x61, 0x72, 0x67,
    0x65, 0x74, 0x20, 0x31, 0x20, 0x48, 0x45, 0x52, 0x4F, 0x20, 0x6D, 0x6F,
    0x6E, 0x73, 0x74, 0x65, 0x72, 0x20, 0x6F, 0x6E, 0x23, 0x30, 0x79, 0x6F,
    0x75, 0x72, 0x20, 0x66, 0x69, 0x65, 0x6C, 0x64, 0x20, 0x6F, 0x72, 0x20,
    0x69, 0x6E, 0x20, 0x79, 0x6F, 0x75, 0x72, 0x23, 0x30, 0x47, 0x72, 0x61,
    0x76, 0x65, 0x79, 0x61, 0x72, 0x64, 0x20, 0x61, 0x6E, 0x64, 0x20, 0x72,
    0x65, 0x74, 0x75, 0x72, 0x6E, 0x20, 0x69, 0x74, 0x20, 0x74, 0x6F, 0x23,
    0x30, 0x79, 0x6F, 0x75, 0x72, 0x20, 0x68, 0x61, 0x6E, 0x64, 0x2E, 0x23,
    0x31, 0x00,
};

const u8 gActivationDescription_ElementalHeroHeat_Popup1[] APPEND_TEXT = {
    0x23, 0x32, 0x23, 0x30, 0x77, 0x61, 0x73, 0x20, 0x61, 0x63, 0x74, 0x69,
    0x76, 0x61, 0x74, 0x65, 0x64, 0x2E, 0x23, 0x31, 0x54, 0x68, 0x69, 0x73,
    0x20, 0x63, 0x61, 0x72, 0x64, 0x20, 0x67, 0x61, 0x69, 0x6E, 0x73, 0x20,
    0x32, 0x30, 0x30, 0x20, 0x41, 0x54, 0x4B, 0x20, 0x66, 0x6F, 0x72, 0x23,
    0x30, 0x65, 0x61, 0x63, 0x68, 0x20, 0x45, 0x6C, 0x65, 0x6D, 0x65, 0x6E,
    0x74, 0x61, 0x6C, 0x20, 0x48, 0x45, 0x52, 0x4F, 0x20, 0x6D, 0x6F, 0x6E,
    0x73, 0x74, 0x65, 0x72, 0x23, 0x30, 0x79, 0x6F, 0x75, 0x20, 0x63, 0x6F,
    0x6E, 0x74, 0x72, 0x6F, 0x6C, 0x2E, 0x23, 0x31, 0x00,
};

const u8 gActivationDescription_ElementalHeroLadyHeat_Popup1[] APPEND_TEXT = {
    0x23, 0x32, 0x23, 0x30, 0x77, 0x61, 0x73, 0x20, 0x61, 0x63, 0x74, 0x69,
    0x76, 0x61, 0x74, 0x65, 0x64, 0x2E, 0x23, 0x31, 0x49, 0x6E, 0x66, 0x6C,
    0x69, 0x63, 0x74, 0x20, 0x32, 0x30, 0x30, 0x4C, 0x50, 0x20, 0x64, 0x61,
    0x6D, 0x61, 0x67, 0x65, 0x20, 0x74, 0x6F, 0x23, 0x30, 0x79, 0x6F, 0x75,
    0x72, 0x20, 0x6F, 0x70, 0x70, 0x6F, 0x6E, 0x65, 0x6E, 0x74, 0x20, 0x66,
    0x6F, 0x72, 0x20, 0x65, 0x61, 0x63, 0x68, 0x23, 0x30, 0x66, 0x61, 0x63,
    0x65, 0x2D, 0x75, 0x70, 0x20, 0x45, 0x6C, 0x65, 0x6D, 0x65, 0x6E, 0x74,
    0x61, 0x6C, 0x20, 0x48, 0x45, 0x52, 0x4F, 0x20, 0x79, 0x6F, 0x75, 0x23,
    0x30, 0x63, 0x6F, 0x6E, 0x74, 0x72, 0x6F, 0x6C, 0x2E, 0x23, 0x31, 0x00,
};

const u8 gActivationDescription_ElementalHeroNeosAlius_Popup1[] APPEND_TEXT = {
    0x23, 0x32, 0x23, 0x30, 0x77, 0x61, 0x73, 0x20, 0x61, 0x63, 0x74, 0x69,
    0x76, 0x61, 0x74, 0x65, 0x64, 0x2E, 0x23, 0x31, 0x54, 0x68, 0x69, 0x73,
    0x20, 0x63, 0x61, 0x72, 0x64, 0x27, 0x73, 0x20, 0x6E, 0x61, 0x6D, 0x65,
    0x20, 0x62, 0x65, 0x63, 0x6F, 0x6D, 0x65, 0x73, 0x23, 0x30, 0x45, 0x6C,
    0x65, 0x6D, 0x65, 0x6E, 0x74, 0x61, 0x6C, 0x20, 0x48, 0x45, 0x52, 0x4F,
    0x20, 0x4E, 0x65, 0x6F, 0x73, 0x20, 0x77, 0x68, 0x69, 0x6C, 0x65, 0x23,
    0x30, 0x6F, 0x6E, 0x20, 0x74, 0x68, 0x65, 0x20, 0x66, 0x69, 0x65, 0x6C,
    0x64, 0x2E, 0x23, 0x31, 0x00,
};

const u8 gActivationDescription_ElementalHeroGreatTornado_Popup1[] APPEND_TEXT = {
    0x23, 0x32, 0x23, 0x30, 0x77, 0x61, 0x73, 0x20, 0x61, 0x63, 0x74, 0x69,
    0x76, 0x61, 0x74, 0x65, 0x64, 0x2E, 0x23, 0x31, 0x48, 0x61, 0x6C, 0x76,
    0x65, 0x20, 0x74, 0x68, 0x65, 0x20, 0x41, 0x54, 0x4B, 0x2F, 0x44, 0x45,
    0x46, 0x20, 0x6F, 0x66, 0x20, 0x61, 0x6C, 0x6C, 0x23, 0x30, 0x66, 0x61,
    0x63, 0x65, 0x2D, 0x75, 0x70, 0x20, 0x6F, 0x70, 0x70, 0x6F, 0x6E, 0x65,
    0x6E, 0x74, 0x20, 0x6D, 0x6F, 0x6E, 0x73, 0x74, 0x65, 0x72, 0x73, 0x2E,
    0x23, 0x31, 0x00,
};

const u8 gActivationDescription_ElementalHeroTerraFirma_Popup1[] APPEND_TEXT = {
    0x23, 0x32, 0x23, 0x30, 0x77, 0x61, 0x73, 0x20, 0x61, 0x63, 0x74, 0x69,
    0x76, 0x61, 0x74, 0x65, 0x64, 0x2E, 0x23, 0x31, 0x54, 0x72, 0x69, 0x62,
    0x75, 0x74, 0x65, 0x20, 0x31, 0x20, 0x45, 0x6C, 0x65, 0x6D, 0x65, 0x6E,
    0x74, 0x61, 0x6C, 0x20, 0x48, 0x45, 0x52, 0x4F, 0x23, 0x30, 0x6D, 0x6F,
    0x6E, 0x73, 0x74, 0x65, 0x72, 0x20, 0x6F, 0x6E, 0x20, 0x79, 0x6F, 0x75,
    0x72, 0x20, 0x73, 0x69, 0x64, 0x65, 0x20, 0x6F, 0x66, 0x20, 0x74, 0x68,
    0x65, 0x23, 0x30, 0x66, 0x69, 0x65, 0x6C, 0x64, 0x2E, 0x23, 0x31, 0x45,
    0x6C, 0x65, 0x6D, 0x65, 0x6E, 0x74, 0x61, 0x6C, 0x20, 0x48, 0x65, 0x72,
    0x6F, 0x20, 0x54, 0x65, 0x72, 0x72, 0x61, 0x20, 0x46, 0x69, 0x72, 0x6D,
    0x61, 0x23, 0x30, 0x77, 0x69, 0x6C, 0x6C, 0x20, 0x67, 0x61, 0x69, 0x6E,
    0x20, 0x41, 0x54, 0x4B, 0x20, 0x65, 0x71, 0x75, 0x61, 0x6C, 0x20, 0x74,
    0x6F, 0x20, 0x74, 0x68, 0x65, 0x23, 0x30, 0x54, 0x72, 0x69, 0x62, 0x75,
    0x74, 0x65, 0x64, 0x20, 0x6D, 0x6F, 0x6E, 0x73, 0x74, 0x65, 0x72, 0x27,
    0x73, 0x20, 0x41, 0x54, 0x4B, 0x23, 0x30, 0x75, 0x6E, 0x74, 0x69, 0x6C,
    0x20, 0x74, 0x68, 0x65, 0x20, 0x45, 0x6E, 0x64, 0x20, 0x50, 0x68, 0x61,
    0x73, 0x65, 0x2E, 0x23, 0x31, 0x00,
};

const u8 gActivationDescription_ElementalHeroKnospe_Popup1[] APPEND_TEXT = {
    0x23, 0x32, 0x23, 0x30, 0x77, 0x61, 0x73, 0x20, 0x61, 0x63, 0x74, 0x69,
    0x76, 0x61, 0x74, 0x65, 0x64, 0x2E, 0x23, 0x31, 0x45, 0x61, 0x63, 0x68,
    0x20, 0x74, 0x69, 0x6D, 0x65, 0x20, 0x69, 0x74, 0x20, 0x69, 0x6E, 0x66,
    0x6C, 0x69, 0x63, 0x74, 0x73, 0x23, 0x30, 0x42, 0x61, 0x74, 0x74, 0x6C,
    0x65, 0x20, 0x44, 0x61, 0x6D, 0x61, 0x67, 0x65, 0x20, 0x74, 0x6F, 0x20,
    0x79, 0x6F, 0x75, 0x72, 0x23, 0x30, 0x6F, 0x70, 0x70, 0x6F, 0x6E, 0x65,
    0x6E, 0x74, 0x3A, 0x20, 0x49, 0x74, 0x20, 0x67, 0x61, 0x69, 0x6E, 0x73,
    0x20, 0x31, 0x30, 0x30, 0x20, 0x41, 0x54, 0x4B, 0x23, 0x30, 0x61, 0x6E,
    0x64, 0x20, 0x6C, 0x6F, 0x73, 0x65, 0x73, 0x20, 0x31, 0x30, 0x30, 0x20,
    0x44, 0x45, 0x46, 0x2E, 0x23, 0x31, 0x00,
};

const u8 gActivationDescription_ElementalHeroPoisonRose_Popup1[] APPEND_TEXT = {
    0x23, 0x32, 0x23, 0x30, 0x77, 0x61, 0x73, 0x20, 0x61, 0x63, 0x74, 0x69,
    0x76, 0x61, 0x74, 0x65, 0x64, 0x2E, 0x23, 0x31, 0x49, 0x6E, 0x66, 0x6C,
    0x69, 0x63, 0x74, 0x73, 0x20, 0x62, 0x61, 0x74, 0x74, 0x6C, 0x65, 0x20,
    0x64, 0x61, 0x6D, 0x61, 0x67, 0x65, 0x3A, 0x23, 0x30, 0x2B, 0x32, 0x30,
    0x30, 0x20, 0x41, 0x54, 0x4B, 0x2C, 0x20, 0x2D, 0x32, 0x30, 0x30, 0x20,
    0x44, 0x45, 0x46, 0x2E, 0x23, 0x31, 0x00,
};

const u8 gActivationDescription_ElementalHeroAbsoluteZero_Popup1[] APPEND_TEXT = {
    0x23, 0x32, 0x23, 0x30, 0x77, 0x61, 0x73, 0x20, 0x61, 0x63, 0x74, 0x69,
    0x76, 0x61, 0x74, 0x65, 0x64, 0x2E, 0x23, 0x31, 0x44, 0x65, 0x73, 0x74,
    0x72, 0x6F, 0x79, 0x20, 0x61, 0x6C, 0x6C, 0x20, 0x6F, 0x70, 0x70, 0x6F,
    0x6E, 0x65, 0x6E, 0x74, 0x23, 0x30, 0x6D, 0x6F, 0x6E, 0x73, 0x74, 0x65,
    0x72, 0x73, 0x2E, 0x23, 0x31, 0x00,
};

const u8 gActivationDescription_ElementalHeroWildWingman_Popup1[] APPEND_TEXT = {
    0x23, 0x32, 0x23, 0x30, 0x77, 0x61, 0x73, 0x20, 0x61, 0x63, 0x74, 0x69,
    0x76, 0x61, 0x74, 0x65, 0x64, 0x2E, 0x23, 0x31, 0x44, 0x69, 0x73, 0x63,
    0x61, 0x72, 0x64, 0x20, 0x31, 0x20, 0x63, 0x61, 0x72, 0x64, 0x2C, 0x20,
    0x64, 0x65, 0x73, 0x74, 0x72, 0x6F, 0x79, 0x20, 0x31, 0x23, 0x30, 0x53,
    0x70, 0x65, 0x6C, 0x6C, 0x2F, 0x54, 0x72, 0x61, 0x70, 0x20, 0x43, 0x61,
    0x72, 0x64, 0x20, 0x6F, 0x6E, 0x20, 0x74, 0x68, 0x65, 0x23, 0x30, 0x66,
    0x69, 0x65, 0x6C, 0x64, 0x2E, 0x23, 0x31, 0x00,
};

const u8 gActivationDescription_ElementalHeroVoltic_Popup1[] APPEND_TEXT = {
    0x23, 0x32, 0x23, 0x30, 0x77, 0x61, 0x73, 0x20, 0x61, 0x63, 0x74, 0x69,
    0x76, 0x61, 0x74, 0x65, 0x64, 0x2E, 0x23, 0x31, 0x57, 0x68, 0x65, 0x6E,
    0x20, 0x74, 0x68, 0x69, 0x73, 0x20, 0x63, 0x61, 0x72, 0x64, 0x20, 0x69,
    0x6E, 0x66, 0x6C, 0x69, 0x63, 0x74, 0x73, 0x23, 0x30, 0x62, 0x61, 0x74,
    0x74, 0x6C, 0x65, 0x20, 0x64, 0x61, 0x6D, 0x61, 0x67, 0x65, 0x20, 0x74,
    0x6F, 0x20, 0x79, 0x6F, 0x75, 0x72, 0x23, 0x30, 0x6F, 0x70, 0x70, 0x6F,
    0x6E, 0x65, 0x6E, 0x74, 0x3A, 0x20, 0x59, 0x6F, 0x75, 0x20, 0x63, 0x61,
    0x6E, 0x20, 0x74, 0x61, 0x72, 0x67, 0x65, 0x74, 0x20, 0x31, 0x23, 0x30,
    0x6F, 0x66, 0x20, 0x79, 0x6F, 0x75, 0x72, 0x20, 0x62, 0x61, 0x6E, 0x69,
    0x73, 0x68, 0x65, 0x64, 0x20, 0x45, 0x6C, 0x65, 0x6D, 0x65, 0x6E, 0x74,
    0x61, 0x6C, 0x23, 0x30, 0x48, 0x45, 0x52, 0x4F, 0x20, 0x6D, 0x6F, 0x6E,
    0x73, 0x74, 0x65, 0x72, 0x73, 0x3B, 0x20, 0x53, 0x70, 0x65, 0x23, 0x31,
    0x00,
};

const u8 gActivationDescription_ElementalHeroFlash_Popup1[] APPEND_TEXT = {
    0x23, 0x32, 0x23, 0x30, 0x77, 0x61, 0x73, 0x20, 0x61, 0x63, 0x74, 0x69,
    0x76, 0x61, 0x74, 0x65, 0x64, 0x2E, 0x23, 0x31, 0x57, 0x68, 0x65, 0x6E,
    0x20, 0x64, 0x65, 0x73, 0x74, 0x72, 0x6F, 0x79, 0x65, 0x64, 0x20, 0x62,
    0x79, 0x20, 0x62, 0x61, 0x74, 0x74, 0x6C, 0x65, 0x2C, 0x23, 0x30, 0x62,
    0x61, 0x6E, 0x69, 0x73, 0x68, 0x20, 0x74, 0x68, 0x69, 0x73, 0x20, 0x61,
    0x6E, 0x64, 0x20, 0x33, 0x20, 0x45, 0x2D, 0x48, 0x65, 0x72, 0x6F, 0x65,
    0x73, 0x23, 0x30, 0x66, 0x72, 0x6F, 0x6D, 0x20, 0x47, 0x59, 0x20, 0x74,
    0x6F, 0x20, 0x61, 0x64, 0x64, 0x20, 0x31, 0x20, 0x4E, 0x6F, 0x72, 0x6D,
    0x61, 0x6C, 0x23, 0x30, 0x53, 0x70, 0x65, 0x6C, 0x6C, 0x20, 0x66, 0x72,
    0x6F, 0x6D, 0x20, 0x47, 0x59, 0x20, 0x74, 0x6F, 0x20, 0x68, 0x61, 0x6E,
    0x64, 0x2E, 0x23, 0x31, 0x00,
};

const u8 gActivationDescription_ElementalHeroGaia_Popup1[] APPEND_TEXT = {
    0x23, 0x32, 0x23, 0x30, 0x77, 0x61, 0x73, 0x20, 0x61, 0x63, 0x74, 0x69,
    0x76, 0x61, 0x74, 0x65, 0x64, 0x2E, 0x23, 0x31, 0x48, 0x61, 0x6C, 0x76,
    0x65, 0x20, 0x31, 0x20, 0x6F, 0x70, 0x70, 0x6F, 0x6E, 0x65, 0x6E, 0x74,
    0x20, 0x6D, 0x6F, 0x6E, 0x73, 0x74, 0x65, 0x72, 0x23, 0x30, 0x41, 0x54,
    0x4B, 0x20, 0x61, 0x6E, 0x64, 0x20, 0x67, 0x61, 0x69, 0x6E, 0x20, 0x74,
    0x68, 0x61, 0x74, 0x20, 0x6D, 0x75, 0x63, 0x68, 0x20, 0x41, 0x54, 0x4B,
    0x2E, 0x23, 0x31, 0x00,
};

const u8 gActivationDescription_ElementalHeroTheShining_Popup1[] APPEND_TEXT = {
    0x23, 0x32, 0x23, 0x30, 0x77, 0x61, 0x73, 0x20, 0x61, 0x63, 0x74, 0x69,
    0x76, 0x61, 0x74, 0x65, 0x64, 0x2E, 0x23, 0x31, 0x41, 0x64, 0x64, 0x20,
    0x75, 0x70, 0x20, 0x74, 0x6F, 0x20, 0x32, 0x20, 0x45, 0x6C, 0x65, 0x6D,
    0x65, 0x6E, 0x74, 0x61, 0x6C, 0x20, 0x48, 0x45, 0x52, 0x4F, 0x23, 0x30,
    0x63, 0x61, 0x72, 0x64, 0x73, 0x20, 0x66, 0x72, 0x6F, 0x6D, 0x20, 0x79,
    0x6F, 0x75, 0x72, 0x20, 0x62, 0x61, 0x6E, 0x69, 0x73, 0x68, 0x65, 0x64,
    0x23, 0x30, 0x7A, 0x6F, 0x6E, 0x65, 0x20, 0x74, 0x6F, 0x20, 0x79, 0x6F,
    0x75, 0x72, 0x20, 0x68, 0x61, 0x6E, 0x64, 0x2E, 0x23, 0x31, 0x00,
};

const u8 gActivationDescription_ElementalHeroNecroidShaman_Popup1[] APPEND_TEXT = {
    0x23, 0x32, 0x23, 0x30, 0x77, 0x61, 0x73, 0x20, 0x61, 0x63, 0x74, 0x69,
    0x76, 0x61, 0x74, 0x65, 0x64, 0x2E, 0x23, 0x31, 0x44, 0x65, 0x73, 0x74,
    0x72, 0x6F, 0x79, 0x20, 0x31, 0x20, 0x6F, 0x70, 0x70, 0x6F, 0x6E, 0x65,
    0x6E, 0x74, 0x20, 0x6D, 0x6F, 0x6E, 0x73, 0x74, 0x65, 0x72, 0x2E, 0x23,
    0x30, 0x54, 0x68, 0x65, 0x6E, 0x20, 0x72, 0x65, 0x76, 0x69, 0x76, 0x65,
    0x20, 0x31, 0x20, 0x6D, 0x6F, 0x6E, 0x73, 0x74, 0x65, 0x72, 0x20, 0x66,
    0x72, 0x6F, 0x6D, 0x23, 0x30, 0x74, 0x68, 0x65, 0x20, 0x6F, 0x70, 0x70,
    0x6F, 0x6E, 0x65, 0x6E, 0x74, 0x27, 0x73, 0x20, 0x67, 0x72, 0x61, 0x76,
    0x65, 0x79, 0x61, 0x72, 0x64, 0x2E, 0x23, 0x31, 0x00,
};

const u8 gActivationDescription_ElementalHeroPlasmaVice_Popup1[] APPEND_TEXT = {
    0x23, 0x32, 0x23, 0x30, 0x77, 0x61, 0x73, 0x20, 0x61, 0x63, 0x74, 0x69,
    0x76, 0x61, 0x74, 0x65, 0x64, 0x2E, 0x23, 0x31, 0x44, 0x69, 0x73, 0x63,
    0x61, 0x72, 0x64, 0x20, 0x31, 0x20, 0x63, 0x61, 0x72, 0x64, 0x2C, 0x20,
    0x64, 0x65, 0x73, 0x74, 0x72, 0x6F, 0x79, 0x20, 0x31, 0x23, 0x30, 0x6D,
    0x6F, 0x6E, 0x73, 0x74, 0x65, 0x72, 0x20, 0x6F, 0x6E, 0x20, 0x79, 0x6F,
    0x75, 0x72, 0x20, 0x6F, 0x70, 0x70, 0x6F, 0x6E, 0x65, 0x6E, 0x74, 0x27,
    0x73, 0x23, 0x30, 0x73, 0x69, 0x64, 0x65, 0x20, 0x6F, 0x66, 0x20, 0x74,
    0x68, 0x65, 0x20, 0x66, 0x69, 0x65, 0x6C, 0x64, 0x2E, 0x23, 0x31, 0x00,
};

const u8 gActivationDescription_FusionRecovery_Popup1[] APPEND_TEXT = {
    0x23, 0x32, 0x23, 0x30, 0x77, 0x61, 0x73, 0x20, 0x61, 0x63, 0x74, 0x69,
    0x76, 0x61, 0x74, 0x65, 0x64, 0x2E, 0x23, 0x31, 0x54, 0x61, 0x72, 0x67,
    0x65, 0x74, 0x20, 0x31, 0x20, 0x50, 0x6F, 0x6C, 0x79, 0x6D, 0x65, 0x72,
    0x69, 0x7A, 0x61, 0x74, 0x69, 0x6F, 0x6E, 0x20, 0x69, 0x6E, 0x23, 0x30,
    0x79, 0x6F, 0x75, 0x72, 0x20, 0x47, 0x59, 0x2C, 0x20, 0x61, 0x6E, 0x64,
    0x20, 0x31, 0x20, 0x6D, 0x6F, 0x6E, 0x73, 0x74, 0x65, 0x72, 0x20, 0x69,
    0x6E, 0x23, 0x30, 0x79, 0x6F, 0x75, 0x72, 0x20, 0x47, 0x59, 0x20, 0x74,
    0x68, 0x61, 0x74, 0x20, 0x77, 0x61, 0x73, 0x20, 0x75, 0x73, 0x65, 0x64,
    0x20, 0x61, 0x73, 0x23, 0x30, 0x6D, 0x61, 0x74, 0x65, 0x72, 0x69, 0x61,
    0x6C, 0x20, 0x66, 0x6F, 0x72, 0x20, 0x61, 0x20, 0x46, 0x75, 0x73, 0x69,
    0x6F, 0x6E, 0x23, 0x30, 0x53, 0x75, 0x6D, 0x6D, 0x6F, 0x6E, 0x3B, 0x20,
    0x61, 0x64, 0x64, 0x20, 0x74, 0x68, 0x65, 0x6D, 0x20, 0x74, 0x23, 0x31,
    0x00,
};

const u8 gActivationDescription_Skyscraper_Popup1[] APPEND_TEXT = {
    0x23, 0x32, 0x23, 0x30, 0x77, 0x61, 0x73, 0x20, 0x61, 0x63, 0x74, 0x69,
    0x76, 0x61, 0x74, 0x65, 0x64, 0x2E, 0x23, 0x31, 0x49, 0x66, 0x20, 0x61,
    0x6E, 0x20, 0x45, 0x6C, 0x65, 0x6D, 0x65, 0x6E, 0x74, 0x61, 0x6C, 0x20,
    0x48, 0x45, 0x52, 0x4F, 0x23, 0x30, 0x6D, 0x6F, 0x6E, 0x73, 0x74, 0x65,
    0x72, 0x20, 0x61, 0x74, 0x74, 0x61, 0x63, 0x6B, 0x73, 0x20, 0x61, 0x20,
    0x6D, 0x6F, 0x6E, 0x73, 0x74, 0x65, 0x72, 0x23, 0x30, 0x74, 0x68, 0x61,
    0x74, 0x20, 0x68, 0x61, 0x73, 0x20, 0x61, 0x20, 0x68, 0x69, 0x67, 0x68,
    0x65, 0x72, 0x20, 0x41, 0x54, 0x4B, 0x2C, 0x20, 0x74, 0x68, 0x65, 0x23,
    0x30, 0x61, 0x74, 0x74, 0x61, 0x63, 0x6B, 0x69, 0x6E, 0x67, 0x20, 0x6D,
    0x6F, 0x6E, 0x73, 0x74, 0x65, 0x72, 0x20, 0x67, 0x61, 0x69, 0x6E, 0x73,
    0x23, 0x30, 0x31, 0x30, 0x30, 0x30, 0x20, 0x41, 0x54, 0x4B, 0x20, 0x64,
    0x75, 0x72, 0x69, 0x6E, 0x67, 0x20, 0x64, 0x61, 0x6D, 0x61, 0x23, 0x31,
    0x00,
};

const u8 gActivationDescription_HHeatedHeart_Popup1[] APPEND_TEXT = {
    0x23, 0x32, 0x23, 0x30, 0x77, 0x61, 0x73, 0x20, 0x61, 0x63, 0x74, 0x69,
    0x76, 0x61, 0x74, 0x65, 0x64, 0x2E, 0x23, 0x31, 0x54, 0x61, 0x72, 0x67,
    0x65, 0x74, 0x20, 0x31, 0x20, 0x66, 0x61, 0x63, 0x65, 0x2D, 0x75, 0x70,
    0x20, 0x6D, 0x6F, 0x6E, 0x73, 0x74, 0x65, 0x72, 0x23, 0x30, 0x79, 0x6F,
    0x75, 0x20, 0x63, 0x6F, 0x6E, 0x74, 0x72, 0x6F, 0x6C, 0x2E, 0x23, 0x31,
    0x00,
};

const u8 gActivationDescription_EEmergencyCall_Popup1[] APPEND_TEXT = {
    0x23, 0x32, 0x23, 0x30, 0x77, 0x61, 0x73, 0x20, 0x61, 0x63, 0x74, 0x69,
    0x76, 0x61, 0x74, 0x65, 0x64, 0x2E, 0x23, 0x31, 0x41, 0x64, 0x64, 0x20,
    0x31, 0x20, 0x45, 0x6C, 0x65, 0x6D, 0x65, 0x6E, 0x74, 0x61, 0x6C, 0x20,
    0x48, 0x45, 0x52, 0x4F, 0x23, 0x30, 0x6D, 0x6F, 0x6E, 0x73, 0x74, 0x65,
    0x72, 0x23, 0x31, 0x66, 0x72, 0x6F, 0x6D, 0x20, 0x79, 0x6F, 0x75, 0x72,
    0x20, 0x44, 0x65, 0x63, 0x6B, 0x20, 0x74, 0x6F, 0x20, 0x79, 0x6F, 0x75,
    0x72, 0x23, 0x30, 0x68, 0x61, 0x6E, 0x64, 0x2E, 0x23, 0x31, 0x00,
};

const u8 gActivationDescription_RRighteousJustice_Popup1[] APPEND_TEXT = {
    0x23, 0x32, 0x23, 0x30, 0x77, 0x61, 0x73, 0x20, 0x61, 0x63, 0x74, 0x69,
    0x76, 0x61, 0x74, 0x65, 0x64, 0x2E, 0x23, 0x31, 0x44, 0x65, 0x73, 0x74,
    0x72, 0x6F, 0x79, 0x20, 0x53, 0x70, 0x65, 0x6C, 0x6C, 0x2F, 0x54, 0x72,
    0x61, 0x70, 0x20, 0x43, 0x61, 0x72, 0x64, 0x73, 0x23, 0x30, 0x65, 0x71,
    0x75, 0x61, 0x6C, 0x20, 0x74, 0x6F, 0x20, 0x74, 0x68, 0x65, 0x20, 0x6E,
    0x75, 0x6D, 0x62, 0x65, 0x72, 0x20, 0x6F, 0x66, 0x23, 0x30, 0x45, 0x6C,
    0x65, 0x6D, 0x65, 0x6E, 0x74, 0x61, 0x6C, 0x20, 0x48, 0x45, 0x52, 0x4F,
    0x20, 0x63, 0x61, 0x72, 0x64, 0x73, 0x20, 0x79, 0x6F, 0x75, 0x23, 0x30,
    0x63, 0x6F, 0x6E, 0x74, 0x72, 0x6F, 0x6C, 0x2E, 0x23, 0x31, 0x00,
};

const u8 gActivationDescription_OOversoul_Popup1[] APPEND_TEXT = {
    0x23, 0x32, 0x23, 0x30, 0x77, 0x61, 0x73, 0x20, 0x61, 0x63, 0x74, 0x69,
    0x76, 0x61, 0x74, 0x65, 0x64, 0x2E, 0x23, 0x31, 0x54, 0x61, 0x72, 0x67,
    0x65, 0x74, 0x20, 0x31, 0x20, 0x45, 0x6C, 0x65, 0x6D, 0x65, 0x6E, 0x74,
    0x61, 0x6C, 0x20, 0x48, 0x45, 0x52, 0x4F, 0x23, 0x30, 0x4E, 0x6F, 0x72,
    0x6D, 0x61, 0x6C, 0x20, 0x4D, 0x6F, 0x6E, 0x73, 0x74, 0x65, 0x72, 0x20,
    0x69, 0x6E, 0x20, 0x79, 0x6F, 0x75, 0x72, 0x23, 0x30, 0x47, 0x72, 0x61,
    0x76, 0x65, 0x79, 0x61, 0x72, 0x64, 0x3B, 0x20, 0x53, 0x70, 0x65, 0x63,
    0x69, 0x61, 0x6C, 0x20, 0x53, 0x75, 0x6D, 0x6D, 0x6F, 0x6E, 0x23, 0x30,
    0x74, 0x68, 0x61, 0x74, 0x20, 0x74, 0x61, 0x72, 0x67, 0x65, 0x74, 0x2E,
    0x23, 0x31, 0x00,
};

const u8 gActivationDescription_FutureFusion_Popup1[] APPEND_TEXT = {
    0x23, 0x32, 0x23, 0x30, 0x77, 0x61, 0x73, 0x20, 0x61, 0x63, 0x74, 0x69,
    0x76, 0x61, 0x74, 0x65, 0x64, 0x2E, 0x23, 0x31, 0x53, 0x65, 0x6E, 0x64,
    0x20, 0x6D, 0x61, 0x74, 0x65, 0x72, 0x69, 0x61, 0x6C, 0x73, 0x20, 0x66,
    0x72, 0x6F, 0x6D, 0x20, 0x44, 0x65, 0x63, 0x6B, 0x20, 0x74, 0x6F, 0x23,
    0x30, 0x47, 0x59, 0x3B, 0x20, 0x73, 0x65, 0x6C, 0x65, 0x63, 0x74, 0x20,
    0x61, 0x20, 0x46, 0x75, 0x73, 0x69, 0x6F, 0x6E, 0x23, 0x30, 0x4D, 0x6F,
    0x6E, 0x73, 0x74, 0x65, 0x72, 0x2E, 0x20, 0x53, 0x53, 0x20, 0x69, 0x74,
    0x20, 0x6F, 0x6E, 0x20, 0x79, 0x6F, 0x75, 0x72, 0x20, 0x32, 0x6E, 0x64,
    0x23, 0x30, 0x53, 0x74, 0x61, 0x6E, 0x64, 0x62, 0x79, 0x20, 0x50, 0x68,
    0x61, 0x73, 0x65, 0x2E, 0x23, 0x31, 0x00,
};

const u8 gActivationDescription_ElementalHeroCore_Popup1[] APPEND_TEXT = {
    0x23, 0x32, 0x23, 0x30, 0x77, 0x61, 0x73, 0x20, 0x61, 0x63, 0x74, 0x69,
    0x76, 0x61, 0x74, 0x65, 0x64, 0x2E, 0x23, 0x31, 0x41, 0x66, 0x74, 0x65,
    0x72, 0x20, 0x62, 0x61, 0x74, 0x74, 0x6C, 0x65, 0x2C, 0x20, 0x64, 0x65,
    0x73, 0x74, 0x72, 0x6F, 0x79, 0x20, 0x31, 0x23, 0x30, 0x6D, 0x6F, 0x6E,
    0x73, 0x74, 0x65, 0x72, 0x2E, 0x23, 0x31, 0x00,
};

const u8 gActivationDescription_ElementalHeroCore_Popup2[] APPEND_TEXT = {
    0x23, 0x32, 0x23, 0x30, 0x77, 0x61, 0x73, 0x20, 0x61, 0x63, 0x74, 0x69,
    0x76, 0x61, 0x74, 0x65, 0x64, 0x2E, 0x23, 0x31, 0x53, 0x70, 0x65, 0x63,
    0x69, 0x61, 0x6C, 0x20, 0x53, 0x75, 0x6D, 0x6D, 0x6F, 0x6E, 0x20, 0x31,
    0x20, 0x4C, 0x65, 0x76, 0x65, 0x6C, 0x20, 0x38, 0x20, 0x6F, 0x72, 0x23,
    0x30, 0x6C, 0x6F, 0x77, 0x65, 0x72, 0x20, 0x45, 0x6C, 0x65, 0x6D, 0x65,
    0x6E, 0x74, 0x61, 0x6C, 0x20, 0x48, 0x45, 0x52, 0x4F, 0x20, 0x46, 0x75,
    0x73, 0x69, 0x6F, 0x6E, 0x23, 0x30, 0x66, 0x72, 0x6F, 0x6D, 0x20, 0x47,
    0x59, 0x2E, 0x23, 0x31, 0x00,
};

const u8 gActivationDescription_ElementalHeroSunrise_Popup1[] APPEND_TEXT = {
    0x23, 0x32, 0x23, 0x30, 0x77, 0x61, 0x73, 0x20, 0x61, 0x63, 0x74, 0x69,
    0x76, 0x61, 0x74, 0x65, 0x64, 0x2E, 0x23, 0x31, 0x41, 0x64, 0x64, 0x20,
    0x31, 0x20, 0x4D, 0x69, 0x72, 0x61, 0x63, 0x6C, 0x65, 0x20, 0x46, 0x75,
    0x73, 0x69, 0x6F, 0x6E, 0x20, 0x66, 0x72, 0x6F, 0x6D, 0x23, 0x30, 0x79,
    0x6F, 0x75, 0x72, 0x20, 0x44, 0x65, 0x63, 0x6B, 0x20, 0x74, 0x6F, 0x20,
    0x79, 0x6F, 0x75, 0x72, 0x20, 0x68, 0x61, 0x6E, 0x64, 0x2E, 0x23, 0x31,
    0x00,
};

const u8 gActivationDescription_ElementalHeroSunrise_Popup2[] APPEND_TEXT = {
    0x23, 0x32, 0x23, 0x30, 0x77, 0x61, 0x73, 0x20, 0x61, 0x63, 0x74, 0x69,
    0x76, 0x61, 0x74, 0x65, 0x64, 0x2E, 0x23, 0x31, 0x44, 0x65, 0x73, 0x74,
    0x72, 0x6F, 0x79, 0x20, 0x31, 0x20, 0x63, 0x61, 0x72, 0x64, 0x20, 0x6F,
    0x6E, 0x20, 0x74, 0x68, 0x65, 0x23, 0x30, 0x66, 0x69, 0x65, 0x6C, 0x64,
    0x2E, 0x23, 0x31, 0x00,
};

const u8 gActivationDescription_ElementalHeroCaptainGold_Popup1[] APPEND_TEXT = {
    0x23, 0x32, 0x23, 0x30, 0x77, 0x61, 0x73, 0x20, 0x61, 0x63, 0x74, 0x69,
    0x76, 0x61, 0x74, 0x65, 0x64, 0x2E, 0x23, 0x31, 0x44, 0x69, 0x73, 0x63,
    0x61, 0x72, 0x64, 0x20, 0x74, 0x68, 0x69, 0x73, 0x20, 0x63, 0x61, 0x72,
    0x64, 0x20, 0x74, 0x6F, 0x20, 0x61, 0x64, 0x64, 0x20, 0x31, 0x23, 0x30,
    0x53, 0x6B, 0x79, 0x73, 0x63, 0x72, 0x61, 0x70, 0x65, 0x72, 0x20, 0x66,
    0x72, 0x6F, 0x6D, 0x20, 0x79, 0x6F, 0x75, 0x72, 0x20, 0x44, 0x65, 0x63,
    0x6B, 0x23, 0x30, 0x74, 0x6F, 0x20, 0x79, 0x6F, 0x75, 0x72, 0x20, 0x68,
    0x61, 0x6E, 0x64, 0x2E, 0x23, 0x31, 0x00,
};

const u8 gActivationDescription_ElementalHeroCaptainGold_Popup2[] APPEND_TEXT = {
    0x23, 0x32, 0x23, 0x30, 0x77, 0x61, 0x73, 0x20, 0x61, 0x63, 0x74, 0x69,
    0x76, 0x61, 0x74, 0x65, 0x64, 0x2E, 0x23, 0x31, 0x44, 0x65, 0x73, 0x74,
    0x72, 0x6F, 0x79, 0x20, 0x74, 0x68, 0x69, 0x73, 0x20, 0x63, 0x61, 0x72,
    0x64, 0x2E, 0x23, 0x31, 0x00,
};

const u8 gActivationDescription_ElementalHeroIceEdge_Popup1[] APPEND_TEXT = {
    0x23, 0x32, 0x23, 0x30, 0x77, 0x61, 0x73, 0x20, 0x61, 0x63, 0x74, 0x69,
    0x76, 0x61, 0x74, 0x65, 0x64, 0x2E, 0x23, 0x31, 0x44, 0x69, 0x73, 0x63,
    0x61, 0x72, 0x64, 0x20, 0x31, 0x20, 0x63, 0x61, 0x72, 0x64, 0x3B, 0x20,
    0x74, 0x68, 0x69, 0x73, 0x20, 0x63, 0x61, 0x72, 0x64, 0x23, 0x30, 0x63,
    0x61, 0x6E, 0x20, 0x61, 0x74, 0x74, 0x61, 0x63, 0x6B, 0x20, 0x79, 0x6F,
    0x75, 0x72, 0x20, 0x6F, 0x70, 0x70, 0x6F, 0x6E, 0x65, 0x6E, 0x74, 0x23,
    0x30, 0x64, 0x69, 0x72, 0x65, 0x63, 0x74, 0x6C, 0x79, 0x20, 0x74, 0x68,
    0x69, 0x73, 0x20, 0x74, 0x75, 0x72, 0x6E, 0x2E, 0x23, 0x31, 0x00,
};

const u8 gActivationDescription_ElementalHeroIceEdge_Popup2[] APPEND_TEXT = {
    0x23, 0x32, 0x23, 0x30, 0x77, 0x61, 0x73, 0x20, 0x61, 0x63, 0x74, 0x69,
    0x76, 0x61, 0x74, 0x65, 0x64, 0x2E, 0x23, 0x31, 0x44, 0x65, 0x73, 0x74,
    0x72, 0x6F, 0x79, 0x20, 0x31, 0x20, 0x53, 0x65, 0x74, 0x20, 0x53, 0x70,
    0x65, 0x6C, 0x6C, 0x2F, 0x54, 0x72, 0x61, 0x70, 0x23, 0x30, 0x43, 0x61,
    0x72, 0x64, 0x20, 0x6F, 0x6E, 0x20, 0x79, 0x6F, 0x75, 0x72, 0x20, 0x6F,
    0x70, 0x70, 0x6F, 0x6E, 0x65, 0x6E, 0x74, 0x27, 0x73, 0x23, 0x30, 0x66,
    0x69, 0x65, 0x6C, 0x64, 0x2E, 0x23, 0x31, 0x00,
};

const u8 gActivationDescription_ElementalHeroBlazeman_Popup1[] APPEND_TEXT = {
    0x23, 0x32, 0x23, 0x30, 0x77, 0x61, 0x73, 0x20, 0x61, 0x63, 0x74, 0x69,
    0x76, 0x61, 0x74, 0x65, 0x64, 0x2E, 0x23, 0x31, 0x41, 0x64, 0x64, 0x20,
    0x31, 0x20, 0x50, 0x6F, 0x6C, 0x79, 0x6D, 0x65, 0x72, 0x69, 0x7A, 0x61,
    0x74, 0x69, 0x6F, 0x6E, 0x20, 0x66, 0x72, 0x6F, 0x6D, 0x23, 0x30, 0x79,
    0x6F, 0x75, 0x72, 0x20, 0x44, 0x65, 0x63, 0x6B, 0x20, 0x74, 0x6F, 0x20,
    0x79, 0x6F, 0x75, 0x72, 0x20, 0x68, 0x61, 0x6E, 0x64, 0x2E, 0x23, 0x31,
    0x00,
};

const u8 gActivationDescription_ElementalHeroBlazeman_Popup2[] APPEND_TEXT = {
    0x23, 0x32, 0x23, 0x30, 0x77, 0x61, 0x73, 0x20, 0x61, 0x63, 0x74, 0x69,
    0x76, 0x61, 0x74, 0x65, 0x64, 0x2E, 0x23, 0x31, 0x44, 0x69, 0x73, 0x63,
    0x61, 0x72, 0x64, 0x20, 0x31, 0x20, 0x45, 0x6C, 0x65, 0x6D, 0x65, 0x6E,
    0x74, 0x61, 0x6C, 0x20, 0x48, 0x45, 0x52, 0x4F, 0x3B, 0x23, 0x30, 0x63,
    0x6F, 0x70, 0x79, 0x20, 0x69, 0x74, 0x73, 0x20, 0x41, 0x74, 0x74, 0x72,
    0x69, 0x62, 0x75, 0x74, 0x65, 0x20, 0x61, 0x6E, 0x64, 0x23, 0x30, 0x41,
    0x54, 0x4B, 0x2F, 0x44, 0x45, 0x46, 0x20, 0x74, 0x68, 0x69, 0x73, 0x20,
    0x74, 0x75, 0x72, 0x6E, 0x2E, 0x23, 0x31, 0x00,
};

const u8 gActivationDescription_ElementalHeroStratos_Popup1[] APPEND_TEXT = {
    0x23, 0x32, 0x23, 0x30, 0x77, 0x61, 0x73, 0x20, 0x61, 0x63, 0x74, 0x69,
    0x76, 0x61, 0x74, 0x65, 0x64, 0x2E, 0x23, 0x31, 0x41, 0x64, 0x64, 0x20,
    0x31, 0x20, 0x48, 0x45, 0x52, 0x4F, 0x20, 0x6D, 0x6F, 0x6E, 0x73, 0x74,
    0x65, 0x72, 0x20, 0x66, 0x72, 0x6F, 0x6D, 0x23, 0x30, 0x79, 0x6F, 0x75,
    0x72, 0x20, 0x44, 0x65, 0x63, 0x6B, 0x20, 0x74, 0x6F, 0x20, 0x79, 0x6F,
    0x75, 0x72, 0x20, 0x68, 0x61, 0x6E, 0x64, 0x2E, 0x23, 0x31, 0x00,
};

const u8 gActivationDescription_ElementalHeroStratos_Popup2[] APPEND_TEXT = {
    0x23, 0x32, 0x23, 0x30, 0x77, 0x61, 0x73, 0x20, 0x61, 0x63, 0x74, 0x69,
    0x76, 0x61, 0x74, 0x65, 0x64, 0x2E, 0x23, 0x31, 0x44, 0x65, 0x73, 0x74,
    0x72, 0x6F, 0x79, 0x20, 0x53, 0x70, 0x65, 0x6C, 0x6C, 0x2F, 0x54, 0x72,
    0x61, 0x70, 0x20, 0x43, 0x61, 0x72, 0x64, 0x73, 0x20, 0x75, 0x70, 0x23,
    0x30, 0x74, 0x6F, 0x20, 0x74, 0x68, 0x65, 0x20, 0x6E, 0x75, 0x6D, 0x62,
    0x65, 0x72, 0x20, 0x6F, 0x66, 0x20, 0x6F, 0x74, 0x68, 0x65, 0x72, 0x20,
    0x48, 0x45, 0x52, 0x4F, 0x23, 0x30, 0x6D, 0x6F, 0x6E, 0x73, 0x74, 0x65,
    0x72, 0x73, 0x20, 0x79, 0x6F, 0x75, 0x20, 0x63, 0x6F, 0x6E, 0x74, 0x72,
    0x6F, 0x6C, 0x2E, 0x23, 0x31, 0x00,
};

const u8 gActivationDescription_ChimeratechOverdragon_Popup1[] APPEND_TEXT = {
    0x23, 0x32, 0x23, 0x30, 0x77, 0x61, 0x73, 0x20, 0x61, 0x63, 0x74, 0x69,
    0x76, 0x61, 0x74, 0x65, 0x64, 0x2E, 0x23, 0x31, 0x53, 0x65, 0x6E, 0x64,
    0x20, 0x61, 0x6C, 0x6C, 0x20, 0x6F, 0x74, 0x68, 0x65, 0x72, 0x20, 0x63,
    0x61, 0x72, 0x64, 0x73, 0x20, 0x6F, 0x6E, 0x23, 0x30, 0x79, 0x6F, 0x75,
    0x72, 0x20, 0x66, 0x69, 0x65, 0x6C, 0x64, 0x20, 0x74, 0x6F, 0x20, 0x74,
    0x68, 0x65, 0x20, 0x47, 0x59, 0x2E, 0x23, 0x31, 0x00,
};

const u8 gActivationDescription_CyberneticFusionSupport_Popup1[] APPEND_TEXT = {
    0x23, 0x32, 0x23, 0x30, 0x77, 0x61, 0x73, 0x20, 0x61, 0x63, 0x74, 0x69,
    0x76, 0x61, 0x74, 0x65, 0x64, 0x2E, 0x23, 0x31, 0x50, 0x61, 0x79, 0x20,
    0x68, 0x61, 0x6C, 0x66, 0x20, 0x79, 0x6F, 0x75, 0x72, 0x20, 0x4C, 0x50,
    0x3B, 0x20, 0x74, 0x68, 0x69, 0x73, 0x23, 0x30, 0x74, 0x75, 0x72, 0x6E,
    0x2C, 0x20, 0x66, 0x75, 0x73, 0x69, 0x6F, 0x6E, 0x20, 0x73, 0x70, 0x65,
    0x6C, 0x6C, 0x73, 0x20, 0x63, 0x61, 0x6E, 0x20, 0x75, 0x73, 0x65, 0x23,
    0x30, 0x68, 0x61, 0x6E, 0x64, 0x2C, 0x20, 0x66, 0x69, 0x65, 0x6C, 0x64,
    0x2C, 0x20, 0x6F, 0x72, 0x20, 0x47, 0x59, 0x23, 0x30, 0x6D, 0x61, 0x74,
    0x65, 0x72, 0x69, 0x61, 0x6C, 0x73, 0x2E, 0x23, 0x31, 0x00,
};

const u8 gActivationDescription_OverloadFusion_Popup1[] APPEND_TEXT = {
    0x23, 0x32, 0x23, 0x30, 0x77, 0x61, 0x73, 0x20, 0x61, 0x63, 0x74, 0x69,
    0x76, 0x61, 0x74, 0x65, 0x64, 0x2E, 0x23, 0x31, 0x53, 0x75, 0x6D, 0x6D,
    0x6F, 0x6E, 0x20, 0x31, 0x20, 0x44, 0x41, 0x52, 0x4B, 0x20, 0x4D, 0x61,
    0x63, 0x68, 0x69, 0x6E, 0x65, 0x23, 0x30, 0x46, 0x75, 0x73, 0x69, 0x6F,
    0x6E, 0x20, 0x4D, 0x6F, 0x6E, 0x73, 0x74, 0x65, 0x72, 0x20, 0x75, 0x73,
    0x69, 0x6E, 0x67, 0x23, 0x30, 0x6D, 0x6F, 0x6E, 0x73, 0x74, 0x65, 0x72,
    0x73, 0x20, 0x66, 0x72, 0x6F, 0x6D, 0x20, 0x66, 0x69, 0x65, 0x6C, 0x64,
    0x20, 0x6F, 0x72, 0x23, 0x30, 0x47, 0x72, 0x61, 0x76, 0x65, 0x79, 0x61,
    0x72, 0x64, 0x20, 0x61, 0x73, 0x20, 0x6D, 0x61, 0x74, 0x65, 0x72, 0x69,
    0x61, 0x6C, 0x73, 0x2E, 0x23, 0x31, 0x00,
};

const u8 gActivationDescription_PowerBond_Popup1[] APPEND_TEXT = {
    0x23, 0x32, 0x23, 0x30, 0x77, 0x61, 0x73, 0x20, 0x61, 0x63, 0x74, 0x69,
    0x76, 0x61, 0x74, 0x65, 0x64, 0x2E, 0x23, 0x31, 0x46, 0x75, 0x73, 0x69,
    0x6F, 0x6E, 0x20, 0x53, 0x75, 0x6D, 0x6D, 0x6F, 0x6E, 0x20, 0x31, 0x20,
    0x4D, 0x61, 0x63, 0x68, 0x69, 0x6E, 0x65, 0x23, 0x30, 0x4D, 0x6F, 0x6E,
    0x73, 0x74, 0x65, 0x72, 0x20, 0x75, 0x73, 0x69, 0x6E, 0x67, 0x20, 0x6D,
    0x61, 0x74, 0x65, 0x72, 0x69, 0x61, 0x6C, 0x73, 0x23, 0x30, 0x66, 0x72,
    0x6F, 0x6D, 0x20, 0x79, 0x6F, 0x75, 0x72, 0x20, 0x68, 0x61, 0x6E, 0x64,
    0x20, 0x6F, 0x72, 0x20, 0x66, 0x69, 0x65, 0x6C, 0x64, 0x20, 0x61, 0x6E,
    0x64, 0x23, 0x30, 0x64, 0x6F, 0x75, 0x62, 0x6C, 0x65, 0x20, 0x69, 0x74,
    0x73, 0x20, 0x6F, 0x72, 0x69, 0x67, 0x69, 0x6E, 0x61, 0x6C, 0x20, 0x41,
    0x54, 0x4B, 0x2E, 0x23, 0x31, 0x00,
};

const u8 gActivationDescription_PowerBond_Popup2[] APPEND_TEXT = {
    0x23, 0x32, 0x23, 0x30, 0x77, 0x61, 0x73, 0x20, 0x61, 0x63, 0x74, 0x69,
    0x76, 0x61, 0x74, 0x65, 0x64, 0x2E, 0x23, 0x31, 0x54, 0x61, 0x6B, 0x65,
    0x20, 0x64, 0x61, 0x6D, 0x61, 0x67, 0x65, 0x20, 0x65, 0x71, 0x75, 0x61,
    0x6C, 0x20, 0x74, 0x6F, 0x20, 0x74, 0x68, 0x65, 0x23, 0x30, 0x6F, 0x72,
    0x69, 0x67, 0x69, 0x6E, 0x61, 0x6C, 0x20, 0x41, 0x54, 0x4B, 0x20, 0x6F,
    0x66, 0x20, 0x74, 0x68, 0x65, 0x20, 0x46, 0x75, 0x73, 0x69, 0x6F, 0x6E,
    0x23, 0x30, 0x4D, 0x6F, 0x6E, 0x73, 0x74, 0x65, 0x72, 0x20, 0x74, 0x68,
    0x61, 0x74, 0x20, 0x77, 0x61, 0x73, 0x20, 0x73, 0x75, 0x6D, 0x6D, 0x6F,
    0x6E, 0x65, 0x64, 0x2E, 0x23, 0x31, 0x00,
};

const u8 gActivationDescription_FusionSage_Popup1[] APPEND_TEXT = {
    0x23, 0x32, 0x23, 0x30, 0x77, 0x61, 0x73, 0x20, 0x61, 0x63, 0x74, 0x69,
    0x76, 0x61, 0x74, 0x65, 0x64, 0x2E, 0x23, 0x31, 0x41, 0x64, 0x64, 0x20,
    0x31, 0x20, 0x50, 0x6F, 0x6C, 0x79, 0x6D, 0x65, 0x72, 0x69, 0x7A, 0x61,
    0x74, 0x69, 0x6F, 0x6E, 0x20, 0x66, 0x72, 0x6F, 0x6D, 0x23, 0x30, 0x79,
    0x6F, 0x75, 0x72, 0x20, 0x44, 0x65, 0x63, 0x6B, 0x20, 0x74, 0x6F, 0x20,
    0x79, 0x6F, 0x75, 0x72, 0x20, 0x68, 0x61, 0x6E, 0x64, 0x2E, 0x23, 0x31,
    0x00,
};

const u8 gActivationDescription_LyriluscIndependentNightingale_Popup1[] APPEND_TEXT = {
    0x23, 0x32, 0x23, 0x30, 0x77, 0x61, 0x73, 0x20, 0x61, 0x63, 0x74, 0x69,
    0x76, 0x61, 0x74, 0x65, 0x64, 0x2E, 0x23, 0x31, 0x49, 0x6E, 0x66, 0x6C,
    0x69, 0x63, 0x74, 0x20, 0x64, 0x61, 0x6D, 0x61, 0x67, 0x65, 0x20, 0x74,
    0x6F, 0x20, 0x79, 0x6F, 0x75, 0x72, 0x23, 0x30, 0x6F, 0x70, 0x70, 0x6F,
    0x6E, 0x65, 0x6E, 0x74, 0x20, 0x65, 0x71, 0x75, 0x61, 0x6C, 0x20, 0x74,
    0x6F, 0x20, 0x74, 0x68, 0x69, 0x73, 0x23, 0x30, 0x63, 0x61, 0x72, 0x64,
    0x27, 0x73, 0x20, 0x4C, 0x65, 0x76, 0x65, 0x6C, 0x20, 0x78, 0x20, 0x35,
    0x30, 0x30, 0x2E, 0x23, 0x31, 0x00,
};

const u8 gActivationDescription_TheTyrantNeptune_Popup1[] APPEND_TEXT = {
    0x23, 0x32, 0x23, 0x30, 0x77, 0x61, 0x73, 0x20, 0x61, 0x63, 0x74, 0x69,
    0x76, 0x61, 0x74, 0x65, 0x64, 0x2E, 0x23, 0x31, 0x47, 0x61, 0x69, 0x6E,
    0x73, 0x20, 0x41, 0x54, 0x4B, 0x2F, 0x44, 0x45, 0x46, 0x20, 0x6F, 0x66,
    0x20, 0x54, 0x72, 0x69, 0x62, 0x75, 0x74, 0x65, 0x73, 0x2E, 0x23, 0x30,
    0x43, 0x68, 0x6F, 0x6F, 0x73, 0x65, 0x20, 0x6F, 0x6E, 0x65, 0x20, 0x45,
    0x66, 0x66, 0x65, 0x63, 0x74, 0x20, 0x4D, 0x6F, 0x6E, 0x73, 0x74, 0x65,
    0x72, 0x23, 0x30, 0x54, 0x72, 0x69, 0x62, 0x75, 0x74, 0x65, 0x20, 0x61,
    0x6E, 0x64, 0x20, 0x67, 0x61, 0x69, 0x6E, 0x20, 0x69, 0x74, 0x73, 0x23,
    0x30, 0x65, 0x66, 0x66, 0x65, 0x63, 0x74, 0x73, 0x2E, 0x23, 0x31, 0x00,
};

const u8 gActivationDescription_TheSplendidVenus_Popup1[] APPEND_TEXT = {
    0x23, 0x32, 0x23, 0x30, 0x77, 0x61, 0x73, 0x20, 0x61, 0x63, 0x74, 0x69,
    0x76, 0x61, 0x74, 0x65, 0x64, 0x2E, 0x23, 0x31, 0x59, 0x6F, 0x75, 0x72,
    0x20, 0x53, 0x70, 0x65, 0x6C, 0x6C, 0x2F, 0x54, 0x72, 0x61, 0x70, 0x20,
    0x61, 0x63, 0x74, 0x69, 0x76, 0x61, 0x74, 0x69, 0x6F, 0x6E, 0x73, 0x23,
    0x30, 0x6F, 0x6E, 0x20, 0x79, 0x6F, 0x75, 0x72, 0x20, 0x66, 0x69, 0x65,
    0x6C, 0x64, 0x20, 0x63, 0x61, 0x6E, 0x6E, 0x6F, 0x74, 0x20, 0x62, 0x65,
    0x23, 0x30, 0x6E, 0x65, 0x67, 0x61, 0x74, 0x65, 0x64, 0x2E, 0x23, 0x31,
    0x00,
};

const u8 gActivationDescription_TheBigSaturn_Popup1[] APPEND_TEXT = {
    0x23, 0x32, 0x23, 0x30, 0x77, 0x61, 0x73, 0x20, 0x61, 0x63, 0x74, 0x69,
    0x76, 0x61, 0x74, 0x65, 0x64, 0x2E, 0x23, 0x31, 0x44, 0x69, 0x73, 0x63,
    0x61, 0x72, 0x64, 0x20, 0x31, 0x20, 0x63, 0x61, 0x72, 0x64, 0x20, 0x61,
    0x6E, 0x64, 0x20, 0x70, 0x61, 0x79, 0x20, 0x31, 0x30, 0x30, 0x30, 0x23,
    0x30, 0x4C, 0x50, 0x3B, 0x20, 0x67, 0x61, 0x69, 0x6E, 0x20, 0x31, 0x30,
    0x30, 0x30, 0x20, 0x41, 0x54, 0x4B, 0x20, 0x75, 0x6E, 0x74, 0x69, 0x6C,
    0x20, 0x65, 0x6E, 0x64, 0x23, 0x30, 0x6F, 0x66, 0x20, 0x74, 0x75, 0x72,
    0x6E, 0x2E, 0x23, 0x31, 0x00,
};

const u8 gActivationDescription_TheBigSaturn_Popup2[] APPEND_TEXT = {
    0x23, 0x32, 0x23, 0x30, 0x77, 0x61, 0x73, 0x20, 0x61, 0x63, 0x74, 0x69,
    0x76, 0x61, 0x74, 0x65, 0x64, 0x2E, 0x23, 0x31, 0x41, 0x73, 0x20, 0x69,
    0x74, 0x20, 0x77, 0x61, 0x73, 0x20, 0x64, 0x65, 0x73, 0x74, 0x72, 0x6F,
    0x79, 0x65, 0x64, 0x20, 0x62, 0x79, 0x20, 0x61, 0x6E, 0x23, 0x30, 0x6F,
    0x70, 0x70, 0x6F, 0x6E, 0x65, 0x6E, 0x74, 0x27, 0x73, 0x20, 0x65, 0x66,
    0x66, 0x65, 0x63, 0x74, 0x2C, 0x20, 0x62, 0x6F, 0x74, 0x68, 0x23, 0x30,
    0x70, 0x6C, 0x61, 0x79, 0x65, 0x72, 0x73, 0x20, 0x74, 0x61, 0x6B, 0x65,
    0x20, 0x69, 0x74, 0x73, 0x20, 0x41, 0x54, 0x4B, 0x20, 0x61, 0x73, 0x23,
    0x30, 0x64, 0x61, 0x6D, 0x61, 0x67, 0x65, 0x2E, 0x23, 0x31, 0x00,
};

const u8 gActivationDescription_TheTripperMercury_Popup1[] APPEND_TEXT = {
    0x23, 0x32, 0x23, 0x30, 0x77, 0x61, 0x73, 0x20, 0x61, 0x63, 0x74, 0x69,
    0x76, 0x61, 0x74, 0x65, 0x64, 0x2E, 0x23, 0x31, 0x43, 0x68, 0x61, 0x6E,
    0x67, 0x65, 0x20, 0x61, 0x6C, 0x6C, 0x20, 0x6D, 0x6F, 0x6E, 0x73, 0x74,
    0x65, 0x72, 0x73, 0x20, 0x6F, 0x6E, 0x20, 0x74, 0x68, 0x65, 0x23, 0x30,
    0x66, 0x69, 0x65, 0x6C, 0x64, 0x20, 0x74, 0x6F, 0x20, 0x66, 0x61, 0x63,
    0x65, 0x2D, 0x75, 0x70, 0x20, 0x41, 0x74, 0x74, 0x61, 0x63, 0x6B, 0x23,
    0x30, 0x50, 0x6F, 0x73, 0x69, 0x74, 0x69, 0x6F, 0x6E, 0x2E, 0x23, 0x31,
    0x00,
};

const u8 gActivationDescription_TheTripperMercury_Popup2[] APPEND_TEXT = {
    0x23, 0x32, 0x23, 0x30, 0x77, 0x61, 0x73, 0x20, 0x61, 0x63, 0x74, 0x69,
    0x76, 0x61, 0x74, 0x65, 0x64, 0x2E, 0x23, 0x31, 0x41, 0x73, 0x20, 0x69,
    0x74, 0x20, 0x77, 0x61, 0x73, 0x20, 0x54, 0x72, 0x69, 0x62, 0x75, 0x74,
    0x65, 0x20, 0x53, 0x75, 0x6D, 0x6D, 0x6F, 0x6E, 0x65, 0x64, 0x23, 0x30,
    0x77, 0x69, 0x74, 0x68, 0x20, 0x33, 0x20, 0x74, 0x72, 0x69, 0x62, 0x75,
    0x74, 0x65, 0x73, 0x2C, 0x20, 0x6F, 0x70, 0x70, 0x6F, 0x6E, 0x65, 0x6E,
    0x74, 0x23, 0x30, 0x6D, 0x6F, 0x6E, 0x73, 0x74, 0x65, 0x72, 0x73, 0x20,
    0x6C, 0x6F, 0x73, 0x65, 0x20, 0x74, 0x68, 0x65, 0x69, 0x72, 0x23, 0x30,
    0x6F, 0x72, 0x69, 0x67, 0x69, 0x6E, 0x61, 0x6C, 0x20, 0x41, 0x54, 0x4B,
    0x2E, 0x23, 0x31, 0x00,
};

const u8 gActivationDescription_TheGrandJupiter_Popup1[] APPEND_TEXT = {
    0x23, 0x32, 0x23, 0x30, 0x77, 0x61, 0x73, 0x20, 0x61, 0x63, 0x74, 0x69,
    0x76, 0x61, 0x74, 0x65, 0x64, 0x2E, 0x23, 0x31, 0x44, 0x69, 0x73, 0x63,
    0x61, 0x72, 0x64, 0x20, 0x32, 0x20, 0x63, 0x61, 0x72, 0x64, 0x73, 0x2C,
    0x20, 0x74, 0x68, 0x65, 0x6E, 0x23, 0x30, 0x74, 0x61, 0x72, 0x67, 0x65,
    0x74, 0x20, 0x31, 0x20, 0x66, 0x61, 0x63, 0x65, 0x2D, 0x75, 0x70, 0x20,
    0x6F, 0x70, 0x70, 0x6F, 0x6E, 0x65, 0x6E, 0x74, 0x23, 0x30, 0x6D, 0x6F,
    0x6E, 0x73, 0x74, 0x65, 0x72, 0x3B, 0x20, 0x65, 0x71, 0x75, 0x69, 0x70,
    0x20, 0x69, 0x74, 0x2E, 0x23, 0x31, 0x00,
};

const u8 gActivationDescription_TheGrandJupiter_Popup2[] APPEND_TEXT = {
    0x23, 0x32, 0x23, 0x30, 0x77, 0x61, 0x73, 0x20, 0x61, 0x63, 0x74, 0x69,
    0x76, 0x61, 0x74, 0x65, 0x64, 0x2E, 0x23, 0x31, 0x54, 0x61, 0x72, 0x67,
    0x65, 0x74, 0x20, 0x31, 0x20, 0x6D, 0x6F, 0x6E, 0x73, 0x74, 0x65, 0x72,
    0x20, 0x65, 0x71, 0x75, 0x69, 0x70, 0x70, 0x65, 0x64, 0x23, 0x30, 0x62,
    0x79, 0x20, 0x74, 0x68, 0x69, 0x73, 0x20, 0x65, 0x66, 0x66, 0x65, 0x63,
    0x74, 0x3B, 0x20, 0x53, 0x70, 0x65, 0x63, 0x69, 0x61, 0x6C, 0x23, 0x30,
    0x53, 0x75, 0x6D, 0x6D, 0x6F, 0x6E, 0x20, 0x69, 0x74, 0x2E, 0x23, 0x31,
    0x00,
};

const u8 gActivationDescription_TheDespairUranus_Popup1[] APPEND_TEXT = {
    0x23, 0x32, 0x23, 0x30, 0x77, 0x61, 0x73, 0x20, 0x61, 0x63, 0x74, 0x69,
    0x76, 0x61, 0x74, 0x65, 0x64, 0x2E, 0x23, 0x31, 0x57, 0x68, 0x65, 0x6E,
    0x20, 0x74, 0x68, 0x69, 0x73, 0x20, 0x63, 0x61, 0x72, 0x64, 0x20, 0x69,
    0x73, 0x20, 0x54, 0x72, 0x69, 0x62, 0x75, 0x74, 0x65, 0x23, 0x30, 0x53,
    0x75, 0x6D, 0x6D, 0x6F, 0x6E, 0x65, 0x64, 0x20, 0x77, 0x68, 0x69, 0x6C,
    0x65, 0x20, 0x79, 0x6F, 0x75, 0x20, 0x63, 0x6F, 0x6E, 0x74, 0x72, 0x6F,
    0x6C, 0x23, 0x30, 0x6E, 0x6F, 0x20, 0x53, 0x70, 0x65, 0x6C, 0x6C, 0x2F,
    0x54, 0x72, 0x61, 0x70, 0x20, 0x43, 0x61, 0x72, 0x64, 0x73, 0x3A, 0x20,
    0x59, 0x6F, 0x75, 0x23, 0x30, 0x63, 0x61, 0x6E, 0x20, 0x61, 0x63, 0x74,
    0x69, 0x76, 0x61, 0x74, 0x65, 0x20, 0x74, 0x68, 0x69, 0x73, 0x20, 0x65,
    0x66, 0x66, 0x65, 0x63, 0x74, 0x3B, 0x23, 0x30, 0x79, 0x6F, 0x75, 0x72,
    0x20, 0x6F, 0x70, 0x70, 0x6F, 0x6E, 0x65, 0x6E, 0x74, 0x20, 0x64, 0x65,
    0x23, 0x31, 0x00,
};

const u8 gActivationDescription_TheBlazingMars_Popup1[] APPEND_TEXT = {
    0x23, 0x32, 0x23, 0x30, 0x77, 0x61, 0x73, 0x20, 0x61, 0x63, 0x74, 0x69,
    0x76, 0x61, 0x74, 0x65, 0x64, 0x2E, 0x23, 0x31, 0x42, 0x61, 0x6E, 0x69,
    0x73, 0x68, 0x20, 0x33, 0x20, 0x6F, 0x74, 0x68, 0x65, 0x72, 0x20, 0x6D,
    0x6F, 0x6E, 0x73, 0x74, 0x65, 0x72, 0x73, 0x23, 0x30, 0x66, 0x72, 0x6F,
    0x6D, 0x20, 0x79, 0x6F, 0x75, 0x72, 0x20, 0x47, 0x59, 0x3B, 0x20, 0x53,
    0x70, 0x65, 0x63, 0x69, 0x61, 0x6C, 0x23, 0x30, 0x53, 0x75, 0x6D, 0x6D,
    0x6F, 0x6E, 0x20, 0x74, 0x68, 0x69, 0x73, 0x20, 0x63, 0x61, 0x72, 0x64,
    0x20, 0x66, 0x72, 0x6F, 0x6D, 0x20, 0x68, 0x61, 0x6E, 0x64, 0x23, 0x30,
    0x6F, 0x72, 0x20, 0x47, 0x59, 0x2E, 0x23, 0x31, 0x00,
};

const u8 gActivationDescription_TheBlazingMars_Popup2[] APPEND_TEXT = {
    0x23, 0x32, 0x23, 0x30, 0x77, 0x61, 0x73, 0x20, 0x61, 0x63, 0x74, 0x69,
    0x76, 0x61, 0x74, 0x65, 0x64, 0x2E, 0x23, 0x31, 0x53, 0x65, 0x6E, 0x64,
    0x20, 0x79, 0x6F, 0x75, 0x72, 0x20, 0x6F, 0x74, 0x68, 0x65, 0x72, 0x20,
    0x6D, 0x6F, 0x6E, 0x73, 0x74, 0x65, 0x72, 0x73, 0x20, 0x74, 0x6F, 0x23,
    0x30, 0x74, 0x68, 0x65, 0x20, 0x47, 0x59, 0x3B, 0x20, 0x69, 0x6E, 0x66,
    0x6C, 0x69, 0x63, 0x74, 0x20, 0x35, 0x30, 0x30, 0x20, 0x64, 0x61, 0x6D,
    0x61, 0x67, 0x65, 0x23, 0x30, 0x70, 0x65, 0x72, 0x20, 0x6D, 0x6F, 0x6E,
    0x73, 0x74, 0x65, 0x72, 0x20, 0x73, 0x65, 0x6E, 0x74, 0x2E, 0x23, 0x31,
    0x00,
};

const u8 gActivationDescription_TheSuppressionPluto_Popup1[] APPEND_TEXT = {
    0x23, 0x32, 0x23, 0x30, 0x77, 0x61, 0x73, 0x20, 0x61, 0x63, 0x74, 0x69,
    0x76, 0x61, 0x74, 0x65, 0x64, 0x2E, 0x23, 0x31, 0x57, 0x68, 0x65, 0x6E,
    0x20, 0x74, 0x68, 0x69, 0x73, 0x20, 0x63, 0x61, 0x72, 0x64, 0x20, 0x69,
    0x73, 0x20, 0x53, 0x75, 0x6D, 0x6D, 0x6F, 0x6E, 0x65, 0x64, 0x3A, 0x23,
    0x30, 0x74, 0x61, 0x6B, 0x65, 0x20, 0x63, 0x6F, 0x6E, 0x74, 0x72, 0x6F,
    0x6C, 0x20, 0x6F, 0x66, 0x20, 0x31, 0x23, 0x30, 0x53, 0x70, 0x65, 0x6C,
    0x6C, 0x2F, 0x54, 0x72, 0x61, 0x70, 0x20, 0x43, 0x61, 0x72, 0x64, 0x20,
    0x79, 0x6F, 0x75, 0x72, 0x23, 0x30, 0x6F, 0x70, 0x70, 0x6F, 0x6E, 0x65,
    0x6E, 0x74, 0x20, 0x63, 0x6F, 0x6E, 0x74, 0x72, 0x6F, 0x6C, 0x73, 0x2E,
    0x23, 0x31, 0x00,
};

const u8 gActivationDescription_TheSupremacySun_Popup1[] APPEND_TEXT = {
    0x23, 0x32, 0x23, 0x30, 0x77, 0x61, 0x73, 0x20, 0x61, 0x63, 0x74, 0x69,
    0x76, 0x61, 0x74, 0x65, 0x64, 0x2E, 0x23, 0x31, 0x44, 0x69, 0x73, 0x63,
    0x61, 0x72, 0x64, 0x20, 0x31, 0x20, 0x63, 0x61, 0x72, 0x64, 0x3B, 0x20,
    0x53, 0x70, 0x65, 0x63, 0x69, 0x61, 0x6C, 0x23, 0x30, 0x53, 0x75, 0x6D,
    0x6D, 0x6F, 0x6E, 0x20, 0x74, 0x68, 0x69, 0x73, 0x20, 0x63, 0x61, 0x72,
    0x64, 0x20, 0x66, 0x72, 0x6F, 0x6D, 0x20, 0x74, 0x68, 0x65, 0x23, 0x30,
    0x47, 0x72, 0x61, 0x76, 0x65, 0x79, 0x61, 0x72, 0x64, 0x2E, 0x23, 0x31,
    0x00,
};

const u8 gActivationDescription_Zeriel_Popup1[] APPEND_TEXT = {
    0x23, 0x32, 0x23, 0x30, 0x77, 0x61, 0x73, 0x20, 0x61, 0x63, 0x74, 0x69,
    0x76, 0x61, 0x74, 0x65, 0x64, 0x2E, 0x23, 0x31, 0x41, 0x6C, 0x6C, 0x20,
    0x46, 0x61, 0x69, 0x72, 0x79, 0x2D, 0x74, 0x79, 0x70, 0x65, 0x20, 0x6D,
    0x6F, 0x6E, 0x73, 0x74, 0x65, 0x72, 0x73, 0x20, 0x79, 0x6F, 0x75, 0x23,
    0x30, 0x63, 0x6F, 0x6E, 0x74, 0x72, 0x6F, 0x6C, 0x20, 0x67, 0x61, 0x69,
    0x6E, 0x20, 0x35, 0x30, 0x30, 0x20, 0x41, 0x54, 0x4B, 0x2E, 0x23, 0x31,
    0x00,
};

const u8 gActivationDescription_Shatiel_Popup1[] APPEND_TEXT = {
    0x23, 0x32, 0x23, 0x30, 0x77, 0x61, 0x73, 0x20, 0x61, 0x63, 0x74, 0x69,
    0x76, 0x61, 0x74, 0x65, 0x64, 0x2E, 0x23, 0x31, 0x46, 0x6F, 0x72, 0x20,
    0x65, 0x76, 0x65, 0x72, 0x79, 0x20, 0x6F, 0x74, 0x68, 0x65, 0x72, 0x20,
    0x46, 0x61, 0x69, 0x72, 0x79, 0x2D, 0x54, 0x79, 0x70, 0x65, 0x23, 0x30,
    0x6D, 0x6F, 0x6E, 0x73, 0x74, 0x65, 0x72, 0x20, 0x6F, 0x6E, 0x20, 0x79,
    0x6F, 0x75, 0x72, 0x20, 0x66, 0x69, 0x65, 0x6C, 0x64, 0x2C, 0x20, 0x79,
    0x6F, 0x75, 0x72, 0x23, 0x30, 0x46, 0x61, 0x69, 0x72, 0x79, 0x2D, 0x54,
    0x79, 0x70, 0x65, 0x20, 0x6D, 0x6F, 0x6E, 0x73, 0x74, 0x65, 0x72, 0x73,
    0x20, 0x67, 0x61, 0x69, 0x6E, 0x23, 0x30, 0x34, 0x30, 0x30, 0x20, 0x41,
    0x54, 0x4B, 0x20, 0x61, 0x6E, 0x64, 0x20, 0x44, 0x45, 0x46, 0x2E, 0x23,
    0x31, 0x00,
};

const u8 gActivationDescription_SeraphimBlaster_Popup1[] APPEND_TEXT = {
    0x23, 0x32, 0x23, 0x30, 0x77, 0x61, 0x73, 0x20, 0x61, 0x63, 0x74, 0x69,
    0x76, 0x61, 0x74, 0x65, 0x64, 0x2E, 0x23, 0x31, 0x47, 0x61, 0x69, 0x6E,
    0x73, 0x20, 0x33, 0x30, 0x30, 0x20, 0x41, 0x54, 0x4B, 0x20, 0x66, 0x6F,
    0x72, 0x20, 0x65, 0x61, 0x63, 0x68, 0x23, 0x30, 0x6F, 0x74, 0x68, 0x65,
    0x72, 0x20, 0x46, 0x61, 0x69, 0x72, 0x79, 0x2D, 0x54, 0x79, 0x70, 0x65,
    0x20, 0x6D, 0x6F, 0x6E, 0x73, 0x74, 0x65, 0x72, 0x20, 0x6F, 0x6E, 0x23,
    0x30, 0x74, 0x68, 0x65, 0x20, 0x66, 0x69, 0x65, 0x6C, 0x64, 0x2E, 0x23,
    0x31, 0x00,
};

const u8 gActivationDescription_Iofiel_Popup1[] APPEND_TEXT = {
    0x23, 0x32, 0x23, 0x30, 0x77, 0x61, 0x73, 0x20, 0x61, 0x63, 0x74, 0x69,
    0x76, 0x61, 0x74, 0x65, 0x64, 0x2E, 0x23, 0x31, 0x57, 0x68, 0x65, 0x6E,
    0x20, 0x53, 0x75, 0x6D, 0x6D, 0x6F, 0x6E, 0x65, 0x64, 0x2C, 0x20, 0x73,
    0x65, 0x6E, 0x64, 0x20, 0x31, 0x20, 0x4C, 0x65, 0x76, 0x65, 0x6C, 0x23,
    0x30, 0x31, 0x20, 0x46, 0x61, 0x69, 0x72, 0x79, 0x2D, 0x54, 0x79, 0x70,
    0x65, 0x20, 0x6D, 0x6F, 0x6E, 0x73, 0x74, 0x65, 0x72, 0x20, 0x66, 0x72,
    0x6F, 0x6D, 0x23, 0x30, 0x79, 0x6F, 0x75, 0x72, 0x20, 0x44, 0x65, 0x63,
    0x6B, 0x20, 0x74, 0x6F, 0x20, 0x74, 0x68, 0x65, 0x20, 0x47, 0x72, 0x61,
    0x76, 0x65, 0x79, 0x61, 0x72, 0x64, 0x23, 0x30, 0x74, 0x6F, 0x20, 0x67,
    0x61, 0x69, 0x6E, 0x20, 0x31, 0x30, 0x30, 0x30, 0x20, 0x41, 0x54, 0x4B,
    0x2E, 0x23, 0x31, 0x00,
};

const u8 gActivationDescription_ArchlordKristya_Popup1[] APPEND_TEXT = {
    0x23, 0x32, 0x23, 0x30, 0x77, 0x61, 0x73, 0x20, 0x61, 0x63, 0x74, 0x69,
    0x76, 0x61, 0x74, 0x65, 0x64, 0x2E, 0x23, 0x31, 0x54, 0x61, 0x72, 0x67,
    0x65, 0x74, 0x20, 0x31, 0x20, 0x46, 0x61, 0x69, 0x72, 0x79, 0x20, 0x6D,
    0x6F, 0x6E, 0x73, 0x74, 0x65, 0x72, 0x20, 0x69, 0x6E, 0x23, 0x30, 0x79,
    0x6F, 0x75, 0x72, 0x20, 0x47, 0x72, 0x61, 0x76, 0x65, 0x79, 0x61, 0x72,
    0x64, 0x3B, 0x20, 0x61, 0x64, 0x64, 0x20, 0x74, 0x68, 0x61, 0x74, 0x23,
    0x30, 0x74, 0x61, 0x72, 0x67, 0x65, 0x74, 0x20, 0x74, 0x6F, 0x20, 0x79,
    0x6F, 0x75, 0x72, 0x20, 0x68, 0x61, 0x6E, 0x64, 0x2E, 0x23, 0x31, 0x00,
};

const u8 gActivationDescription_ArchlordKristya_Popup2[] APPEND_TEXT = {
    0x23, 0x32, 0x23, 0x30, 0x77, 0x61, 0x73, 0x20, 0x61, 0x63, 0x74, 0x69,
    0x76, 0x61, 0x74, 0x65, 0x64, 0x2E, 0x23, 0x31, 0x4E, 0x65, 0x69, 0x74,
    0x68, 0x65, 0x72, 0x20, 0x70, 0x6C, 0x61, 0x79, 0x65, 0x72, 0x20, 0x63,
    0x61, 0x6E, 0x20, 0x53, 0x70, 0x65, 0x63, 0x69, 0x61, 0x6C, 0x23, 0x30,
    0x53, 0x75, 0x6D, 0x6D, 0x6F, 0x6E, 0x20, 0x6D, 0x6F, 0x6E, 0x73, 0x74,
    0x65, 0x72, 0x73, 0x2E, 0x23, 0x31, 0x00,
};

const u8 gActivationDescription_ArchlordKristya_Popup3[] APPEND_TEXT = {
    0x23, 0x32, 0x23, 0x30, 0x77, 0x61, 0x73, 0x20, 0x61, 0x63, 0x74, 0x69,
    0x76, 0x61, 0x74, 0x65, 0x64, 0x2E, 0x23, 0x31, 0x49, 0x66, 0x20, 0x74,
    0x68, 0x69, 0x73, 0x20, 0x66, 0x61, 0x63, 0x65, 0x2D, 0x75, 0x70, 0x20,
    0x63, 0x61, 0x72, 0x64, 0x20, 0x77, 0x6F, 0x75, 0x6C, 0x64, 0x23, 0x30,
    0x62, 0x65, 0x20, 0x73, 0x65, 0x6E, 0x74, 0x20, 0x66, 0x72, 0x6F, 0x6D,
    0x20, 0x74, 0x68, 0x65, 0x20, 0x66, 0x69, 0x65, 0x6C, 0x64, 0x20, 0x74,
    0x6F, 0x23, 0x30, 0x74, 0x68, 0x65, 0x20, 0x47, 0x59, 0x2C, 0x20, 0x70,
    0x6C, 0x61, 0x63, 0x65, 0x20, 0x69, 0x74, 0x20, 0x6F, 0x6E, 0x20, 0x74,
    0x6F, 0x70, 0x20, 0x6F, 0x66, 0x23, 0x30, 0x74, 0x68, 0x65, 0x20, 0x44,
    0x65, 0x63, 0x6B, 0x20, 0x69, 0x6E, 0x73, 0x74, 0x65, 0x61, 0x64, 0x2E,
    0x23, 0x31, 0x00,
};

const u8 gActivationDescription_TethysGoddessOfLight_Popup1[] APPEND_TEXT = {
    0x23, 0x32, 0x23, 0x30, 0x77, 0x61, 0x73, 0x20, 0x61, 0x63, 0x74, 0x69,
    0x76, 0x61, 0x74, 0x65, 0x64, 0x2E, 0x23, 0x31, 0x57, 0x68, 0x65, 0x6E,
    0x20, 0x79, 0x6F, 0x75, 0x20, 0x64, 0x72, 0x61, 0x77, 0x20, 0x61, 0x20,
    0x46, 0x61, 0x69, 0x72, 0x79, 0x23, 0x30, 0x6D, 0x6F, 0x6E, 0x73, 0x74,
    0x65, 0x72, 0x3A, 0x20, 0x72, 0x65, 0x76, 0x65, 0x61, 0x6C, 0x20, 0x69,
    0x74, 0x3B, 0x20, 0x64, 0x72, 0x61, 0x77, 0x20, 0x31, 0x23, 0x30, 0x63,
    0x61, 0x72, 0x64, 0x2E, 0x20, 0x4D, 0x75, 0x73, 0x74, 0x20, 0x62, 0x65,
    0x20, 0x66, 0x61, 0x63, 0x65, 0x2D, 0x75, 0x70, 0x20, 0x6F, 0x6E, 0x23,
    0x30, 0x66, 0x69, 0x65, 0x6C, 0x64, 0x2E, 0x23, 0x31, 0x00,
};

const u8 gActivationDescription_Athena_Popup1[] APPEND_TEXT = {
    0x23, 0x32, 0x23, 0x30, 0x77, 0x61, 0x73, 0x20, 0x61, 0x63, 0x74, 0x69,
    0x76, 0x61, 0x74, 0x65, 0x64, 0x2E, 0x23, 0x31, 0x49, 0x6E, 0x66, 0x6C,
    0x69, 0x63, 0x74, 0x20, 0x36, 0x30, 0x30, 0x20, 0x4C, 0x50, 0x20, 0x64,
    0x61, 0x6D, 0x61, 0x67, 0x65, 0x20, 0x74, 0x6F, 0x23, 0x30, 0x79, 0x6F,
    0x75, 0x72, 0x20, 0x6F, 0x70, 0x70, 0x6F, 0x6E, 0x65, 0x6E, 0x74, 0x2E,
    0x23, 0x31, 0x00,
};

const u8 gActivationDescription_Athena_Popup2[] APPEND_TEXT = {
    0x23, 0x32, 0x23, 0x30, 0x77, 0x61, 0x73, 0x20, 0x61, 0x63, 0x74, 0x69,
    0x76, 0x61, 0x74, 0x65, 0x64, 0x2E, 0x23, 0x31, 0x53, 0x65, 0x6E, 0x64,
    0x20, 0x31, 0x20, 0x6F, 0x74, 0x68, 0x65, 0x72, 0x20, 0x66, 0x61, 0x63,
    0x65, 0x2D, 0x75, 0x70, 0x20, 0x46, 0x61, 0x69, 0x72, 0x79, 0x23, 0x30,
    0x6D, 0x6F, 0x6E, 0x73, 0x74, 0x65, 0x72, 0x20, 0x79, 0x6F, 0x75, 0x20,
    0x63, 0x6F, 0x6E, 0x74, 0x72, 0x6F, 0x6C, 0x20, 0x74, 0x6F, 0x20, 0x74,
    0x68, 0x65, 0x23, 0x30, 0x47, 0x59, 0x3B, 0x20, 0x53, 0x70, 0x65, 0x63,
    0x69, 0x61, 0x6C, 0x20, 0x53, 0x75, 0x6D, 0x6D, 0x6F, 0x6E, 0x20, 0x31,
    0x20, 0x46, 0x61, 0x69, 0x72, 0x79, 0x23, 0x30, 0x6D, 0x6F, 0x6E, 0x73,
    0x74, 0x65, 0x72, 0x20, 0x66, 0x72, 0x6F, 0x6D, 0x20, 0x79, 0x6F, 0x75,
    0x72, 0x20, 0x47, 0x59, 0x2E, 0x23, 0x31, 0x00,
};

const u8 gActivationDescription_ValhallaHallOfTheFallen_Popup1[] APPEND_TEXT = {
    0x23, 0x32, 0x23, 0x30, 0x77, 0x61, 0x73, 0x20, 0x61, 0x63, 0x74, 0x69,
    0x76, 0x61, 0x74, 0x65, 0x64, 0x2E, 0x23, 0x31, 0x4F, 0x6E, 0x63, 0x65,
    0x20, 0x70, 0x65, 0x72, 0x20, 0x74, 0x75, 0x72, 0x6E, 0x3A, 0x20, 0x59,
    0x6F, 0x75, 0x20, 0x63, 0x61, 0x6E, 0x23, 0x30, 0x53, 0x70, 0x65, 0x63,
    0x69, 0x61, 0x6C, 0x20, 0x53, 0x75, 0x6D, 0x6D, 0x6F, 0x6E, 0x20, 0x31,
    0x20, 0x46, 0x61, 0x69, 0x72, 0x79, 0x23, 0x30, 0x6D, 0x6F, 0x6E, 0x73,
    0x74, 0x65, 0x72, 0x20, 0x66, 0x72, 0x6F, 0x6D, 0x20, 0x79, 0x6F, 0x75,
    0x72, 0x20, 0x68, 0x61, 0x6E, 0x64, 0x2E, 0x23, 0x31, 0x00,
};

const u8 gActivationDescription_AngelsTear_Popup1[] APPEND_TEXT = {
    0x23, 0x32, 0x23, 0x30, 0x77, 0x61, 0x73, 0x20, 0x61, 0x63, 0x74, 0x69,
    0x76, 0x61, 0x74, 0x65, 0x64, 0x2E, 0x23, 0x31, 0x42, 0x61, 0x6E, 0x69,
    0x73, 0x68, 0x20, 0x34, 0x20, 0x46, 0x61, 0x69, 0x72, 0x79, 0x20, 0x6D,
    0x6F, 0x6E, 0x73, 0x74, 0x65, 0x72, 0x73, 0x23, 0x30, 0x66, 0x72, 0x6F,
    0x6D, 0x20, 0x79, 0x6F, 0x75, 0x72, 0x20, 0x47, 0x72, 0x61, 0x76, 0x65,
    0x79, 0x61, 0x72, 0x64, 0x20, 0x74, 0x6F, 0x23, 0x30, 0x53, 0x70, 0x65,
    0x63, 0x69, 0x61, 0x6C, 0x20, 0x53, 0x75, 0x6D, 0x6D, 0x6F, 0x6E, 0x20,
    0x31, 0x20, 0x46, 0x61, 0x69, 0x72, 0x79, 0x23, 0x30, 0x6D, 0x6F, 0x6E,
    0x73, 0x74, 0x65, 0x72, 0x20, 0x66, 0x72, 0x6F, 0x6D, 0x20, 0x79, 0x6F,
    0x75, 0x72, 0x23, 0x30, 0x47, 0x72, 0x61, 0x76, 0x65, 0x79, 0x61, 0x72,
    0x64, 0x2E, 0x23, 0x31, 0x00,
};

const u8 gActivationDescription_DivineSanctuary_Popup1[] APPEND_TEXT = {
    0x23, 0x32, 0x23, 0x30, 0x77, 0x61, 0x73, 0x20, 0x61, 0x63, 0x74, 0x69,
    0x76, 0x61, 0x74, 0x65, 0x64, 0x2E, 0x23, 0x31, 0x4E, 0x6F, 0x6E, 0x2D,
    0x46, 0x61, 0x69, 0x72, 0x79, 0x20, 0x6D, 0x6F, 0x6E, 0x73, 0x74, 0x65,
    0x72, 0x73, 0x20, 0x6C, 0x6F, 0x73, 0x65, 0x20, 0x35, 0x30, 0x30, 0x23,
    0x30, 0x41, 0x54, 0x4B, 0x2E, 0x20, 0x59, 0x6F, 0x75, 0x20, 0x63, 0x61,
    0x6E, 0x20, 0x6E, 0x6F, 0x72, 0x6D, 0x61, 0x6C, 0x20, 0x73, 0x75, 0x6D,
    0x6D, 0x6F, 0x6E, 0x23, 0x30, 0x46, 0x61, 0x69, 0x72, 0x79, 0x20, 0x6D,
    0x6F, 0x6E, 0x73, 0x74, 0x65, 0x72, 0x73, 0x20, 0x77, 0x69, 0x74, 0x68,
    0x20, 0x6F, 0x6E, 0x65, 0x23, 0x30, 0x6C, 0x65, 0x73, 0x73, 0x20, 0x74,
    0x72, 0x69, 0x62, 0x75, 0x74, 0x65, 0x2E, 0x23, 0x31, 0x00,
};

const u8 gActivationDescription_CourtOfJustice_Popup1[] APPEND_TEXT = {
    0x23, 0x32, 0x23, 0x30, 0x77, 0x61, 0x73, 0x20, 0x61, 0x63, 0x74, 0x69,
    0x76, 0x61, 0x74, 0x65, 0x64, 0x2E, 0x23, 0x31, 0x4F, 0x6E, 0x63, 0x65,
    0x20, 0x70, 0x65, 0x72, 0x20, 0x74, 0x75, 0x72, 0x6E, 0x3A, 0x20, 0x59,
    0x6F, 0x75, 0x20, 0x63, 0x61, 0x6E, 0x23, 0x30, 0x53, 0x70, 0x65, 0x63,
    0x69, 0x61, 0x6C, 0x20, 0x53, 0x75, 0x6D, 0x6D, 0x6F, 0x6E, 0x20, 0x31,
    0x20, 0x46, 0x61, 0x69, 0x72, 0x79, 0x2D, 0x54, 0x79, 0x70, 0x65, 0x23,
    0x30, 0x6D, 0x6F, 0x6E, 0x73, 0x74, 0x65, 0x72, 0x20, 0x66, 0x72, 0x6F,
    0x6D, 0x20, 0x79, 0x6F, 0x75, 0x72, 0x20, 0x68, 0x61, 0x6E, 0x64, 0x2E,
    0x23, 0x31, 0x00,
};

const u8 gActivationDescription_Hecatrice_Popup1[] APPEND_TEXT = {
    0x23, 0x32, 0x23, 0x30, 0x77, 0x61, 0x73, 0x20, 0x61, 0x63, 0x74, 0x69,
    0x76, 0x61, 0x74, 0x65, 0x64, 0x2E, 0x23, 0x31, 0x59, 0x6F, 0x75, 0x20,
    0x63, 0x61, 0x6E, 0x20, 0x64, 0x69, 0x73, 0x63, 0x61, 0x72, 0x64, 0x20,
    0x74, 0x68, 0x69, 0x73, 0x20, 0x63, 0x61, 0x72, 0x64, 0x23, 0x30, 0x74,
    0x6F, 0x20, 0x74, 0x68, 0x65, 0x20, 0x47, 0x59, 0x3B, 0x20, 0x61, 0x64,
    0x64, 0x20, 0x31, 0x20, 0x56, 0x61, 0x6C, 0x68, 0x61, 0x6C, 0x6C, 0x61,
    0x2C, 0x23, 0x30, 0x48, 0x61, 0x6C, 0x6C, 0x20, 0x6F, 0x66, 0x20, 0x74,
    0x68, 0x65, 0x20, 0x46, 0x61, 0x6C, 0x6C, 0x65, 0x6E, 0x20, 0x66, 0x72,
    0x6F, 0x6D, 0x23, 0x30, 0x79, 0x6F, 0x75, 0x72, 0x20, 0x44, 0x65, 0x63,
    0x6B, 0x20, 0x74, 0x6F, 0x20, 0x79, 0x6F, 0x75, 0x72, 0x20, 0x68, 0x61,
    0x6E, 0x64, 0x2E, 0x23, 0x31, 0x00,
};

const u8 gActivationDescription_PrematureBurial_Popup1[] APPEND_TEXT = {
    0x23, 0x32, 0x23, 0x30, 0x77, 0x61, 0x73, 0x20, 0x61, 0x63, 0x74, 0x69,
    0x76, 0x61, 0x74, 0x65, 0x64, 0x2E, 0x23, 0x31, 0x50, 0x61, 0x79, 0x20,
    0x38, 0x30, 0x30, 0x20, 0x4C, 0x50, 0x20, 0x61, 0x6E, 0x64, 0x20, 0x73,
    0x70, 0x65, 0x63, 0x69, 0x61, 0x6C, 0x23, 0x30, 0x73, 0x75, 0x6D, 0x6D,
    0x6F, 0x6E, 0x20, 0x31, 0x20, 0x6D, 0x6F, 0x6E, 0x73, 0x74, 0x65, 0x72,
    0x20, 0x66, 0x72, 0x6F, 0x6D, 0x20, 0x79, 0x6F, 0x75, 0x72, 0x23, 0x30,
    0x47, 0x72, 0x61, 0x76, 0x65, 0x79, 0x61, 0x72, 0x64, 0x2E, 0x23, 0x31,
    0x00,
};

const u8 gActivationDescription_Yubel_Popup1[] APPEND_TEXT = {
    0x23, 0x32, 0x23, 0x30, 0x77, 0x61, 0x73, 0x20, 0x61, 0x63, 0x74, 0x69,
    0x76, 0x61, 0x74, 0x65, 0x64, 0x2E, 0x23, 0x31, 0x53, 0x61, 0x63, 0x72,
    0x69, 0x66, 0x69, 0x63, 0x65, 0x20, 0x31, 0x20, 0x6F, 0x74, 0x68, 0x65,
    0x72, 0x20, 0x6D, 0x6F, 0x6E, 0x73, 0x74, 0x65, 0x72, 0x23, 0x30, 0x6F,
    0x6E, 0x20, 0x79, 0x6F, 0x75, 0x72, 0x20, 0x73, 0x69, 0x64, 0x65, 0x20,
    0x6F, 0x66, 0x20, 0x74, 0x68, 0x65, 0x20, 0x66, 0x69, 0x65, 0x6C, 0x64,
    0x23, 0x30, 0x6F, 0x72, 0x20, 0x64, 0x65, 0x73, 0x74, 0x72, 0x6F, 0x79,
    0x20, 0x74, 0x68, 0x69, 0x73, 0x20, 0x63, 0x61, 0x72, 0x64, 0x2E, 0x23,
    0x31, 0x00,
};

const u8 gActivationDescription_Yubel_Popup2[] APPEND_TEXT = {
    0x23, 0x32, 0x23, 0x30, 0x77, 0x61, 0x73, 0x20, 0x61, 0x63, 0x74, 0x69,
    0x76, 0x61, 0x74, 0x65, 0x64, 0x2E, 0x23, 0x31, 0x44, 0x65, 0x61, 0x6C,
    0x20, 0x74, 0x68, 0x65, 0x20, 0x62, 0x61, 0x74, 0x74, 0x6C, 0x65, 0x20,
    0x64, 0x61, 0x6D, 0x61, 0x67, 0x65, 0x20, 0x62, 0x61, 0x63, 0x6B, 0x23,
    0x30, 0x74, 0x6F, 0x20, 0x79, 0x6F, 0x75, 0x72, 0x20, 0x6F, 0x70, 0x70,
    0x6F, 0x6E, 0x65, 0x6E, 0x74, 0x2E, 0x23, 0x31, 0x00,
};

const u8 gActivationDescription_Yubel_Popup3[] APPEND_TEXT = {
    0x23, 0x32, 0x23, 0x30, 0x77, 0x61, 0x73, 0x20, 0x61, 0x63, 0x74, 0x69,
    0x76, 0x61, 0x74, 0x65, 0x64, 0x2E, 0x23, 0x31, 0x49, 0x66, 0x20, 0x64,
    0x65, 0x73, 0x74, 0x72, 0x6F, 0x79, 0x65, 0x64, 0x20, 0x6F, 0x75, 0x74,
    0x73, 0x69, 0x64, 0x65, 0x20, 0x6F, 0x66, 0x20, 0x69, 0x74, 0x73, 0x23,
    0x30, 0x6F, 0x77, 0x6E, 0x20, 0x65, 0x66, 0x66, 0x65, 0x63, 0x74, 0x2C,
    0x20, 0x73, 0x75, 0x6D, 0x6D, 0x6F, 0x6E, 0x20, 0x59, 0x75, 0x62, 0x65,
    0x6C, 0x23, 0x30, 0x54, 0x65, 0x72, 0x72, 0x6F, 0x72, 0x20, 0x49, 0x6E,
    0x63, 0x61, 0x72, 0x6E, 0x61, 0x74, 0x65, 0x20, 0x66, 0x72, 0x6F, 0x6D,
    0x20, 0x79, 0x6F, 0x75, 0x72, 0x23, 0x30, 0x68, 0x61, 0x6E, 0x64, 0x2C,
    0x20, 0x44, 0x65, 0x63, 0x6B, 0x2C, 0x20, 0x6F, 0x72, 0x20, 0x47, 0x59,
    0x2E, 0x23, 0x31, 0x00,
};

const u8 gActivationDescription_YubelTerrorIncarnate_Popup1[] APPEND_TEXT = {
    0x23, 0x32, 0x23, 0x30, 0x77, 0x61, 0x73, 0x20, 0x61, 0x63, 0x74, 0x69,
    0x76, 0x61, 0x74, 0x65, 0x64, 0x2E, 0x23, 0x31, 0x44, 0x65, 0x61, 0x6C,
    0x20, 0x74, 0x68, 0x65, 0x20, 0x62, 0x61, 0x74, 0x74, 0x6C, 0x65, 0x20,
    0x64, 0x61, 0x6D, 0x61, 0x67, 0x65, 0x20, 0x62, 0x61, 0x63, 0x6B, 0x23,
    0x30, 0x74, 0x6F, 0x20, 0x79, 0x6F, 0x75, 0x72, 0x20, 0x6F, 0x70, 0x70,
    0x6F, 0x6E, 0x65, 0x6E, 0x74, 0x2E, 0x23, 0x31, 0x00,
};

const u8 gActivationDescription_YubelTerrorIncarnate_Popup2[] APPEND_TEXT = {
    0x23, 0x32, 0x23, 0x30, 0x77, 0x61, 0x73, 0x20, 0x61, 0x63, 0x74, 0x69,
    0x76, 0x61, 0x74, 0x65, 0x64, 0x2E, 0x23, 0x31, 0x41, 0x74, 0x20, 0x79,
    0x6F, 0x75, 0x72, 0x20, 0x74, 0x75, 0x72, 0x6E, 0x20, 0x65, 0x6E, 0x64,
    0x2C, 0x20, 0x64, 0x65, 0x73, 0x74, 0x72, 0x6F, 0x79, 0x23, 0x30, 0x61,
    0x6C, 0x6C, 0x20, 0x6F, 0x74, 0x68, 0x65, 0x72, 0x20, 0x6D, 0x6F, 0x6E,
    0x73, 0x74, 0x65, 0x72, 0x73, 0x2E, 0x23, 0x31, 0x00,
};

const u8 gActivationDescription_YubelTerrorIncarnate_Popup3[] APPEND_TEXT = {
    0x23, 0x32, 0x23, 0x30, 0x77, 0x61, 0x73, 0x20, 0x61, 0x63, 0x74, 0x69,
    0x76, 0x61, 0x74, 0x65, 0x64, 0x2E, 0x23, 0x31, 0x53, 0x75, 0x6D, 0x6D,
    0x6F, 0x6E, 0x20, 0x59, 0x75, 0x62, 0x65, 0x6C, 0x20, 0x2D, 0x20, 0x54,
    0x68, 0x65, 0x20, 0x55, 0x6C, 0x74, 0x69, 0x6D, 0x61, 0x74, 0x65, 0x23,
    0x30, 0x4E, 0x69, 0x67, 0x68, 0x74, 0x6D, 0x61, 0x72, 0x65, 0x20, 0x66,
    0x72, 0x6F, 0x6D, 0x20, 0x79, 0x6F, 0x75, 0x72, 0x20, 0x68, 0x61, 0x6E,
    0x64, 0x2C, 0x23, 0x30, 0x44, 0x65, 0x63, 0x6B, 0x2C, 0x20, 0x6F, 0x72,
    0x20, 0x47, 0x59, 0x2E, 0x23, 0x31, 0x00,
};

const u8 gActivationDescription_YubelTheUltimateNightmare_Popup1[] APPEND_TEXT = {
    0x23, 0x32, 0x23, 0x30, 0x77, 0x61, 0x73, 0x20, 0x61, 0x63, 0x74, 0x69,
    0x76, 0x61, 0x74, 0x65, 0x64, 0x2E, 0x23, 0x31, 0x44, 0x65, 0x61, 0x6C,
    0x20, 0x74, 0x68, 0x65, 0x20, 0x62, 0x61, 0x74, 0x74, 0x6C, 0x65, 0x20,
    0x64, 0x61, 0x6D, 0x61, 0x67, 0x65, 0x20, 0x62, 0x61, 0x63, 0x6B, 0x23,
    0x30, 0x74, 0x6F, 0x20, 0x79, 0x6F, 0x75, 0x72, 0x20, 0x6F, 0x70, 0x70,
    0x6F, 0x6E, 0x65, 0x6E, 0x74, 0x20, 0x61, 0x6E, 0x64, 0x23, 0x30, 0x64,
    0x65, 0x73, 0x74, 0x72, 0x6F, 0x79, 0x20, 0x74, 0x68, 0x65, 0x20, 0x6F,
    0x70, 0x70, 0x6F, 0x73, 0x69, 0x6E, 0x67, 0x23, 0x30, 0x6D, 0x6F, 0x6E,
    0x73, 0x74, 0x65, 0x72, 0x2E, 0x23, 0x31, 0x00,
};

const u8 gActivationDescription_TheTricky_Popup1[] APPEND_TEXT = {
    0x23, 0x32, 0x23, 0x30, 0x77, 0x61, 0x73, 0x20, 0x61, 0x63, 0x74, 0x69,
    0x76, 0x61, 0x74, 0x65, 0x64, 0x2E, 0x23, 0x31, 0x59, 0x6F, 0x75, 0x20,
    0x63, 0x61, 0x6E, 0x20, 0x53, 0x70, 0x65, 0x63, 0x69, 0x61, 0x6C, 0x20,
    0x53, 0x75, 0x6D, 0x6D, 0x6F, 0x6E, 0x20, 0x74, 0x68, 0x69, 0x73, 0x23,
    0x30, 0x63, 0x61, 0x72, 0x64, 0x20, 0x28, 0x66, 0x72, 0x6F, 0x6D, 0x20,
    0x79, 0x6F, 0x75, 0x72, 0x20, 0x68, 0x61, 0x6E, 0x64, 0x29, 0x20, 0x62,
    0x79, 0x23, 0x30, 0x64, 0x69, 0x73, 0x63, 0x61, 0x72, 0x64, 0x69, 0x6E,
    0x67, 0x20, 0x31, 0x20, 0x63, 0x61, 0x72, 0x64, 0x2E, 0x23, 0x31, 0x00,
};

const u8 gActivationDescription_TheWickedDreadroot_Popup1[] APPEND_TEXT = {
    0x23, 0x32, 0x23, 0x30, 0x77, 0x61, 0x73, 0x20, 0x61, 0x63, 0x74, 0x69,
    0x76, 0x61, 0x74, 0x65, 0x64, 0x2E, 0x23, 0x31, 0x48, 0x61, 0x6C, 0x76,
    0x65, 0x20, 0x74, 0x68, 0x65, 0x20, 0x41, 0x54, 0x4B, 0x20, 0x61, 0x6E,
    0x64, 0x20, 0x44, 0x45, 0x46, 0x20, 0x6F, 0x66, 0x23, 0x30, 0x61, 0x6C,
    0x6C, 0x20, 0x6D, 0x6F, 0x6E, 0x73, 0x74, 0x65, 0x72, 0x73, 0x20, 0x6F,
    0x6E, 0x20, 0x74, 0x68, 0x65, 0x20, 0x66, 0x69, 0x65, 0x6C, 0x64, 0x2C,
    0x23, 0x30, 0x65, 0x78, 0x63, 0x65, 0x70, 0x74, 0x20, 0x74, 0x68, 0x69,
    0x73, 0x20, 0x63, 0x61, 0x72, 0x64, 0x2E, 0x23, 0x31, 0x00,
};

const u8 gActivationDescription_TheWickedEraser_Popup1[] APPEND_TEXT = {
    0x23, 0x32, 0x23, 0x30, 0x77, 0x61, 0x73, 0x20, 0x61, 0x63, 0x74, 0x69,
    0x76, 0x61, 0x74, 0x65, 0x64, 0x2E, 0x23, 0x31, 0x57, 0x68, 0x65, 0x6E,
    0x20, 0x73, 0x65, 0x6E, 0x74, 0x20, 0x74, 0x6F, 0x20, 0x74, 0x68, 0x65,
    0x20, 0x47, 0x72, 0x61, 0x76, 0x65, 0x79, 0x61, 0x72, 0x64, 0x2C, 0x23,
    0x30, 0x64, 0x65, 0x73, 0x74, 0x72, 0x6F, 0x79, 0x20, 0x61, 0x6C, 0x6C,
    0x20, 0x63, 0x61, 0x72, 0x64, 0x73, 0x20, 0x6F, 0x6E, 0x20, 0x74, 0x68,
    0x65, 0x23, 0x30, 0x66, 0x69, 0x65, 0x6C, 0x64, 0x2E, 0x23, 0x31, 0x00,
};

const u8 gActivationDescription_TheWickedAvatar_Popup1[] APPEND_TEXT = {
    0x23, 0x32, 0x23, 0x30, 0x77, 0x61, 0x73, 0x20, 0x61, 0x63, 0x74, 0x69,
    0x76, 0x61, 0x74, 0x65, 0x64, 0x2E, 0x23, 0x31, 0x4F, 0x70, 0x70, 0x6F,
    0x6E, 0x65, 0x6E, 0x74, 0x20, 0x63, 0x61, 0x6E, 0x6E, 0x6F, 0x74, 0x20,
    0x61, 0x63, 0x74, 0x69, 0x76, 0x61, 0x74, 0x65, 0x23, 0x30, 0x53, 0x70,
    0x65, 0x6C, 0x6C, 0x73, 0x2F, 0x54, 0x72, 0x61, 0x70, 0x73, 0x20, 0x66,
    0x6F, 0x72, 0x20, 0x74, 0x68, 0x65, 0x69, 0x72, 0x20, 0x6E, 0x65, 0x78,
    0x74, 0x23, 0x30, 0x32, 0x20, 0x74, 0x75, 0x72, 0x6E, 0x73, 0x2E, 0x23,
    0x31, 0x00,
};

const u8 gActivationDescription_TributeDoll_Popup1[] APPEND_TEXT = {
    0x23, 0x32, 0x23, 0x30, 0x77, 0x61, 0x73, 0x20, 0x61, 0x63, 0x74, 0x69,
    0x76, 0x61, 0x74, 0x65, 0x64, 0x2E, 0x23, 0x31, 0x54, 0x72, 0x69, 0x62,
    0x75, 0x74, 0x65, 0x20, 0x31, 0x20, 0x6D, 0x6F, 0x6E, 0x73, 0x74, 0x65,
    0x72, 0x3B, 0x20, 0x53, 0x70, 0x65, 0x63, 0x69, 0x61, 0x6C, 0x23, 0x30,
    0x53, 0x75, 0x6D, 0x6D, 0x6F, 0x6E, 0x20, 0x31, 0x20, 0x4C, 0x65, 0x76,
    0x65, 0x6C, 0x20, 0x37, 0x20, 0x6D, 0x6F, 0x6E, 0x73, 0x74, 0x65, 0x72,
    0x23, 0x30, 0x66, 0x72, 0x6F, 0x6D, 0x20, 0x79, 0x6F, 0x75, 0x72, 0x20,
    0x68, 0x61, 0x6E, 0x64, 0x2E, 0x20, 0x49, 0x74, 0x20, 0x63, 0x61, 0x6E,
    0x6E, 0x6F, 0x74, 0x23, 0x30, 0x61, 0x74, 0x74, 0x61, 0x63, 0x6B, 0x20,
    0x74, 0x68, 0x69, 0x73, 0x20, 0x74, 0x75, 0x72, 0x6E, 0x2E, 0x23, 0x31,
    0x00,
};

const u8 gActivationDescription_TradeIn_Popup1[] APPEND_TEXT = {
    0x23, 0x32, 0x23, 0x30, 0x77, 0x61, 0x73, 0x20, 0x61, 0x63, 0x74, 0x69,
    0x76, 0x61, 0x74, 0x65, 0x64, 0x2E, 0x23, 0x31, 0x44, 0x69, 0x73, 0x63,
    0x61, 0x72, 0x64, 0x20, 0x31, 0x20, 0x4C, 0x65, 0x76, 0x65, 0x6C, 0x20,
    0x38, 0x20, 0x6D, 0x6F, 0x6E, 0x73, 0x74, 0x65, 0x72, 0x3B, 0x23, 0x30,
    0x64, 0x72, 0x61, 0x77, 0x20, 0x32, 0x20, 0x63, 0x61, 0x72, 0x64, 0x73,
    0x2E, 0x23, 0x31, 0x00,
};

const u8 gActivationDescription_CyberBarrierDragon_Popup1[] APPEND_TEXT = {
    0x23, 0x32, 0x23, 0x30, 0x77, 0x61, 0x73, 0x20, 0x61, 0x63, 0x74, 0x69,
    0x76, 0x61, 0x74, 0x65, 0x64, 0x2E, 0x23, 0x31, 0x4F, 0x6E, 0x63, 0x65,
    0x20, 0x70, 0x65, 0x72, 0x20, 0x74, 0x75, 0x72, 0x6E, 0x2C, 0x20, 0x77,
    0x68, 0x69, 0x6C, 0x65, 0x20, 0x74, 0x68, 0x69, 0x73, 0x23, 0x30, 0x63,
    0x61, 0x72, 0x64, 0x20, 0x69, 0x73, 0x20, 0x69, 0x6E, 0x20, 0x41, 0x74,
    0x74, 0x61, 0x63, 0x6B, 0x20, 0x50, 0x6F, 0x73, 0x69, 0x74, 0x69, 0x6F,
    0x6E, 0x2C, 0x23, 0x30, 0x79, 0x6F, 0x75, 0x72, 0x20, 0x6F, 0x70, 0x70,
    0x6F, 0x6E, 0x65, 0x6E, 0x74, 0x27, 0x73, 0x20, 0x6E, 0x65, 0x78, 0x74,
    0x20, 0x61, 0x74, 0x74, 0x61, 0x63, 0x6B, 0x23, 0x30, 0x69, 0x73, 0x20,
    0x6E, 0x65, 0x67, 0x61, 0x74, 0x65, 0x64, 0x2E, 0x23, 0x31, 0x00,
};

const u8 gActivationDescription_CyberLaserDragon_Popup1[] APPEND_TEXT = {
    0x23, 0x32, 0x23, 0x30, 0x77, 0x61, 0x73, 0x20, 0x61, 0x63, 0x74, 0x69,
    0x76, 0x61, 0x74, 0x65, 0x64, 0x2E, 0x23, 0x31, 0x4F, 0x6E, 0x63, 0x65,
    0x20, 0x70, 0x65, 0x72, 0x20, 0x74, 0x75, 0x72, 0x6E, 0x2C, 0x20, 0x64,
    0x65, 0x73, 0x74, 0x72, 0x6F, 0x79, 0x20, 0x31, 0x23, 0x30, 0x6D, 0x6F,
    0x6E, 0x73, 0x74, 0x65, 0x72, 0x20, 0x77, 0x69, 0x74, 0x68, 0x20, 0x41,
    0x54, 0x4B, 0x20, 0x6F, 0x72, 0x20, 0x44, 0x45, 0x46, 0x20, 0x3E, 0x3D,
    0x23, 0x30, 0x74, 0x68, 0x69, 0x73, 0x20, 0x63, 0x61, 0x72, 0x64, 0x27,
    0x73, 0x20, 0x41, 0x54, 0x4B, 0x2E, 0x23, 0x31, 0x00,
};

const u8 gActivationDescription_DarkEndDragon_Popup1[] APPEND_TEXT = {
    0x23, 0x32, 0x23, 0x30, 0x77, 0x61, 0x73, 0x20, 0x61, 0x63, 0x74, 0x69,
    0x76, 0x61, 0x74, 0x65, 0x64, 0x2E, 0x23, 0x31, 0x54, 0x61, 0x72, 0x67,
    0x65, 0x74, 0x20, 0x31, 0x20, 0x6D, 0x6F, 0x6E, 0x73, 0x74, 0x65, 0x72,
    0x20, 0x79, 0x6F, 0x75, 0x72, 0x23, 0x30, 0x6F, 0x70, 0x70, 0x6F, 0x6E,
    0x65, 0x6E, 0x74, 0x20, 0x63, 0x6F, 0x6E, 0x74, 0x72, 0x6F, 0x6C, 0x73,
    0x3B, 0x20, 0x6C, 0x6F, 0x73, 0x65, 0x20, 0x35, 0x30, 0x30, 0x23, 0x30,
    0x41, 0x54, 0x4B, 0x20, 0x61, 0x6E, 0x64, 0x20, 0x44, 0x45, 0x46, 0x2C,
    0x20, 0x61, 0x6E, 0x64, 0x20, 0x73, 0x65, 0x6E, 0x64, 0x20, 0x74, 0x68,
    0x61, 0x74, 0x23, 0x30, 0x74, 0x61, 0x72, 0x67, 0x65, 0x74, 0x20, 0x74,
    0x6F, 0x20, 0x74, 0x68, 0x65, 0x20, 0x47, 0x72, 0x61, 0x76, 0x65, 0x79,
    0x61, 0x72, 0x64, 0x2E, 0x23, 0x31, 0x00,
};

const u8 gActivationDescription_LightEndDragon_Popup1[] APPEND_TEXT = {
    0x23, 0x32, 0x23, 0x30, 0x77, 0x61, 0x73, 0x20, 0x61, 0x63, 0x74, 0x69,
    0x76, 0x61, 0x74, 0x65, 0x64, 0x2E, 0x23, 0x31, 0x4C, 0x6F, 0x73, 0x65,
    0x20, 0x35, 0x30, 0x30, 0x20, 0x41, 0x54, 0x4B, 0x20, 0x61, 0x6E, 0x64,
    0x20, 0x44, 0x45, 0x46, 0x2C, 0x20, 0x61, 0x6E, 0x64, 0x23, 0x30, 0x74,
    0x68, 0x65, 0x20, 0x74, 0x61, 0x72, 0x67, 0x65, 0x74, 0x20, 0x6D, 0x6F,
    0x6E, 0x73, 0x74, 0x65, 0x72, 0x20, 0x6C, 0x6F, 0x73, 0x65, 0x73, 0x23,
    0x30, 0x31, 0x35, 0x30, 0x30, 0x20, 0x41, 0x54, 0x4B, 0x20, 0x61, 0x6E,
    0x64, 0x20, 0x44, 0x45, 0x46, 0x20, 0x75, 0x6E, 0x74, 0x69, 0x6C, 0x20,
    0x45, 0x6E, 0x64, 0x23, 0x30, 0x50, 0x68, 0x61, 0x73, 0x65, 0x2E, 0x23,
    0x31, 0x00,
};

const u8 gActivationDescription_DarkArmedDragon_Popup1[] APPEND_TEXT = {
    0x23, 0x32, 0x23, 0x30, 0x77, 0x61, 0x73, 0x20, 0x61, 0x63, 0x74, 0x69,
    0x76, 0x61, 0x74, 0x65, 0x64, 0x2E, 0x23, 0x31, 0x52, 0x65, 0x6D, 0x6F,
    0x76, 0x65, 0x20, 0x31, 0x20, 0x44, 0x41, 0x52, 0x4B, 0x20, 0x6D, 0x6F,
    0x6E, 0x73, 0x74, 0x65, 0x72, 0x20, 0x66, 0x72, 0x6F, 0x6D, 0x23, 0x30,
    0x79, 0x6F, 0x75, 0x72, 0x20, 0x47, 0x72, 0x61, 0x76, 0x65, 0x79, 0x61,
    0x72, 0x64, 0x20, 0x74, 0x6F, 0x20, 0x64, 0x65, 0x73, 0x74, 0x72, 0x6F,
    0x79, 0x20, 0x31, 0x23, 0x30, 0x63, 0x61, 0x72, 0x64, 0x20, 0x6F, 0x6E,
    0x20, 0x74, 0x68, 0x65, 0x20, 0x66, 0x69, 0x65, 0x6C, 0x64, 0x2E, 0x23,
    0x31, 0x00,
};

const u8 gActivationDescription_AHeroEmerges_Popup1[] APPEND_TEXT = {
    0x23, 0x32, 0x23, 0x30, 0x77, 0x61, 0x73, 0x20, 0x61, 0x63, 0x74, 0x69,
    0x76, 0x61, 0x74, 0x65, 0x64, 0x2E, 0x23, 0x31, 0x57, 0x68, 0x65, 0x6E,
    0x20, 0x61, 0x6E, 0x20, 0x6F, 0x70, 0x70, 0x6F, 0x6E, 0x65, 0x6E, 0x74,
    0x27, 0x73, 0x20, 0x6D, 0x6F, 0x6E, 0x73, 0x74, 0x65, 0x72, 0x23, 0x30,
    0x64, 0x65, 0x63, 0x6C, 0x61, 0x72, 0x65, 0x73, 0x20, 0x61, 0x6E, 0x20,
    0x61, 0x74, 0x74, 0x61, 0x63, 0x6B, 0x3A, 0x20, 0x59, 0x6F, 0x75, 0x72,
    0x23, 0x30, 0x6F, 0x70, 0x70, 0x6F, 0x6E, 0x65, 0x6E, 0x74, 0x20, 0x63,
    0x68, 0x6F, 0x6F, 0x73, 0x65, 0x73, 0x20, 0x31, 0x20, 0x72, 0x61, 0x6E,
    0x64, 0x6F, 0x6D, 0x23, 0x30, 0x63, 0x61, 0x72, 0x64, 0x20, 0x66, 0x72,
    0x6F, 0x6D, 0x20, 0x79, 0x6F, 0x75, 0x72, 0x20, 0x68, 0x61, 0x6E, 0x64,
    0x2C, 0x20, 0x74, 0x68, 0x65, 0x6E, 0x23, 0x30, 0x69, 0x66, 0x20, 0x69,
    0x74, 0x20, 0x69, 0x73, 0x20, 0x61, 0x20, 0x6D, 0x6F, 0x6E, 0x73, 0x74,
    0x23, 0x31, 0x00,
};

const u8 gActivationDescription_AHeroLives_Popup1[] APPEND_TEXT = {
    0x23, 0x32, 0x23, 0x30, 0x77, 0x61, 0x73, 0x20, 0x61, 0x63, 0x74, 0x69,
    0x76, 0x61, 0x74, 0x65, 0x64, 0x2E, 0x23, 0x31, 0x49, 0x66, 0x20, 0x79,
    0x6F, 0x75, 0x20, 0x63, 0x6F, 0x6E, 0x74, 0x72, 0x6F, 0x6C, 0x20, 0x6E,
    0x6F, 0x20, 0x66, 0x61, 0x63, 0x65, 0x2D, 0x75, 0x70, 0x23, 0x30, 0x6D,
    0x6F, 0x6E, 0x73, 0x74, 0x65, 0x72, 0x73, 0x3A, 0x20, 0x50, 0x61, 0x79,
    0x20, 0x68, 0x61, 0x6C, 0x66, 0x20, 0x79, 0x6F, 0x75, 0x72, 0x20, 0x4C,
    0x50, 0x3B, 0x23, 0x30, 0x53, 0x70, 0x65, 0x63, 0x69, 0x61, 0x6C, 0x20,
    0x53, 0x75, 0x6D, 0x6D, 0x6F, 0x6E, 0x20, 0x31, 0x20, 0x4C, 0x65, 0x76,
    0x65, 0x6C, 0x20, 0x34, 0x20, 0x6F, 0x72, 0x23, 0x30, 0x6C, 0x6F, 0x77,
    0x65, 0x72, 0x20, 0x45, 0x6C, 0x65, 0x6D, 0x65, 0x6E, 0x74, 0x61, 0x6C,
    0x20, 0x48, 0x45, 0x52, 0x4F, 0x23, 0x30, 0x6D, 0x6F, 0x6E, 0x73, 0x74,
    0x65, 0x72, 0x20, 0x66, 0x72, 0x6F, 0x6D, 0x20, 0x79, 0x6F, 0x23, 0x31,
    0x00,
};

const u8 gActivationDescription_AWingbeatOfGiantDragon_Popup1[] APPEND_TEXT = {
    0x23, 0x32, 0x23, 0x30, 0x77, 0x61, 0x73, 0x20, 0x61, 0x63, 0x74, 0x69,
    0x76, 0x61, 0x74, 0x65, 0x64, 0x2E, 0x23, 0x31, 0x52, 0x65, 0x74, 0x75,
    0x72, 0x6E, 0x20, 0x31, 0x20, 0x4C, 0x65, 0x76, 0x65, 0x6C, 0x20, 0x35,
    0x20, 0x6F, 0x72, 0x20, 0x68, 0x69, 0x67, 0x68, 0x65, 0x72, 0x23, 0x30,
    0x44, 0x72, 0x61, 0x67, 0x6F, 0x6E, 0x2D, 0x54, 0x79, 0x70, 0x65, 0x20,
    0x6D, 0x6F, 0x6E, 0x73, 0x74, 0x65, 0x72, 0x20, 0x79, 0x6F, 0x75, 0x23,
    0x30, 0x63, 0x6F, 0x6E, 0x74, 0x72, 0x6F, 0x6C, 0x20, 0x74, 0x6F, 0x20,
    0x74, 0x68, 0x65, 0x20, 0x68, 0x61, 0x6E, 0x64, 0x2C, 0x20, 0x61, 0x6E,
    0x64, 0x20, 0x69, 0x66, 0x23, 0x30, 0x79, 0x6F, 0x75, 0x20, 0x64, 0x6F,
    0x2C, 0x20, 0x64, 0x65, 0x73, 0x74, 0x72, 0x6F, 0x79, 0x20, 0x61, 0x6C,
    0x6C, 0x20, 0x53, 0x70, 0x65, 0x6C, 0x6C, 0x23, 0x30, 0x61, 0x6E, 0x64,
    0x20, 0x54, 0x72, 0x61, 0x70, 0x20, 0x43, 0x61, 0x72, 0x64, 0x73, 0x23,
    0x31, 0x00,
};

const u8 gActivationDescription_AllureOfDarkness_Popup1[] APPEND_TEXT = {
    0x23, 0x32, 0x23, 0x30, 0x77, 0x61, 0x73, 0x20, 0x61, 0x63, 0x74, 0x69,
    0x76, 0x61, 0x74, 0x65, 0x64, 0x2E, 0x23, 0x31, 0x44, 0x72, 0x61, 0x77,
    0x20, 0x32, 0x20, 0x63, 0x61, 0x72, 0x64, 0x73, 0x2C, 0x20, 0x74, 0x68,
    0x65, 0x6E, 0x20, 0x62, 0x61, 0x6E, 0x69, 0x73, 0x68, 0x20, 0x31, 0x23,
    0x30, 0x44, 0x41, 0x52, 0x4B, 0x20, 0x6D, 0x6F, 0x6E, 0x73, 0x74, 0x65,
    0x72, 0x20, 0x66, 0x72, 0x6F, 0x6D, 0x20, 0x79, 0x6F, 0x75, 0x72, 0x23,
    0x30, 0x68, 0x61, 0x6E, 0x64, 0x2C, 0x20, 0x6F, 0x72, 0x2C, 0x20, 0x69,
    0x66, 0x20, 0x79, 0x6F, 0x75, 0x20, 0x64, 0x6F, 0x20, 0x6E, 0x6F, 0x74,
    0x23, 0x30, 0x68, 0x61, 0x76, 0x65, 0x20, 0x61, 0x6E, 0x79, 0x20, 0x69,
    0x6E, 0x20, 0x79, 0x6F, 0x75, 0x72, 0x20, 0x68, 0x61, 0x6E, 0x64, 0x2C,
    0x20, 0x73, 0x65, 0x6E, 0x64, 0x23, 0x30, 0x79, 0x6F, 0x75, 0x72, 0x20,
    0x65, 0x6E, 0x74, 0x69, 0x72, 0x65, 0x20, 0x68, 0x61, 0x6E, 0x64, 0x23,
    0x31, 0x00,
};

const u8 gActivationDescription_AndroSphinx_Popup1[] APPEND_TEXT = {
    0x23, 0x32, 0x23, 0x30, 0x77, 0x61, 0x73, 0x20, 0x61, 0x63, 0x74, 0x69,
    0x76, 0x61, 0x74, 0x65, 0x64, 0x2E, 0x23, 0x31, 0x59, 0x6F, 0x75, 0x20,
    0x63, 0x61, 0x6E, 0x20, 0x70, 0x61, 0x79, 0x20, 0x35, 0x30, 0x30, 0x20,
    0x4C, 0x69, 0x66, 0x65, 0x20, 0x50, 0x6F, 0x69, 0x6E, 0x74, 0x73, 0x23,
    0x30, 0x74, 0x6F, 0x20, 0x53, 0x70, 0x65, 0x63, 0x69, 0x61, 0x6C, 0x20,
    0x53, 0x75, 0x6D, 0x6D, 0x6F, 0x6E, 0x20, 0x74, 0x68, 0x69, 0x73, 0x20,
    0x63, 0x61, 0x72, 0x64, 0x23, 0x30, 0x77, 0x68, 0x65, 0x6E, 0x20, 0x50,
    0x79, 0x72, 0x61, 0x6D, 0x69, 0x64, 0x20, 0x6F, 0x66, 0x20, 0x4C, 0x69,
    0x67, 0x68, 0x74, 0x20, 0x69, 0x73, 0x20, 0x6F, 0x6E, 0x23, 0x30, 0x74,
    0x68, 0x65, 0x20, 0x66, 0x69, 0x65, 0x6C, 0x64, 0x2E, 0x20, 0x54, 0x68,
    0x69, 0x73, 0x20, 0x63, 0x61, 0x72, 0x64, 0x20, 0x63, 0x61, 0x6E, 0x6E,
    0x6F, 0x74, 0x23, 0x30, 0x61, 0x74, 0x74, 0x61, 0x63, 0x6B, 0x23, 0x31,
    0x00,
};

const u8 gActivationDescription_AntiSpellFragrance_Popup1[] APPEND_TEXT = {
    0x23, 0x32, 0x23, 0x30, 0x77, 0x61, 0x73, 0x20, 0x61, 0x63, 0x74, 0x69,
    0x76, 0x61, 0x74, 0x65, 0x64, 0x2E, 0x23, 0x31, 0x42, 0x6F, 0x74, 0x68,
    0x20, 0x70, 0x6C, 0x61, 0x79, 0x65, 0x72, 0x73, 0x20, 0x6D, 0x75, 0x73,
    0x74, 0x20, 0x53, 0x65, 0x74, 0x20, 0x53, 0x70, 0x65, 0x6C, 0x6C, 0x23,
    0x30, 0x43, 0x61, 0x72, 0x64, 0x73, 0x20, 0x62, 0x65, 0x66, 0x6F, 0x72,
    0x65, 0x20, 0x61, 0x63, 0x74, 0x69, 0x76, 0x61, 0x74, 0x69, 0x6E, 0x67,
    0x23, 0x30, 0x74, 0x68, 0x65, 0x6D, 0x2C, 0x20, 0x61, 0x6E, 0x64, 0x20,
    0x63, 0x61, 0x6E, 0x6E, 0x6F, 0x74, 0x20, 0x61, 0x63, 0x74, 0x69, 0x76,
    0x61, 0x74, 0x65, 0x23, 0x30, 0x74, 0x68, 0x65, 0x6D, 0x20, 0x75, 0x6E,
    0x74, 0x69, 0x6C, 0x20, 0x74, 0x68, 0x65, 0x69, 0x72, 0x20, 0x6E, 0x65,
    0x78, 0x74, 0x20, 0x74, 0x75, 0x72, 0x6E, 0x23, 0x30, 0x61, 0x66, 0x74,
    0x65, 0x72, 0x20, 0x53, 0x65, 0x74, 0x74, 0x69, 0x6E, 0x67, 0x20, 0x74,
    0x23, 0x31, 0x00,
};

const u8 gActivationDescription_Appropriate_Popup1[] APPEND_TEXT = {
    0x23, 0x32, 0x23, 0x30, 0x77, 0x61, 0x73, 0x20, 0x61, 0x63, 0x74, 0x69,
    0x76, 0x61, 0x74, 0x65, 0x64, 0x2E, 0x23, 0x31, 0x41, 0x63, 0x74, 0x69,
    0x76, 0x61, 0x74, 0x65, 0x20, 0x6F, 0x6E, 0x6C, 0x79, 0x20, 0x77, 0x68,
    0x65, 0x6E, 0x20, 0x79, 0x6F, 0x75, 0x72, 0x23, 0x30, 0x6F, 0x70, 0x70,
    0x6F, 0x6E, 0x65, 0x6E, 0x74, 0x20, 0x64, 0x72, 0x61, 0x77, 0x73, 0x20,
    0x61, 0x20, 0x63, 0x61, 0x72, 0x64, 0x28, 0x73, 0x29, 0x23, 0x30, 0x6F,
    0x75, 0x74, 0x73, 0x69, 0x64, 0x65, 0x20, 0x6F, 0x66, 0x20, 0x65, 0x69,
    0x74, 0x68, 0x65, 0x72, 0x20, 0x44, 0x72, 0x61, 0x77, 0x23, 0x30, 0x50,
    0x68, 0x61, 0x73, 0x65, 0x2E, 0x20, 0x41, 0x66, 0x74, 0x65, 0x72, 0x20,
    0x74, 0x68, 0x61, 0x74, 0x2C, 0x20, 0x65, 0x61, 0x63, 0x68, 0x23, 0x30,
    0x74, 0x69, 0x6D, 0x65, 0x20, 0x79, 0x6F, 0x75, 0x72, 0x20, 0x6F, 0x70,
    0x70, 0x6F, 0x6E, 0x65, 0x6E, 0x74, 0x20, 0x64, 0x72, 0x61, 0x77, 0x73,
    0x23, 0x31, 0x00,
};

const u8 gActivationDescription_ApprenticeIllusionMagician_Popup1[] APPEND_TEXT = {
    0x23, 0x32, 0x23, 0x30, 0x77, 0x61, 0x73, 0x20, 0x61, 0x63, 0x74, 0x69,
    0x76, 0x61, 0x74, 0x65, 0x64, 0x2E, 0x23, 0x31, 0x59, 0x6F, 0x75, 0x20,
    0x63, 0x61, 0x6E, 0x20, 0x53, 0x70, 0x65, 0x63, 0x69, 0x61, 0x6C, 0x20,
    0x53, 0x75, 0x6D, 0x6D, 0x6F, 0x6E, 0x20, 0x74, 0x68, 0x69, 0x73, 0x23,
    0x30, 0x63, 0x61, 0x72, 0x64, 0x20, 0x28, 0x66, 0x72, 0x6F, 0x6D, 0x20,
    0x79, 0x6F, 0x75, 0x72, 0x20, 0x68, 0x61, 0x6E, 0x64, 0x29, 0x20, 0x62,
    0x79, 0x23, 0x30, 0x64, 0x69, 0x73, 0x63, 0x61, 0x72, 0x64, 0x69, 0x6E,
    0x67, 0x20, 0x31, 0x20, 0x63, 0x61, 0x72, 0x64, 0x2E, 0x20, 0x49, 0x66,
    0x20, 0x74, 0x68, 0x69, 0x73, 0x23, 0x30, 0x63, 0x61, 0x72, 0x64, 0x20,
    0x69, 0x73, 0x20, 0x4E, 0x6F, 0x72, 0x6D, 0x61, 0x6C, 0x20, 0x6F, 0x72,
    0x20, 0x53, 0x70, 0x65, 0x63, 0x69, 0x61, 0x6C, 0x23, 0x30, 0x53, 0x75,
    0x6D, 0x6D, 0x6F, 0x6E, 0x65, 0x64, 0x3A, 0x20, 0x59, 0x6F, 0x75, 0x23,
    0x31, 0x00,
};

const u8 gActivationDescription_Apparation_Popup1[] APPEND_TEXT = {
    0x23, 0x32, 0x23, 0x30, 0x77, 0x61, 0x73, 0x20, 0x61, 0x63, 0x74, 0x69,
    0x76, 0x61, 0x74, 0x65, 0x64, 0x2E, 0x23, 0x31, 0x49, 0x66, 0x20, 0x61,
    0x20, 0x66, 0x61, 0x63, 0x65, 0x2D, 0x75, 0x70, 0x20, 0x48, 0x45, 0x52,
    0x4F, 0x23, 0x30, 0x6D, 0x6F, 0x6E, 0x73, 0x74, 0x65, 0x72, 0x28, 0x73,
    0x29, 0x20, 0x79, 0x6F, 0x75, 0x20, 0x63, 0x6F, 0x6E, 0x74, 0x72, 0x6F,
    0x6C, 0x20, 0x69, 0x73, 0x23, 0x30, 0x64, 0x65, 0x73, 0x74, 0x72, 0x6F,
    0x79, 0x65, 0x64, 0x20, 0x62, 0x79, 0x20, 0x62, 0x61, 0x74, 0x74, 0x6C,
    0x65, 0x20, 0x6F, 0x72, 0x20, 0x63, 0x61, 0x72, 0x64, 0x23, 0x30, 0x65,
    0x66, 0x66, 0x65, 0x63, 0x74, 0x3A, 0x20, 0x53, 0x70, 0x65, 0x63, 0x69,
    0x61, 0x6C, 0x20, 0x53, 0x75, 0x6D, 0x6D, 0x6F, 0x6E, 0x20, 0x31, 0x23,
    0x30, 0x4C, 0x65, 0x76, 0x65, 0x6C, 0x20, 0x34, 0x20, 0x6F, 0x72, 0x20,
    0x6C, 0x6F, 0x77, 0x65, 0x72, 0x20, 0x56, 0x69, 0x73, 0x69, 0x6F, 0x6E,
    0x23, 0x30, 0x48, 0x45, 0x52, 0x4F, 0x20, 0x6D, 0x6F, 0x6E, 0x73, 0x74,
    0x65, 0x72, 0x20, 0x66, 0x72, 0x6F, 0x6D, 0x20, 0x79, 0x6F, 0x75, 0x72,
    0x23, 0x30, 0x44, 0x65, 0x63, 0x6B, 0x2C, 0x20, 0x74, 0x68, 0x65, 0x6E,
    0x20, 0x79, 0x6F, 0x75, 0x20, 0x63, 0x61, 0x6E, 0x20, 0x68, 0x61, 0x6C,
    0x76, 0x65, 0x23, 0x30, 0x74, 0x68, 0x65, 0x20, 0x6F, 0x72, 0x69, 0x67,
    0x69, 0x6E, 0x61, 0x6C, 0x20, 0x41, 0x54, 0x4B, 0x2F, 0x44, 0x45, 0x46,
    0x20, 0x6F, 0x66, 0x20, 0x31, 0x23, 0x30, 0x6D, 0x6F, 0x6E, 0x73, 0x74,
    0x65, 0x72, 0x20, 0x79, 0x6F, 0x75, 0x72, 0x20, 0x6F, 0x70, 0x70, 0x6F,
    0x6E, 0x65, 0x6E, 0x74, 0x23, 0x30, 0x63, 0x6F, 0x6E, 0x74, 0x72, 0x6F,
    0x6C, 0x73, 0x2E, 0x20, 0x59, 0x6F, 0x75, 0x20, 0x63, 0x61, 0x6E, 0x20,
    0x6F, 0x6E, 0x6C, 0x79, 0x23, 0x30, 0x61, 0x63, 0x74, 0x69, 0x76, 0x61,
    0x74, 0x65, 0x20, 0x31, 0x20, 0x41, 0x70, 0x70, 0x61, 0x72, 0x69, 0x74,
    0x69, 0x6F, 0x6E, 0x20, 0x70, 0x65, 0x72, 0x23, 0x30, 0x74, 0x75, 0x72,
    0x6E, 0x2E, 0x23, 0x31, 0x00,
};

const u8 gActivationDescription_AttackGuidanceArmor_Popup1[] APPEND_TEXT = {
    0x23, 0x32, 0x23, 0x30, 0x77, 0x61, 0x73, 0x20, 0x61, 0x63, 0x74, 0x69,
    0x76, 0x61, 0x74, 0x65, 0x64, 0x2E, 0x23, 0x31, 0x57, 0x68, 0x65, 0x6E,
    0x20, 0x61, 0x20, 0x6D, 0x6F, 0x6E, 0x73, 0x74, 0x65, 0x72, 0x20, 0x64,
    0x65, 0x63, 0x6C, 0x61, 0x72, 0x65, 0x73, 0x20, 0x61, 0x6E, 0x23, 0x30,
    0x61, 0x74, 0x74, 0x61, 0x63, 0x6B, 0x3A, 0x20, 0x41, 0x63, 0x74, 0x69,
    0x76, 0x61, 0x74, 0x65, 0x20, 0x31, 0x20, 0x6F, 0x66, 0x20, 0x74, 0x68,
    0x65, 0x73, 0x65, 0x23, 0x30, 0x65, 0x66, 0x66, 0x65, 0x63, 0x74, 0x73,
    0x3B, 0x23, 0x30, 0x2A, 0x20, 0x44, 0x65, 0x73, 0x74, 0x72, 0x6F, 0x79,
    0x20, 0x74, 0x68, 0x65, 0x20, 0x61, 0x74, 0x74, 0x61, 0x63, 0x6B, 0x69,
    0x6E, 0x67, 0x23, 0x30, 0x6D, 0x6F, 0x6E, 0x73, 0x74, 0x65, 0x72, 0x2E,
    0x23, 0x30, 0x2A, 0x20, 0x54, 0x61, 0x72, 0x67, 0x65, 0x74, 0x20, 0x31,
    0x20, 0x6D, 0x6F, 0x6E, 0x73, 0x74, 0x65, 0x72, 0x20, 0x6F, 0x6E, 0x23,
    0x31, 0x00,
};

const u8 gActivationDescription_AttackReflectorUnit_Popup1[] APPEND_TEXT = {
    0x23, 0x32, 0x23, 0x30, 0x77, 0x61, 0x73, 0x20, 0x61, 0x63, 0x74, 0x69,
    0x76, 0x61, 0x74, 0x65, 0x64, 0x2E, 0x23, 0x31, 0x54, 0x72, 0x69, 0x62,
    0x75, 0x74, 0x65, 0x20, 0x31, 0x20, 0x43, 0x79, 0x62, 0x65, 0x72, 0x20,
    0x44, 0x72, 0x61, 0x67, 0x6F, 0x6E, 0x2E, 0x23, 0x30, 0x53, 0x70, 0x65,
    0x63, 0x69, 0x61, 0x6C, 0x20, 0x53, 0x75, 0x6D, 0x6D, 0x6F, 0x6E, 0x20,
    0x31, 0x20, 0x43, 0x79, 0x62, 0x65, 0x72, 0x23, 0x30, 0x42, 0x61, 0x72,
    0x72, 0x69, 0x65, 0x72, 0x20, 0x44, 0x72, 0x61, 0x67, 0x6F, 0x6E, 0x20,
    0x66, 0x72, 0x6F, 0x6D, 0x20, 0x79, 0x6F, 0x75, 0x72, 0x23, 0x30, 0x68,
    0x61, 0x6E, 0x64, 0x20, 0x6F, 0x72, 0x20, 0x44, 0x65, 0x63, 0x6B, 0x2E,
    0x23, 0x31, 0x00,
};

const u8 gActivationDescription_BackupSquad_Popup1[] APPEND_TEXT = {
    0x23, 0x32, 0x23, 0x30, 0x77, 0x61, 0x73, 0x20, 0x61, 0x63, 0x74, 0x69,
    0x76, 0x61, 0x74, 0x65, 0x64, 0x2E, 0x23, 0x31, 0x45, 0x61, 0x63, 0x68,
    0x20, 0x74, 0x69, 0x6D, 0x65, 0x20, 0x79, 0x6F, 0x75, 0x20, 0x74, 0x61,
    0x6B, 0x65, 0x20, 0x31, 0x30, 0x30, 0x30, 0x20, 0x6F, 0x72, 0x23, 0x30,
    0x6D, 0x6F, 0x72, 0x65, 0x20, 0x64, 0x61, 0x6D, 0x61, 0x67, 0x65, 0x20,
    0x62, 0x79, 0x20, 0x79, 0x6F, 0x75, 0x72, 0x23, 0x30, 0x6F, 0x70, 0x70,
    0x6F, 0x6E, 0x65, 0x6E, 0x74, 0x27, 0x73, 0x20, 0x63, 0x61, 0x72, 0x64,
    0x20, 0x65, 0x66, 0x66, 0x65, 0x63, 0x74, 0x20, 0x6F, 0x72, 0x23, 0x30,
    0x74, 0x68, 0x65, 0x69, 0x72, 0x20, 0x6D, 0x6F, 0x6E, 0x73, 0x74, 0x65,
    0x72, 0x27, 0x73, 0x20, 0x61, 0x74, 0x74, 0x61, 0x63, 0x6B, 0x3A, 0x23,
    0x30, 0x44, 0x72, 0x61, 0x77, 0x20, 0x31, 0x20, 0x63, 0x61, 0x72, 0x64,
    0x20, 0x66, 0x6F, 0x72, 0x20, 0x65, 0x76, 0x65, 0x72, 0x79, 0x20, 0x31,
    0x23, 0x31, 0x00,
};

const u8 gActivationDescription_ArmageddonKnight_Popup1[] APPEND_TEXT = {
    0x23, 0x32, 0x23, 0x30, 0x77, 0x61, 0x73, 0x20, 0x61, 0x63, 0x74, 0x69,
    0x76, 0x61, 0x74, 0x65, 0x64, 0x2E, 0x23, 0x31, 0x57, 0x68, 0x65, 0x6E,
    0x20, 0x74, 0x68, 0x69, 0x73, 0x20, 0x63, 0x61, 0x72, 0x64, 0x20, 0x69,
    0x73, 0x20, 0x53, 0x75, 0x6D, 0x6D, 0x6F, 0x6E, 0x65, 0x64, 0x3A, 0x23,
    0x30, 0x59, 0x6F, 0x75, 0x20, 0x63, 0x61, 0x6E, 0x20, 0x73, 0x65, 0x6E,
    0x64, 0x20, 0x31, 0x20, 0x44, 0x41, 0x52, 0x4B, 0x20, 0x6D, 0x6F, 0x6E,
    0x73, 0x74, 0x65, 0x72, 0x23, 0x30, 0x66, 0x72, 0x6F, 0x6D, 0x20, 0x79,
    0x6F, 0x75, 0x72, 0x20, 0x44, 0x65, 0x63, 0x6B, 0x20, 0x74, 0x6F, 0x20,
    0x74, 0x68, 0x65, 0x20, 0x47, 0x59, 0x2E, 0x23, 0x31, 0x00,
};

const u8 gActivationDescription_ArmedDragonLv3_Popup1[] APPEND_TEXT = {
    0x23, 0x32, 0x23, 0x30, 0x77, 0x61, 0x73, 0x20, 0x61, 0x63, 0x74, 0x69,
    0x76, 0x61, 0x74, 0x65, 0x64, 0x2E, 0x23, 0x31, 0x44, 0x75, 0x72, 0x69,
    0x6E, 0x67, 0x20, 0x79, 0x6F, 0x75, 0x72, 0x20, 0x53, 0x74, 0x61, 0x6E,
    0x64, 0x62, 0x79, 0x20, 0x50, 0x68, 0x61, 0x73, 0x65, 0x3A, 0x23, 0x30,
    0x59, 0x6F, 0x75, 0x20, 0x63, 0x61, 0x6E, 0x20, 0x73, 0x65, 0x6E, 0x64,
    0x20, 0x74, 0x68, 0x69, 0x73, 0x20, 0x63, 0x61, 0x72, 0x64, 0x20, 0x74,
    0x6F, 0x23, 0x30, 0x74, 0x68, 0x65, 0x20, 0x47, 0x59, 0x3B, 0x20, 0x53,
    0x70, 0x65, 0x63, 0x69, 0x61, 0x6C, 0x20, 0x53, 0x75, 0x6D, 0x6D, 0x6F,
    0x6E, 0x20, 0x31, 0x23, 0x30, 0x41, 0x72, 0x6D, 0x65, 0x64, 0x20, 0x44,
    0x72, 0x61, 0x67, 0x6F, 0x6E, 0x20, 0x4C, 0x56, 0x35, 0x20, 0x66, 0x72,
    0x6F, 0x6D, 0x20, 0x79, 0x6F, 0x75, 0x72, 0x23, 0x30, 0x68, 0x61, 0x6E,
    0x64, 0x20, 0x6F, 0x72, 0x20, 0x44, 0x65, 0x63, 0x6B, 0x2E, 0x23, 0x31,
    0x00,
};

const u8 gActivationDescription_ArmedDragonLv5_Popup1[] APPEND_TEXT = {
    0x23, 0x32, 0x23, 0x30, 0x77, 0x61, 0x73, 0x20, 0x61, 0x63, 0x74, 0x69,
    0x76, 0x61, 0x74, 0x65, 0x64, 0x2E, 0x23, 0x31, 0x59, 0x6F, 0x75, 0x20,
    0x63, 0x61, 0x6E, 0x20, 0x73, 0x65, 0x6E, 0x64, 0x20, 0x31, 0x20, 0x6D,
    0x6F, 0x6E, 0x73, 0x74, 0x65, 0x72, 0x20, 0x66, 0x72, 0x6F, 0x6D, 0x23,
    0x30, 0x79, 0x6F, 0x75, 0x72, 0x20, 0x68, 0x61, 0x6E, 0x64, 0x20, 0x74,
    0x6F, 0x20, 0x74, 0x68, 0x65, 0x20, 0x47, 0x59, 0x2C, 0x20, 0x74, 0x68,
    0x65, 0x6E, 0x23, 0x30, 0x74, 0x61, 0x72, 0x67, 0x65, 0x74, 0x20, 0x31,
    0x20, 0x6D, 0x6F, 0x6E, 0x73, 0x74, 0x65, 0x72, 0x20, 0x79, 0x6F, 0x75,
    0x72, 0x23, 0x30, 0x6F, 0x70, 0x70, 0x6F, 0x6E, 0x65, 0x6E, 0x74, 0x20,
    0x63, 0x6F, 0x6E, 0x74, 0x72, 0x6F, 0x6C, 0x73, 0x20, 0x77, 0x69, 0x74,
    0x68, 0x20, 0x41, 0x54, 0x4B, 0x23, 0x30, 0x6C, 0x65, 0x73, 0x73, 0x20,
    0x74, 0x68, 0x61, 0x6E, 0x20, 0x6F, 0x72, 0x20, 0x65, 0x71, 0x75, 0x61,
    0x23, 0x31, 0x00,
};

const u8 gActivationDescription_ArmedDragonLv7_Popup1[] APPEND_TEXT = {
    0x23, 0x32, 0x23, 0x30, 0x77, 0x61, 0x73, 0x20, 0x61, 0x63, 0x74, 0x69,
    0x76, 0x61, 0x74, 0x65, 0x64, 0x2E, 0x23, 0x31, 0x43, 0x61, 0x6E, 0x6E,
    0x6F, 0x74, 0x20, 0x62, 0x65, 0x20, 0x4E, 0x6F, 0x72, 0x6D, 0x61, 0x6C,
    0x23, 0x30, 0x53, 0x75, 0x6D, 0x6D, 0x6F, 0x6E, 0x65, 0x64, 0x2F, 0x53,
    0x65, 0x74, 0x2E, 0x20, 0x4D, 0x75, 0x73, 0x74, 0x20, 0x62, 0x65, 0x23,
    0x30, 0x53, 0x70, 0x65, 0x63, 0x69, 0x61, 0x6C, 0x20, 0x53, 0x75, 0x6D,
    0x6D, 0x6F, 0x6E, 0x65, 0x64, 0x20, 0x62, 0x79, 0x20, 0x41, 0x72, 0x6D,
    0x65, 0x64, 0x23, 0x30, 0x44, 0x72, 0x61, 0x67, 0x6F, 0x6E, 0x20, 0x4C,
    0x56, 0x35, 0x2E, 0x20, 0x59, 0x6F, 0x75, 0x20, 0x63, 0x61, 0x6E, 0x20,
    0x73, 0x65, 0x6E, 0x64, 0x20, 0x31, 0x23, 0x30, 0x6D, 0x6F, 0x6E, 0x73,
    0x74, 0x65, 0x72, 0x20, 0x66, 0x72, 0x6F, 0x6D, 0x20, 0x79, 0x6F, 0x75,
    0x72, 0x20, 0x68, 0x61, 0x6E, 0x64, 0x20, 0x74, 0x6F, 0x23, 0x31, 0x00,
};

const u8 gActivationDescription_ArmedDragonLv10_Popup1[] APPEND_TEXT = {
    0x23, 0x32, 0x23, 0x30, 0x77, 0x61, 0x73, 0x20, 0x61, 0x63, 0x74, 0x69,
    0x76, 0x61, 0x74, 0x65, 0x64, 0x2E, 0x23, 0x31, 0x43, 0x61, 0x6E, 0x6E,
    0x6F, 0x74, 0x20, 0x62, 0x65, 0x20, 0x4E, 0x6F, 0x72, 0x6D, 0x61, 0x6C,
    0x23, 0x30, 0x53, 0x75, 0x6D, 0x6D, 0x6F, 0x6E, 0x65, 0x64, 0x2F, 0x53,
    0x65, 0x74, 0x2E, 0x20, 0x4D, 0x75, 0x73, 0x74, 0x20, 0x62, 0x65, 0x23,
    0x30, 0x53, 0x70, 0x65, 0x63, 0x69, 0x61, 0x6C, 0x20, 0x53, 0x75, 0x6D,
    0x6D, 0x6F, 0x6E, 0x65, 0x64, 0x20, 0x28, 0x66, 0x72, 0x6F, 0x6D, 0x20,
    0x79, 0x6F, 0x75, 0x72, 0x23, 0x30, 0x68, 0x61, 0x6E, 0x64, 0x29, 0x20,
    0x62, 0x79, 0x20, 0x54, 0x72, 0x69, 0x62, 0x75, 0x74, 0x69, 0x6E, 0x67,
    0x20, 0x31, 0x20, 0x41, 0x72, 0x6D, 0x65, 0x64, 0x23, 0x30, 0x44, 0x72,
    0x61, 0x67, 0x6F, 0x6E, 0x20, 0x4C, 0x56, 0x37, 0x2E, 0x20, 0x59, 0x6F,
    0x75, 0x20, 0x63, 0x61, 0x6E, 0x20, 0x73, 0x65, 0x6E, 0x64, 0x23, 0x31,
    0x00,
};

const u8 gActivationDescription_AttackAndReceive_Popup1[] APPEND_TEXT = {
    0x23, 0x32, 0x23, 0x30, 0x77, 0x61, 0x73, 0x20, 0x61, 0x63, 0x74, 0x69,
    0x76, 0x61, 0x74, 0x65, 0x64, 0x2E, 0x23, 0x31, 0x59, 0x6F, 0x75, 0x20,
    0x63, 0x61, 0x6E, 0x20, 0x6F, 0x6E, 0x6C, 0x79, 0x20, 0x61, 0x63, 0x74,
    0x69, 0x76, 0x61, 0x74, 0x65, 0x20, 0x74, 0x68, 0x69, 0x73, 0x23, 0x30,
    0x63, 0x61, 0x72, 0x64, 0x20, 0x77, 0x68, 0x65, 0x6E, 0x20, 0x79, 0x6F,
    0x75, 0x20, 0x74, 0x61, 0x6B, 0x65, 0x20, 0x64, 0x61, 0x6D, 0x61, 0x67,
    0x65, 0x23, 0x30, 0x74, 0x6F, 0x20, 0x79, 0x6F, 0x75, 0x72, 0x20, 0x4C,
    0x69, 0x66, 0x65, 0x20, 0x50, 0x6F, 0x69, 0x6E, 0x74, 0x73, 0x2E, 0x23,
    0x30, 0x49, 0x6E, 0x66, 0x6C, 0x69, 0x63, 0x74, 0x20, 0x37, 0x30, 0x30,
    0x20, 0x70, 0x6F, 0x69, 0x6E, 0x74, 0x73, 0x20, 0x6F, 0x66, 0x23, 0x30,
    0x64, 0x61, 0x6D, 0x61, 0x67, 0x65, 0x20, 0x74, 0x6F, 0x20, 0x79, 0x6F,
    0x75, 0x72, 0x20, 0x6F, 0x70, 0x70, 0x6F, 0x6E, 0x65, 0x6E, 0x74, 0x27,
    0x23, 0x31, 0x00,
};

const u8 gActivationDescription_Backfire_Popup1[] APPEND_TEXT = {
    0x23, 0x32, 0x23, 0x30, 0x77, 0x61, 0x73, 0x20, 0x61, 0x63, 0x74, 0x69,
    0x76, 0x61, 0x74, 0x65, 0x64, 0x2E, 0x23, 0x31, 0x49, 0x66, 0x20, 0x61,
    0x20, 0x66, 0x61, 0x63, 0x65, 0x2D, 0x75, 0x70, 0x20, 0x46, 0x49, 0x52,
    0x45, 0x23, 0x30, 0x6D, 0x6F, 0x6E, 0x73, 0x74, 0x65, 0x72, 0x28, 0x73,
    0x29, 0x20, 0x79, 0x6F, 0x75, 0x20, 0x63, 0x6F, 0x6E, 0x74, 0x72, 0x6F,
    0x6C, 0x20, 0x69, 0x73, 0x23, 0x30, 0x64, 0x65, 0x73, 0x74, 0x72, 0x6F,
    0x79, 0x65, 0x64, 0x20, 0x61, 0x6E, 0x64, 0x20, 0x73, 0x65, 0x6E, 0x74,
    0x20, 0x74, 0x6F, 0x20, 0x74, 0x68, 0x65, 0x23, 0x30, 0x47, 0x59, 0x3A,
    0x20, 0x49, 0x6E, 0x66, 0x6C, 0x69, 0x63, 0x74, 0x20, 0x35, 0x30, 0x30,
    0x20, 0x64, 0x61, 0x6D, 0x61, 0x67, 0x65, 0x20, 0x74, 0x6F, 0x23, 0x30,
    0x79, 0x6F, 0x75, 0x72, 0x20, 0x6F, 0x70, 0x70, 0x6F, 0x6E, 0x65, 0x6E,
    0x74, 0x2E, 0x23, 0x31, 0x00,
};

const u8 gActivationDescription_HamonLordOfStrikingThunder_Popup1[] APPEND_TEXT = {
    0x23, 0x32, 0x23, 0x30, 0x77, 0x61, 0x73, 0x20, 0x61, 0x63, 0x74, 0x69,
    0x76, 0x61, 0x74, 0x65, 0x64, 0x2E, 0x23, 0x31, 0x43, 0x61, 0x6E, 0x6E,
    0x6F, 0x74, 0x20, 0x62, 0x65, 0x20, 0x4E, 0x6F, 0x72, 0x6D, 0x61, 0x6C,
    0x23, 0x30, 0x53, 0x75, 0x6D, 0x6D, 0x6F, 0x6E, 0x65, 0x64, 0x2F, 0x53,
    0x65, 0x74, 0x2E, 0x20, 0x4D, 0x75, 0x73, 0x74, 0x20, 0x62, 0x65, 0x23,
    0x30, 0x53, 0x70, 0x65, 0x63, 0x69, 0x61, 0x6C, 0x20, 0x53, 0x75, 0x6D,
    0x6D, 0x6F, 0x6E, 0x65, 0x64, 0x20, 0x28, 0x66, 0x72, 0x6F, 0x6D, 0x20,
    0x79, 0x6F, 0x75, 0x72, 0x23, 0x30, 0x68, 0x61, 0x6E, 0x64, 0x29, 0x20,
    0x62, 0x79, 0x20, 0x73, 0x65, 0x6E, 0x64, 0x69, 0x6E, 0x67, 0x20, 0x33,
    0x20, 0x66, 0x61, 0x63, 0x65, 0x2D, 0x75, 0x70, 0x23, 0x30, 0x43, 0x6F,
    0x6E, 0x74, 0x69, 0x6E, 0x75, 0x6F, 0x75, 0x73, 0x20, 0x53, 0x70, 0x65,
    0x6C, 0x6C, 0x20, 0x43, 0x61, 0x72, 0x64, 0x73, 0x20, 0x79, 0x6F, 0x75,
    0x23, 0x31, 0x00,
};

const u8 gActivationDescription_UriaLordOfSearingFlames_Popup1[] APPEND_TEXT = {
    0x23, 0x32, 0x23, 0x30, 0x77, 0x61, 0x73, 0x20, 0x61, 0x63, 0x74, 0x69,
    0x76, 0x61, 0x74, 0x65, 0x64, 0x2E, 0x23, 0x31, 0x43, 0x61, 0x6E, 0x6E,
    0x6F, 0x74, 0x20, 0x62, 0x65, 0x20, 0x4E, 0x6F, 0x72, 0x6D, 0x61, 0x6C,
    0x23, 0x30, 0x53, 0x75, 0x6D, 0x6D, 0x6F, 0x6E, 0x65, 0x64, 0x2F, 0x53,
    0x65, 0x74, 0x2E, 0x20, 0x4D, 0x75, 0x73, 0x74, 0x20, 0x62, 0x65, 0x23,
    0x30, 0x53, 0x70, 0x65, 0x63, 0x69, 0x61, 0x6C, 0x20, 0x53, 0x75, 0x6D,
    0x6D, 0x6F, 0x6E, 0x65, 0x64, 0x20, 0x28, 0x66, 0x72, 0x6F, 0x6D, 0x20,
    0x79, 0x6F, 0x75, 0x72, 0x23, 0x30, 0x68, 0x61, 0x6E, 0x64, 0x29, 0x20,
    0x62, 0x79, 0x20, 0x73, 0x65, 0x6E, 0x64, 0x69, 0x6E, 0x67, 0x20, 0x33,
    0x20, 0x66, 0x61, 0x63, 0x65, 0x2D, 0x75, 0x70, 0x23, 0x30, 0x54, 0x72,
    0x61, 0x70, 0x73, 0x20, 0x79, 0x6F, 0x75, 0x20, 0x63, 0x6F, 0x6E, 0x74,
    0x72, 0x6F, 0x6C, 0x20, 0x74, 0x6F, 0x20, 0x74, 0x68, 0x65, 0x20, 0x47,
    0x23, 0x31, 0x00,
};

const u8 gActivationDescription_RavielLordOfPhantasms_Popup1[] APPEND_TEXT = {
    0x23, 0x32, 0x23, 0x30, 0x77, 0x61, 0x73, 0x20, 0x61, 0x63, 0x74, 0x69,
    0x76, 0x61, 0x74, 0x65, 0x64, 0x2E, 0x23, 0x31, 0x43, 0x61, 0x6E, 0x6E,
    0x6F, 0x74, 0x20, 0x62, 0x65, 0x20, 0x4E, 0x6F, 0x72, 0x6D, 0x61, 0x6C,
    0x23, 0x30, 0x53, 0x75, 0x6D, 0x6D, 0x6F, 0x6E, 0x65, 0x64, 0x2F, 0x53,
    0x65, 0x74, 0x2E, 0x20, 0x4D, 0x75, 0x73, 0x74, 0x20, 0x62, 0x65, 0x23,
    0x30, 0x53, 0x70, 0x65, 0x63, 0x69, 0x61, 0x6C, 0x20, 0x53, 0x75, 0x6D,
    0x6D, 0x6F, 0x6E, 0x65, 0x64, 0x20, 0x28, 0x66, 0x72, 0x6F, 0x6D, 0x20,
    0x79, 0x6F, 0x75, 0x72, 0x23, 0x30, 0x68, 0x61, 0x6E, 0x64, 0x29, 0x20,
    0x62, 0x79, 0x20, 0x54, 0x72, 0x69, 0x62, 0x75, 0x74, 0x69, 0x6E, 0x67,
    0x20, 0x33, 0x23, 0x30, 0x46, 0x69, 0x65, 0x6E, 0x64, 0x2D, 0x54, 0x79,
    0x70, 0x65, 0x20, 0x6D, 0x6F, 0x6E, 0x73, 0x74, 0x65, 0x72, 0x73, 0x2C,
    0x20, 0x61, 0x6E, 0x64, 0x23, 0x30, 0x63, 0x61, 0x6E, 0x6E, 0x6F, 0x74,
    0x23, 0x31, 0x00,
};

const u8 gActivationDescription_BerserkerSoul_Popup1[] APPEND_TEXT = {
    0x23, 0x32, 0x23, 0x30, 0x77, 0x61, 0x73, 0x20, 0x61, 0x63, 0x74, 0x69,
    0x76, 0x61, 0x74, 0x65, 0x64, 0x2E, 0x23, 0x31, 0x57, 0x68, 0x65, 0x6E,
    0x20, 0x6D, 0x6F, 0x6E, 0x73, 0x74, 0x65, 0x72, 0x20, 0x64, 0x65, 0x61,
    0x6C, 0x73, 0x20, 0x31, 0x35, 0x30, 0x30, 0x20, 0x6F, 0x72, 0x23, 0x30,
    0x6C, 0x65, 0x73, 0x73, 0x20, 0x64, 0x69, 0x72, 0x65, 0x63, 0x74, 0x20,
    0x64, 0x61, 0x6D, 0x61, 0x67, 0x65, 0x3A, 0x20, 0x44, 0x69, 0x73, 0x63,
    0x61, 0x72, 0x64, 0x23, 0x30, 0x68, 0x61, 0x6E, 0x64, 0x2C, 0x20, 0x65,
    0x78, 0x63, 0x61, 0x76, 0x61, 0x74, 0x65, 0x3B, 0x20, 0x69, 0x66, 0x20,
    0x4D, 0x6F, 0x6E, 0x73, 0x74, 0x65, 0x72, 0x23, 0x30, 0x35, 0x30, 0x30,
    0x20, 0x64, 0x6D, 0x67, 0x2E, 0x20, 0x52, 0x65, 0x70, 0x65, 0x61, 0x74,
    0x20, 0x75, 0x70, 0x20, 0x74, 0x6F, 0x20, 0x37, 0x78, 0x2E, 0x23, 0x31,
    0x00,
};

const u8 gActivationDescription_Birdface_Popup1[] APPEND_TEXT = {
    0x23, 0x32, 0x23, 0x30, 0x77, 0x61, 0x73, 0x20, 0x61, 0x63, 0x74, 0x69,
    0x76, 0x61, 0x74, 0x65, 0x64, 0x2E, 0x23, 0x31, 0x57, 0x68, 0x65, 0x6E,
    0x20, 0x64, 0x65, 0x73, 0x74, 0x72, 0x6F, 0x79, 0x65, 0x64, 0x20, 0x62,
    0x79, 0x20, 0x62, 0x61, 0x74, 0x74, 0x6C, 0x65, 0x23, 0x30, 0x61, 0x6E,
    0x64, 0x20, 0x73, 0x65, 0x6E, 0x74, 0x20, 0x74, 0x6F, 0x20, 0x47, 0x59,
    0x3A, 0x20, 0x61, 0x64, 0x64, 0x20, 0x31, 0x23, 0x30, 0x48, 0x61, 0x72,
    0x70, 0x69, 0x65, 0x20, 0x4C, 0x61, 0x64, 0x79, 0x20, 0x66, 0x72, 0x6F,
    0x6D, 0x20, 0x44, 0x65, 0x63, 0x6B, 0x20, 0x74, 0x6F, 0x23, 0x30, 0x68,
    0x61, 0x6E, 0x64, 0x2E, 0x23, 0x31, 0x00,
};

const u8 gActivationDescription_BlueEyesAlternativeUltimateDragon_Popup1[] APPEND_TEXT = {
    0x23, 0x32, 0x23, 0x30, 0x77, 0x61, 0x73, 0x20, 0x61, 0x63, 0x74, 0x69,
    0x76, 0x61, 0x74, 0x65, 0x64, 0x2E, 0x23, 0x31, 0x4F, 0x6E, 0x63, 0x65,
    0x20, 0x70, 0x65, 0x72, 0x20, 0x74, 0x75, 0x72, 0x6E, 0x3A, 0x20, 0x64,
    0x65, 0x73, 0x74, 0x72, 0x6F, 0x79, 0x20, 0x31, 0x23, 0x30, 0x6F, 0x70,
    0x70, 0x6F, 0x6E, 0x65, 0x6E, 0x74, 0x20, 0x63, 0x61, 0x72, 0x64, 0x20,
    0x28, 0x75, 0x70, 0x20, 0x74, 0x6F, 0x20, 0x33, 0x20, 0x69, 0x66, 0x23,
    0x30, 0x41, 0x6C, 0x74, 0x2E, 0x20, 0x57, 0x68, 0x69, 0x74, 0x65, 0x20,
    0x44, 0x72, 0x61, 0x67, 0x6F, 0x6E, 0x20, 0x75, 0x73, 0x65, 0x64, 0x29,
    0x2E, 0x23, 0x30, 0x43, 0x61, 0x6E, 0x6E, 0x6F, 0x74, 0x20, 0x61, 0x74,
    0x74, 0x61, 0x63, 0x6B, 0x20, 0x74, 0x68, 0x61, 0x74, 0x20, 0x74, 0x75,
    0x72, 0x6E, 0x2E, 0x23, 0x31, 0x00,
};

const u8 gActivationDescription_BreakTheDestiny_Popup1[] APPEND_TEXT = {
    0x23, 0x32, 0x23, 0x30, 0x77, 0x61, 0x73, 0x20, 0x61, 0x63, 0x74, 0x69,
    0x76, 0x61, 0x74, 0x65, 0x64, 0x2E, 0x23, 0x31, 0x54, 0x61, 0x72, 0x67,
    0x65, 0x74, 0x20, 0x4C, 0x76, 0x38, 0x2B, 0x20, 0x44, 0x2D, 0x48, 0x45,
    0x52, 0x4F, 0x20, 0x6F, 0x72, 0x20, 0x44, 0x65, 0x73, 0x74, 0x23, 0x30,
    0x45, 0x6E, 0x64, 0x20, 0x44, 0x72, 0x61, 0x67, 0x6F, 0x6F, 0x6E, 0x3B,
    0x20, 0x64, 0x65, 0x73, 0x74, 0x72, 0x6F, 0x79, 0x20, 0x69, 0x74, 0x2C,
    0x23, 0x30, 0x6F, 0x70, 0x70, 0x20, 0x73, 0x6B, 0x69, 0x70, 0x73, 0x20,
    0x4D, 0x31, 0x2E, 0x20, 0x42, 0x61, 0x6E, 0x69, 0x73, 0x68, 0x20, 0x66,
    0x72, 0x6F, 0x6D, 0x23, 0x30, 0x47, 0x59, 0x3A, 0x20, 0x61, 0x64, 0x64,
    0x20, 0x53, 0x2F, 0x54, 0x20, 0x6C, 0x69, 0x73, 0x74, 0x69, 0x6E, 0x67,
    0x20, 0x74, 0x68, 0x65, 0x6D, 0x2E, 0x23, 0x31, 0x00,
};

const u8 gActivationDescription_BubbleBlaster_Popup1[] APPEND_TEXT = {
    0x23, 0x32, 0x23, 0x30, 0x77, 0x61, 0x73, 0x20, 0x61, 0x63, 0x74, 0x69,
    0x76, 0x61, 0x74, 0x65, 0x64, 0x2E, 0x23, 0x31, 0x45, 0x71, 0x75, 0x69,
    0x70, 0x20, 0x74, 0x6F, 0x20, 0x45, 0x2D, 0x48, 0x45, 0x52, 0x4F, 0x20,
    0x42, 0x75, 0x62, 0x62, 0x6C, 0x65, 0x6D, 0x61, 0x6E, 0x2E, 0x23, 0x30,
    0x2B, 0x38, 0x30, 0x30, 0x20, 0x41, 0x54, 0x4B, 0x2E, 0x20, 0x49, 0x66,
    0x20, 0x64, 0x65, 0x73, 0x74, 0x72, 0x6F, 0x79, 0x65, 0x64, 0x20, 0x62,
    0x79, 0x23, 0x30, 0x62, 0x61, 0x74, 0x74, 0x6C, 0x65, 0x2C, 0x20, 0x64,
    0x65, 0x73, 0x74, 0x72, 0x6F, 0x79, 0x20, 0x74, 0x68, 0x69, 0x73, 0x23,
    0x30, 0x69, 0x6E, 0x73, 0x74, 0x65, 0x61, 0x64, 0x3B, 0x20, 0x62, 0x61,
    0x74, 0x74, 0x6C, 0x65, 0x20, 0x64, 0x61, 0x6D, 0x61, 0x67, 0x65, 0x20,
    0x30, 0x2E, 0x23, 0x31, 0x00,
};

const u8 gActivationDescription_BurdenOfTheMighty_Popup1[] APPEND_TEXT = {
    0x23, 0x32, 0x23, 0x30, 0x77, 0x61, 0x73, 0x20, 0x61, 0x63, 0x74, 0x69,
    0x76, 0x61, 0x74, 0x65, 0x64, 0x2E, 0x23, 0x31, 0x45, 0x61, 0x63, 0x68,
    0x20, 0x66, 0x61, 0x63, 0x65, 0x2D, 0x75, 0x70, 0x20, 0x6D, 0x6F, 0x6E,
    0x73, 0x74, 0x65, 0x72, 0x20, 0x79, 0x6F, 0x75, 0x72, 0x23, 0x30, 0x6F,
    0x70, 0x70, 0x6F, 0x6E, 0x65, 0x6E, 0x74, 0x20, 0x63, 0x6F, 0x6E, 0x74,
    0x72, 0x6F, 0x6C, 0x73, 0x20, 0x6C, 0x6F, 0x73, 0x65, 0x73, 0x20, 0x31,
    0x30, 0x30, 0x23, 0x30, 0x41, 0x54, 0x4B, 0x20, 0x78, 0x20, 0x69, 0x74,
    0x73, 0x20, 0x6F, 0x77, 0x6E, 0x20, 0x4C, 0x65, 0x76, 0x65, 0x6C, 0x2E,
    0x23, 0x31, 0x00,
};

const u8 gActivationDescription_CallOfTheMummy_Popup1[] APPEND_TEXT = {
    0x23, 0x32, 0x23, 0x30, 0x77, 0x61, 0x73, 0x20, 0x61, 0x63, 0x74, 0x69,
    0x76, 0x61, 0x74, 0x65, 0x64, 0x2E, 0x23, 0x31, 0x31, 0x2F, 0x74, 0x75,
    0x72, 0x6E, 0x3A, 0x20, 0x53, 0x70, 0x65, 0x63, 0x69, 0x61, 0x6C, 0x20,
    0x53, 0x75, 0x6D, 0x6D, 0x6F, 0x6E, 0x20, 0x31, 0x23, 0x30, 0x5A, 0x6F,
    0x6D, 0x62, 0x69, 0x65, 0x20, 0x66, 0x72, 0x6F, 0x6D, 0x20, 0x68, 0x61,
    0x6E, 0x64, 0x2E, 0x20, 0x4D, 0x75, 0x73, 0x74, 0x23, 0x30, 0x63, 0x6F,
    0x6E, 0x74, 0x72, 0x6F, 0x6C, 0x20, 0x6E, 0x6F, 0x20, 0x6D, 0x6F, 0x6E,
    0x73, 0x74, 0x65, 0x72, 0x73, 0x20, 0x74, 0x6F, 0x23, 0x30, 0x61, 0x63,
    0x74, 0x69, 0x76, 0x61, 0x74, 0x65, 0x20, 0x61, 0x6E, 0x64, 0x20, 0x72,
    0x65, 0x73, 0x6F, 0x6C, 0x76, 0x65, 0x2E, 0x23, 0x31, 0x00,
};

const u8 gActivationDescription_CannonballSpearShellfish_Popup1[] APPEND_TEXT = {
    0x23, 0x32, 0x23, 0x30, 0x77, 0x61, 0x73, 0x20, 0x61, 0x63, 0x74, 0x69,
    0x76, 0x61, 0x74, 0x65, 0x64, 0x2E, 0x23, 0x31, 0x57, 0x68, 0x69, 0x6C,
    0x65, 0x20, 0x55, 0x6D, 0x69, 0x20, 0x69, 0x73, 0x20, 0x66, 0x61, 0x63,
    0x65, 0x2D, 0x75, 0x70, 0x2C, 0x20, 0x74, 0x68, 0x69, 0x73, 0x23, 0x30,
    0x63, 0x61, 0x72, 0x64, 0x20, 0x69, 0x73, 0x20, 0x75, 0x6E, 0x61, 0x66,
    0x66, 0x65, 0x63, 0x74, 0x65, 0x64, 0x20, 0x62, 0x79, 0x20, 0x61, 0x6E,
    0x79, 0x23, 0x30, 0x53, 0x70, 0x65, 0x6C, 0x6C, 0x20, 0x43, 0x61, 0x72,
    0x64, 0x73, 0x2E, 0x23, 0x31, 0x00,
};

const u8 gActivationDescription_CelestialSwordEatos_Popup1[] APPEND_TEXT = {
    0x23, 0x32, 0x23, 0x30, 0x77, 0x61, 0x73, 0x20, 0x61, 0x63, 0x74, 0x69,
    0x76, 0x61, 0x74, 0x65, 0x64, 0x2E, 0x23, 0x31, 0x45, 0x71, 0x75, 0x69,
    0x70, 0x70, 0x65, 0x64, 0x20, 0x67, 0x61, 0x69, 0x6E, 0x73, 0x20, 0x35,
    0x30, 0x30, 0x20, 0x41, 0x54, 0x4B, 0x2E, 0x23, 0x30, 0x57, 0x68, 0x65,
    0x6E, 0x20, 0x73, 0x65, 0x6E, 0x74, 0x20, 0x74, 0x6F, 0x20, 0x47, 0x59,
    0x3A, 0x20, 0x74, 0x61, 0x72, 0x67, 0x65, 0x74, 0x23, 0x30, 0x47, 0x75,
    0x61, 0x72, 0x64, 0x69, 0x61, 0x6E, 0x20, 0x45, 0x61, 0x74, 0x6F, 0x73,
    0x3B, 0x20, 0x67, 0x61, 0x69, 0x6E, 0x73, 0x20, 0x35, 0x30, 0x30, 0x23,
    0x30, 0x41, 0x54, 0x4B, 0x20, 0x70, 0x65, 0x72, 0x20, 0x62, 0x61, 0x6E,
    0x69, 0x73, 0x68, 0x65, 0x64, 0x20, 0x6D, 0x6F, 0x6E, 0x73, 0x74, 0x65,
    0x72, 0x2E, 0x23, 0x31, 0x00,
};

const u8 gActivationDescription_ChaosForm_Popup1[] APPEND_TEXT = {
    0x23, 0x32, 0x23, 0x30, 0x77, 0x61, 0x73, 0x20, 0x61, 0x63, 0x74, 0x69,
    0x76, 0x61, 0x74, 0x65, 0x64, 0x2E, 0x23, 0x31, 0x52, 0x69, 0x74, 0x75,
    0x61, 0x6C, 0x20, 0x53, 0x75, 0x6D, 0x6D, 0x6F, 0x6E, 0x20, 0x43, 0x68,
    0x61, 0x6F, 0x73, 0x2F, 0x42, 0x6C, 0x61, 0x63, 0x6B, 0x23, 0x30, 0x4C,
    0x75, 0x73, 0x74, 0x65, 0x72, 0x20, 0x53, 0x6F, 0x6C, 0x64, 0x69, 0x65,
    0x72, 0x2E, 0x20, 0x54, 0x72, 0x69, 0x62, 0x75, 0x74, 0x65, 0x23, 0x30,
    0x68, 0x61, 0x6E, 0x64, 0x2F, 0x66, 0x69, 0x65, 0x6C, 0x64, 0x3B, 0x20,
    0x62, 0x61, 0x6E, 0x69, 0x73, 0x68, 0x23, 0x30, 0x42, 0x6C, 0x75, 0x65,
    0x2D, 0x45, 0x79, 0x65, 0x73, 0x2F, 0x44, 0x4D, 0x20, 0x66, 0x72, 0x6F,
    0x6D, 0x20, 0x47, 0x59, 0x2E, 0x23, 0x31, 0x00,
};

const u8 gActivationDescription_ChickenGame_Popup1[] APPEND_TEXT = {
    0x23, 0x32, 0x23, 0x30, 0x77, 0x61, 0x73, 0x20, 0x61, 0x63, 0x74, 0x69,
    0x76, 0x61, 0x74, 0x65, 0x64, 0x2E, 0x23, 0x31, 0x4C, 0x6F, 0x77, 0x65,
    0x73, 0x74, 0x20, 0x4C, 0x50, 0x20, 0x70, 0x6C, 0x61, 0x79, 0x65, 0x72,
    0x20, 0x74, 0x61, 0x6B, 0x65, 0x73, 0x20, 0x6E, 0x6F, 0x23, 0x30, 0x64,
    0x61, 0x6D, 0x61, 0x67, 0x65, 0x2E, 0x20, 0x54, 0x75, 0x72, 0x6E, 0x20,
    0x4D, 0x50, 0x3A, 0x20, 0x70, 0x61, 0x79, 0x20, 0x31, 0x30, 0x30, 0x30,
    0x23, 0x30, 0x4C, 0x50, 0x3B, 0x20, 0x64, 0x72, 0x61, 0x77, 0x20, 0x31,
    0x20, 0x6F, 0x72, 0x20, 0x67, 0x61, 0x69, 0x6E, 0x20, 0x31, 0x30, 0x30,
    0x30, 0x20, 0x4C, 0x50, 0x2E, 0x23, 0x30, 0x4E, 0x6F, 0x20, 0x72, 0x65,
    0x73, 0x70, 0x6F, 0x6E, 0x73, 0x65, 0x2E, 0x23, 0x31, 0x00,
};

const u8 gActivationDescription_ClockTowerPrison_Popup1[] APPEND_TEXT = {
    0x23, 0x32, 0x23, 0x30, 0x77, 0x61, 0x73, 0x20, 0x61, 0x63, 0x74, 0x69,
    0x76, 0x61, 0x74, 0x65, 0x64, 0x2E, 0x23, 0x31, 0x4F, 0x70, 0x70, 0x20,
    0x53, 0x50, 0x3A, 0x20, 0x70, 0x6C, 0x61, 0x63, 0x65, 0x20, 0x31, 0x20,
    0x43, 0x6C, 0x6F, 0x63, 0x6B, 0x23, 0x30, 0x43, 0x6F, 0x75, 0x6E, 0x74,
    0x65, 0x72, 0x20, 0x28, 0x6D, 0x61, 0x78, 0x20, 0x34, 0x29, 0x2E, 0x20,
    0x34, 0x2B, 0x3A, 0x20, 0x6E, 0x6F, 0x23, 0x30, 0x62, 0x61, 0x74, 0x74,
    0x6C, 0x65, 0x20, 0x64, 0x6D, 0x67, 0x2E, 0x20, 0x49, 0x66, 0x20, 0x64,
    0x65, 0x73, 0x74, 0x72, 0x6F, 0x79, 0x65, 0x64, 0x3A, 0x23, 0x30, 0x72,
    0x65, 0x6D, 0x6F, 0x76, 0x65, 0x20, 0x31, 0x20, 0x63, 0x6F, 0x75, 0x6E,
    0x74, 0x65, 0x72, 0x2E, 0x23, 0x31, 0x00,
};

const u8 gActivationDescription_ColdWave_Popup1[] APPEND_TEXT = {
    0x23, 0x32, 0x23, 0x30, 0x77, 0x61, 0x73, 0x20, 0x61, 0x63, 0x74, 0x69,
    0x76, 0x61, 0x74, 0x65, 0x64, 0x2E, 0x23, 0x31, 0x4E, 0x6F, 0x20, 0x53,
    0x70, 0x65, 0x6C, 0x6C, 0x2F, 0x54, 0x72, 0x61, 0x70, 0x20, 0x61, 0x63,
    0x74, 0x69, 0x76, 0x61, 0x74, 0x69, 0x6F, 0x6E, 0x73, 0x23, 0x30, 0x75,
    0x6E, 0x74, 0x69, 0x6C, 0x20, 0x79, 0x6F, 0x75, 0x72, 0x20, 0x6E, 0x65,
    0x78, 0x74, 0x20, 0x53, 0x74, 0x61, 0x6E, 0x64, 0x62, 0x79, 0x23, 0x30,
    0x50, 0x68, 0x61, 0x73, 0x65, 0x2E, 0x20, 0x41, 0x63, 0x74, 0x69, 0x76,
    0x61, 0x74, 0x65, 0x20, 0x6F, 0x6E, 0x6C, 0x79, 0x20, 0x61, 0x74, 0x23,
    0x30, 0x73, 0x74, 0x61, 0x72, 0x74, 0x20, 0x6F, 0x66, 0x20, 0x4D, 0x61,
    0x69, 0x6E, 0x20, 0x50, 0x68, 0x61, 0x73, 0x65, 0x20, 0x31, 0x2E, 0x23,
    0x31, 0x00,
};

const u8 gActivationDescription_ContinuousDestructionPunch_Popup1[] APPEND_TEXT = {
    0x23, 0x32, 0x23, 0x30, 0x77, 0x61, 0x73, 0x20, 0x61, 0x63, 0x74, 0x69,
    0x76, 0x61, 0x74, 0x65, 0x64, 0x2E, 0x23, 0x31, 0x49, 0x66, 0x20, 0x61,
    0x74, 0x74, 0x61, 0x63, 0x6B, 0x65, 0x64, 0x20, 0x44, 0x45, 0x46, 0x20,
    0x6D, 0x6F, 0x6E, 0x73, 0x74, 0x65, 0x72, 0x20, 0x68, 0x61, 0x73, 0x23,
    0x30, 0x68, 0x69, 0x67, 0x68, 0x65, 0x72, 0x20, 0x44, 0x45, 0x46, 0x20,
    0x74, 0x68, 0x61, 0x6E, 0x20, 0x61, 0x74, 0x74, 0x61, 0x63, 0x6B, 0x65,
    0x72, 0x73, 0x23, 0x30, 0x41, 0x54, 0x4B, 0x3A, 0x20, 0x64, 0x65, 0x73,
    0x74, 0x72, 0x6F, 0x79, 0x20, 0x61, 0x74, 0x74, 0x61, 0x63, 0x6B, 0x65,
    0x72, 0x20, 0x61, 0x66, 0x74, 0x65, 0x72, 0x23, 0x30, 0x64, 0x61, 0x6D,
    0x61, 0x67, 0x65, 0x20, 0x63, 0x61, 0x6C, 0x63, 0x2E, 0x23, 0x31, 0x00,
};

const u8 gActivationDescription_CyberEltanin_Popup1[] APPEND_TEXT = {
    0x23, 0x32, 0x23, 0x30, 0x77, 0x61, 0x73, 0x20, 0x61, 0x63, 0x74, 0x69,
    0x76, 0x61, 0x74, 0x65, 0x64, 0x2E, 0x23, 0x31, 0x43, 0x61, 0x6E, 0x6E,
    0x6F, 0x74, 0x20, 0x62, 0x65, 0x20, 0x4E, 0x53, 0x2F, 0x53, 0x65, 0x74,
    0x2E, 0x20, 0x53, 0x53, 0x20, 0x62, 0x79, 0x23, 0x30, 0x62, 0x61, 0x6E,
    0x69, 0x73, 0x68, 0x69, 0x6E, 0x67, 0x20, 0x4C, 0x49, 0x47, 0x48, 0x54,
    0x20, 0x4D, 0x61, 0x63, 0x68, 0x69, 0x6E, 0x65, 0x73, 0x2E, 0x23, 0x30,
    0x57, 0x68, 0x65, 0x6E, 0x20, 0x53, 0x75, 0x6D, 0x6D, 0x6F, 0x6E, 0x65,
    0x64, 0x3A, 0x20, 0x73, 0x65, 0x6E, 0x64, 0x20, 0x61, 0x6C, 0x6C, 0x23,
    0x30, 0x6F, 0x74, 0x68, 0x65, 0x72, 0x20, 0x66, 0x61, 0x63, 0x65, 0x2D,
    0x75, 0x70, 0x73, 0x20, 0x74, 0x6F, 0x20, 0x47, 0x59, 0x2E, 0x23, 0x31,
    0x00,
};

const u8 gActivationDescription_CyberKirin_Popup1[] APPEND_TEXT = {
    0x23, 0x32, 0x23, 0x30, 0x77, 0x61, 0x73, 0x20, 0x61, 0x63, 0x74, 0x69,
    0x76, 0x61, 0x74, 0x65, 0x64, 0x2E, 0x23, 0x31, 0x57, 0x68, 0x69, 0x6C,
    0x65, 0x20, 0x69, 0x6E, 0x20, 0x41, 0x74, 0x74, 0x61, 0x63, 0x6B, 0x20,
    0x50, 0x6F, 0x73, 0x69, 0x74, 0x69, 0x6F, 0x6E, 0x3A, 0x23, 0x30, 0x6E,
    0x65, 0x67, 0x61, 0x74, 0x65, 0x20, 0x53, 0x70, 0x65, 0x6C, 0x6C, 0x2F,
    0x54, 0x72, 0x61, 0x70, 0x20, 0x74, 0x61, 0x72, 0x67, 0x65, 0x74, 0x69,
    0x6E, 0x67, 0x23, 0x30, 0x74, 0x68, 0x69, 0x73, 0x20, 0x63, 0x61, 0x72,
    0x64, 0x2E, 0x20, 0x57, 0x68, 0x65, 0x6E, 0x20, 0x64, 0x65, 0x73, 0x74,
    0x72, 0x6F, 0x79, 0x65, 0x64, 0x23, 0x30, 0x62, 0x79, 0x20, 0x62, 0x61,
    0x74, 0x74, 0x6C, 0x65, 0x3A, 0x20, 0x64, 0x72, 0x61, 0x77, 0x20, 0x31,
    0x2E, 0x23, 0x31, 0x00,
};

const u8 gActivationDescription_CyberPhoenix_Popup1[] APPEND_TEXT = {
    0x23, 0x32, 0x23, 0x30, 0x77, 0x61, 0x73, 0x20, 0x61, 0x63, 0x74, 0x69,
    0x76, 0x61, 0x74, 0x65, 0x64, 0x2E, 0x23, 0x31, 0x57, 0x68, 0x69, 0x6C,
    0x65, 0x20, 0x69, 0x6E, 0x20, 0x41, 0x74, 0x74, 0x61, 0x63, 0x6B, 0x20,
    0x50, 0x6F, 0x73, 0x69, 0x74, 0x69, 0x6F, 0x6E, 0x3A, 0x23, 0x30, 0x6E,
    0x65, 0x67, 0x61, 0x74, 0x65, 0x20, 0x53, 0x2F, 0x54, 0x20, 0x74, 0x61,
    0x72, 0x67, 0x65, 0x74, 0x69, 0x6E, 0x67, 0x20, 0x79, 0x6F, 0x75, 0x72,
    0x23, 0x30, 0x4D, 0x61, 0x63, 0x68, 0x69, 0x6E, 0x65, 0x2E, 0x20, 0x57,
    0x68, 0x65, 0x6E, 0x20, 0x64, 0x65, 0x73, 0x74, 0x72, 0x6F, 0x79, 0x65,
    0x64, 0x3A, 0x23, 0x30, 0x64, 0x65, 0x73, 0x74, 0x72, 0x6F, 0x79, 0x20,
    0x31, 0x20, 0x66, 0x61, 0x63, 0x65, 0x2D, 0x75, 0x70, 0x20, 0x53, 0x2F,
    0x54, 0x2E, 0x23, 0x31, 0x00,
};

const u8 gActivationDescription_CyberValley_Popup1[] APPEND_TEXT = {
    0x23, 0x32, 0x23, 0x30, 0x77, 0x61, 0x73, 0x20, 0x61, 0x63, 0x74, 0x69,
    0x76, 0x61, 0x74, 0x65, 0x64, 0x2E, 0x23, 0x31, 0x59, 0x6F, 0x75, 0x20,
    0x63, 0x61, 0x6E, 0x20, 0x75, 0x73, 0x65, 0x20, 0x31, 0x20, 0x6F, 0x66,
    0x20, 0x74, 0x68, 0x65, 0x73, 0x65, 0x23, 0x30, 0x65, 0x66, 0x66, 0x65,
    0x63, 0x74, 0x73, 0x2E, 0x23, 0x30, 0x3E, 0x20, 0x57, 0x68, 0x65, 0x6E,
    0x20, 0x74, 0x68, 0x69, 0x73, 0x20, 0x63, 0x61, 0x72, 0x64, 0x20, 0x69,
    0x73, 0x23, 0x30, 0x74, 0x61, 0x72, 0x67, 0x65, 0x74, 0x65, 0x64, 0x20,
    0x66, 0x6F, 0x72, 0x20, 0x61, 0x6E, 0x20, 0x61, 0x74, 0x74, 0x61, 0x63,
    0x6B, 0x20, 0x62, 0x79, 0x23, 0x30, 0x61, 0x6E, 0x20, 0x6F, 0x70, 0x70,
    0x6F, 0x6E, 0x65, 0x6E, 0x74, 0x27, 0x73, 0x20, 0x6D, 0x6F, 0x6E, 0x73,
    0x74, 0x65, 0x72, 0x3A, 0x20, 0x59, 0x6F, 0x75, 0x23, 0x30, 0x63, 0x61,
    0x6E, 0x20, 0x62, 0x61, 0x6E, 0x69, 0x73, 0x68, 0x20, 0x74, 0x68, 0x69,
    0x23, 0x31, 0x00,
};

const u8 gActivationDescription_CyberneticZone_Popup1[] APPEND_TEXT = {
    0x23, 0x32, 0x23, 0x30, 0x77, 0x61, 0x73, 0x20, 0x61, 0x63, 0x74, 0x69,
    0x76, 0x61, 0x74, 0x65, 0x64, 0x2E, 0x23, 0x31, 0x53, 0x65, 0x6C, 0x65,
    0x63, 0x74, 0x20, 0x31, 0x20, 0x66, 0x61, 0x63, 0x65, 0x2D, 0x75, 0x70,
    0x23, 0x30, 0x4D, 0x61, 0x63, 0x68, 0x69, 0x6E, 0x65, 0x2D, 0x54, 0x79,
    0x70, 0x65, 0x20, 0x46, 0x75, 0x73, 0x69, 0x6F, 0x6E, 0x20, 0x4D, 0x6F,
    0x6E, 0x73, 0x74, 0x65, 0x72, 0x23, 0x30, 0x79, 0x6F, 0x75, 0x20, 0x63,
    0x6F, 0x6E, 0x74, 0x72, 0x6F, 0x6C, 0x20, 0x61, 0x6E, 0x64, 0x20, 0x72,
    0x65, 0x6D, 0x6F, 0x76, 0x65, 0x20, 0x69, 0x74, 0x23, 0x30, 0x66, 0x72,
    0x6F, 0x6D, 0x20, 0x70, 0x6C, 0x61, 0x79, 0x20, 0x75, 0x6E, 0x74, 0x69,
    0x6C, 0x20, 0x74, 0x68, 0x65, 0x20, 0x45, 0x6E, 0x64, 0x23, 0x30, 0x50,
    0x68, 0x61, 0x73, 0x65, 0x20, 0x6F, 0x66, 0x20, 0x74, 0x68, 0x69, 0x73,
    0x20, 0x74, 0x75, 0x72, 0x6E, 0x2E, 0x20, 0x57, 0x68, 0x65, 0x6E, 0x23,
    0x31, 0x00,
};

const u8 gActivationDescription_DTactics_Popup1[] APPEND_TEXT = {
    0x23, 0x32, 0x23, 0x30, 0x77, 0x61, 0x73, 0x20, 0x61, 0x63, 0x74, 0x69,
    0x76, 0x61, 0x74, 0x65, 0x64, 0x2E, 0x23, 0x31, 0x44, 0x75, 0x72, 0x69,
    0x6E, 0x67, 0x20, 0x74, 0x68, 0x65, 0x20, 0x53, 0x74, 0x61, 0x6E, 0x64,
    0x62, 0x79, 0x20, 0x50, 0x68, 0x61, 0x73, 0x65, 0x3A, 0x23, 0x30, 0x59,
    0x6F, 0x75, 0x20, 0x63, 0x61, 0x6E, 0x20, 0x68, 0x61, 0x76, 0x65, 0x20,
    0x61, 0x6C, 0x6C, 0x20, 0x22, 0x48, 0x45, 0x52, 0x4F, 0x22, 0x23, 0x30,
    0x6D, 0x6F, 0x6E, 0x73, 0x74, 0x65, 0x72, 0x73, 0x20, 0x79, 0x6F, 0x75,
    0x20, 0x63, 0x6F, 0x6E, 0x74, 0x72, 0x6F, 0x6C, 0x20, 0x67, 0x61, 0x69,
    0x6E, 0x23, 0x30, 0x34, 0x30, 0x30, 0x20, 0x41, 0x54, 0x4B, 0x20, 0x28,
    0x65, 0x76, 0x65, 0x6E, 0x20, 0x69, 0x66, 0x20, 0x74, 0x68, 0x69, 0x73,
    0x20, 0x63, 0x61, 0x72, 0x64, 0x23, 0x30, 0x6C, 0x65, 0x61, 0x76, 0x65,
    0x73, 0x20, 0x74, 0x68, 0x65, 0x20, 0x66, 0x69, 0x65, 0x6C, 0x64, 0x29,
    0x23, 0x31, 0x00,
};

const u8 gActivationDescription_DTime_Popup1[] APPEND_TEXT = {
    0x23, 0x32, 0x23, 0x30, 0x77, 0x61, 0x73, 0x20, 0x61, 0x63, 0x74, 0x69,
    0x76, 0x61, 0x74, 0x65, 0x64, 0x2E, 0x23, 0x31, 0x57, 0x68, 0x65, 0x6E,
    0x20, 0x61, 0x20, 0x66, 0x61, 0x63, 0x65, 0x2D, 0x75, 0x70, 0x20, 0x22,
    0x45, 0x6C, 0x65, 0x6D, 0x65, 0x6E, 0x74, 0x61, 0x6C, 0x23, 0x30, 0x48,
    0x45, 0x52, 0x4F, 0x22, 0x20, 0x6D, 0x6F, 0x6E, 0x73, 0x74, 0x65, 0x72,
    0x20, 0x79, 0x6F, 0x75, 0x20, 0x63, 0x6F, 0x6E, 0x74, 0x72, 0x6F, 0x6C,
    0x23, 0x30, 0x6C, 0x65, 0x61, 0x76, 0x65, 0x73, 0x20, 0x74, 0x68, 0x65,
    0x20, 0x66, 0x69, 0x65, 0x6C, 0x64, 0x3A, 0x20, 0x41, 0x64, 0x64, 0x20,
    0x31, 0x23, 0x30, 0x22, 0x44, 0x65, 0x73, 0x74, 0x69, 0x6E, 0x79, 0x20,
    0x48, 0x45, 0x52, 0x4F, 0x22, 0x20, 0x6D, 0x6F, 0x6E, 0x73, 0x74, 0x65,
    0x72, 0x20, 0x66, 0x72, 0x6F, 0x6D, 0x23, 0x30, 0x79, 0x6F, 0x75, 0x72,
    0x20, 0x44, 0x65, 0x63, 0x6B, 0x20, 0x74, 0x6F, 0x20, 0x79, 0x6F, 0x75,
    0x23, 0x31, 0x00,
};

const u8 gActivationDescription_DamagePolarizer_Popup1[] APPEND_TEXT = {
    0x23, 0x32, 0x23, 0x30, 0x77, 0x61, 0x73, 0x20, 0x61, 0x63, 0x74, 0x69,
    0x76, 0x61, 0x74, 0x65, 0x64, 0x2E, 0x23, 0x31, 0x41, 0x63, 0x74, 0x69,
    0x76, 0x61, 0x74, 0x65, 0x20, 0x6F, 0x6E, 0x6C, 0x79, 0x20, 0x77, 0x68,
    0x65, 0x6E, 0x20, 0x61, 0x6E, 0x23, 0x30, 0x65, 0x66, 0x66, 0x65, 0x63,
    0x74, 0x20, 0x74, 0x68, 0x61, 0x74, 0x20, 0x69, 0x6E, 0x66, 0x6C, 0x69,
    0x63, 0x74, 0x73, 0x20, 0x64, 0x61, 0x6D, 0x61, 0x67, 0x65, 0x23, 0x30,
    0x69, 0x73, 0x20, 0x61, 0x63, 0x74, 0x69, 0x76, 0x61, 0x74, 0x65, 0x64,
    0x2E, 0x20, 0x4E, 0x65, 0x67, 0x61, 0x74, 0x65, 0x20, 0x69, 0x74, 0x73,
    0x23, 0x30, 0x61, 0x63, 0x74, 0x69, 0x76, 0x61, 0x74, 0x69, 0x6F, 0x6E,
    0x20, 0x61, 0x6E, 0x64, 0x20, 0x65, 0x66, 0x66, 0x65, 0x63, 0x74, 0x2C,
    0x20, 0x61, 0x6E, 0x64, 0x23, 0x30, 0x65, 0x61, 0x63, 0x68, 0x20, 0x70,
    0x6C, 0x61, 0x79, 0x65, 0x72, 0x20, 0x64, 0x72, 0x61, 0x77, 0x73, 0x23,
    0x31, 0x00,
};

const u8 gActivationDescription_DBurst_Popup1[] APPEND_TEXT = {
    0x23, 0x32, 0x23, 0x30, 0x77, 0x61, 0x73, 0x20, 0x61, 0x63, 0x74, 0x69,
    0x76, 0x61, 0x74, 0x65, 0x64, 0x2E, 0x23, 0x31, 0x54, 0x61, 0x72, 0x67,
    0x65, 0x74, 0x20, 0x31, 0x20, 0x66, 0x61, 0x63, 0x65, 0x2D, 0x75, 0x70,
    0x20, 0x53, 0x70, 0x65, 0x6C, 0x6C, 0x20, 0x79, 0x6F, 0x75, 0x23, 0x30,
    0x63, 0x6F, 0x6E, 0x74, 0x72, 0x6F, 0x6C, 0x3B, 0x20, 0x64, 0x65, 0x73,
    0x74, 0x72, 0x6F, 0x79, 0x20, 0x69, 0x74, 0x2C, 0x20, 0x61, 0x6E, 0x64,
    0x20, 0x69, 0x66, 0x23, 0x30, 0x79, 0x6F, 0x75, 0x20, 0x64, 0x6F, 0x2C,
    0x20, 0x64, 0x72, 0x61, 0x77, 0x20, 0x31, 0x20, 0x63, 0x61, 0x72, 0x64,
    0x2C, 0x20, 0x74, 0x68, 0x65, 0x6E, 0x23, 0x30, 0x69, 0x66, 0x20, 0x79,
    0x6F, 0x75, 0x20, 0x63, 0x6F, 0x6E, 0x74, 0x72, 0x6F, 0x6C, 0x20, 0x61,
    0x20, 0x44, 0x65, 0x73, 0x74, 0x69, 0x6E, 0x79, 0x23, 0x30, 0x48, 0x45,
    0x52, 0x4F, 0x20, 0x6D, 0x6F, 0x6E, 0x73, 0x74, 0x65, 0x72, 0x2C, 0x20,
    0x79, 0x6F, 0x75, 0x20, 0x63, 0x61, 0x6E, 0x23, 0x30, 0x53, 0x70, 0x65,
    0x63, 0x69, 0x61, 0x6C, 0x20, 0x53, 0x75, 0x6D, 0x6D, 0x6F, 0x6E, 0x20,
    0x31, 0x20, 0x44, 0x65, 0x73, 0x74, 0x69, 0x6E, 0x79, 0x23, 0x30, 0x48,
    0x45, 0x52, 0x4F, 0x20, 0x6D, 0x6F, 0x6E, 0x73, 0x74, 0x65, 0x72, 0x20,
    0x66, 0x72, 0x6F, 0x6D, 0x20, 0x79, 0x6F, 0x75, 0x72, 0x23, 0x30, 0x68,
    0x61, 0x6E, 0x64, 0x2C, 0x20, 0x47, 0x59, 0x2C, 0x20, 0x6F, 0x72, 0x20,
    0x62, 0x61, 0x6E, 0x69, 0x73, 0x68, 0x6D, 0x65, 0x6E, 0x74, 0x2E, 0x23,
    0x31, 0x00,
};

const u8 gActivationDescription_DForce_Popup1[] APPEND_TEXT = {
    0x23, 0x32, 0x23, 0x30, 0x77, 0x61, 0x73, 0x20, 0x61, 0x63, 0x74, 0x69,
    0x76, 0x61, 0x74, 0x65, 0x64, 0x2E, 0x23, 0x31, 0x57, 0x68, 0x65, 0x6E,
    0x20, 0x74, 0x68, 0x69, 0x73, 0x20, 0x63, 0x61, 0x72, 0x64, 0x20, 0x69,
    0x73, 0x23, 0x30, 0x61, 0x63, 0x74, 0x69, 0x76, 0x61, 0x74, 0x65, 0x64,
    0x3A, 0x20, 0x59, 0x6F, 0x75, 0x20, 0x63, 0x61, 0x6E, 0x20, 0x61, 0x64,
    0x64, 0x20, 0x31, 0x23, 0x30, 0x22, 0x44, 0x65, 0x73, 0x74, 0x69, 0x6E,
    0x79, 0x20, 0x48, 0x45, 0x52, 0x4F, 0x20, 0x2D, 0x20, 0x50, 0x6C, 0x61,
    0x73, 0x6D, 0x61, 0x22, 0x23, 0x30, 0x66, 0x72, 0x6F, 0x6D, 0x20, 0x79,
    0x6F, 0x75, 0x72, 0x20, 0x44, 0x65, 0x63, 0x6B, 0x20, 0x6F, 0x72, 0x20,
    0x47, 0x59, 0x20, 0x74, 0x6F, 0x23, 0x30, 0x79, 0x6F, 0x75, 0x72, 0x20,
    0x68, 0x61, 0x6E, 0x64, 0x2E, 0x20, 0x57, 0x68, 0x69, 0x6C, 0x65, 0x20,
    0x79, 0x6F, 0x75, 0x23, 0x30, 0x63, 0x6F, 0x6E, 0x74, 0x72, 0x6F, 0x6C,
    0x23, 0x31, 0x00,
};

const u8 gActivationDescription_DarkGrepher_Popup1[] APPEND_TEXT = {
    0x23, 0x32, 0x23, 0x30, 0x77, 0x61, 0x73, 0x20, 0x61, 0x63, 0x74, 0x69,
    0x76, 0x61, 0x74, 0x65, 0x64, 0x2E, 0x23, 0x31, 0x59, 0x6F, 0x75, 0x20,
    0x63, 0x61, 0x6E, 0x20, 0x53, 0x70, 0x65, 0x63, 0x69, 0x61, 0x6C, 0x20,
    0x53, 0x75, 0x6D, 0x6D, 0x6F, 0x6E, 0x20, 0x74, 0x68, 0x69, 0x73, 0x23,
    0x30, 0x63, 0x61, 0x72, 0x64, 0x20, 0x28, 0x66, 0x72, 0x6F, 0x6D, 0x20,
    0x79, 0x6F, 0x75, 0x72, 0x20, 0x68, 0x61, 0x6E, 0x64, 0x29, 0x20, 0x62,
    0x79, 0x23, 0x30, 0x64, 0x69, 0x73, 0x63, 0x61, 0x72, 0x64, 0x69, 0x6E,
    0x67, 0x20, 0x31, 0x20, 0x4C, 0x65, 0x76, 0x65, 0x6C, 0x20, 0x35, 0x20,
    0x6F, 0x72, 0x23, 0x30, 0x68, 0x69, 0x67, 0x68, 0x65, 0x72, 0x20, 0x44,
    0x41, 0x52, 0x4B, 0x20, 0x6D, 0x6F, 0x6E, 0x73, 0x74, 0x65, 0x72, 0x2E,
    0x20, 0x4F, 0x6E, 0x63, 0x65, 0x23, 0x30, 0x70, 0x65, 0x72, 0x20, 0x74,
    0x75, 0x72, 0x6E, 0x3A, 0x20, 0x59, 0x6F, 0x75, 0x20, 0x63, 0x61, 0x6E,
    0x23, 0x31, 0x00,
};

const u8 gActivationDescription_DarklordNurseReficule_Popup1[] APPEND_TEXT = {
    0x23, 0x32, 0x23, 0x30, 0x77, 0x61, 0x73, 0x20, 0x61, 0x63, 0x74, 0x69,
    0x76, 0x61, 0x74, 0x65, 0x64, 0x2E, 0x23, 0x31, 0x41, 0x6E, 0x79, 0x20,
    0x65, 0x66, 0x66, 0x65, 0x63, 0x74, 0x20, 0x74, 0x68, 0x61, 0x74, 0x20,
    0x77, 0x6F, 0x75, 0x6C, 0x64, 0x20, 0x6D, 0x61, 0x6B, 0x65, 0x23, 0x30,
    0x79, 0x6F, 0x75, 0x72, 0x20, 0x6F, 0x70, 0x70, 0x6F, 0x6E, 0x65, 0x6E,
    0x74, 0x20, 0x67, 0x61, 0x69, 0x6E, 0x20, 0x4C, 0x50, 0x23, 0x30, 0x69,
    0x6E, 0x66, 0x6C, 0x69, 0x63, 0x74, 0x73, 0x20, 0x74, 0x68, 0x65, 0x20,
    0x73, 0x61, 0x6D, 0x65, 0x20, 0x61, 0x6D, 0x6F, 0x75, 0x6E, 0x74, 0x20,
    0x6F, 0x66, 0x23, 0x30, 0x64, 0x61, 0x6D, 0x61, 0x67, 0x65, 0x20, 0x74,
    0x6F, 0x20, 0x74, 0x68, 0x65, 0x6D, 0x2C, 0x20, 0x69, 0x6E, 0x73, 0x74,
    0x65, 0x61, 0x64, 0x2E, 0x23, 0x31, 0x00,
};

const u8 gActivationDescription_DarknessNeosphere_Popup1[] APPEND_TEXT = {
    0x23, 0x32, 0x23, 0x30, 0x77, 0x61, 0x73, 0x20, 0x61, 0x63, 0x74, 0x69,
    0x76, 0x61, 0x74, 0x65, 0x64, 0x2E, 0x23, 0x31, 0x54, 0x68, 0x69, 0x73,
    0x20, 0x63, 0x61, 0x72, 0x64, 0x20, 0x63, 0x61, 0x6E, 0x6E, 0x6F, 0x74,
    0x20, 0x62, 0x65, 0x20, 0x4E, 0x6F, 0x72, 0x6D, 0x61, 0x6C, 0x23, 0x30,
    0x53, 0x75, 0x6D, 0x6D, 0x6F, 0x6E, 0x65, 0x64, 0x20, 0x6F, 0x72, 0x20,
    0x53, 0x65, 0x74, 0x2E, 0x20, 0x54, 0x68, 0x69, 0x73, 0x20, 0x63, 0x61,
    0x72, 0x64, 0x23, 0x30, 0x63, 0x61, 0x6E, 0x6E, 0x6F, 0x74, 0x20, 0x62,
    0x65, 0x20, 0x53, 0x70, 0x65, 0x63, 0x69, 0x61, 0x6C, 0x20, 0x53, 0x75,
    0x6D, 0x6D, 0x6F, 0x6E, 0x65, 0x64, 0x23, 0x30, 0x65, 0x78, 0x63, 0x65,
    0x70, 0x74, 0x20, 0x62, 0x79, 0x20, 0x73, 0x65, 0x6E, 0x64, 0x69, 0x6E,
    0x67, 0x20, 0x31, 0x23, 0x30, 0x46, 0x69, 0x65, 0x6E, 0x64, 0x2D, 0x54,
    0x79, 0x70, 0x65, 0x20, 0x6D, 0x6F, 0x6E, 0x73, 0x74, 0x65, 0x72, 0x23,
    0x31, 0x00,
};

const u8 gActivationDescription_DarkCityAtMidnight_Popup1[] APPEND_TEXT = {
    0x23, 0x32, 0x23, 0x30, 0x77, 0x61, 0x73, 0x20, 0x61, 0x63, 0x74, 0x69,
    0x76, 0x61, 0x74, 0x65, 0x64, 0x2E, 0x23, 0x31, 0x45, 0x61, 0x63, 0x68,
    0x20, 0x74, 0x69, 0x6D, 0x65, 0x20, 0x79, 0x6F, 0x75, 0x20, 0x53, 0x70,
    0x65, 0x63, 0x69, 0x61, 0x6C, 0x23, 0x30, 0x53, 0x75, 0x6D, 0x6D, 0x6F,
    0x6E, 0x20, 0x61, 0x20, 0x4C, 0x65, 0x76, 0x65, 0x6C, 0x20, 0x38, 0x2B,
    0x20, 0x44, 0x65, 0x73, 0x74, 0x69, 0x6E, 0x79, 0x23, 0x30, 0x48, 0x45,
    0x52, 0x4F, 0x3A, 0x20, 0x57, 0x61, 0x72, 0x72, 0x69, 0x6F, 0x72, 0x20,
    0x6D, 0x6F, 0x6E, 0x73, 0x74, 0x65, 0x72, 0x73, 0x20, 0x79, 0x6F, 0x75,
    0x23, 0x30, 0x63, 0x6F, 0x6E, 0x74, 0x72, 0x6F, 0x6C, 0x20, 0x67, 0x61,
    0x69, 0x6E, 0x20, 0x33, 0x30, 0x30, 0x20, 0x41, 0x54, 0x4B, 0x2E, 0x23,
    0x31, 0x00,
};

const u8 gActivationDescription_DecoyDragon_Popup1[] APPEND_TEXT = {
    0x23, 0x32, 0x23, 0x30, 0x77, 0x61, 0x73, 0x20, 0x61, 0x63, 0x74, 0x69,
    0x76, 0x61, 0x74, 0x65, 0x64, 0x2E, 0x23, 0x31, 0x49, 0x66, 0x20, 0x74,
    0x68, 0x69, 0x73, 0x20, 0x63, 0x61, 0x72, 0x64, 0x20, 0x69, 0x73, 0x20,
    0x74, 0x61, 0x72, 0x67, 0x65, 0x74, 0x65, 0x64, 0x23, 0x30, 0x66, 0x6F,
    0x72, 0x20, 0x61, 0x6E, 0x20, 0x61, 0x74, 0x74, 0x61, 0x63, 0x6B, 0x3A,
    0x20, 0x54, 0x61, 0x72, 0x67, 0x65, 0x74, 0x20, 0x31, 0x23, 0x30, 0x4C,
    0x65, 0x76, 0x65, 0x6C, 0x20, 0x37, 0x20, 0x6F, 0x72, 0x20, 0x68, 0x69,
    0x67, 0x68, 0x65, 0x72, 0x23, 0x30, 0x44, 0x72, 0x61, 0x67, 0x6F, 0x6E,
    0x2D, 0x54, 0x79, 0x70, 0x65, 0x20, 0x6D, 0x6F, 0x6E, 0x73, 0x74, 0x65,
    0x72, 0x20, 0x69, 0x6E, 0x20, 0x79, 0x6F, 0x75, 0x72, 0x23, 0x30, 0x47,
    0x72, 0x61, 0x76, 0x65, 0x79, 0x61, 0x72, 0x64, 0x3B, 0x20, 0x53, 0x70,
    0x65, 0x63, 0x69, 0x61, 0x6C, 0x20, 0x53, 0x75, 0x6D, 0x6D, 0x6F, 0x6E,
    0x23, 0x31, 0x00,
};

const u8 gActivationDescription_DesCounterblow_Popup1[] APPEND_TEXT = {
    0x23, 0x32, 0x23, 0x30, 0x77, 0x61, 0x73, 0x20, 0x61, 0x63, 0x74, 0x69,
    0x76, 0x61, 0x74, 0x65, 0x64, 0x2E, 0x23, 0x31, 0x44, 0x65, 0x73, 0x74,
    0x72, 0x6F, 0x79, 0x20, 0x61, 0x6E, 0x79, 0x20, 0x6D, 0x6F, 0x6E, 0x73,
    0x74, 0x65, 0x72, 0x20, 0x74, 0x68, 0x61, 0x74, 0x23, 0x30, 0x69, 0x6E,
    0x66, 0x6C, 0x69, 0x63, 0x74, 0x73, 0x20, 0x42, 0x61, 0x74, 0x74, 0x6C,
    0x65, 0x20, 0x44, 0x61, 0x6D, 0x61, 0x67, 0x65, 0x20, 0x74, 0x6F, 0x20,
    0x61, 0x23, 0x30, 0x70, 0x6C, 0x61, 0x79, 0x65, 0x72, 0x27, 0x73, 0x20,
    0x4C, 0x69, 0x66, 0x65, 0x20, 0x50, 0x6F, 0x69, 0x6E, 0x74, 0x73, 0x20,
    0x62, 0x79, 0x23, 0x30, 0x61, 0x74, 0x74, 0x61, 0x63, 0x6B, 0x69, 0x6E,
    0x67, 0x20, 0x64, 0x69, 0x72, 0x65, 0x63, 0x74, 0x6C, 0x79, 0x2E, 0x23,
    0x31, 0x00,
};

const u8 gActivationDescription_DespairFromTheDark_Popup1[] APPEND_TEXT = {
    0x23, 0x32, 0x23, 0x30, 0x77, 0x61, 0x73, 0x20, 0x61, 0x63, 0x74, 0x69,
    0x76, 0x61, 0x74, 0x65, 0x64, 0x2E, 0x23, 0x31, 0x49, 0x66, 0x20, 0x74,
    0x68, 0x69, 0x73, 0x20, 0x63, 0x61, 0x72, 0x64, 0x20, 0x69, 0x73, 0x20,
    0x73, 0x65, 0x6E, 0x74, 0x20, 0x66, 0x72, 0x6F, 0x6D, 0x23, 0x30, 0x79,
    0x6F, 0x75, 0x72, 0x20, 0x68, 0x61, 0x6E, 0x64, 0x20, 0x6F, 0x72, 0x20,
    0x44, 0x65, 0x63, 0x6B, 0x20, 0x74, 0x6F, 0x20, 0x79, 0x6F, 0x75, 0x72,
    0x23, 0x30, 0x47, 0x59, 0x20, 0x62, 0x79, 0x20, 0x61, 0x6E, 0x20, 0x6F,
    0x70, 0x70, 0x6F, 0x6E, 0x65, 0x6E, 0x74, 0x27, 0x73, 0x20, 0x63, 0x61,
    0x72, 0x64, 0x23, 0x30, 0x65, 0x66, 0x66, 0x65, 0x63, 0x74, 0x3A, 0x20,
    0x53, 0x70, 0x65, 0x63, 0x69, 0x61, 0x6C, 0x20, 0x53, 0x75, 0x6D, 0x6D,
    0x6F, 0x6E, 0x20, 0x74, 0x68, 0x69, 0x73, 0x23, 0x30, 0x63, 0x61, 0x72,
    0x64, 0x2E, 0x23, 0x31, 0x00,
};

const u8 gActivationDescription_DestinyDraw_Popup1[] APPEND_TEXT = {
    0x23, 0x32, 0x23, 0x30, 0x77, 0x61, 0x73, 0x20, 0x61, 0x63, 0x74, 0x69,
    0x76, 0x61, 0x74, 0x65, 0x64, 0x2E, 0x23, 0x31, 0x44, 0x69, 0x73, 0x63,
    0x61, 0x72, 0x64, 0x20, 0x31, 0x20, 0x44, 0x65, 0x73, 0x74, 0x69, 0x6E,
    0x79, 0x20, 0x48, 0x45, 0x52, 0x4F, 0x23, 0x30, 0x63, 0x61, 0x72, 0x64,
    0x3B, 0x20, 0x64, 0x72, 0x61, 0x77, 0x20, 0x32, 0x20, 0x63, 0x61, 0x72,
    0x64, 0x73, 0x2E, 0x23, 0x31, 0x00,
};

const u8 gActivationDescription_DestinyEndDragoon_Popup1[] APPEND_TEXT = {
    0x23, 0x32, 0x23, 0x30, 0x77, 0x61, 0x73, 0x20, 0x61, 0x63, 0x74, 0x69,
    0x76, 0x61, 0x74, 0x65, 0x64, 0x2E, 0x23, 0x31, 0x44, 0x65, 0x73, 0x74,
    0x69, 0x6E, 0x79, 0x20, 0x48, 0x45, 0x52, 0x4F, 0x20, 0x2D, 0x20, 0x50,
    0x6C, 0x61, 0x73, 0x6D, 0x61, 0x20, 0x2B, 0x23, 0x30, 0x44, 0x65, 0x73,
    0x74, 0x69, 0x6E, 0x79, 0x20, 0x48, 0x45, 0x52, 0x4F, 0x20, 0x2D, 0x20,
    0x44, 0x6F, 0x67, 0x6D, 0x61, 0x23, 0x30, 0x41, 0x20, 0x46, 0x75, 0x73,
    0x69, 0x6F, 0x6E, 0x20, 0x53, 0x75, 0x6D, 0x6D, 0x6F, 0x6E, 0x20, 0x6F,
    0x66, 0x20, 0x74, 0x68, 0x69, 0x73, 0x23, 0x30, 0x63, 0x61, 0x72, 0x64,
    0x20, 0x63, 0x61, 0x6E, 0x20, 0x6F, 0x6E, 0x6C, 0x79, 0x20, 0x62, 0x65,
    0x20, 0x64, 0x6F, 0x6E, 0x65, 0x20, 0x77, 0x69, 0x74, 0x68, 0x23, 0x30,
    0x74, 0x68, 0x65, 0x20, 0x61, 0x62, 0x6F, 0x76, 0x65, 0x20, 0x46, 0x75,
    0x73, 0x69, 0x6F, 0x6E, 0x20, 0x4D, 0x61, 0x74, 0x65, 0x72, 0x69, 0x61,
    0x23, 0x31, 0x00,
};

const u8 gActivationDescription_DestinyHeroBladeMaster_Popup1[] APPEND_TEXT = {
    0x23, 0x32, 0x23, 0x30, 0x77, 0x61, 0x73, 0x20, 0x61, 0x63, 0x74, 0x69,
    0x76, 0x61, 0x74, 0x65, 0x64, 0x2E, 0x23, 0x31, 0x44, 0x75, 0x72, 0x69,
    0x6E, 0x67, 0x20, 0x79, 0x6F, 0x75, 0x72, 0x20, 0x6F, 0x70, 0x70, 0x6F,
    0x6E, 0x65, 0x6E, 0x74, 0x27, 0x73, 0x23, 0x30, 0x42, 0x61, 0x74, 0x74,
    0x6C, 0x65, 0x20, 0x50, 0x68, 0x61, 0x73, 0x65, 0x3A, 0x20, 0x59, 0x6F,
    0x75, 0x20, 0x63, 0x61, 0x6E, 0x23, 0x30, 0x64, 0x69, 0x73, 0x63, 0x61,
    0x72, 0x64, 0x20, 0x74, 0x68, 0x69, 0x73, 0x20, 0x63, 0x61, 0x72, 0x64,
    0x3B, 0x20, 0x61, 0x6C, 0x6C, 0x23, 0x30, 0x66, 0x61, 0x63, 0x65, 0x2D,
    0x75, 0x70, 0x20, 0x44, 0x65, 0x73, 0x74, 0x69, 0x6E, 0x79, 0x20, 0x48,
    0x45, 0x52, 0x4F, 0x23, 0x30, 0x6D, 0x6F, 0x6E, 0x73, 0x74, 0x65, 0x72,
    0x73, 0x20, 0x79, 0x6F, 0x75, 0x20, 0x63, 0x6F, 0x6E, 0x74, 0x72, 0x6F,
    0x6C, 0x20, 0x67, 0x61, 0x69, 0x6E, 0x23, 0x30, 0x38, 0x30, 0x30, 0x20,
    0x41, 0x23, 0x31, 0x00,
};

const u8 gActivationDescription_DestinyHeroCaptainTenacious_Popup1[] APPEND_TEXT = {
    0x23, 0x32, 0x23, 0x30, 0x77, 0x61, 0x73, 0x20, 0x61, 0x63, 0x74, 0x69,
    0x76, 0x61, 0x74, 0x65, 0x64, 0x2E, 0x23, 0x31, 0x4F, 0x6E, 0x63, 0x65,
    0x20, 0x70, 0x65, 0x72, 0x20, 0x74, 0x75, 0x72, 0x6E, 0x2C, 0x20, 0x64,
    0x75, 0x72, 0x69, 0x6E, 0x67, 0x20, 0x79, 0x6F, 0x75, 0x72, 0x23, 0x30,
    0x53, 0x74, 0x61, 0x6E, 0x64, 0x62, 0x79, 0x20, 0x50, 0x68, 0x61, 0x73,
    0x65, 0x3A, 0x20, 0x59, 0x6F, 0x75, 0x20, 0x63, 0x61, 0x6E, 0x23, 0x30,
    0x74, 0x61, 0x72, 0x67, 0x65, 0x74, 0x20, 0x31, 0x20, 0x44, 0x65, 0x73,
    0x74, 0x69, 0x6E, 0x79, 0x20, 0x48, 0x45, 0x52, 0x4F, 0x23, 0x30, 0x6D,
    0x6F, 0x6E, 0x73, 0x74, 0x65, 0x72, 0x20, 0x69, 0x6E, 0x20, 0x79, 0x6F,
    0x75, 0x72, 0x20, 0x47, 0x72, 0x61, 0x76, 0x65, 0x79, 0x61, 0x72, 0x64,
    0x23, 0x30, 0x74, 0x68, 0x61, 0x74, 0x20, 0x77, 0x61, 0x73, 0x20, 0x64,
    0x65, 0x73, 0x74, 0x72, 0x6F, 0x79, 0x65, 0x64, 0x20, 0x62, 0x79, 0x23,
    0x31, 0x00,
};

const u8 gActivationDescription_DestinyHeroCelestial_Popup1[] APPEND_TEXT = {
    0x23, 0x32, 0x23, 0x30, 0x77, 0x61, 0x73, 0x20, 0x61, 0x63, 0x74, 0x69,
    0x76, 0x61, 0x74, 0x65, 0x64, 0x2E, 0x23, 0x31, 0x57, 0x68, 0x65, 0x6E,
    0x20, 0x74, 0x68, 0x69, 0x73, 0x20, 0x63, 0x61, 0x72, 0x64, 0x20, 0x64,
    0x65, 0x63, 0x6C, 0x61, 0x72, 0x65, 0x73, 0x20, 0x61, 0x6E, 0x23, 0x30,
    0x61, 0x74, 0x74, 0x61, 0x63, 0x6B, 0x3A, 0x20, 0x59, 0x6F, 0x75, 0x20,
    0x63, 0x61, 0x6E, 0x20, 0x74, 0x61, 0x72, 0x67, 0x65, 0x74, 0x20, 0x31,
    0x23, 0x30, 0x66, 0x61, 0x63, 0x65, 0x2D, 0x75, 0x70, 0x20, 0x53, 0x70,
    0x65, 0x6C, 0x6C, 0x20, 0x79, 0x6F, 0x75, 0x72, 0x20, 0x6F, 0x70, 0x70,
    0x6F, 0x6E, 0x65, 0x6E, 0x74, 0x23, 0x30, 0x63, 0x6F, 0x6E, 0x74, 0x72,
    0x6F, 0x6C, 0x73, 0x3B, 0x20, 0x64, 0x65, 0x73, 0x74, 0x72, 0x6F, 0x79,
    0x20, 0x69, 0x74, 0x2C, 0x20, 0x61, 0x6E, 0x64, 0x23, 0x30, 0x69, 0x66,
    0x20, 0x79, 0x6F, 0x75, 0x20, 0x64, 0x6F, 0x2C, 0x20, 0x69, 0x6E, 0x66,
    0x23, 0x31, 0x00,
};

const u8 gActivationDescription_DestinyHeroDangerous_Popup1[] APPEND_TEXT = {
    0x23, 0x32, 0x23, 0x30, 0x77, 0x61, 0x73, 0x20, 0x61, 0x63, 0x74, 0x69,
    0x76, 0x61, 0x74, 0x65, 0x64, 0x2E, 0x23, 0x31, 0x31, 0x20, 0x44, 0x65,
    0x73, 0x74, 0x69, 0x6E, 0x79, 0x20, 0x48, 0x45, 0x52, 0x4F, 0x20, 0x6D,
    0x6F, 0x6E, 0x73, 0x74, 0x65, 0x72, 0x20, 0x2B, 0x20, 0x31, 0x23, 0x30,
    0x44, 0x41, 0x52, 0x4B, 0x20, 0x45, 0x66, 0x66, 0x65, 0x63, 0x74, 0x20,
    0x4D, 0x6F, 0x6E, 0x73, 0x74, 0x65, 0x72, 0x23, 0x30, 0x28, 0x51, 0x75,
    0x69, 0x63, 0x6B, 0x20, 0x45, 0x66, 0x66, 0x65, 0x63, 0x74, 0x29, 0x3A,
    0x20, 0x59, 0x6F, 0x75, 0x20, 0x63, 0x61, 0x6E, 0x23, 0x30, 0x64, 0x69,
    0x73, 0x63, 0x61, 0x72, 0x64, 0x20, 0x31, 0x20, 0x63, 0x61, 0x72, 0x64,
    0x3B, 0x20, 0x73, 0x65, 0x6E, 0x64, 0x20, 0x31, 0x23, 0x30, 0x44, 0x65,
    0x73, 0x74, 0x69, 0x6E, 0x79, 0x20, 0x48, 0x45, 0x52, 0x4F, 0x20, 0x6D,
    0x6F, 0x6E, 0x73, 0x74, 0x65, 0x72, 0x20, 0x66, 0x72, 0x6F, 0x6D, 0x23,
    0x31, 0x00,
};

const u8 gActivationDescription_DestinyHeroDarkAngel_Popup1[] APPEND_TEXT = {
    0x23, 0x32, 0x23, 0x30, 0x77, 0x61, 0x73, 0x20, 0x61, 0x63, 0x74, 0x69,
    0x76, 0x61, 0x74, 0x65, 0x64, 0x2E, 0x23, 0x31, 0x49, 0x66, 0x20, 0x79,
    0x6F, 0x75, 0x20, 0x68, 0x61, 0x76, 0x65, 0x20, 0x33, 0x20, 0x6F, 0x72,
    0x20, 0x6D, 0x6F, 0x72, 0x65, 0x23, 0x30, 0x44, 0x65, 0x73, 0x74, 0x69,
    0x6E, 0x79, 0x20, 0x48, 0x45, 0x52, 0x4F, 0x20, 0x6D, 0x6F, 0x6E, 0x73,
    0x74, 0x65, 0x72, 0x73, 0x20, 0x69, 0x6E, 0x23, 0x30, 0x79, 0x6F, 0x75,
    0x72, 0x20, 0x47, 0x59, 0x3A, 0x20, 0x59, 0x6F, 0x75, 0x20, 0x63, 0x61,
    0x6E, 0x20, 0x64, 0x69, 0x73, 0x63, 0x61, 0x72, 0x64, 0x23, 0x30, 0x74,
    0x68, 0x69, 0x73, 0x20, 0x63, 0x61, 0x72, 0x64, 0x2C, 0x20, 0x74, 0x68,
    0x65, 0x6E, 0x20, 0x74, 0x61, 0x72, 0x67, 0x65, 0x74, 0x20, 0x31, 0x23,
    0x30, 0x44, 0x65, 0x73, 0x74, 0x69, 0x6E, 0x79, 0x20, 0x48, 0x45, 0x52,
    0x4F, 0x20, 0x6D, 0x6F, 0x6E, 0x73, 0x74, 0x65, 0x72, 0x20, 0x69, 0x6E,
    0x23, 0x31, 0x00,
};

const u8 gActivationDescription_DestinyHeroDasher_Popup1[] APPEND_TEXT = {
    0x23, 0x32, 0x23, 0x30, 0x77, 0x61, 0x73, 0x20, 0x61, 0x63, 0x74, 0x69,
    0x76, 0x61, 0x74, 0x65, 0x64, 0x2E, 0x23, 0x31, 0x44, 0x65, 0x73, 0x74,
    0x69, 0x6E, 0x79, 0x20, 0x48, 0x45, 0x52, 0x4F, 0x20, 0x2D, 0x20, 0x44,
    0x61, 0x73, 0x68, 0x65, 0x72, 0x23, 0x31, 0x00,
};

const u8 gActivationDescription_DestinyHeroDecider_Popup1[] APPEND_TEXT = {
    0x23, 0x32, 0x23, 0x30, 0x77, 0x61, 0x73, 0x20, 0x61, 0x63, 0x74, 0x69,
    0x76, 0x61, 0x74, 0x65, 0x64, 0x2E, 0x23, 0x31, 0x44, 0x65, 0x73, 0x74,
    0x69, 0x6E, 0x79, 0x20, 0x48, 0x45, 0x52, 0x4F, 0x20, 0x2D, 0x20, 0x44,
    0x65, 0x63, 0x69, 0x64, 0x65, 0x72, 0x23, 0x31, 0x00,
};

const u8 gActivationDescription_DestinyHeroDefender_Popup1[] APPEND_TEXT = {
    0x23, 0x32, 0x23, 0x30, 0x77, 0x61, 0x73, 0x20, 0x61, 0x63, 0x74, 0x69,
    0x76, 0x61, 0x74, 0x65, 0x64, 0x2E, 0x23, 0x31, 0x44, 0x65, 0x73, 0x74,
    0x69, 0x6E, 0x79, 0x20, 0x48, 0x45, 0x52, 0x4F, 0x20, 0x2D, 0x20, 0x44,
    0x65, 0x66, 0x65, 0x6E, 0x64, 0x65, 0x72, 0x23, 0x31, 0x00,
};

const u8 gActivationDescription_DestinyHeroDenier_Popup1[] APPEND_TEXT = {
    0x23, 0x32, 0x23, 0x30, 0x77, 0x61, 0x73, 0x20, 0x61, 0x63, 0x74, 0x69,
    0x76, 0x61, 0x74, 0x65, 0x64, 0x2E, 0x23, 0x31, 0x44, 0x65, 0x73, 0x74,
    0x69, 0x6E, 0x79, 0x20, 0x48, 0x45, 0x52, 0x4F, 0x20, 0x2D, 0x20, 0x44,
    0x65, 0x6E, 0x69, 0x65, 0x72, 0x23, 0x31, 0x00,
};

const u8 gActivationDescription_DestinyHeroDestroyerPhoenixEnforcer_Popup1[] APPEND_TEXT = {
    0x23, 0x32, 0x23, 0x30, 0x77, 0x61, 0x73, 0x20, 0x61, 0x63, 0x74, 0x69,
    0x76, 0x61, 0x74, 0x65, 0x64, 0x2E, 0x23, 0x31, 0x44, 0x65, 0x73, 0x74,
    0x69, 0x6E, 0x79, 0x20, 0x48, 0x45, 0x52, 0x4F, 0x20, 0x2D, 0x20, 0x44,
    0x65, 0x73, 0x74, 0x72, 0x6F, 0x79, 0x65, 0x72, 0x23, 0x30, 0x50, 0x68,
    0x6F, 0x65, 0x6E, 0x69, 0x78, 0x20, 0x45, 0x6E, 0x66, 0x6F, 0x72, 0x63,
    0x65, 0x72, 0x23, 0x31, 0x00,
};

const u8 gActivationDescription_DestinyHeroDiamondDude_Popup1[] APPEND_TEXT = {
    0x23, 0x32, 0x23, 0x30, 0x77, 0x61, 0x73, 0x20, 0x61, 0x63, 0x74, 0x69,
    0x76, 0x61, 0x74, 0x65, 0x64, 0x2E, 0x23, 0x31, 0x44, 0x65, 0x73, 0x74,
    0x69, 0x6E, 0x79, 0x20, 0x48, 0x45, 0x52, 0x4F, 0x20, 0x2D, 0x20, 0x44,
    0x69, 0x61, 0x6D, 0x6F, 0x6E, 0x64, 0x20, 0x44, 0x75, 0x64, 0x65, 0x23,
    0x31, 0x00,
};

const u8 gActivationDescription_DestinyHeroDiskCommander_Popup1[] APPEND_TEXT = {
    0x23, 0x32, 0x23, 0x30, 0x77, 0x61, 0x73, 0x20, 0x61, 0x63, 0x74, 0x69,
    0x76, 0x61, 0x74, 0x65, 0x64, 0x2E, 0x23, 0x31, 0x44, 0x65, 0x73, 0x74,
    0x69, 0x6E, 0x79, 0x20, 0x48, 0x45, 0x52, 0x4F, 0x20, 0x2D, 0x20, 0x44,
    0x69, 0x73, 0x6B, 0x23, 0x30, 0x43, 0x6F, 0x6D, 0x6D, 0x61, 0x6E, 0x64,
    0x65, 0x72, 0x23, 0x31, 0x00,
};

const u8 gActivationDescription_DestinyHeroDogma_Popup1[] APPEND_TEXT = {
    0x23, 0x32, 0x23, 0x30, 0x77, 0x61, 0x73, 0x20, 0x61, 0x63, 0x74, 0x69,
    0x76, 0x61, 0x74, 0x65, 0x64, 0x2E, 0x23, 0x31, 0x44, 0x65, 0x73, 0x74,
    0x69, 0x6E, 0x79, 0x20, 0x48, 0x45, 0x52, 0x4F, 0x20, 0x2D, 0x20, 0x44,
    0x6F, 0x67, 0x6D, 0x61, 0x23, 0x31, 0x00,
};

const u8 gActivationDescription_DestinyHeroDominance_Popup1[] APPEND_TEXT = {
    0x23, 0x32, 0x23, 0x30, 0x77, 0x61, 0x73, 0x20, 0x61, 0x63, 0x74, 0x69,
    0x76, 0x61, 0x74, 0x65, 0x64, 0x2E, 0x23, 0x31, 0x44, 0x65, 0x73, 0x74,
    0x69, 0x6E, 0x79, 0x20, 0x48, 0x45, 0x52, 0x4F, 0x20, 0x2D, 0x20, 0x44,
    0x6F, 0x6D, 0x69, 0x6E, 0x61, 0x6E, 0x63, 0x65, 0x23, 0x31, 0x00,
};

const u8 gActivationDescription_DestinyHeroDoomLord_Popup1[] APPEND_TEXT = {
    0x23, 0x32, 0x23, 0x30, 0x77, 0x61, 0x73, 0x20, 0x61, 0x63, 0x74, 0x69,
    0x76, 0x61, 0x74, 0x65, 0x64, 0x2E, 0x23, 0x31, 0x4F, 0x6E, 0x63, 0x65,
    0x20, 0x70, 0x65, 0x72, 0x20, 0x74, 0x75, 0x72, 0x6E, 0x3A, 0x20, 0x59,
    0x6F, 0x75, 0x20, 0x63, 0x61, 0x6E, 0x23, 0x30, 0x74, 0x61, 0x72, 0x67,
    0x65, 0x74, 0x20, 0x31, 0x20, 0x6D, 0x6F, 0x6E, 0x73, 0x74, 0x65, 0x72,
    0x20, 0x79, 0x6F, 0x75, 0x72, 0x23, 0x30, 0x6F, 0x70, 0x70, 0x6F, 0x6E,
    0x65, 0x6E, 0x74, 0x20, 0x63, 0x6F, 0x6E, 0x74, 0x72, 0x6F, 0x6C, 0x73,
    0x3B, 0x20, 0x62, 0x61, 0x6E, 0x69, 0x73, 0x68, 0x23, 0x30, 0x74, 0x68,
    0x61, 0x74, 0x20, 0x74, 0x61, 0x72, 0x67, 0x65, 0x74, 0x2E, 0x20, 0x59,
    0x6F, 0x75, 0x20, 0x63, 0x61, 0x6E, 0x6E, 0x6F, 0x74, 0x23, 0x30, 0x64,
    0x65, 0x63, 0x6C, 0x61, 0x72, 0x65, 0x20, 0x61, 0x6E, 0x20, 0x61, 0x74,
    0x74, 0x61, 0x63, 0x6B, 0x20, 0x74, 0x68, 0x65, 0x20, 0x74, 0x75, 0x72,
    0x23, 0x31, 0x00,
};

const u8 gActivationDescription_DestinyHeroDoubleDude_Popup1[] APPEND_TEXT = {
    0x23, 0x32, 0x23, 0x30, 0x77, 0x61, 0x73, 0x20, 0x61, 0x63, 0x74, 0x69,
    0x76, 0x61, 0x74, 0x65, 0x64, 0x2E, 0x23, 0x31, 0x43, 0x61, 0x6E, 0x6E,
    0x6F, 0x74, 0x20, 0x62, 0x65, 0x20, 0x53, 0x70, 0x65, 0x63, 0x69, 0x61,
    0x6C, 0x20, 0x53, 0x75, 0x6D, 0x6D, 0x6F, 0x6E, 0x65, 0x64, 0x2E, 0x23,
    0x30, 0x54, 0x68, 0x69, 0x73, 0x20, 0x63, 0x61, 0x72, 0x64, 0x20, 0x63,
    0x61, 0x6E, 0x20, 0x61, 0x74, 0x74, 0x61, 0x63, 0x6B, 0x20, 0x74, 0x77,
    0x69, 0x63, 0x65, 0x23, 0x30, 0x64, 0x75, 0x72, 0x69, 0x6E, 0x67, 0x20,
    0x65, 0x61, 0x63, 0x68, 0x20, 0x42, 0x61, 0x74, 0x74, 0x6C, 0x65, 0x20,
    0x50, 0x68, 0x61, 0x73, 0x65, 0x2E, 0x23, 0x30, 0x44, 0x75, 0x72, 0x69,
    0x6E, 0x67, 0x20, 0x79, 0x6F, 0x75, 0x72, 0x20, 0x53, 0x74, 0x61, 0x6E,
    0x64, 0x62, 0x79, 0x20, 0x50, 0x68, 0x61, 0x73, 0x65, 0x2C, 0x23, 0x30,
    0x69, 0x66, 0x20, 0x74, 0x68, 0x69, 0x73, 0x20, 0x63, 0x61, 0x72, 0x64,
    0x23, 0x31, 0x00,
};

const u8 gActivationDescription_DestinyHeroDrawhand_Popup1[] APPEND_TEXT = {
    0x23, 0x32, 0x23, 0x30, 0x77, 0x61, 0x73, 0x20, 0x61, 0x63, 0x74, 0x69,
    0x76, 0x61, 0x74, 0x65, 0x64, 0x2E, 0x23, 0x31, 0x49, 0x66, 0x20, 0x74,
    0x68, 0x69, 0x73, 0x20, 0x63, 0x61, 0x72, 0x64, 0x20, 0x69, 0x73, 0x20,
    0x53, 0x70, 0x65, 0x63, 0x69, 0x61, 0x6C, 0x23, 0x30, 0x53, 0x75, 0x6D,
    0x6D, 0x6F, 0x6E, 0x65, 0x64, 0x20, 0x62, 0x79, 0x20, 0x74, 0x68, 0x65,
    0x20, 0x65, 0x66, 0x66, 0x65, 0x63, 0x74, 0x20, 0x6F, 0x66, 0x20, 0x61,
    0x23, 0x30, 0x22, 0x48, 0x45, 0x52, 0x4F, 0x22, 0x20, 0x6D, 0x6F, 0x6E,
    0x73, 0x74, 0x65, 0x72, 0x3A, 0x20, 0x59, 0x6F, 0x75, 0x20, 0x63, 0x61,
    0x6E, 0x23, 0x30, 0x6D, 0x61, 0x6B, 0x65, 0x20, 0x65, 0x61, 0x63, 0x68,
    0x20, 0x70, 0x6C, 0x61, 0x79, 0x65, 0x72, 0x20, 0x64, 0x72, 0x61, 0x77,
    0x20, 0x31, 0x23, 0x30, 0x63, 0x61, 0x72, 0x64, 0x2E, 0x20, 0x44, 0x75,
    0x72, 0x69, 0x6E, 0x67, 0x20, 0x74, 0x68, 0x65, 0x20, 0x6E, 0x65, 0x78,
    0x23, 0x31, 0x00,
};

const u8 gActivationDescription_DestinyHeroDreadServant_Popup1[] APPEND_TEXT = {
    0x23, 0x32, 0x23, 0x30, 0x77, 0x61, 0x73, 0x20, 0x61, 0x63, 0x74, 0x69,
    0x76, 0x61, 0x74, 0x65, 0x64, 0x2E, 0x23, 0x31, 0x49, 0x66, 0x20, 0x74,
    0x68, 0x69, 0x73, 0x20, 0x63, 0x61, 0x72, 0x64, 0x20, 0x69, 0x73, 0x20,
    0x4E, 0x6F, 0x72, 0x6D, 0x61, 0x6C, 0x23, 0x30, 0x53, 0x75, 0x6D, 0x6D,
    0x6F, 0x6E, 0x65, 0x64, 0x3A, 0x20, 0x50, 0x6C, 0x61, 0x63, 0x65, 0x20,
    0x31, 0x20, 0x43, 0x6C, 0x6F, 0x63, 0x6B, 0x23, 0x30, 0x43, 0x6F, 0x75,
    0x6E, 0x74, 0x65, 0x72, 0x20, 0x6F, 0x6E, 0x20, 0x65, 0x61, 0x63, 0x68,
    0x20, 0x22, 0x43, 0x6C, 0x6F, 0x63, 0x6B, 0x23, 0x30, 0x54, 0x6F, 0x77,
    0x65, 0x72, 0x20, 0x50, 0x72, 0x69, 0x73, 0x6F, 0x6E, 0x22, 0x2E, 0x20,
    0x57, 0x68, 0x65, 0x6E, 0x20, 0x74, 0x68, 0x69, 0x73, 0x23, 0x30, 0x63,
    0x61, 0x72, 0x64, 0x20, 0x69, 0x73, 0x20, 0x64, 0x65, 0x73, 0x74, 0x72,
    0x6F, 0x79, 0x65, 0x64, 0x20, 0x62, 0x79, 0x20, 0x62, 0x61, 0x74, 0x74,
    0x23, 0x31, 0x00,
};

const u8 gActivationDescription_DestinyHeroDreadmaster_Popup1[] APPEND_TEXT = {
    0x23, 0x32, 0x23, 0x30, 0x77, 0x61, 0x73, 0x20, 0x61, 0x63, 0x74, 0x69,
    0x76, 0x61, 0x74, 0x65, 0x64, 0x2E, 0x23, 0x31, 0x49, 0x66, 0x20, 0x74,
    0x68, 0x69, 0x73, 0x20, 0x63, 0x61, 0x72, 0x64, 0x20, 0x69, 0x73, 0x20,
    0x53, 0x70, 0x65, 0x63, 0x69, 0x61, 0x6C, 0x23, 0x30, 0x53, 0x75, 0x6D,
    0x6D, 0x6F, 0x6E, 0x65, 0x64, 0x20, 0x62, 0x79, 0x20, 0x22, 0x43, 0x6C,
    0x6F, 0x63, 0x6B, 0x20, 0x54, 0x6F, 0x77, 0x65, 0x72, 0x23, 0x30, 0x50,
    0x72, 0x69, 0x73, 0x6F, 0x6E, 0x22, 0x3A, 0x20, 0x44, 0x65, 0x73, 0x74,
    0x72, 0x6F, 0x79, 0x20, 0x61, 0x6C, 0x6C, 0x23, 0x30, 0x6D, 0x6F, 0x6E,
    0x73, 0x74, 0x65, 0x72, 0x73, 0x20, 0x79, 0x6F, 0x75, 0x20, 0x63, 0x6F,
    0x6E, 0x74, 0x72, 0x6F, 0x6C, 0x2C, 0x23, 0x30, 0x65, 0x78, 0x63, 0x65,
    0x70, 0x74, 0x20, 0x22, 0x44, 0x65, 0x73, 0x74, 0x69, 0x6E, 0x79, 0x20,
    0x48, 0x45, 0x52, 0x4F, 0x22, 0x23, 0x30, 0x6D, 0x6F, 0x6E, 0x73, 0x74,
    0x65, 0x23, 0x31, 0x00,
};

const u8 gActivationDescription_DestinyHeroDoomOverlord_Popup1[] APPEND_TEXT = {
    0x23, 0x32, 0x23, 0x30, 0x77, 0x61, 0x73, 0x20, 0x61, 0x63, 0x74, 0x69,
    0x76, 0x61, 0x74, 0x65, 0x64, 0x2E, 0x23, 0x31, 0x49, 0x66, 0x20, 0x74,
    0x68, 0x69, 0x73, 0x20, 0x63, 0x61, 0x72, 0x64, 0x20, 0x69, 0x73, 0x20,
    0x4E, 0x6F, 0x72, 0x6D, 0x61, 0x6C, 0x20, 0x6F, 0x72, 0x23, 0x30, 0x53,
    0x70, 0x65, 0x63, 0x69, 0x61, 0x6C, 0x20, 0x53, 0x75, 0x6D, 0x6D, 0x6F,
    0x6E, 0x65, 0x64, 0x3A, 0x20, 0x59, 0x6F, 0x75, 0x20, 0x63, 0x61, 0x6E,
    0x23, 0x30, 0x74, 0x61, 0x72, 0x67, 0x65, 0x74, 0x20, 0x31, 0x20, 0x6D,
    0x6F, 0x6E, 0x73, 0x74, 0x65, 0x72, 0x20, 0x79, 0x6F, 0x75, 0x72, 0x23,
    0x30, 0x6F, 0x70, 0x70, 0x6F, 0x6E, 0x65, 0x6E, 0x74, 0x20, 0x63, 0x6F,
    0x6E, 0x74, 0x72, 0x6F, 0x6C, 0x73, 0x3B, 0x20, 0x62, 0x61, 0x6E, 0x69,
    0x73, 0x68, 0x23, 0x30, 0x69, 0x74, 0x20, 0x75, 0x6E, 0x74, 0x69, 0x6C,
    0x20, 0x74, 0x68, 0x65, 0x20, 0x6E, 0x65, 0x78, 0x74, 0x20, 0x53, 0x74,
    0x61, 0x6E, 0x64, 0x62, 0x79, 0x23, 0x30, 0x50, 0x68, 0x61, 0x73, 0x65,
    0x2E, 0x23, 0x31, 0x00,
};

const u8 gActivationDescription_DestinyHeroDreadnoughtMaster_Popup1[] APPEND_TEXT = {
    0x23, 0x32, 0x23, 0x30, 0x77, 0x61, 0x73, 0x20, 0x61, 0x63, 0x74, 0x69,
    0x76, 0x61, 0x74, 0x65, 0x64, 0x2E, 0x23, 0x31, 0x32, 0x20, 0x4C, 0x65,
    0x76, 0x65, 0x6C, 0x20, 0x35, 0x20, 0x6F, 0x72, 0x20, 0x68, 0x69, 0x67,
    0x68, 0x65, 0x72, 0x20, 0x44, 0x65, 0x73, 0x74, 0x69, 0x6E, 0x79, 0x23,
    0x30, 0x48, 0x45, 0x52, 0x4F, 0x20, 0x6D, 0x6F, 0x6E, 0x73, 0x74, 0x65,
    0x72, 0x73, 0x2E, 0x20, 0x49, 0x66, 0x20, 0x74, 0x68, 0x69, 0x73, 0x20,
    0x63, 0x61, 0x72, 0x64, 0x23, 0x30, 0x69, 0x73, 0x20, 0x53, 0x70, 0x65,
    0x63, 0x69, 0x61, 0x6C, 0x20, 0x53, 0x75, 0x6D, 0x6D, 0x6F, 0x6E, 0x65,
    0x64, 0x3A, 0x20, 0x61, 0x64, 0x64, 0x20, 0x32, 0x23, 0x30, 0x44, 0x65,
    0x73, 0x74, 0x69, 0x6E, 0x79, 0x20, 0x48, 0x45, 0x52, 0x4F, 0x20, 0x6D,
    0x6F, 0x6E, 0x73, 0x74, 0x65, 0x72, 0x73, 0x20, 0x66, 0x72, 0x6F, 0x6D,
    0x23, 0x30, 0x44, 0x65, 0x63, 0x6B, 0x20, 0x74, 0x6F, 0x20, 0x68, 0x61,
    0x6E, 0x64, 0x2E, 0x23, 0x31, 0x00,
};

const u8 gActivationDescription_DestinyHeroDreadnoughtServant_Popup1[] APPEND_TEXT = {
    0x23, 0x32, 0x23, 0x30, 0x77, 0x61, 0x73, 0x20, 0x61, 0x63, 0x74, 0x69,
    0x76, 0x61, 0x74, 0x65, 0x64, 0x2E, 0x23, 0x31, 0x49, 0x66, 0x20, 0x79,
    0x6F, 0x75, 0x20, 0x63, 0x6F, 0x6E, 0x74, 0x72, 0x6F, 0x6C, 0x20, 0x61,
    0x20, 0x44, 0x65, 0x73, 0x74, 0x69, 0x6E, 0x79, 0x23, 0x30, 0x48, 0x45,
    0x52, 0x4F, 0x20, 0x6D, 0x6F, 0x6E, 0x73, 0x74, 0x65, 0x72, 0x20, 0x6F,
    0x72, 0x20, 0x66, 0x61, 0x63, 0x65, 0x2D, 0x75, 0x70, 0x23, 0x30, 0x46,
    0x69, 0x65, 0x6C, 0x64, 0x20, 0x53, 0x70, 0x65, 0x6C, 0x6C, 0x3A, 0x20,
    0x53, 0x53, 0x20, 0x74, 0x68, 0x69, 0x73, 0x20, 0x66, 0x72, 0x6F, 0x6D,
    0x23, 0x30, 0x68, 0x61, 0x6E, 0x64, 0x2C, 0x20, 0x64, 0x65, 0x73, 0x74,
    0x72, 0x6F, 0x79, 0x20, 0x31, 0x20, 0x63, 0x61, 0x72, 0x64, 0x20, 0x79,
    0x6F, 0x75, 0x23, 0x30, 0x63, 0x6F, 0x6E, 0x74, 0x72, 0x6F, 0x6C, 0x2C,
    0x20, 0x61, 0x64, 0x64, 0x20, 0x50, 0x6F, 0x6C, 0x79, 0x2E, 0x23, 0x31,
    0x00,
};

const u8 gActivationDescription_DestinyHeroDreamer_Popup1[] APPEND_TEXT = {
    0x23, 0x32, 0x23, 0x30, 0x77, 0x61, 0x73, 0x20, 0x61, 0x63, 0x74, 0x69,
    0x76, 0x61, 0x74, 0x65, 0x64, 0x2E, 0x23, 0x31, 0x44, 0x75, 0x72, 0x69,
    0x6E, 0x67, 0x20, 0x64, 0x61, 0x6D, 0x61, 0x67, 0x65, 0x20, 0x63, 0x61,
    0x6C, 0x63, 0x75, 0x6C, 0x61, 0x74, 0x69, 0x6F, 0x6E, 0x2C, 0x23, 0x30,
    0x69, 0x66, 0x20, 0x79, 0x6F, 0x75, 0x72, 0x20, 0x22, 0x44, 0x65, 0x73,
    0x74, 0x69, 0x6E, 0x79, 0x20, 0x48, 0x45, 0x52, 0x4F, 0x22, 0x23, 0x30,
    0x6D, 0x6F, 0x6E, 0x73, 0x74, 0x65, 0x72, 0x20, 0x62, 0x61, 0x74, 0x74,
    0x6C, 0x65, 0x73, 0x20, 0x61, 0x6E, 0x64, 0x20, 0x74, 0x68, 0x69, 0x73,
    0x23, 0x30, 0x63, 0x61, 0x72, 0x64, 0x20, 0x69, 0x73, 0x20, 0x69, 0x6E,
    0x20, 0x79, 0x6F, 0x75, 0x72, 0x20, 0x47, 0x59, 0x3A, 0x20, 0x59, 0x6F,
    0x75, 0x20, 0x63, 0x61, 0x6E, 0x23, 0x30, 0x53, 0x70, 0x65, 0x63, 0x69,
    0x61, 0x6C, 0x20, 0x53, 0x75, 0x6D, 0x6D, 0x6F, 0x6E, 0x20, 0x74, 0x68,
    0x23, 0x31, 0x00,
};

const u8 gActivationDescription_DestinyHeroDrilldark_Popup1[] APPEND_TEXT = {
    0x23, 0x32, 0x23, 0x30, 0x77, 0x61, 0x73, 0x20, 0x61, 0x63, 0x74, 0x69,
    0x76, 0x61, 0x74, 0x65, 0x64, 0x2E, 0x23, 0x31, 0x49, 0x66, 0x20, 0x74,
    0x68, 0x69, 0x73, 0x20, 0x63, 0x61, 0x72, 0x64, 0x20, 0x69, 0x73, 0x20,
    0x4E, 0x6F, 0x72, 0x6D, 0x61, 0x6C, 0x20, 0x6F, 0x72, 0x23, 0x30, 0x53,
    0x70, 0x65, 0x63, 0x69, 0x61, 0x6C, 0x20, 0x53, 0x75, 0x6D, 0x6D, 0x6F,
    0x6E, 0x65, 0x64, 0x3A, 0x20, 0x59, 0x6F, 0x75, 0x20, 0x63, 0x61, 0x6E,
    0x23, 0x30, 0x53, 0x70, 0x65, 0x63, 0x69, 0x61, 0x6C, 0x20, 0x53, 0x75,
    0x6D, 0x6D, 0x6F, 0x6E, 0x20, 0x31, 0x20, 0x22, 0x44, 0x65, 0x73, 0x74,
    0x69, 0x6E, 0x79, 0x23, 0x30, 0x48, 0x45, 0x52, 0x4F, 0x22, 0x20, 0x6D,
    0x6F, 0x6E, 0x73, 0x74, 0x65, 0x72, 0x20, 0x66, 0x72, 0x6F, 0x6D, 0x20,
    0x79, 0x6F, 0x75, 0x72, 0x23, 0x30, 0x68, 0x61, 0x6E, 0x64, 0x20, 0x77,
    0x69, 0x74, 0x68, 0x20, 0x41, 0x54, 0x4B, 0x20, 0x6C, 0x65, 0x73, 0x73,
    0x23, 0x31, 0x00,
};

const u8 gActivationDescription_DestinyHeroDunker_Popup1[] APPEND_TEXT = {
    0x23, 0x32, 0x23, 0x30, 0x77, 0x61, 0x73, 0x20, 0x61, 0x63, 0x74, 0x69,
    0x76, 0x61, 0x74, 0x65, 0x64, 0x2E, 0x23, 0x31, 0x59, 0x6F, 0x75, 0x20,
    0x63, 0x61, 0x6E, 0x20, 0x73, 0x65, 0x6E, 0x64, 0x20, 0x31, 0x20, 0x22,
    0x44, 0x65, 0x73, 0x74, 0x69, 0x6E, 0x79, 0x23, 0x30, 0x48, 0x45, 0x52,
    0x4F, 0x22, 0x20, 0x63, 0x61, 0x72, 0x64, 0x20, 0x66, 0x72, 0x6F, 0x6D,
    0x20, 0x79, 0x6F, 0x75, 0x72, 0x20, 0x68, 0x61, 0x6E, 0x64, 0x23, 0x30,
    0x74, 0x6F, 0x20, 0x74, 0x68, 0x65, 0x20, 0x47, 0x72, 0x61, 0x76, 0x65,
    0x79, 0x61, 0x72, 0x64, 0x3B, 0x20, 0x69, 0x6E, 0x66, 0x6C, 0x69, 0x63,
    0x74, 0x23, 0x30, 0x35, 0x30, 0x30, 0x20, 0x64, 0x61, 0x6D, 0x61, 0x67,
    0x65, 0x20, 0x74, 0x6F, 0x20, 0x79, 0x6F, 0x75, 0x72, 0x23, 0x30, 0x6F,
    0x70, 0x70, 0x6F, 0x6E, 0x65, 0x6E, 0x74, 0x2E, 0x23, 0x31, 0x00,
};

const u8 gActivationDescription_DestinyHeroDynatag_Popup1[] APPEND_TEXT = {
    0x23, 0x32, 0x23, 0x30, 0x77, 0x61, 0x73, 0x20, 0x61, 0x63, 0x74, 0x69,
    0x76, 0x61, 0x74, 0x65, 0x64, 0x2E, 0x23, 0x31, 0x44, 0x75, 0x72, 0x69,
    0x6E, 0x67, 0x20, 0x64, 0x61, 0x6D, 0x61, 0x67, 0x65, 0x20, 0x63, 0x61,
    0x6C, 0x63, 0x75, 0x6C, 0x61, 0x74, 0x69, 0x6F, 0x6E, 0x2C, 0x23, 0x30,
    0x77, 0x68, 0x65, 0x6E, 0x20, 0x79, 0x6F, 0x75, 0x20, 0x77, 0x6F, 0x75,
    0x6C, 0x64, 0x20, 0x74, 0x61, 0x6B, 0x65, 0x20, 0x62, 0x61, 0x74, 0x74,
    0x6C, 0x65, 0x23, 0x30, 0x64, 0x61, 0x6D, 0x61, 0x67, 0x65, 0x20, 0x28,
    0x51, 0x75, 0x69, 0x63, 0x6B, 0x20, 0x45, 0x66, 0x66, 0x65, 0x63, 0x74,
    0x29, 0x3A, 0x20, 0x59, 0x6F, 0x75, 0x23, 0x30, 0x63, 0x61, 0x6E, 0x20,
    0x64, 0x69, 0x73, 0x63, 0x61, 0x72, 0x64, 0x20, 0x74, 0x68, 0x69, 0x73,
    0x20, 0x63, 0x61, 0x72, 0x64, 0x3B, 0x20, 0x6D, 0x61, 0x6B, 0x65, 0x23,
    0x30, 0x79, 0x6F, 0x75, 0x72, 0x73, 0x65, 0x6C, 0x66, 0x20, 0x74, 0x61,
    0x23, 0x31, 0x00,
};

const u8 gActivationDescription_DestinyHeroFearMonger_Popup1[] APPEND_TEXT = {
    0x23, 0x32, 0x23, 0x30, 0x77, 0x61, 0x73, 0x20, 0x61, 0x63, 0x74, 0x69,
    0x76, 0x61, 0x74, 0x65, 0x64, 0x2E, 0x23, 0x31, 0x44, 0x75, 0x72, 0x69,
    0x6E, 0x67, 0x20, 0x79, 0x6F, 0x75, 0x72, 0x20, 0x53, 0x74, 0x61, 0x6E,
    0x64, 0x62, 0x79, 0x20, 0x50, 0x68, 0x61, 0x73, 0x65, 0x2C, 0x23, 0x30,
    0x69, 0x66, 0x20, 0x74, 0x68, 0x69, 0x73, 0x20, 0x63, 0x61, 0x72, 0x64,
    0x20, 0x69, 0x73, 0x20, 0x69, 0x6E, 0x20, 0x79, 0x6F, 0x75, 0x72, 0x23,
    0x30, 0x47, 0x72, 0x61, 0x76, 0x65, 0x79, 0x61, 0x72, 0x64, 0x20, 0x62,
    0x65, 0x63, 0x61, 0x75, 0x73, 0x65, 0x20, 0x69, 0x74, 0x20, 0x77, 0x61,
    0x73, 0x23, 0x30, 0x64, 0x65, 0x73, 0x74, 0x72, 0x6F, 0x79, 0x65, 0x64,
    0x20, 0x62, 0x79, 0x20, 0x62, 0x61, 0x74, 0x74, 0x6C, 0x65, 0x20, 0x61,
    0x6E, 0x64, 0x23, 0x30, 0x73, 0x65, 0x6E, 0x74, 0x20, 0x74, 0x68, 0x65,
    0x72, 0x65, 0x20, 0x73, 0x69, 0x6E, 0x63, 0x65, 0x20, 0x79, 0x6F, 0x75,
    0x23, 0x31, 0x00,
};

const u8 gActivationDescription_DestinyHeroMalicious_Popup1[] APPEND_TEXT = {
    0x23, 0x32, 0x23, 0x30, 0x77, 0x61, 0x73, 0x20, 0x61, 0x63, 0x74, 0x69,
    0x76, 0x61, 0x74, 0x65, 0x64, 0x2E, 0x23, 0x31, 0x59, 0x6F, 0x75, 0x20,
    0x63, 0x61, 0x6E, 0x20, 0x62, 0x61, 0x6E, 0x69, 0x73, 0x68, 0x20, 0x74,
    0x68, 0x69, 0x73, 0x20, 0x63, 0x61, 0x72, 0x64, 0x23, 0x30, 0x66, 0x72,
    0x6F, 0x6D, 0x20, 0x79, 0x6F, 0x75, 0x72, 0x20, 0x47, 0x59, 0x3B, 0x20,
    0x53, 0x70, 0x65, 0x63, 0x69, 0x61, 0x6C, 0x23, 0x30, 0x53, 0x75, 0x6D,
    0x6D, 0x6F, 0x6E, 0x20, 0x31, 0x20, 0x22, 0x44, 0x65, 0x73, 0x74, 0x69,
    0x6E, 0x79, 0x20, 0x48, 0x45, 0x52, 0x4F, 0x20, 0x2D, 0x23, 0x30, 0x4D,
    0x61, 0x6C, 0x69, 0x63, 0x69, 0x6F, 0x75, 0x73, 0x22, 0x20, 0x66, 0x72,
    0x6F, 0x6D, 0x20, 0x79, 0x6F, 0x75, 0x72, 0x20, 0x44, 0x65, 0x63, 0x6B,
    0x2E, 0x23, 0x31, 0x00,
};

const u8 gActivationDescription_DestinyHeroPlasma_Popup1[] APPEND_TEXT = {
    0x23, 0x32, 0x23, 0x30, 0x77, 0x61, 0x73, 0x20, 0x61, 0x63, 0x74, 0x69,
    0x76, 0x61, 0x74, 0x65, 0x64, 0x2E, 0x23, 0x31, 0x43, 0x61, 0x6E, 0x6E,
    0x6F, 0x74, 0x20, 0x62, 0x65, 0x20, 0x4E, 0x6F, 0x72, 0x6D, 0x61, 0x6C,
    0x23, 0x30, 0x53, 0x75, 0x6D, 0x6D, 0x6F, 0x6E, 0x65, 0x64, 0x2F, 0x53,
    0x65, 0x74, 0x2E, 0x20, 0x4D, 0x75, 0x73, 0x74, 0x20, 0x62, 0x65, 0x23,
    0x30, 0x53, 0x70, 0x65, 0x63, 0x69, 0x61, 0x6C, 0x20, 0x53, 0x75, 0x6D,
    0x6D, 0x6F, 0x6E, 0x65, 0x64, 0x20, 0x28, 0x66, 0x72, 0x6F, 0x6D, 0x20,
    0x79, 0x6F, 0x75, 0x72, 0x23, 0x30, 0x68, 0x61, 0x6E, 0x64, 0x29, 0x20,
    0x62, 0x79, 0x20, 0x54, 0x72, 0x69, 0x62, 0x75, 0x74, 0x69, 0x6E, 0x67,
    0x20, 0x33, 0x23, 0x30, 0x6D, 0x6F, 0x6E, 0x73, 0x74, 0x65, 0x72, 0x73,
    0x2E, 0x20, 0x4E, 0x65, 0x67, 0x61, 0x74, 0x65, 0x20, 0x74, 0x68, 0x65,
    0x23, 0x30, 0x65, 0x66, 0x66, 0x65, 0x63, 0x74, 0x73, 0x20, 0x6F, 0x66,
    0x23, 0x31, 0x00,
};

const u8 gActivationDescription_DifferentDimensionCapsule_Popup1[] APPEND_TEXT = {
    0x23, 0x32, 0x23, 0x30, 0x77, 0x61, 0x73, 0x20, 0x61, 0x63, 0x74, 0x69,
    0x76, 0x61, 0x74, 0x65, 0x64, 0x2E, 0x23, 0x31, 0x53, 0x65, 0x6C, 0x65,
    0x63, 0x74, 0x20, 0x31, 0x20, 0x63, 0x61, 0x72, 0x64, 0x20, 0x66, 0x72,
    0x6F, 0x6D, 0x20, 0x79, 0x6F, 0x75, 0x72, 0x23, 0x30, 0x44, 0x65, 0x63,
    0x6B, 0x20, 0x61, 0x6E, 0x64, 0x20, 0x72, 0x65, 0x6D, 0x6F, 0x76, 0x65,
    0x20, 0x69, 0x74, 0x20, 0x66, 0x72, 0x6F, 0x6D, 0x23, 0x30, 0x70, 0x6C,
    0x61, 0x79, 0x20, 0x66, 0x61, 0x63, 0x65, 0x2D, 0x64, 0x6F, 0x77, 0x6E,
    0x2E, 0x20, 0x44, 0x75, 0x72, 0x69, 0x6E, 0x67, 0x20, 0x79, 0x6F, 0x75,
    0x72, 0x23, 0x30, 0x32, 0x6E, 0x64, 0x20, 0x53, 0x74, 0x61, 0x6E, 0x64,
    0x62, 0x79, 0x20, 0x50, 0x68, 0x61, 0x73, 0x65, 0x20, 0x61, 0x66, 0x74,
    0x65, 0x72, 0x23, 0x30, 0x61, 0x63, 0x74, 0x69, 0x76, 0x61, 0x74, 0x69,
    0x6F, 0x6E, 0x2C, 0x20, 0x64, 0x65, 0x73, 0x74, 0x72, 0x6F, 0x79, 0x23,
    0x31, 0x00,
};

const u8 gActivationDescription_DimensionFusion_Popup1[] APPEND_TEXT = {
    0x23, 0x32, 0x23, 0x30, 0x77, 0x61, 0x73, 0x20, 0x61, 0x63, 0x74, 0x69,
    0x76, 0x61, 0x74, 0x65, 0x64, 0x2E, 0x23, 0x31, 0x50, 0x61, 0x79, 0x20,
    0x32, 0x30, 0x30, 0x30, 0x20, 0x4C, 0x50, 0x2E, 0x20, 0x42, 0x6F, 0x74,
    0x68, 0x20, 0x70, 0x6C, 0x61, 0x79, 0x65, 0x72, 0x73, 0x23, 0x30, 0x53,
    0x70, 0x65, 0x63, 0x69, 0x61, 0x6C, 0x20, 0x53, 0x75, 0x6D, 0x6D, 0x6F,
    0x6E, 0x20, 0x61, 0x73, 0x20, 0x6D, 0x61, 0x6E, 0x79, 0x23, 0x30, 0x62,
    0x61, 0x6E, 0x69, 0x73, 0x68, 0x65, 0x64, 0x20, 0x6D, 0x6F, 0x6E, 0x73,
    0x74, 0x65, 0x72, 0x73, 0x20, 0x61, 0x73, 0x23, 0x30, 0x70, 0x6F, 0x73,
    0x73, 0x69, 0x62, 0x6C, 0x65, 0x2E, 0x23, 0x31, 0x00,
};

const u8 gActivationDescription_DivineSerpentGeh_Popup1[] APPEND_TEXT = {
    0x23, 0x32, 0x23, 0x30, 0x77, 0x61, 0x73, 0x20, 0x61, 0x63, 0x74, 0x69,
    0x76, 0x61, 0x74, 0x65, 0x64, 0x2E, 0x23, 0x31, 0x43, 0x61, 0x6E, 0x6E,
    0x6F, 0x74, 0x20, 0x62, 0x65, 0x20, 0x4E, 0x6F, 0x72, 0x6D, 0x61, 0x6C,
    0x20, 0x53, 0x75, 0x6D, 0x6D, 0x6F, 0x6E, 0x65, 0x64, 0x2E, 0x23, 0x30,
    0x57, 0x68, 0x65, 0x6E, 0x20, 0x61, 0x20, 0x6D, 0x6F, 0x6E, 0x73, 0x74,
    0x65, 0x72, 0x20, 0x79, 0x6F, 0x75, 0x20, 0x63, 0x6F, 0x6E, 0x74, 0x72,
    0x6F, 0x6C, 0x23, 0x30, 0x69, 0x73, 0x20, 0x64, 0x65, 0x73, 0x74, 0x72,
    0x6F, 0x79, 0x65, 0x64, 0x3A, 0x20, 0x50, 0x61, 0x79, 0x20, 0x68, 0x61,
    0x6C, 0x66, 0x20, 0x4C, 0x50, 0x3B, 0x23, 0x30, 0x53, 0x70, 0x65, 0x63,
    0x69, 0x61, 0x6C, 0x20, 0x53, 0x75, 0x6D, 0x6D, 0x6F, 0x6E, 0x20, 0x74,
    0x68, 0x69, 0x73, 0x20, 0x63, 0x61, 0x72, 0x64, 0x2E, 0x23, 0x31, 0x00,
};

const u8 gActivationDescription_DonZaloog_Popup1[] APPEND_TEXT = {
    0x23, 0x32, 0x23, 0x30, 0x77, 0x61, 0x73, 0x20, 0x61, 0x63, 0x74, 0x69,
    0x76, 0x61, 0x74, 0x65, 0x64, 0x2E, 0x23, 0x31, 0x42, 0x61, 0x74, 0x74,
    0x6C, 0x65, 0x20, 0x64, 0x61, 0x6D, 0x61, 0x67, 0x65, 0x20, 0x74, 0x6F,
    0x20, 0x6F, 0x70, 0x70, 0x6F, 0x6E, 0x65, 0x6E, 0x74, 0x3A, 0x23, 0x30,
    0x64, 0x69, 0x73, 0x63, 0x61, 0x72, 0x64, 0x20, 0x31, 0x20, 0x72, 0x61,
    0x6E, 0x64, 0x6F, 0x6D, 0x20, 0x63, 0x61, 0x72, 0x64, 0x20, 0x6F, 0x72,
    0x23, 0x30, 0x73, 0x65, 0x6E, 0x64, 0x20, 0x74, 0x6F, 0x70, 0x20, 0x32,
    0x20, 0x44, 0x65, 0x63, 0x6B, 0x20, 0x63, 0x61, 0x72, 0x64, 0x73, 0x20,
    0x74, 0x6F, 0x23, 0x30, 0x47, 0x59, 0x2E, 0x23, 0x31, 0x00,
};

const u8 gActivationDescription_DoubleSpell_Popup1[] APPEND_TEXT = {
    0x23, 0x32, 0x23, 0x30, 0x77, 0x61, 0x73, 0x20, 0x61, 0x63, 0x74, 0x69,
    0x76, 0x61, 0x74, 0x65, 0x64, 0x2E, 0x23, 0x31, 0x44, 0x69, 0x73, 0x63,
    0x61, 0x72, 0x64, 0x20, 0x31, 0x20, 0x53, 0x70, 0x65, 0x6C, 0x6C, 0x2C,
    0x20, 0x74, 0x68, 0x65, 0x6E, 0x23, 0x30, 0x74, 0x61, 0x72, 0x67, 0x65,
    0x74, 0x20, 0x31, 0x20, 0x53, 0x70, 0x65, 0x6C, 0x6C, 0x20, 0x69, 0x6E,
    0x20, 0x6F, 0x70, 0x70, 0x6F, 0x6E, 0x65, 0x6E, 0x74, 0x23, 0x30, 0x47,
    0x59, 0x20, 0x61, 0x6E, 0x64, 0x20, 0x75, 0x73, 0x65, 0x20, 0x69, 0x74,
    0x73, 0x20, 0x65, 0x66, 0x66, 0x65, 0x63, 0x74, 0x2E, 0x23, 0x31, 0x00,
};

const u8 gActivationDescription_DragonSRage_Popup1[] APPEND_TEXT = {
    0x23, 0x32, 0x23, 0x30, 0x77, 0x61, 0x73, 0x20, 0x61, 0x63, 0x74, 0x69,
    0x76, 0x61, 0x74, 0x65, 0x64, 0x2E, 0x23, 0x31, 0x59, 0x6F, 0x75, 0x72,
    0x20, 0x44, 0x72, 0x61, 0x67, 0x6F, 0x6E, 0x20, 0x6D, 0x6F, 0x6E, 0x73,
    0x74, 0x65, 0x72, 0x73, 0x23, 0x30, 0x69, 0x6E, 0x66, 0x6C, 0x69, 0x63,
    0x74, 0x20, 0x70, 0x69, 0x65, 0x72, 0x63, 0x69, 0x6E, 0x67, 0x20, 0x62,
    0x61, 0x74, 0x74, 0x6C, 0x65, 0x23, 0x30, 0x64, 0x61, 0x6D, 0x61, 0x67,
    0x65, 0x2E, 0x23, 0x31, 0x00,
};

const u8 gActivationDescription_DestinyHeroDestroyDogma_Popup1[] APPEND_TEXT = {
    0x23, 0x32, 0x23, 0x30, 0x77, 0x61, 0x73, 0x20, 0x61, 0x63, 0x74, 0x69,
    0x76, 0x61, 0x74, 0x65, 0x64, 0x2E, 0x23, 0x31, 0x43, 0x61, 0x6E, 0x6E,
    0x6F, 0x74, 0x20, 0x62, 0x65, 0x20, 0x4E, 0x6F, 0x72, 0x6D, 0x61, 0x6C,
    0x23, 0x30, 0x53, 0x75, 0x6D, 0x6D, 0x6F, 0x6E, 0x65, 0x64, 0x2F, 0x53,
    0x65, 0x74, 0x2E, 0x20, 0x4D, 0x75, 0x73, 0x74, 0x20, 0x62, 0x65, 0x23,
    0x30, 0x53, 0x70, 0x65, 0x63, 0x69, 0x61, 0x6C, 0x20, 0x53, 0x75, 0x6D,
    0x6D, 0x6F, 0x6E, 0x65, 0x64, 0x20, 0x62, 0x79, 0x23, 0x30, 0x62, 0x61,
    0x6E, 0x69, 0x73, 0x68, 0x69, 0x6E, 0x67, 0x20, 0x33, 0x20, 0x57, 0x61,
    0x72, 0x72, 0x69, 0x6F, 0x72, 0x2F, 0x44, 0x41, 0x52, 0x4B, 0x23, 0x30,
    0x66, 0x72, 0x6F, 0x6D, 0x20, 0x47, 0x59, 0x2E, 0x23, 0x31, 0x00,
};

const u8 gActivationDescription_DoctorD_Popup1[] APPEND_TEXT = {
    0x23, 0x32, 0x23, 0x30, 0x77, 0x61, 0x73, 0x20, 0x61, 0x63, 0x74, 0x69,
    0x76, 0x61, 0x74, 0x65, 0x64, 0x2E, 0x23, 0x31, 0x42, 0x61, 0x6E, 0x69,
    0x73, 0x68, 0x20, 0x31, 0x20, 0x44, 0x65, 0x73, 0x74, 0x69, 0x6E, 0x79,
    0x20, 0x48, 0x45, 0x52, 0x4F, 0x20, 0x66, 0x72, 0x6F, 0x6D, 0x23, 0x30,
    0x47, 0x59, 0x3B, 0x20, 0x61, 0x64, 0x64, 0x20, 0x74, 0x6F, 0x20, 0x68,
    0x61, 0x6E, 0x64, 0x20, 0x6F, 0x72, 0x20, 0x53, 0x70, 0x65, 0x63, 0x69,
    0x61, 0x6C, 0x23, 0x30, 0x53, 0x75, 0x6D, 0x6D, 0x6F, 0x6E, 0x20, 0x31,
    0x20, 0x44, 0x65, 0x73, 0x74, 0x69, 0x6E, 0x79, 0x20, 0x48, 0x45, 0x52,
    0x4F, 0x20, 0x66, 0x72, 0x6F, 0x6D, 0x23, 0x30, 0x47, 0x59, 0x2E, 0x23,
    0x31, 0x00,
};

const u8 gActivationDescription_Doppelganger_Popup1[] APPEND_TEXT = {
    0x23, 0x32, 0x23, 0x30, 0x77, 0x61, 0x73, 0x20, 0x61, 0x63, 0x74, 0x69,
    0x76, 0x61, 0x74, 0x65, 0x64, 0x2E, 0x23, 0x31, 0x57, 0x68, 0x65, 0x6E,
    0x20, 0x79, 0x6F, 0x75, 0x20, 0x74, 0x61, 0x6B, 0x65, 0x20, 0x64, 0x61,
    0x6D, 0x61, 0x67, 0x65, 0x20, 0x66, 0x72, 0x6F, 0x6D, 0x23, 0x30, 0x6F,
    0x70, 0x70, 0x6F, 0x6E, 0x65, 0x6E, 0x74, 0x20, 0x6D, 0x6F, 0x6E, 0x73,
    0x74, 0x65, 0x72, 0x20, 0x65, 0x66, 0x66, 0x65, 0x63, 0x74, 0x2C, 0x23,
    0x30, 0x69, 0x6E, 0x66, 0x6C, 0x69, 0x63, 0x74, 0x20, 0x73, 0x61, 0x6D,
    0x65, 0x20, 0x74, 0x6F, 0x20, 0x6F, 0x70, 0x70, 0x6F, 0x6E, 0x65, 0x6E,
    0x74, 0x2E, 0x23, 0x31, 0x00,
};

const u8 gActivationDescription_EmergencyProvisions_Popup1[] APPEND_TEXT = {
    0x23, 0x32, 0x23, 0x30, 0x77, 0x61, 0x73, 0x20, 0x61, 0x63, 0x74, 0x69,
    0x76, 0x61, 0x74, 0x65, 0x64, 0x2E, 0x23, 0x31, 0x53, 0x65, 0x6E, 0x64,
    0x20, 0x61, 0x6E, 0x79, 0x20, 0x6E, 0x75, 0x6D, 0x62, 0x65, 0x72, 0x20,
    0x6F, 0x66, 0x20, 0x6F, 0x74, 0x68, 0x65, 0x72, 0x23, 0x30, 0x53, 0x70,
    0x65, 0x6C, 0x6C, 0x2F, 0x54, 0x72, 0x61, 0x70, 0x20, 0x43, 0x61, 0x72,
    0x64, 0x73, 0x20, 0x79, 0x6F, 0x75, 0x23, 0x30, 0x63, 0x6F, 0x6E, 0x74,
    0x72, 0x6F, 0x6C, 0x20, 0x74, 0x6F, 0x20, 0x74, 0x68, 0x65, 0x20, 0x47,
    0x72, 0x61, 0x76, 0x65, 0x79, 0x61, 0x72, 0x64, 0x3B, 0x23, 0x30, 0x67,
    0x61, 0x69, 0x6E, 0x20, 0x31, 0x30, 0x30, 0x30, 0x20, 0x4C, 0x50, 0x20,
    0x66, 0x6F, 0x72, 0x20, 0x65, 0x61, 0x63, 0x68, 0x20, 0x63, 0x61, 0x72,
    0x64, 0x23, 0x30, 0x73, 0x65, 0x6E, 0x74, 0x20, 0x74, 0x6F, 0x20, 0x74,
    0x68, 0x65, 0x20, 0x47, 0x72, 0x61, 0x76, 0x65, 0x79, 0x61, 0x72, 0x64,
    0x23, 0x31, 0x00,
};

const u8 gActivationDescription_ExodiusTheUltimateForbiddenLord_Popup1[] APPEND_TEXT = {
    0x23, 0x32, 0x23, 0x30, 0x77, 0x61, 0x73, 0x20, 0x61, 0x63, 0x74, 0x69,
    0x76, 0x61, 0x74, 0x65, 0x64, 0x2E, 0x23, 0x31, 0x43, 0x61, 0x6E, 0x6E,
    0x6F, 0x74, 0x20, 0x62, 0x65, 0x20, 0x4E, 0x6F, 0x72, 0x6D, 0x61, 0x6C,
    0x23, 0x30, 0x53, 0x75, 0x6D, 0x6D, 0x6F, 0x6E, 0x65, 0x64, 0x2F, 0x53,
    0x65, 0x74, 0x2E, 0x20, 0x4D, 0x75, 0x73, 0x74, 0x20, 0x62, 0x65, 0x23,
    0x30, 0x53, 0x70, 0x65, 0x63, 0x69, 0x61, 0x6C, 0x20, 0x53, 0x75, 0x6D,
    0x6D, 0x6F, 0x6E, 0x65, 0x64, 0x20, 0x28, 0x66, 0x72, 0x6F, 0x6D, 0x20,
    0x79, 0x6F, 0x75, 0x72, 0x23, 0x30, 0x68, 0x61, 0x6E, 0x64, 0x29, 0x20,
    0x62, 0x79, 0x20, 0x73, 0x68, 0x75, 0x66, 0x66, 0x6C, 0x69, 0x6E, 0x67,
    0x20, 0x61, 0x6C, 0x6C, 0x23, 0x30, 0x6D, 0x6F, 0x6E, 0x73, 0x74, 0x65,
    0x72, 0x73, 0x20, 0x69, 0x6E, 0x20, 0x79, 0x6F, 0x75, 0x72, 0x20, 0x47,
    0x72, 0x61, 0x76, 0x65, 0x79, 0x61, 0x72, 0x64, 0x23, 0x30, 0x69, 0x6E,
    0x74, 0x23, 0x31, 0x00,
};

const u8 gActivationDescription_FatalAbacus_Popup1[] APPEND_TEXT = {
    0x23, 0x32, 0x23, 0x30, 0x77, 0x61, 0x73, 0x20, 0x61, 0x63, 0x74, 0x69,
    0x76, 0x61, 0x74, 0x65, 0x64, 0x2E, 0x23, 0x31, 0x45, 0x61, 0x63, 0x68,
    0x20, 0x74, 0x69, 0x6D, 0x65, 0x20, 0x31, 0x20, 0x6D, 0x6F, 0x6E, 0x73,
    0x74, 0x65, 0x72, 0x20, 0x69, 0x73, 0x20, 0x73, 0x65, 0x6E, 0x74, 0x23,
    0x30, 0x66, 0x72, 0x6F, 0x6D, 0x20, 0x74, 0x68, 0x65, 0x20, 0x66, 0x69,
    0x65, 0x6C, 0x64, 0x20, 0x74, 0x6F, 0x20, 0x74, 0x68, 0x65, 0x23, 0x30,
    0x47, 0x72, 0x61, 0x76, 0x65, 0x79, 0x61, 0x72, 0x64, 0x2C, 0x20, 0x69,
    0x6E, 0x66, 0x6C, 0x69, 0x63, 0x74, 0x20, 0x35, 0x30, 0x30, 0x23, 0x30,
    0x70, 0x6F, 0x69, 0x6E, 0x74, 0x73, 0x20, 0x6F, 0x66, 0x20, 0x64, 0x61,
    0x6D, 0x61, 0x67, 0x65, 0x20, 0x70, 0x65, 0x72, 0x20, 0x63, 0x61, 0x72,
    0x64, 0x23, 0x30, 0x74, 0x6F, 0x20, 0x74, 0x68, 0x65, 0x20, 0x72, 0x65,
    0x73, 0x70, 0x65, 0x63, 0x74, 0x69, 0x76, 0x65, 0x20, 0x63, 0x61, 0x72,
    0x23, 0x31, 0x00,
};

const u8 gActivationDescription_FelgrandDragon_Popup1[] APPEND_TEXT = {
    0x23, 0x32, 0x23, 0x30, 0x77, 0x61, 0x73, 0x20, 0x61, 0x63, 0x74, 0x69,
    0x76, 0x61, 0x74, 0x65, 0x64, 0x2E, 0x23, 0x31, 0x43, 0x61, 0x6E, 0x6E,
    0x6F, 0x74, 0x20, 0x62, 0x65, 0x20, 0x53, 0x70, 0x65, 0x63, 0x69, 0x61,
    0x6C, 0x20, 0x53, 0x75, 0x6D, 0x6D, 0x6F, 0x6E, 0x65, 0x64, 0x23, 0x30,
    0x65, 0x78, 0x63, 0x65, 0x70, 0x74, 0x20, 0x66, 0x72, 0x6F, 0x6D, 0x20,
    0x74, 0x68, 0x65, 0x20, 0x47, 0x72, 0x61, 0x76, 0x65, 0x79, 0x61, 0x72,
    0x64, 0x2C, 0x23, 0x30, 0x61, 0x6E, 0x64, 0x20, 0x6F, 0x6E, 0x6C, 0x79,
    0x20, 0x69, 0x66, 0x20, 0x69, 0x74, 0x20, 0x77, 0x61, 0x73, 0x20, 0x73,
    0x65, 0x6E, 0x74, 0x23, 0x30, 0x74, 0x68, 0x65, 0x72, 0x65, 0x20, 0x66,
    0x72, 0x6F, 0x6D, 0x20, 0x74, 0x68, 0x65, 0x20, 0x66, 0x69, 0x65, 0x6C,
    0x64, 0x2E, 0x20, 0x49, 0x66, 0x23, 0x30, 0x74, 0x68, 0x69, 0x73, 0x20,
    0x63, 0x61, 0x72, 0x64, 0x20, 0x69, 0x73, 0x20, 0x53, 0x70, 0x65, 0x63,
    0x23, 0x31, 0x00,
};

const u8 gActivationDescription_FiresOfDoomsday_Popup1[] APPEND_TEXT = {
    0x23, 0x32, 0x23, 0x30, 0x77, 0x61, 0x73, 0x20, 0x61, 0x63, 0x74, 0x69,
    0x76, 0x61, 0x74, 0x65, 0x64, 0x2E, 0x23, 0x31, 0x53, 0x70, 0x65, 0x63,
    0x69, 0x61, 0x6C, 0x20, 0x53, 0x75, 0x6D, 0x6D, 0x6F, 0x6E, 0x20, 0x32,
    0x20, 0x22, 0x44, 0x6F, 0x6F, 0x6D, 0x73, 0x64, 0x61, 0x79, 0x23, 0x30,
    0x54, 0x6F, 0x6B, 0x65, 0x6E, 0x73, 0x22, 0x20, 0x28, 0x46, 0x69, 0x65,
    0x6E, 0x64, 0x2F, 0x44, 0x41, 0x52, 0x4B, 0x2F, 0x4C, 0x65, 0x76, 0x65,
    0x6C, 0x23, 0x30, 0x31, 0x2F, 0x41, 0x54, 0x4B, 0x20, 0x30, 0x2F, 0x44,
    0x45, 0x46, 0x20, 0x30, 0x29, 0x20, 0x69, 0x6E, 0x20, 0x44, 0x65, 0x66,
    0x65, 0x6E, 0x73, 0x65, 0x23, 0x30, 0x50, 0x6F, 0x73, 0x69, 0x74, 0x69,
    0x6F, 0x6E, 0x2E, 0x20, 0x54, 0x68, 0x65, 0x79, 0x20, 0x63, 0x61, 0x6E,
    0x6E, 0x6F, 0x74, 0x20, 0x62, 0x65, 0x23, 0x30, 0x54, 0x72, 0x69, 0x62,
    0x75, 0x74, 0x65, 0x64, 0x20, 0x66, 0x6F, 0x72, 0x20, 0x61, 0x20, 0x54,
    0x23, 0x31, 0x00,
};

const u8 gActivationDescription_ForcedRequisition_Popup1[] APPEND_TEXT = {
    0x23, 0x32, 0x23, 0x30, 0x77, 0x61, 0x73, 0x20, 0x61, 0x63, 0x74, 0x69,
    0x76, 0x61, 0x74, 0x65, 0x64, 0x2E, 0x23, 0x31, 0x59, 0x6F, 0x75, 0x20,
    0x63, 0x61, 0x6E, 0x20, 0x61, 0x63, 0x74, 0x69, 0x76, 0x61, 0x74, 0x65,
    0x20, 0x74, 0x68, 0x69, 0x73, 0x20, 0x63, 0x61, 0x72, 0x64, 0x23, 0x30,
    0x77, 0x68, 0x65, 0x6E, 0x20, 0x79, 0x6F, 0x75, 0x20, 0x64, 0x69, 0x73,
    0x63, 0x61, 0x72, 0x64, 0x20, 0x66, 0x72, 0x6F, 0x6D, 0x20, 0x79, 0x6F,
    0x75, 0x72, 0x23, 0x30, 0x68, 0x61, 0x6E, 0x64, 0x2E, 0x20, 0x41, 0x66,
    0x74, 0x65, 0x72, 0x20, 0x74, 0x68, 0x61, 0x74, 0x2C, 0x20, 0x65, 0x61,
    0x63, 0x68, 0x20, 0x74, 0x69, 0x6D, 0x65, 0x23, 0x30, 0x79, 0x6F, 0x75,
    0x20, 0x64, 0x69, 0x73, 0x63, 0x61, 0x72, 0x64, 0x20, 0x66, 0x72, 0x6F,
    0x6D, 0x20, 0x79, 0x6F, 0x75, 0x72, 0x20, 0x68, 0x61, 0x6E, 0x64, 0x2C,
    0x23, 0x30, 0x79, 0x6F, 0x75, 0x72, 0x20, 0x6F, 0x70, 0x70, 0x6F, 0x6E,
    0x23, 0x31, 0x00,
};

const u8 gActivationDescription_DrainTime_Popup1[] APPEND_TEXT = {
    0x23, 0x32, 0x23, 0x30, 0x77, 0x61, 0x73, 0x20, 0x61, 0x63, 0x74, 0x69,
    0x76, 0x61, 0x74, 0x65, 0x64, 0x2E, 0x23, 0x31, 0x41, 0x63, 0x74, 0x69,
    0x76, 0x61, 0x74, 0x65, 0x20, 0x6F, 0x6E, 0x6C, 0x79, 0x20, 0x77, 0x68,
    0x69, 0x6C, 0x65, 0x20, 0x79, 0x6F, 0x75, 0x23, 0x30, 0x63, 0x6F, 0x6E,
    0x74, 0x72, 0x6F, 0x6C, 0x20, 0x61, 0x20, 0x66, 0x61, 0x63, 0x65, 0x2D,
    0x75, 0x70, 0x20, 0x44, 0x65, 0x73, 0x74, 0x69, 0x6E, 0x79, 0x23, 0x30,
    0x48, 0x65, 0x72, 0x6F, 0x20, 0x2D, 0x20, 0x50, 0x6C, 0x61, 0x73, 0x6D,
    0x61, 0x2E, 0x20, 0x53, 0x65, 0x6C, 0x65, 0x63, 0x74, 0x20, 0x31, 0x23,
    0x30, 0x70, 0x68, 0x61, 0x73, 0x65, 0x2E, 0x20, 0x42, 0x6F, 0x74, 0x68,
    0x20, 0x70, 0x6C, 0x61, 0x79, 0x65, 0x72, 0x73, 0x20, 0x73, 0x6B, 0x69,
    0x70, 0x23, 0x30, 0x74, 0x68, 0x65, 0x69, 0x72, 0x20, 0x6E, 0x65, 0x78,
    0x74, 0x20, 0x70, 0x68, 0x61, 0x73, 0x65, 0x20, 0x6F, 0x66, 0x20, 0x74,
    0x68, 0x61, 0x74, 0x23, 0x30, 0x63, 0x68, 0x6F, 0x69, 0x63, 0x65, 0x2E,
    0x23, 0x31, 0x00,
};

const u8 gActivationDescription_FieldsSanctuary_Popup1[] APPEND_TEXT = {
    0x23, 0x32, 0x23, 0x30, 0x77, 0x61, 0x73, 0x20, 0x61, 0x63, 0x74, 0x69,
    0x76, 0x61, 0x74, 0x65, 0x64, 0x2E, 0x23, 0x31, 0x41, 0x20, 0x73, 0x61,
    0x6E, 0x63, 0x74, 0x75, 0x61, 0x72, 0x79, 0x20, 0x74, 0x68, 0x61, 0x74,
    0x20, 0x70, 0x72, 0x6F, 0x74, 0x65, 0x63, 0x74, 0x73, 0x23, 0x30, 0x61,
    0x6C, 0x6C, 0x20, 0x77, 0x68, 0x6F, 0x20, 0x65, 0x6E, 0x74, 0x65, 0x72,
    0x20, 0x69, 0x74, 0x73, 0x20, 0x64, 0x6F, 0x6D, 0x61, 0x69, 0x6E, 0x2E,
    0x23, 0x31, 0x00,
};

const u8 gActivationDescription_FusionDestiny_Popup1[] APPEND_TEXT = {
    0x23, 0x32, 0x23, 0x30, 0x77, 0x61, 0x73, 0x20, 0x61, 0x63, 0x74, 0x69,
    0x76, 0x61, 0x74, 0x65, 0x64, 0x2E, 0x23, 0x31, 0x53, 0x75, 0x6D, 0x6D,
    0x6F, 0x6E, 0x20, 0x61, 0x20, 0x46, 0x75, 0x73, 0x69, 0x6F, 0x6E, 0x20,
    0x4D, 0x6F, 0x6E, 0x73, 0x74, 0x65, 0x72, 0x23, 0x30, 0x74, 0x68, 0x61,
    0x74, 0x20, 0x6D, 0x65, 0x6E, 0x74, 0x69, 0x6F, 0x6E, 0x73, 0x20, 0x44,
    0x65, 0x73, 0x74, 0x69, 0x6E, 0x79, 0x20, 0x48, 0x45, 0x52, 0x4F, 0x23,
    0x30, 0x66, 0x72, 0x6F, 0x6D, 0x20, 0x68, 0x61, 0x6E, 0x64, 0x20, 0x6F,
    0x72, 0x20, 0x44, 0x65, 0x63, 0x6B, 0x20, 0x61, 0x73, 0x23, 0x30, 0x6D,
    0x61, 0x74, 0x65, 0x72, 0x69, 0x61, 0x6C, 0x2E, 0x20, 0x44, 0x65, 0x73,
    0x74, 0x72, 0x6F, 0x79, 0x20, 0x69, 0x74, 0x20, 0x64, 0x75, 0x72, 0x69,
    0x6E, 0x67, 0x23, 0x30, 0x74, 0x68, 0x65, 0x20, 0x45, 0x6E, 0x64, 0x23,
    0x31, 0x00,
};

const u8 gActivationDescription_FusionGate_Popup1[] APPEND_TEXT = {
    0x23, 0x32, 0x23, 0x30, 0x77, 0x61, 0x73, 0x20, 0x61, 0x63, 0x74, 0x69,
    0x76, 0x61, 0x74, 0x65, 0x64, 0x2E, 0x23, 0x31, 0x44, 0x75, 0x72, 0x69,
    0x6E, 0x67, 0x20, 0x74, 0x68, 0x65, 0x20, 0x4D, 0x61, 0x69, 0x6E, 0x20,
    0x50, 0x68, 0x61, 0x73, 0x65, 0x2C, 0x20, 0x74, 0x68, 0x65, 0x23, 0x30,
    0x74, 0x75, 0x72, 0x6E, 0x20, 0x70, 0x6C, 0x61, 0x79, 0x65, 0x72, 0x20,
    0x63, 0x61, 0x6E, 0x20, 0x46, 0x75, 0x73, 0x69, 0x6F, 0x6E, 0x23, 0x30,
    0x53, 0x75, 0x6D, 0x6D, 0x6F, 0x6E, 0x20, 0x62, 0x79, 0x20, 0x62, 0x61,
    0x6E, 0x69, 0x73, 0x68, 0x69, 0x6E, 0x67, 0x23, 0x30, 0x6D, 0x61, 0x74,
    0x65, 0x72, 0x69, 0x61, 0x6C, 0x73, 0x20, 0x66, 0x72, 0x6F, 0x6D, 0x20,
    0x74, 0x68, 0x65, 0x69, 0x72, 0x20, 0x68, 0x61, 0x6E, 0x64, 0x23, 0x30,
    0x6F, 0x72, 0x20, 0x66, 0x69, 0x65, 0x6C, 0x64, 0x2E, 0x23, 0x31, 0x00,
};

const u8 gActivationDescription_GiftCard_Popup1[] APPEND_TEXT = {
    0x23, 0x32, 0x23, 0x30, 0x77, 0x61, 0x73, 0x20, 0x61, 0x63, 0x74, 0x69,
    0x76, 0x61, 0x74, 0x65, 0x64, 0x2E, 0x23, 0x31, 0x59, 0x6F, 0x75, 0x72,
    0x20, 0x6F, 0x70, 0x70, 0x6F, 0x6E, 0x65, 0x6E, 0x74, 0x20, 0x67, 0x61,
    0x69, 0x6E, 0x73, 0x20, 0x33, 0x30, 0x30, 0x30, 0x23, 0x30, 0x4C, 0x69,
    0x66, 0x65, 0x20, 0x50, 0x6F, 0x69, 0x6E, 0x74, 0x73, 0x2E, 0x23, 0x31,
    0x00,
};

const u8 gActivationDescription_GorzTheEmissaryOfDarkness_Popup1[] APPEND_TEXT = {
    0x23, 0x32, 0x23, 0x30, 0x77, 0x61, 0x73, 0x20, 0x61, 0x63, 0x74, 0x69,
    0x76, 0x61, 0x74, 0x65, 0x64, 0x2E, 0x23, 0x31, 0x57, 0x68, 0x65, 0x6E,
    0x20, 0x64, 0x61, 0x6D, 0x61, 0x67, 0x65, 0x64, 0x20, 0x77, 0x69, 0x74,
    0x68, 0x20, 0x6E, 0x6F, 0x20, 0x63, 0x61, 0x72, 0x64, 0x73, 0x23, 0x30,
    0x63, 0x6F, 0x6E, 0x74, 0x72, 0x6F, 0x6C, 0x6C, 0x65, 0x64, 0x2C, 0x20,
    0x53, 0x75, 0x6D, 0x6D, 0x6F, 0x6E, 0x20, 0x74, 0x68, 0x69, 0x73, 0x23,
    0x30, 0x66, 0x72, 0x6F, 0x6D, 0x20, 0x68, 0x61, 0x6E, 0x64, 0x2E, 0x20,
    0x49, 0x66, 0x20, 0x62, 0x61, 0x74, 0x74, 0x6C, 0x65, 0x23, 0x30, 0x64,
    0x61, 0x6D, 0x61, 0x67, 0x65, 0x2C, 0x20, 0x53, 0x75, 0x6D, 0x6D, 0x6F,
    0x6E, 0x20, 0x61, 0x20, 0x54, 0x6F, 0x6B, 0x65, 0x6E, 0x20, 0x77, 0x69,
    0x74, 0x68, 0x23, 0x30, 0x65, 0x71, 0x75, 0x61, 0x6C, 0x20, 0x41, 0x54,
    0x23, 0x31, 0x00,
};

const u8 gActivationDescription_GranmargTheRockMonarch_Popup1[] APPEND_TEXT = {
    0x23, 0x32, 0x23, 0x30, 0x77, 0x61, 0x73, 0x20, 0x61, 0x63, 0x74, 0x69,
    0x76, 0x61, 0x74, 0x65, 0x64, 0x2E, 0x23, 0x31, 0x49, 0x66, 0x20, 0x54,
    0x72, 0x69, 0x62, 0x75, 0x74, 0x65, 0x20, 0x53, 0x75, 0x6D, 0x6D, 0x6F,
    0x6E, 0x65, 0x64, 0x2C, 0x23, 0x30, 0x64, 0x65, 0x73, 0x74, 0x72, 0x6F,
    0x79, 0x20, 0x31, 0x20, 0x53, 0x65, 0x74, 0x20, 0x63, 0x61, 0x72, 0x64,
    0x20, 0x6F, 0x6E, 0x20, 0x74, 0x68, 0x65, 0x23, 0x30, 0x66, 0x69, 0x65,
    0x6C, 0x64, 0x2E, 0x23, 0x31, 0x00,
};

const u8 gActivationDescription_GreenGadget_Popup1[] APPEND_TEXT = {
    0x23, 0x32, 0x23, 0x30, 0x77, 0x61, 0x73, 0x20, 0x61, 0x63, 0x74, 0x69,
    0x76, 0x61, 0x74, 0x65, 0x64, 0x2E, 0x23, 0x31, 0x57, 0x68, 0x65, 0x6E,
    0x20, 0x4E, 0x6F, 0x72, 0x6D, 0x61, 0x6C, 0x20, 0x6F, 0x72, 0x20, 0x53,
    0x70, 0x65, 0x63, 0x69, 0x61, 0x6C, 0x23, 0x30, 0x53, 0x75, 0x6D, 0x6D,
    0x6F, 0x6E, 0x65, 0x64, 0x2C, 0x20, 0x61, 0x64, 0x64, 0x20, 0x31, 0x20,
    0x52, 0x65, 0x64, 0x20, 0x47, 0x61, 0x64, 0x67, 0x65, 0x74, 0x23, 0x30,
    0x66, 0x72, 0x6F, 0x6D, 0x20, 0x79, 0x6F, 0x75, 0x72, 0x20, 0x44, 0x65,
    0x63, 0x6B, 0x20, 0x74, 0x6F, 0x20, 0x79, 0x6F, 0x75, 0x72, 0x23, 0x30,
    0x68, 0x61, 0x6E, 0x64, 0x2E, 0x23, 0x31, 0x00,
};

const u8 gActivationDescription_GroundCollapse_Popup1[] APPEND_TEXT = {
    0x23, 0x32, 0x23, 0x30, 0x77, 0x61, 0x73, 0x20, 0x61, 0x63, 0x74, 0x69,
    0x76, 0x61, 0x74, 0x65, 0x64, 0x2E, 0x23, 0x31, 0x53, 0x65, 0x6C, 0x65,
    0x63, 0x74, 0x20, 0x32, 0x20, 0x75, 0x6E, 0x75, 0x73, 0x65, 0x64, 0x20,
    0x4D, 0x6F, 0x6E, 0x73, 0x74, 0x65, 0x72, 0x23, 0x30, 0x5A, 0x6F, 0x6E,
    0x65, 0x73, 0x2E, 0x20, 0x4E, 0x65, 0x69, 0x74, 0x68, 0x65, 0x72, 0x20,
    0x70, 0x6C, 0x61, 0x79, 0x65, 0x72, 0x20, 0x63, 0x61, 0x6E, 0x23, 0x30,
    0x75, 0x73, 0x65, 0x20, 0x74, 0x68, 0x6F, 0x73, 0x65, 0x20, 0x7A, 0x6F,
    0x6E, 0x65, 0x73, 0x20, 0x77, 0x68, 0x69, 0x6C, 0x65, 0x20, 0x74, 0x68,
    0x69, 0x73, 0x23, 0x30, 0x72, 0x65, 0x6D, 0x61, 0x69, 0x6E, 0x73, 0x20,
    0x66, 0x61, 0x63, 0x65, 0x2D, 0x75, 0x70, 0x2E, 0x23, 0x31, 0x00,
};

const u8 gActivationDescription_GuardianDreadscythe_Popup1[] APPEND_TEXT = {
    0x23, 0x32, 0x23, 0x30, 0x77, 0x61, 0x73, 0x20, 0x61, 0x63, 0x74, 0x69,
    0x76, 0x61, 0x74, 0x65, 0x64, 0x2E, 0x23, 0x31, 0x49, 0x66, 0x20, 0x47,
    0x75, 0x61, 0x72, 0x64, 0x69, 0x61, 0x6E, 0x20, 0x45, 0x61, 0x74, 0x6F,
    0x73, 0x20, 0x69, 0x73, 0x23, 0x30, 0x64, 0x65, 0x73, 0x74, 0x72, 0x6F,
    0x79, 0x65, 0x64, 0x2C, 0x20, 0x53, 0x75, 0x6D, 0x6D, 0x6F, 0x6E, 0x20,
    0x74, 0x68, 0x69, 0x73, 0x20, 0x66, 0x72, 0x6F, 0x6D, 0x23, 0x30, 0x68,
    0x61, 0x6E, 0x64, 0x2E, 0x20, 0x45, 0x71, 0x75, 0x69, 0x70, 0x20, 0x52,
    0x65, 0x61, 0x70, 0x65, 0x72, 0x20, 0x53, 0x63, 0x79, 0x74, 0x68, 0x65,
    0x2E, 0x23, 0x30, 0x43, 0x61, 0x6E, 0x6E, 0x6F, 0x74, 0x20, 0x53, 0x75,
    0x6D, 0x6D, 0x6F, 0x6E, 0x20, 0x6F, 0x74, 0x68, 0x65, 0x72, 0x23, 0x30,
    0x6D, 0x6F, 0x6E, 0x73, 0x74, 0x65, 0x72, 0x73, 0x2E, 0x20, 0x57, 0x68,
    0x23, 0x31, 0x00,
};

const u8 gActivationDescription_HarpieLadyPhoenixFormation_Popup1[] APPEND_TEXT = {
    0x23, 0x32, 0x23, 0x30, 0x77, 0x61, 0x73, 0x20, 0x61, 0x63, 0x74, 0x69,
    0x76, 0x61, 0x74, 0x65, 0x64, 0x2E, 0x23, 0x31, 0x49, 0x66, 0x20, 0x79,
    0x6F, 0x75, 0x20, 0x63, 0x6F, 0x6E, 0x74, 0x72, 0x6F, 0x6C, 0x20, 0x33,
    0x20, 0x6F, 0x72, 0x20, 0x6D, 0x6F, 0x72, 0x65, 0x23, 0x30, 0x48, 0x61,
    0x72, 0x70, 0x69, 0x65, 0x20, 0x4C, 0x61, 0x64, 0x79, 0x20, 0x61, 0x6E,
    0x64, 0x2F, 0x6F, 0x72, 0x20, 0x48, 0x61, 0x72, 0x70, 0x69, 0x65, 0x23,
    0x30, 0x4C, 0x61, 0x64, 0x79, 0x20, 0x53, 0x69, 0x73, 0x74, 0x65, 0x72,
    0x73, 0x3A, 0x20, 0x54, 0x61, 0x72, 0x67, 0x65, 0x74, 0x20, 0x61, 0x73,
    0x23, 0x30, 0x6D, 0x61, 0x6E, 0x79, 0x20, 0x6D, 0x6F, 0x6E, 0x73, 0x74,
    0x65, 0x72, 0x73, 0x20, 0x79, 0x6F, 0x75, 0x72, 0x20, 0x6F, 0x70, 0x70,
    0x6F, 0x6E, 0x65, 0x6E, 0x74, 0x23, 0x31, 0x00,
};

const u8 gActivationDescription_HeroFlash_Popup1[] APPEND_TEXT = {
    0x23, 0x32, 0x23, 0x30, 0x77, 0x61, 0x73, 0x20, 0x61, 0x63, 0x74, 0x69,
    0x76, 0x61, 0x74, 0x65, 0x64, 0x2E, 0x23, 0x31, 0x42, 0x61, 0x6E, 0x69,
    0x73, 0x68, 0x20, 0x48, 0x20, 0x2D, 0x20, 0x48, 0x65, 0x61, 0x74, 0x65,
    0x64, 0x20, 0x48, 0x65, 0x61, 0x72, 0x74, 0x2C, 0x20, 0x45, 0x23, 0x30,
    0x2D, 0x20, 0x45, 0x6D, 0x65, 0x72, 0x67, 0x65, 0x6E, 0x63, 0x79, 0x20,
    0x43, 0x61, 0x6C, 0x6C, 0x2C, 0x20, 0x52, 0x20, 0x2D, 0x23, 0x30, 0x52,
    0x69, 0x67, 0x68, 0x74, 0x65, 0x6F, 0x75, 0x73, 0x20, 0x4A, 0x75, 0x73,
    0x74, 0x69, 0x63, 0x65, 0x20, 0x61, 0x6E, 0x64, 0x20, 0x4F, 0x20, 0x2D,
    0x23, 0x30, 0x4F, 0x76, 0x65, 0x72, 0x73, 0x6F, 0x75, 0x6C, 0x20, 0x66,
    0x72, 0x6F, 0x6D, 0x20, 0x79, 0x6F, 0x75, 0x72, 0x23, 0x30, 0x47, 0x72,
    0x61, 0x76, 0x65, 0x79, 0x61, 0x72, 0x64, 0x3B, 0x23, 0x31, 0x00,
};

const u8 gActivationDescription_InsectImitation_Popup1[] APPEND_TEXT = {
    0x23, 0x32, 0x23, 0x30, 0x77, 0x61, 0x73, 0x20, 0x61, 0x63, 0x74, 0x69,
    0x76, 0x61, 0x74, 0x65, 0x64, 0x2E, 0x23, 0x31, 0x54, 0x72, 0x69, 0x62,
    0x75, 0x74, 0x65, 0x20, 0x31, 0x20, 0x6D, 0x6F, 0x6E, 0x73, 0x74, 0x65,
    0x72, 0x2E, 0x20, 0x53, 0x70, 0x65, 0x63, 0x69, 0x61, 0x6C, 0x23, 0x30,
    0x53, 0x75, 0x6D, 0x6D, 0x6F, 0x6E, 0x20, 0x31, 0x20, 0x49, 0x6E, 0x73,
    0x65, 0x63, 0x74, 0x2D, 0x54, 0x79, 0x70, 0x65, 0x23, 0x30, 0x6D, 0x6F,
    0x6E, 0x73, 0x74, 0x65, 0x72, 0x20, 0x66, 0x72, 0x6F, 0x6D, 0x20, 0x79,
    0x6F, 0x75, 0x72, 0x20, 0x44, 0x65, 0x63, 0x6B, 0x23, 0x30, 0x77, 0x68,
    0x6F, 0x73, 0x65, 0x20, 0x4C, 0x65, 0x76, 0x65, 0x6C, 0x20, 0x69, 0x73,
    0x20, 0x31, 0x20, 0x68, 0x69, 0x67, 0x68, 0x65, 0x72, 0x23, 0x30, 0x74,
    0x68, 0x61, 0x6E, 0x20, 0x74, 0x68, 0x65, 0x23, 0x31, 0x00,
};

const u8 gActivationDescription_InstantFusion_Popup1[] APPEND_TEXT = {
    0x23, 0x32, 0x23, 0x30, 0x77, 0x61, 0x73, 0x20, 0x61, 0x63, 0x74, 0x69,
    0x76, 0x61, 0x74, 0x65, 0x64, 0x2E, 0x23, 0x31, 0x50, 0x61, 0x79, 0x20,
    0x31, 0x30, 0x30, 0x30, 0x20, 0x4C, 0x50, 0x3B, 0x20, 0x53, 0x70, 0x65,
    0x63, 0x69, 0x61, 0x6C, 0x20, 0x53, 0x75, 0x6D, 0x6D, 0x6F, 0x6E, 0x23,
    0x30, 0x31, 0x20, 0x4C, 0x65, 0x76, 0x65, 0x6C, 0x20, 0x35, 0x20, 0x6F,
    0x72, 0x20, 0x6C, 0x6F, 0x77, 0x65, 0x72, 0x20, 0x46, 0x75, 0x73, 0x69,
    0x6F, 0x6E, 0x23, 0x30, 0x4D, 0x6F, 0x6E, 0x73, 0x74, 0x65, 0x72, 0x20,
    0x66, 0x72, 0x6F, 0x6D, 0x20, 0x79, 0x6F, 0x75, 0x72, 0x20, 0x45, 0x78,
    0x74, 0x72, 0x61, 0x23, 0x30, 0x44, 0x65, 0x63, 0x6B, 0x2C, 0x20, 0x62,
    0x75, 0x74, 0x20, 0x69, 0x74, 0x20, 0x63, 0x61, 0x6E, 0x6E, 0x6F, 0x74,
    0x20, 0x61, 0x74, 0x74, 0x61, 0x63, 0x6B, 0x2C, 0x23, 0x31, 0x00,
};

const u8 gActivationDescription_GuardianEatos_Popup1[] APPEND_TEXT = {
    0x23, 0x32, 0x23, 0x30, 0x77, 0x61, 0x73, 0x20, 0x61, 0x63, 0x74, 0x69,
    0x76, 0x61, 0x74, 0x65, 0x64, 0x2E, 0x23, 0x31, 0x49, 0x66, 0x20, 0x79,
    0x6F, 0x75, 0x20, 0x68, 0x61, 0x76, 0x65, 0x20, 0x6E, 0x6F, 0x20, 0x6D,
    0x6F, 0x6E, 0x73, 0x74, 0x65, 0x72, 0x73, 0x20, 0x69, 0x6E, 0x23, 0x30,
    0x79, 0x6F, 0x75, 0x72, 0x20, 0x47, 0x72, 0x61, 0x76, 0x65, 0x79, 0x61,
    0x72, 0x64, 0x2C, 0x20, 0x79, 0x6F, 0x75, 0x20, 0x63, 0x61, 0x6E, 0x23,
    0x30, 0x53, 0x70, 0x65, 0x63, 0x69, 0x61, 0x6C, 0x20, 0x53, 0x75, 0x6D,
    0x6D, 0x6F, 0x6E, 0x20, 0x74, 0x68, 0x69, 0x73, 0x20, 0x63, 0x61, 0x72,
    0x64, 0x23, 0x30, 0x28, 0x66, 0x72, 0x6F, 0x6D, 0x20, 0x79, 0x6F, 0x75,
    0x72, 0x20, 0x68, 0x61, 0x6E, 0x64, 0x29, 0x2E, 0x20, 0x59, 0x6F, 0x75,
    0x20, 0x63, 0x61, 0x6E, 0x23, 0x30, 0x73, 0x65, 0x6E, 0x64, 0x23, 0x31,
    0x00,
};

const u8 gActivationDescription_HeraldOfCreation_Popup1[] APPEND_TEXT = {
    0x23, 0x32, 0x23, 0x30, 0x77, 0x61, 0x73, 0x20, 0x61, 0x63, 0x74, 0x69,
    0x76, 0x61, 0x74, 0x65, 0x64, 0x2E, 0x23, 0x31, 0x4F, 0x6E, 0x63, 0x65,
    0x20, 0x70, 0x65, 0x72, 0x20, 0x74, 0x75, 0x72, 0x6E, 0x3A, 0x20, 0x59,
    0x6F, 0x75, 0x20, 0x63, 0x61, 0x6E, 0x23, 0x30, 0x64, 0x69, 0x73, 0x63,
    0x61, 0x72, 0x64, 0x20, 0x31, 0x20, 0x63, 0x61, 0x72, 0x64, 0x2C, 0x20,
    0x74, 0x68, 0x65, 0x6E, 0x20, 0x74, 0x61, 0x72, 0x67, 0x65, 0x74, 0x23,
    0x30, 0x31, 0x20, 0x4C, 0x65, 0x76, 0x65, 0x6C, 0x20, 0x37, 0x20, 0x6F,
    0x72, 0x20, 0x68, 0x69, 0x67, 0x68, 0x65, 0x72, 0x20, 0x6D, 0x6F, 0x6E,
    0x73, 0x74, 0x65, 0x72, 0x23, 0x30, 0x69, 0x6E, 0x20, 0x79, 0x6F, 0x75,
    0x72, 0x20, 0x47, 0x72, 0x61, 0x76, 0x65, 0x79, 0x61, 0x72, 0x64, 0x3B,
    0x20, 0x61, 0x64, 0x64, 0x20, 0x74, 0x68, 0x61, 0x74, 0x23, 0x31, 0x00,
};

const u8 gActivationDescription_HolactieTheCreatorOfLight_Popup1[] APPEND_TEXT = {
    0x23, 0x32, 0x23, 0x30, 0x77, 0x61, 0x73, 0x20, 0x61, 0x63, 0x74, 0x69,
    0x76, 0x61, 0x74, 0x65, 0x64, 0x2E, 0x23, 0x31, 0x43, 0x61, 0x6E, 0x6E,
    0x6F, 0x74, 0x20, 0x62, 0x65, 0x20, 0x4E, 0x6F, 0x72, 0x6D, 0x61, 0x6C,
    0x23, 0x30, 0x53, 0x75, 0x6D, 0x6D, 0x6F, 0x6E, 0x65, 0x64, 0x2F, 0x53,
    0x65, 0x74, 0x2E, 0x20, 0x4D, 0x75, 0x73, 0x74, 0x20, 0x62, 0x65, 0x23,
    0x30, 0x53, 0x70, 0x65, 0x63, 0x69, 0x61, 0x6C, 0x20, 0x53, 0x75, 0x6D,
    0x6D, 0x6F, 0x6E, 0x65, 0x64, 0x20, 0x28, 0x66, 0x72, 0x6F, 0x6D, 0x20,
    0x79, 0x6F, 0x75, 0x72, 0x23, 0x30, 0x68, 0x61, 0x6E, 0x64, 0x29, 0x20,
    0x62, 0x79, 0x20, 0x54, 0x72, 0x69, 0x62, 0x75, 0x74, 0x69, 0x6E, 0x67,
    0x20, 0x33, 0x23, 0x30, 0x6D, 0x6F, 0x6E, 0x73, 0x74, 0x65, 0x72, 0x73,
    0x20, 0x77, 0x68, 0x6F, 0x73, 0x65, 0x23, 0x31, 0x00,
};

const u8 gActivationDescription_HorusTheBlackFlameDragonLv8_Popup1[] APPEND_TEXT = {
    0x23, 0x32, 0x23, 0x30, 0x77, 0x61, 0x73, 0x20, 0x61, 0x63, 0x74, 0x69,
    0x76, 0x61, 0x74, 0x65, 0x64, 0x2E, 0x23, 0x31, 0x43, 0x61, 0x6E, 0x6E,
    0x6F, 0x74, 0x20, 0x62, 0x65, 0x20, 0x4E, 0x6F, 0x72, 0x6D, 0x61, 0x6C,
    0x23, 0x30, 0x53, 0x75, 0x6D, 0x6D, 0x6F, 0x6E, 0x65, 0x64, 0x2F, 0x53,
    0x65, 0x74, 0x2E, 0x20, 0x4D, 0x75, 0x73, 0x74, 0x20, 0x62, 0x65, 0x23,
    0x30, 0x53, 0x70, 0x65, 0x63, 0x69, 0x61, 0x6C, 0x20, 0x53, 0x75, 0x6D,
    0x6D, 0x6F, 0x6E, 0x65, 0x64, 0x20, 0x62, 0x79, 0x20, 0x48, 0x6F, 0x72,
    0x75, 0x73, 0x23, 0x30, 0x74, 0x68, 0x65, 0x20, 0x42, 0x6C, 0x61, 0x63,
    0x6B, 0x20, 0x46, 0x6C, 0x61, 0x6D, 0x65, 0x20, 0x44, 0x72, 0x61, 0x67,
    0x6F, 0x6E, 0x20, 0x4C, 0x56, 0x36, 0x2C, 0x23, 0x30, 0x61, 0x6E, 0x64,
    0x20, 0x63, 0x61, 0x6E, 0x6E, 0x6F, 0x74, 0x20, 0x62, 0x65, 0x23, 0x31,
    0x00,
};

const u8 gActivationDescription_HorusTheBlackFlameDragonLv4_Popup1[] APPEND_TEXT = {
    0x23, 0x32, 0x23, 0x30, 0x77, 0x61, 0x73, 0x20, 0x61, 0x63, 0x74, 0x69,
    0x76, 0x61, 0x74, 0x65, 0x64, 0x2E, 0x23, 0x31, 0x43, 0x6F, 0x6E, 0x74,
    0x72, 0x6F, 0x6C, 0x20, 0x6F, 0x66, 0x20, 0x74, 0x68, 0x69, 0x73, 0x20,
    0x66, 0x61, 0x63, 0x65, 0x2D, 0x75, 0x70, 0x23, 0x30, 0x63, 0x61, 0x72,
    0x64, 0x20, 0x63, 0x61, 0x6E, 0x6E, 0x6F, 0x74, 0x20, 0x73, 0x77, 0x69,
    0x74, 0x63, 0x68, 0x2E, 0x20, 0x44, 0x75, 0x72, 0x69, 0x6E, 0x67, 0x23,
    0x30, 0x74, 0x68, 0x65, 0x20, 0x45, 0x6E, 0x64, 0x20, 0x50, 0x68, 0x61,
    0x73, 0x65, 0x2C, 0x20, 0x69, 0x66, 0x20, 0x74, 0x68, 0x69, 0x73, 0x20,
    0x63, 0x61, 0x72, 0x64, 0x23, 0x30, 0x64, 0x65, 0x73, 0x74, 0x72, 0x6F,
    0x79, 0x65, 0x64, 0x20, 0x61, 0x20, 0x6D, 0x6F, 0x6E, 0x73, 0x74, 0x65,
    0x72, 0x20, 0x62, 0x79, 0x23, 0x31, 0x00,
};

const u8 gActivationDescription_HorusTheBlackFlameDragonLv6_Popup1[] APPEND_TEXT = {
    0x23, 0x32, 0x23, 0x30, 0x77, 0x61, 0x73, 0x20, 0x61, 0x63, 0x74, 0x69,
    0x76, 0x61, 0x74, 0x65, 0x64, 0x2E, 0x23, 0x31, 0x54, 0x68, 0x69, 0x73,
    0x20, 0x63, 0x61, 0x72, 0x64, 0x20, 0x69, 0x73, 0x20, 0x75, 0x6E, 0x61,
    0x66, 0x66, 0x65, 0x63, 0x74, 0x65, 0x64, 0x20, 0x62, 0x79, 0x23, 0x30,
    0x53, 0x70, 0x65, 0x6C, 0x6C, 0x20, 0x65, 0x66, 0x66, 0x65, 0x63, 0x74,
    0x73, 0x2E, 0x20, 0x44, 0x75, 0x72, 0x69, 0x6E, 0x67, 0x20, 0x74, 0x68,
    0x65, 0x23, 0x30, 0x45, 0x6E, 0x64, 0x20, 0x50, 0x68, 0x61, 0x73, 0x65,
    0x2C, 0x20, 0x69, 0x66, 0x20, 0x74, 0x68, 0x69, 0x73, 0x20, 0x63, 0x61,
    0x72, 0x64, 0x23, 0x30, 0x64, 0x65, 0x73, 0x74, 0x72, 0x6F, 0x79, 0x65,
    0x64, 0x20, 0x61, 0x20, 0x6D, 0x6F, 0x6E, 0x73, 0x74, 0x65, 0x72, 0x20,
    0x62, 0x79, 0x23, 0x30, 0x62, 0x61, 0x74, 0x74, 0x6C, 0x65, 0x23, 0x31,
    0x00,
};

const u8 gActivationDescription_JowgenTheSpiritualist_Popup1[] APPEND_TEXT = {
    0x23, 0x32, 0x23, 0x30, 0x77, 0x61, 0x73, 0x20, 0x61, 0x63, 0x74, 0x69,
    0x76, 0x61, 0x74, 0x65, 0x64, 0x2E, 0x23, 0x31, 0x44, 0x69, 0x73, 0x63,
    0x61, 0x72, 0x64, 0x20, 0x31, 0x20, 0x63, 0x61, 0x72, 0x64, 0x3B, 0x20,
    0x64, 0x65, 0x73, 0x74, 0x72, 0x6F, 0x79, 0x20, 0x61, 0x6C, 0x6C, 0x23,
    0x30, 0x53, 0x70, 0x65, 0x63, 0x69, 0x61, 0x6C, 0x20, 0x53, 0x75, 0x6D,
    0x6D, 0x6F, 0x6E, 0x65, 0x64, 0x20, 0x6D, 0x6F, 0x6E, 0x73, 0x74, 0x65,
    0x72, 0x73, 0x2E, 0x23, 0x30, 0x4E, 0x65, 0x69, 0x74, 0x68, 0x65, 0x72,
    0x20, 0x70, 0x6C, 0x61, 0x79, 0x65, 0x72, 0x20, 0x63, 0x61, 0x6E, 0x20,
    0x53, 0x70, 0x65, 0x63, 0x69, 0x61, 0x6C, 0x23, 0x30, 0x53, 0x75, 0x6D,
    0x6D, 0x6F, 0x6E, 0x2E, 0x23, 0x31, 0x00,
};

const u8 gActivationDescription_JudgmentDragon_Popup1[] APPEND_TEXT = {
    0x23, 0x32, 0x23, 0x30, 0x77, 0x61, 0x73, 0x20, 0x61, 0x63, 0x74, 0x69,
    0x76, 0x61, 0x74, 0x65, 0x64, 0x2E, 0x23, 0x31, 0x50, 0x61, 0x79, 0x20,
    0x31, 0x30, 0x30, 0x30, 0x20, 0x4C, 0x50, 0x3B, 0x20, 0x64, 0x65, 0x73,
    0x74, 0x72, 0x6F, 0x79, 0x20, 0x61, 0x6C, 0x6C, 0x23, 0x30, 0x6F, 0x74,
    0x68, 0x65, 0x72, 0x20, 0x63, 0x61, 0x72, 0x64, 0x73, 0x2E, 0x20, 0x45,
    0x6E, 0x64, 0x20, 0x50, 0x68, 0x61, 0x73, 0x65, 0x3A, 0x23, 0x30, 0x73,
    0x65, 0x6E, 0x64, 0x20, 0x74, 0x6F, 0x70, 0x20, 0x34, 0x20, 0x6F, 0x66,
    0x20, 0x44, 0x65, 0x63, 0x6B, 0x20, 0x74, 0x6F, 0x20, 0x47, 0x59, 0x2E,
    0x23, 0x31, 0x00,
};

const u8 gActivationDescription_KingOfTheSwamp_Popup1[] APPEND_TEXT = {
    0x23, 0x32, 0x23, 0x30, 0x77, 0x61, 0x73, 0x20, 0x61, 0x63, 0x74, 0x69,
    0x76, 0x61, 0x74, 0x65, 0x64, 0x2E, 0x23, 0x31, 0x44, 0x69, 0x73, 0x63,
    0x61, 0x72, 0x64, 0x20, 0x74, 0x68, 0x69, 0x73, 0x20, 0x63, 0x61, 0x72,
    0x64, 0x3B, 0x20, 0x61, 0x64, 0x64, 0x20, 0x31, 0x23, 0x30, 0x50, 0x6F,
    0x6C, 0x79, 0x6D, 0x65, 0x72, 0x69, 0x7A, 0x61, 0x74, 0x69, 0x6F, 0x6E,
    0x20, 0x66, 0x72, 0x6F, 0x6D, 0x20, 0x79, 0x6F, 0x75, 0x72, 0x23, 0x30,
    0x44, 0x65, 0x63, 0x6B, 0x20, 0x74, 0x6F, 0x20, 0x79, 0x6F, 0x75, 0x72,
    0x20, 0x68, 0x61, 0x6E, 0x64, 0x2E, 0x23, 0x31, 0x00,
};

const u8 gActivationDescription_KurazTheLightMonarch_Popup1[] APPEND_TEXT = {
    0x23, 0x32, 0x23, 0x30, 0x77, 0x61, 0x73, 0x20, 0x61, 0x63, 0x74, 0x69,
    0x76, 0x61, 0x74, 0x65, 0x64, 0x2E, 0x23, 0x31, 0x44, 0x65, 0x73, 0x74,
    0x72, 0x6F, 0x79, 0x20, 0x75, 0x70, 0x20, 0x74, 0x6F, 0x20, 0x32, 0x20,
    0x63, 0x61, 0x72, 0x64, 0x73, 0x3B, 0x20, 0x65, 0x61, 0x63, 0x68, 0x23,
    0x30, 0x70, 0x6C, 0x61, 0x79, 0x65, 0x72, 0x20, 0x64, 0x72, 0x61, 0x77,
    0x73, 0x20, 0x31, 0x20, 0x70, 0x65, 0x72, 0x20, 0x63, 0x61, 0x72, 0x64,
    0x23, 0x30, 0x74, 0x68, 0x65, 0x79, 0x20, 0x63, 0x6F, 0x6E, 0x74, 0x72,
    0x6F, 0x6C, 0x6C, 0x65, 0x64, 0x2E, 0x20, 0x43, 0x61, 0x6E, 0x6E, 0x6F,
    0x74, 0x23, 0x30, 0x61, 0x74, 0x74, 0x61, 0x63, 0x6B, 0x20, 0x74, 0x68,
    0x69, 0x73, 0x20, 0x74, 0x75, 0x72, 0x6E, 0x2E, 0x23, 0x31, 0x00,
};

const u8 gActivationDescription_Kuribandit_Popup1[] APPEND_TEXT = {
    0x23, 0x32, 0x23, 0x30, 0x77, 0x61, 0x73, 0x20, 0x61, 0x63, 0x74, 0x69,
    0x76, 0x61, 0x74, 0x65, 0x64, 0x2E, 0x23, 0x31, 0x54, 0x72, 0x69, 0x62,
    0x75, 0x74, 0x65, 0x20, 0x74, 0x68, 0x69, 0x73, 0x20, 0x63, 0x61, 0x72,
    0x64, 0x3B, 0x20, 0x65, 0x78, 0x63, 0x61, 0x76, 0x61, 0x74, 0x65, 0x23,
    0x30, 0x74, 0x6F, 0x70, 0x20, 0x35, 0x2C, 0x20, 0x61, 0x64, 0x64, 0x20,
    0x31, 0x20, 0x53, 0x70, 0x65, 0x6C, 0x6C, 0x2F, 0x54, 0x72, 0x61, 0x70,
    0x2C, 0x23, 0x30, 0x73, 0x65, 0x6E, 0x64, 0x20, 0x72, 0x65, 0x73, 0x74,
    0x20, 0x74, 0x6F, 0x20, 0x47, 0x59, 0x2E, 0x23, 0x31, 0x00,
};

const u8 gActivationDescription_LastTurn_Popup1[] APPEND_TEXT = {
    0x23, 0x32, 0x23, 0x30, 0x77, 0x61, 0x73, 0x20, 0x61, 0x63, 0x74, 0x69,
    0x76, 0x61, 0x74, 0x65, 0x64, 0x2E, 0x23, 0x31, 0x53, 0x65, 0x6E, 0x64,
    0x20, 0x61, 0x6C, 0x6C, 0x20, 0x66, 0x69, 0x65, 0x6C, 0x64, 0x2F, 0x68,
    0x61, 0x6E, 0x64, 0x20, 0x63, 0x61, 0x72, 0x64, 0x73, 0x23, 0x30, 0x74,
    0x6F, 0x20, 0x47, 0x59, 0x2E, 0x20, 0x4F, 0x70, 0x70, 0x6F, 0x6E, 0x65,
    0x6E, 0x74, 0x20, 0x53, 0x53, 0x20, 0x31, 0x23, 0x30, 0x6D, 0x6F, 0x6E,
    0x73, 0x74, 0x65, 0x72, 0x20, 0x61, 0x6E, 0x64, 0x20, 0x61, 0x74, 0x74,
    0x61, 0x63, 0x6B, 0x73, 0x2E, 0x20, 0x4C, 0x6F, 0x6E, 0x65, 0x23, 0x30,
    0x6D, 0x6F, 0x6E, 0x73, 0x74, 0x65, 0x72, 0x20, 0x61, 0x74, 0x20, 0x45,
    0x50, 0x20, 0x77, 0x69, 0x6E, 0x73, 0x2E, 0x23, 0x31, 0x00,
};

const u8 gActivationDescription_LegendOfHeart_Popup1[] APPEND_TEXT = {
    0x23, 0x32, 0x23, 0x30, 0x77, 0x61, 0x73, 0x20, 0x61, 0x63, 0x74, 0x69,
    0x76, 0x61, 0x74, 0x65, 0x64, 0x2E, 0x23, 0x31, 0x50, 0x61, 0x79, 0x20,
    0x32, 0x30, 0x30, 0x30, 0x20, 0x4C, 0x50, 0x2C, 0x20, 0x54, 0x72, 0x69,
    0x62, 0x75, 0x74, 0x65, 0x20, 0x31, 0x23, 0x30, 0x57, 0x61, 0x72, 0x72,
    0x69, 0x6F, 0x72, 0x3B, 0x20, 0x62, 0x61, 0x6E, 0x69, 0x73, 0x68, 0x20,
    0x4C, 0x65, 0x67, 0x65, 0x6E, 0x64, 0x61, 0x72, 0x79, 0x23, 0x30, 0x44,
    0x72, 0x61, 0x67, 0x6F, 0x6E, 0x20, 0x53, 0x70, 0x65, 0x6C, 0x6C, 0x73,
    0x2C, 0x20, 0x53, 0x53, 0x20, 0x4C, 0x65, 0x67, 0x65, 0x6E, 0x64, 0x61,
    0x72, 0x79, 0x23, 0x30, 0x4B, 0x6E, 0x69, 0x67, 0x68, 0x74, 0x73, 0x2E,
    0x20, 0x31, 0x2F, 0x74, 0x75, 0x72, 0x6E, 0x2E, 0x23, 0x31, 0x00,
};

const u8 gActivationDescription_LegendaryFlameLord_Popup1[] APPEND_TEXT = {
    0x23, 0x32, 0x23, 0x30, 0x77, 0x61, 0x73, 0x20, 0x61, 0x63, 0x74, 0x69,
    0x76, 0x61, 0x74, 0x65, 0x64, 0x2E, 0x23, 0x31, 0x45, 0x61, 0x63, 0x68,
    0x20, 0x53, 0x70, 0x65, 0x6C, 0x6C, 0x20, 0x70, 0x75, 0x74, 0x73, 0x20,
    0x31, 0x20, 0x53, 0x70, 0x65, 0x6C, 0x6C, 0x23, 0x30, 0x43, 0x6F, 0x75,
    0x6E, 0x74, 0x65, 0x72, 0x2E, 0x20, 0x52, 0x65, 0x6D, 0x6F, 0x76, 0x65,
    0x20, 0x33, 0x20, 0x74, 0x6F, 0x23, 0x30, 0x64, 0x65, 0x73, 0x74, 0x72,
    0x6F, 0x79, 0x20, 0x61, 0x6C, 0x6C, 0x20, 0x6F, 0x74, 0x68, 0x65, 0x72,
    0x20, 0x6D, 0x6F, 0x6E, 0x73, 0x74, 0x65, 0x72, 0x73, 0x2E, 0x23, 0x31,
    0x00,
};

const u8 gActivationDescription_KingTigerWanghu_Popup1[] APPEND_TEXT = {
    0x23, 0x32, 0x23, 0x30, 0x77, 0x61, 0x73, 0x20, 0x61, 0x63, 0x74, 0x69,
    0x76, 0x61, 0x74, 0x65, 0x64, 0x2E, 0x23, 0x31, 0x57, 0x68, 0x65, 0x6E,
    0x20, 0x61, 0x20, 0x6D, 0x6F, 0x6E, 0x73, 0x74, 0x65, 0x72, 0x20, 0x77,
    0x69, 0x74, 0x68, 0x20, 0x31, 0x34, 0x30, 0x30, 0x20, 0x6F, 0x72, 0x23,
    0x30, 0x6C, 0x65, 0x73, 0x73, 0x20, 0x41, 0x54, 0x4B, 0x20, 0x69, 0x73,
    0x20, 0x53, 0x75, 0x6D, 0x6D, 0x6F, 0x6E, 0x65, 0x64, 0x3A, 0x23, 0x30,
    0x44, 0x65, 0x73, 0x74, 0x72, 0x6F, 0x79, 0x20, 0x69, 0x74, 0x2E, 0x20,
    0x4D, 0x75, 0x73, 0x74, 0x20, 0x62, 0x65, 0x23, 0x30, 0x66, 0x61, 0x63,
    0x65, 0x2D, 0x75, 0x70, 0x2E, 0x23, 0x31, 0x00,
};

const u8 gActivationDescription_LegendaryKnightCritias_Popup1[] APPEND_TEXT = {
    0x23, 0x32, 0x23, 0x30, 0x77, 0x61, 0x73, 0x20, 0x61, 0x63, 0x74, 0x69,
    0x76, 0x61, 0x74, 0x65, 0x64, 0x2E, 0x23, 0x31, 0x4D, 0x75, 0x73, 0x74,
    0x20, 0x62, 0x65, 0x20, 0x53, 0x53, 0x20, 0x62, 0x79, 0x20, 0x4C, 0x65,
    0x67, 0x65, 0x6E, 0x64, 0x20, 0x6F, 0x66, 0x23, 0x30, 0x48, 0x65, 0x61,
    0x72, 0x74, 0x2E, 0x20, 0x57, 0x68, 0x65, 0x6E, 0x20, 0x53, 0x53, 0x3A,
    0x20, 0x62, 0x61, 0x6E, 0x69, 0x73, 0x68, 0x23, 0x30, 0x66, 0x61, 0x63,
    0x65, 0x2D, 0x75, 0x70, 0x20, 0x53, 0x2F, 0x54, 0x2E, 0x20, 0x57, 0x68,
    0x65, 0x6E, 0x20, 0x61, 0x74, 0x74, 0x61, 0x63, 0x6B, 0x65, 0x64, 0x3A,
    0x23, 0x30, 0x53, 0x65, 0x74, 0x20, 0x61, 0x20, 0x54, 0x72, 0x61, 0x70,
    0x20, 0x66, 0x72, 0x6F, 0x6D, 0x20, 0x47, 0x59, 0x2E, 0x23, 0x31, 0x00,
};

const u8 gActivationDescription_LegendaryKnightHermos_Popup1[] APPEND_TEXT = {
    0x23, 0x32, 0x23, 0x30, 0x77, 0x61, 0x73, 0x20, 0x61, 0x63, 0x74, 0x69,
    0x76, 0x61, 0x74, 0x65, 0x64, 0x2E, 0x23, 0x31, 0x4D, 0x75, 0x73, 0x74,
    0x20, 0x62, 0x65, 0x20, 0x53, 0x53, 0x20, 0x62, 0x79, 0x20, 0x4C, 0x65,
    0x67, 0x65, 0x6E, 0x64, 0x20, 0x6F, 0x66, 0x23, 0x30, 0x48, 0x65, 0x61,
    0x72, 0x74, 0x2E, 0x20, 0x57, 0x68, 0x65, 0x6E, 0x20, 0x53, 0x53, 0x3A,
    0x20, 0x62, 0x61, 0x6E, 0x69, 0x73, 0x68, 0x23, 0x30, 0x66, 0x61, 0x63,
    0x65, 0x2D, 0x75, 0x70, 0x20, 0x53, 0x2F, 0x54, 0x2E, 0x20, 0x57, 0x68,
    0x65, 0x6E, 0x20, 0x61, 0x74, 0x74, 0x61, 0x63, 0x6B, 0x65, 0x64, 0x3A,
    0x23, 0x30, 0x63, 0x6F, 0x70, 0x79, 0x20, 0x61, 0x20, 0x47, 0x59, 0x20,
    0x6D, 0x6F, 0x6E, 0x73, 0x74, 0x65, 0x72, 0x2E, 0x23, 0x31, 0x00,
};

const u8 gActivationDescription_LegendaryKnightTimaeus_Popup1[] APPEND_TEXT = {
    0x23, 0x32, 0x23, 0x30, 0x77, 0x61, 0x73, 0x20, 0x61, 0x63, 0x74, 0x69,
    0x76, 0x61, 0x74, 0x65, 0x64, 0x2E, 0x23, 0x31, 0x4D, 0x75, 0x73, 0x74,
    0x20, 0x62, 0x65, 0x20, 0x53, 0x53, 0x20, 0x62, 0x79, 0x20, 0x4C, 0x65,
    0x67, 0x65, 0x6E, 0x64, 0x20, 0x6F, 0x66, 0x23, 0x30, 0x48, 0x65, 0x61,
    0x72, 0x74, 0x2E, 0x20, 0x57, 0x68, 0x65, 0x6E, 0x20, 0x53, 0x53, 0x3A,
    0x20, 0x62, 0x61, 0x6E, 0x69, 0x73, 0x68, 0x23, 0x30, 0x66, 0x61, 0x63,
    0x65, 0x2D, 0x75, 0x70, 0x20, 0x53, 0x2F, 0x54, 0x2E, 0x20, 0x57, 0x68,
    0x65, 0x6E, 0x20, 0x61, 0x74, 0x74, 0x61, 0x63, 0x6B, 0x65, 0x64, 0x3A,
    0x23, 0x30, 0x53, 0x65, 0x74, 0x20, 0x61, 0x20, 0x53, 0x70, 0x65, 0x6C,
    0x6C, 0x20, 0x66, 0x72, 0x6F, 0x6D, 0x20, 0x47, 0x59, 0x2E, 0x23, 0x31,
    0x00,
};

const u8 gActivationDescription_Lekunga_Popup1[] APPEND_TEXT = {
    0x23, 0x32, 0x23, 0x30, 0x77, 0x61, 0x73, 0x20, 0x61, 0x63, 0x74, 0x69,
    0x76, 0x61, 0x74, 0x65, 0x64, 0x2E, 0x23, 0x31, 0x42, 0x61, 0x6E, 0x69,
    0x73, 0x68, 0x20, 0x32, 0x20, 0x57, 0x41, 0x54, 0x45, 0x52, 0x20, 0x66,
    0x72, 0x6F, 0x6D, 0x20, 0x47, 0x59, 0x3B, 0x20, 0x53, 0x53, 0x23, 0x30,
    0x61, 0x20, 0x4C, 0x65, 0x6B, 0x75, 0x6E, 0x67, 0x61, 0x20, 0x54, 0x6F,
    0x6B, 0x65, 0x6E, 0x23, 0x30, 0x28, 0x50, 0x6C, 0x61, 0x6E, 0x74, 0x2F,
    0x57, 0x41, 0x54, 0x45, 0x52, 0x2F, 0x4C, 0x76, 0x32, 0x2F, 0x37, 0x30,
    0x30, 0x2F, 0x37, 0x30, 0x30, 0x29, 0x23, 0x30, 0x69, 0x6E, 0x20, 0x41,
    0x54, 0x4B, 0x20, 0x70, 0x6F, 0x73, 0x69, 0x74, 0x69, 0x6F, 0x6E, 0x2E,
    0x23, 0x31, 0x00,
};

const u8 gActivationDescription_LightAndDarknessDragon_Popup1[] APPEND_TEXT = {
    0x23, 0x32, 0x23, 0x30, 0x77, 0x61, 0x73, 0x20, 0x61, 0x63, 0x74, 0x69,
    0x76, 0x61, 0x74, 0x65, 0x64, 0x2E, 0x23, 0x31, 0x4F, 0x6E, 0x63, 0x65,
    0x2F, 0x43, 0x68, 0x61, 0x69, 0x6E, 0x3A, 0x20, 0x77, 0x68, 0x65, 0x6E,
    0x20, 0x61, 0x63, 0x74, 0x69, 0x76, 0x61, 0x74, 0x65, 0x64, 0x2C, 0x23,
    0x30, 0x2D, 0x35, 0x30, 0x30, 0x20, 0x41, 0x54, 0x4B, 0x2F, 0x44, 0x45,
    0x46, 0x20, 0x74, 0x6F, 0x20, 0x6E, 0x65, 0x67, 0x61, 0x74, 0x65, 0x2E,
    0x20, 0x4F, 0x6E, 0x23, 0x30, 0x64, 0x65, 0x73, 0x74, 0x72, 0x75, 0x63,
    0x74, 0x69, 0x6F, 0x6E, 0x3A, 0x20, 0x63, 0x6C, 0x65, 0x61, 0x72, 0x20,
    0x66, 0x69, 0x65, 0x6C, 0x64, 0x2C, 0x23, 0x30, 0x53, 0x53, 0x20, 0x47,
    0x59, 0x20, 0x6D, 0x6F, 0x6E, 0x73, 0x74, 0x65, 0x72, 0x2E, 0x23, 0x31,
    0x00,
};

const u8 gActivationDescription_LordOfTheRed_Popup1[] APPEND_TEXT = {
    0x23, 0x32, 0x23, 0x30, 0x77, 0x61, 0x73, 0x20, 0x61, 0x63, 0x74, 0x69,
    0x76, 0x61, 0x74, 0x65, 0x64, 0x2E, 0x23, 0x31, 0x4F, 0x6E, 0x63, 0x65,
    0x20, 0x70, 0x65, 0x72, 0x20, 0x74, 0x75, 0x72, 0x6E, 0x2C, 0x20, 0x77,
    0x68, 0x65, 0x6E, 0x20, 0x61, 0x23, 0x30, 0x63, 0x61, 0x72, 0x64, 0x2F,
    0x65, 0x66, 0x66, 0x65, 0x63, 0x74, 0x20, 0x61, 0x63, 0x74, 0x69, 0x76,
    0x61, 0x74, 0x65, 0x73, 0x3A, 0x23, 0x30, 0x64, 0x65, 0x73, 0x74, 0x72,
    0x6F, 0x79, 0x20, 0x31, 0x20, 0x6D, 0x6F, 0x6E, 0x73, 0x74, 0x65, 0x72,
    0x20, 0x6F, 0x72, 0x20, 0x31, 0x20, 0x53, 0x2F, 0x54, 0x23, 0x30, 0x6F,
    0x6E, 0x20, 0x74, 0x68, 0x65, 0x20, 0x66, 0x69, 0x65, 0x6C, 0x64, 0x2E,
    0x23, 0x31, 0x00,
};

const u8 gActivationDescription_MaAt_Popup1[] APPEND_TEXT = {
    0x23, 0x32, 0x23, 0x30, 0x77, 0x61, 0x73, 0x20, 0x61, 0x63, 0x74, 0x69,
    0x76, 0x61, 0x74, 0x65, 0x64, 0x2E, 0x23, 0x31, 0x53, 0x53, 0x3A, 0x20,
    0x73, 0x65, 0x6E, 0x64, 0x20, 0x31, 0x20, 0x4C, 0x49, 0x47, 0x48, 0x54,
    0x20, 0x44, 0x72, 0x61, 0x67, 0x6F, 0x6E, 0x20, 0x2B, 0x23, 0x30, 0x46,
    0x61, 0x69, 0x72, 0x79, 0x20, 0x74, 0x6F, 0x20, 0x47, 0x59, 0x2E, 0x20,
    0x4F, 0x6E, 0x63, 0x65, 0x2F, 0x74, 0x75, 0x72, 0x6E, 0x3A, 0x23, 0x30,
    0x6E, 0x61, 0x6D, 0x65, 0x20, 0x33, 0x2C, 0x20, 0x65, 0x78, 0x63, 0x61,
    0x76, 0x61, 0x74, 0x65, 0x20, 0x33, 0x2C, 0x20, 0x61, 0x64, 0x64, 0x23,
    0x30, 0x6D, 0x61, 0x74, 0x63, 0x68, 0x65, 0x73, 0x2E, 0x23, 0x31, 0x00,
};

const u8 gActivationDescription_MagicalDimension_Popup1[] APPEND_TEXT = {
    0x23, 0x32, 0x23, 0x30, 0x77, 0x61, 0x73, 0x20, 0x61, 0x63, 0x74, 0x69,
    0x76, 0x61, 0x74, 0x65, 0x64, 0x2E, 0x23, 0x31, 0x49, 0x66, 0x20, 0x79,
    0x6F, 0x75, 0x20, 0x63, 0x6F, 0x6E, 0x74, 0x72, 0x6F, 0x6C, 0x20, 0x61,
    0x23, 0x30, 0x53, 0x70, 0x65, 0x6C, 0x6C, 0x63, 0x61, 0x73, 0x74, 0x65,
    0x72, 0x3A, 0x20, 0x54, 0x72, 0x69, 0x62, 0x75, 0x74, 0x65, 0x20, 0x31,
    0x23, 0x30, 0x6D, 0x6F, 0x6E, 0x73, 0x74, 0x65, 0x72, 0x3B, 0x20, 0x53,
    0x53, 0x20, 0x31, 0x20, 0x66, 0x72, 0x6F, 0x6D, 0x20, 0x68, 0x61, 0x6E,
    0x64, 0x2C, 0x23, 0x30, 0x74, 0x68, 0x65, 0x6E, 0x20, 0x64, 0x65, 0x73,
    0x74, 0x72, 0x6F, 0x79, 0x20, 0x31, 0x20, 0x6D, 0x6F, 0x6E, 0x73, 0x74,
    0x65, 0x72, 0x2E, 0x23, 0x31, 0x00,
};

const u8 gActivationDescription_MagicalHats_Popup1[] APPEND_TEXT = {
    0x23, 0x32, 0x23, 0x30, 0x77, 0x61, 0x73, 0x20, 0x61, 0x63, 0x74, 0x69,
    0x76, 0x61, 0x74, 0x65, 0x64, 0x2E, 0x23, 0x31, 0x4F, 0x70, 0x70, 0x6F,
    0x6E, 0x65, 0x6E, 0x74, 0x20, 0x42, 0x50, 0x3A, 0x20, 0x70, 0x69, 0x63,
    0x6B, 0x20, 0x32, 0x20, 0x53, 0x2F, 0x54, 0x23, 0x30, 0x66, 0x72, 0x6F,
    0x6D, 0x20, 0x44, 0x65, 0x63, 0x6B, 0x20, 0x2B, 0x20, 0x31, 0x20, 0x6D,
    0x6F, 0x6E, 0x73, 0x74, 0x65, 0x72, 0x2E, 0x20, 0x53, 0x53, 0x23, 0x30,
    0x61, 0x73, 0x20, 0x30, 0x2F, 0x30, 0x20, 0x66, 0x61, 0x63, 0x65, 0x2D,
    0x64, 0x6F, 0x77, 0x6E, 0x2E, 0x20, 0x44, 0x65, 0x73, 0x74, 0x72, 0x6F,
    0x79, 0x23, 0x30, 0x44, 0x65, 0x63, 0x6B, 0x20, 0x63, 0x61, 0x72, 0x64,
    0x73, 0x20, 0x61, 0x74, 0x20, 0x65, 0x6E, 0x64, 0x20, 0x6F, 0x66, 0x20,
    0x42, 0x50, 0x2E, 0x23, 0x31, 0x00,
};

const u8 gActivationDescription_MagicalPlantMandragola_Popup1[] APPEND_TEXT = {
    0x23, 0x32, 0x23, 0x30, 0x77, 0x61, 0x73, 0x20, 0x61, 0x63, 0x74, 0x69,
    0x76, 0x61, 0x74, 0x65, 0x64, 0x2E, 0x23, 0x31, 0x46, 0x4C, 0x49, 0x50,
    0x3A, 0x20, 0x50, 0x6C, 0x61, 0x63, 0x65, 0x20, 0x31, 0x20, 0x53, 0x70,
    0x65, 0x6C, 0x6C, 0x20, 0x43, 0x6F, 0x75, 0x6E, 0x74, 0x65, 0x72, 0x23,
    0x30, 0x6F, 0x6E, 0x20, 0x65, 0x61, 0x63, 0x68, 0x20, 0x66, 0x61, 0x63,
    0x65, 0x2D, 0x75, 0x70, 0x20, 0x63, 0x61, 0x72, 0x64, 0x20, 0x79, 0x6F,
    0x75, 0x23, 0x30, 0x63, 0x61, 0x6E, 0x20, 0x70, 0x6C, 0x61, 0x63, 0x65,
    0x20, 0x61, 0x20, 0x53, 0x70, 0x65, 0x6C, 0x6C, 0x20, 0x43, 0x6F, 0x75,
    0x6E, 0x74, 0x65, 0x72, 0x23, 0x30, 0x6F, 0x6E, 0x2E, 0x23, 0x31, 0x00,
};

const u8 gActivationDescription_MagicalScientist_Popup1[] APPEND_TEXT = {
    0x23, 0x32, 0x23, 0x30, 0x77, 0x61, 0x73, 0x20, 0x61, 0x63, 0x74, 0x69,
    0x76, 0x61, 0x74, 0x65, 0x64, 0x2E, 0x23, 0x31, 0x50, 0x61, 0x79, 0x20,
    0x31, 0x30, 0x30, 0x30, 0x20, 0x4C, 0x69, 0x66, 0x65, 0x20, 0x50, 0x6F,
    0x69, 0x6E, 0x74, 0x73, 0x20, 0x74, 0x6F, 0x23, 0x30, 0x53, 0x70, 0x65,
    0x63, 0x69, 0x61, 0x6C, 0x20, 0x53, 0x75, 0x6D, 0x6D, 0x6F, 0x6E, 0x20,
    0x31, 0x20, 0x6C, 0x65, 0x76, 0x65, 0x6C, 0x20, 0x36, 0x20, 0x6F, 0x72,
    0x23, 0x30, 0x6C, 0x6F, 0x77, 0x65, 0x72, 0x20, 0x46, 0x75, 0x73, 0x69,
    0x6F, 0x6E, 0x20, 0x4D, 0x6F, 0x6E, 0x73, 0x74, 0x65, 0x72, 0x20, 0x66,
    0x72, 0x6F, 0x6D, 0x23, 0x30, 0x79, 0x6F, 0x75, 0x72, 0x20, 0x45, 0x78,
    0x74, 0x72, 0x61, 0x20, 0x44, 0x65, 0x63, 0x6B, 0x20, 0x69, 0x6E, 0x20,
    0x66, 0x61, 0x63, 0x65, 0x2D, 0x75, 0x70, 0x23, 0x30, 0x41, 0x74, 0x74,
    0x61, 0x63, 0x6B, 0x20, 0x6F, 0x72, 0x20, 0x44, 0x65, 0x66, 0x65, 0x6E,
    0x23, 0x31, 0x00,
};

const u8 gActivationDescription_MagicalStoneExcavation_Popup1[] APPEND_TEXT = {
    0x23, 0x32, 0x23, 0x30, 0x77, 0x61, 0x73, 0x20, 0x61, 0x63, 0x74, 0x69,
    0x76, 0x61, 0x74, 0x65, 0x64, 0x2E, 0x23, 0x31, 0x44, 0x69, 0x73, 0x63,
    0x61, 0x72, 0x64, 0x20, 0x32, 0x20, 0x63, 0x61, 0x72, 0x64, 0x73, 0x2C,
    0x20, 0x74, 0x68, 0x65, 0x6E, 0x23, 0x30, 0x74, 0x61, 0x72, 0x67, 0x65,
    0x74, 0x20, 0x31, 0x20, 0x53, 0x70, 0x65, 0x6C, 0x6C, 0x20, 0x69, 0x6E,
    0x20, 0x79, 0x6F, 0x75, 0x72, 0x20, 0x47, 0x59, 0x3B, 0x23, 0x30, 0x61,
    0x64, 0x64, 0x20, 0x69, 0x74, 0x20, 0x74, 0x6F, 0x20, 0x79, 0x6F, 0x75,
    0x72, 0x20, 0x68, 0x61, 0x6E, 0x64, 0x2E, 0x23, 0x31, 0x00,
};

const u8 gActivationDescription_MajesticMechGoryu_Popup1[] APPEND_TEXT = {
    0x23, 0x32, 0x23, 0x30, 0x77, 0x61, 0x73, 0x20, 0x61, 0x63, 0x74, 0x69,
    0x76, 0x61, 0x74, 0x65, 0x64, 0x2E, 0x23, 0x31, 0x59, 0x6F, 0x75, 0x20,
    0x63, 0x61, 0x6E, 0x20, 0x54, 0x72, 0x69, 0x62, 0x75, 0x74, 0x65, 0x20,
    0x53, 0x75, 0x6D, 0x6D, 0x6F, 0x6E, 0x20, 0x28, 0x62, 0x75, 0x74, 0x23,
    0x30, 0x6E, 0x6F, 0x74, 0x20, 0x53, 0x65, 0x74, 0x29, 0x20, 0x74, 0x68,
    0x69, 0x73, 0x20, 0x63, 0x61, 0x72, 0x64, 0x20, 0x77, 0x69, 0x74, 0x68,
    0x20, 0x31, 0x23, 0x30, 0x54, 0x72, 0x69, 0x62, 0x75, 0x74, 0x65, 0x2E,
    0x20, 0x49, 0x66, 0x20, 0x53, 0x75, 0x6D, 0x6D, 0x6F, 0x6E, 0x65, 0x64,
    0x20, 0x74, 0x68, 0x69, 0x73, 0x23, 0x30, 0x77, 0x61, 0x79, 0x2C, 0x20,
    0x64, 0x75, 0x72, 0x69, 0x6E, 0x67, 0x20, 0x74, 0x68, 0x65, 0x20, 0x45,
    0x6E, 0x64, 0x20, 0x50, 0x68, 0x61, 0x73, 0x65, 0x3A, 0x23, 0x30, 0x53,
    0x65, 0x6E, 0x64, 0x20, 0x69, 0x74, 0x20, 0x74, 0x6F, 0x20, 0x74, 0x68,
    0x23, 0x31, 0x00,
};

const u8 gActivationDescription_ManjuOfTheTenThousandHands_Popup1[] APPEND_TEXT = {
    0x23, 0x32, 0x23, 0x30, 0x77, 0x61, 0x73, 0x20, 0x61, 0x63, 0x74, 0x69,
    0x76, 0x61, 0x74, 0x65, 0x64, 0x2E, 0x23, 0x31, 0x57, 0x68, 0x65, 0x6E,
    0x20, 0x74, 0x68, 0x69, 0x73, 0x20, 0x63, 0x61, 0x72, 0x64, 0x20, 0x69,
    0x73, 0x20, 0x4E, 0x6F, 0x72, 0x6D, 0x61, 0x6C, 0x20, 0x6F, 0x72, 0x23,
    0x30, 0x46, 0x6C, 0x69, 0x70, 0x20, 0x53, 0x75, 0x6D, 0x6D, 0x6F, 0x6E,
    0x65, 0x64, 0x3A, 0x20, 0x59, 0x6F, 0x75, 0x20, 0x63, 0x61, 0x6E, 0x20,
    0x61, 0x64, 0x64, 0x23, 0x30, 0x31, 0x20, 0x52, 0x69, 0x74, 0x75, 0x61,
    0x6C, 0x20, 0x4D, 0x6F, 0x6E, 0x73, 0x74, 0x65, 0x72, 0x20, 0x6F, 0x72,
    0x20, 0x31, 0x23, 0x30, 0x52, 0x69, 0x74, 0x75, 0x61, 0x6C, 0x20, 0x53,
    0x70, 0x65, 0x6C, 0x6C, 0x20, 0x66, 0x72, 0x6F, 0x6D, 0x20, 0x79, 0x6F,
    0x75, 0x72, 0x20, 0x44, 0x65, 0x63, 0x6B, 0x23, 0x30, 0x74, 0x6F, 0x20,
    0x79, 0x6F, 0x75, 0x72, 0x20, 0x68, 0x61, 0x6E, 0x64, 0x2E, 0x23, 0x31,
    0x00,
};

const u8 gActivationDescription_Marshmallon_Popup1[] APPEND_TEXT = {
    0x23, 0x32, 0x23, 0x30, 0x77, 0x61, 0x73, 0x20, 0x61, 0x63, 0x74, 0x69,
    0x76, 0x61, 0x74, 0x65, 0x64, 0x2E, 0x23, 0x31, 0x43, 0x61, 0x6E, 0x6E,
    0x6F, 0x74, 0x20, 0x62, 0x65, 0x20, 0x64, 0x65, 0x73, 0x74, 0x72, 0x6F,
    0x79, 0x65, 0x64, 0x20, 0x62, 0x79, 0x23, 0x30, 0x62, 0x61, 0x74, 0x74,
    0x6C, 0x65, 0x2E, 0x20, 0x41, 0x66, 0x74, 0x65, 0x72, 0x20, 0x64, 0x61,
    0x6D, 0x61, 0x67, 0x65, 0x23, 0x30, 0x63, 0x61, 0x6C, 0x63, 0x75, 0x6C,
    0x61, 0x74, 0x69, 0x6F, 0x6E, 0x2C, 0x20, 0x69, 0x66, 0x20, 0x74, 0x68,
    0x69, 0x73, 0x20, 0x63, 0x61, 0x72, 0x64, 0x23, 0x30, 0x77, 0x61, 0x73,
    0x20, 0x61, 0x74, 0x74, 0x61, 0x63, 0x6B, 0x65, 0x64, 0x2C, 0x20, 0x61,
    0x6E, 0x64, 0x20, 0x77, 0x61, 0x73, 0x23, 0x30, 0x66, 0x61, 0x63, 0x65,
    0x2D, 0x64, 0x6F, 0x77, 0x6E, 0x20, 0x61, 0x74, 0x20, 0x74, 0x68, 0x65,
    0x20, 0x73, 0x74, 0x61, 0x72, 0x74, 0x20, 0x6F, 0x66, 0x23, 0x30, 0x74,
    0x68, 0x23, 0x31, 0x00,
};

const u8 gActivationDescription_MaskOfDispel_Popup1[] APPEND_TEXT = {
    0x23, 0x32, 0x23, 0x30, 0x77, 0x61, 0x73, 0x20, 0x61, 0x63, 0x74, 0x69,
    0x76, 0x61, 0x74, 0x65, 0x64, 0x2E, 0x23, 0x31, 0x53, 0x65, 0x6C, 0x65,
    0x63, 0x74, 0x20, 0x31, 0x20, 0x66, 0x61, 0x63, 0x65, 0x2D, 0x75, 0x70,
    0x20, 0x53, 0x70, 0x65, 0x6C, 0x6C, 0x20, 0x43, 0x61, 0x72, 0x64, 0x23,
    0x30, 0x6F, 0x6E, 0x20, 0x74, 0x68, 0x65, 0x20, 0x66, 0x69, 0x65, 0x6C,
    0x64, 0x2E, 0x20, 0x54, 0x68, 0x65, 0x23, 0x30, 0x63, 0x6F, 0x6E, 0x74,
    0x72, 0x6F, 0x6C, 0x6C, 0x65, 0x72, 0x20, 0x6F, 0x66, 0x20, 0x74, 0x68,
    0x65, 0x20, 0x53, 0x70, 0x65, 0x6C, 0x6C, 0x23, 0x30, 0x43, 0x61, 0x72,
    0x64, 0x20, 0x74, 0x61, 0x6B, 0x65, 0x73, 0x20, 0x35, 0x30, 0x30, 0x20,
    0x70, 0x6F, 0x69, 0x6E, 0x74, 0x73, 0x20, 0x6F, 0x66, 0x23, 0x30, 0x64,
    0x61, 0x6D, 0x61, 0x67, 0x65, 0x20, 0x64, 0x75, 0x72, 0x69, 0x6E, 0x67,
    0x20, 0x65, 0x61, 0x63, 0x68, 0x20, 0x6F, 0x66, 0x20, 0x79, 0x6F, 0x75,
    0x23, 0x31, 0x00,
};

const u8 gActivationDescription_MasterPeaceTheTrueDracoslayingKing_Popup1[] APPEND_TEXT = {
    0x23, 0x32, 0x23, 0x30, 0x77, 0x61, 0x73, 0x20, 0x61, 0x63, 0x74, 0x69,
    0x76, 0x61, 0x74, 0x65, 0x64, 0x2E, 0x23, 0x31, 0x54, 0x6F, 0x20, 0x54,
    0x72, 0x69, 0x62, 0x75, 0x74, 0x65, 0x20, 0x53, 0x75, 0x6D, 0x6D, 0x6F,
    0x6E, 0x20, 0x74, 0x68, 0x69, 0x73, 0x20, 0x63, 0x61, 0x72, 0x64, 0x23,
    0x30, 0x66, 0x61, 0x63, 0x65, 0x2D, 0x75, 0x70, 0x2C, 0x20, 0x79, 0x6F,
    0x75, 0x20, 0x63, 0x61, 0x6E, 0x20, 0x54, 0x72, 0x69, 0x62, 0x75, 0x74,
    0x65, 0x23, 0x30, 0x43, 0x6F, 0x6E, 0x74, 0x69, 0x6E, 0x75, 0x6F, 0x75,
    0x73, 0x20, 0x53, 0x70, 0x65, 0x6C, 0x6C, 0x2F, 0x54, 0x72, 0x61, 0x70,
    0x23, 0x30, 0x43, 0x61, 0x72, 0x64, 0x28, 0x73, 0x29, 0x20, 0x79, 0x6F,
    0x75, 0x20, 0x63, 0x6F, 0x6E, 0x74, 0x72, 0x6F, 0x6C, 0x2C, 0x20, 0x61,
    0x73, 0x23, 0x30, 0x77, 0x65, 0x6C, 0x6C, 0x20, 0x61, 0x73, 0x20, 0x6D,
    0x6F, 0x6E, 0x73, 0x74, 0x65, 0x72, 0x73, 0x2E, 0x20, 0x55, 0x6E, 0x61,
    0x23, 0x31, 0x00,
};

const u8 gActivationDescription_MaskOfTheAccursed_Popup1[] APPEND_TEXT = {
    0x23, 0x32, 0x23, 0x30, 0x77, 0x61, 0x73, 0x20, 0x61, 0x63, 0x74, 0x69,
    0x76, 0x61, 0x74, 0x65, 0x64, 0x2E, 0x23, 0x31, 0x54, 0x68, 0x65, 0x20,
    0x65, 0x71, 0x75, 0x69, 0x70, 0x70, 0x65, 0x64, 0x20, 0x6D, 0x6F, 0x6E,
    0x73, 0x74, 0x65, 0x72, 0x20, 0x63, 0x61, 0x6E, 0x6E, 0x6F, 0x74, 0x23,
    0x30, 0x61, 0x74, 0x74, 0x61, 0x63, 0x6B, 0x2E, 0x20, 0x4F, 0x6E, 0x63,
    0x65, 0x20, 0x70, 0x65, 0x72, 0x20, 0x74, 0x75, 0x72, 0x6E, 0x2C, 0x23,
    0x30, 0x64, 0x75, 0x72, 0x69, 0x6E, 0x67, 0x20, 0x79, 0x6F, 0x75, 0x72,
    0x20, 0x53, 0x74, 0x61, 0x6E, 0x64, 0x62, 0x79, 0x20, 0x50, 0x68, 0x61,
    0x73, 0x65, 0x3A, 0x23, 0x30, 0x49, 0x6E, 0x66, 0x6C, 0x69, 0x63, 0x74,
    0x20, 0x35, 0x30, 0x30, 0x20, 0x64, 0x61, 0x6D, 0x61, 0x67, 0x65, 0x20,
    0x74, 0x6F, 0x20, 0x74, 0x68, 0x65, 0x23, 0x30, 0x63, 0x6F, 0x6E, 0x74,
    0x72, 0x6F, 0x6C, 0x6C, 0x65, 0x72, 0x20, 0x6F, 0x66, 0x20, 0x74, 0x68,
    0x23, 0x31, 0x00,
};

const u8 gActivationDescription_MausoleumOfTheEmperor_Popup1[] APPEND_TEXT = {
    0x23, 0x32, 0x23, 0x30, 0x77, 0x61, 0x73, 0x20, 0x61, 0x63, 0x74, 0x69,
    0x76, 0x61, 0x74, 0x65, 0x64, 0x2E, 0x23, 0x31, 0x44, 0x75, 0x72, 0x69,
    0x6E, 0x67, 0x20, 0x61, 0x6E, 0x79, 0x20, 0x4D, 0x61, 0x69, 0x6E, 0x20,
    0x50, 0x68, 0x61, 0x73, 0x65, 0x3A, 0x20, 0x54, 0x68, 0x65, 0x23, 0x30,
    0x74, 0x75, 0x72, 0x6E, 0x20, 0x70, 0x6C, 0x61, 0x79, 0x65, 0x72, 0x20,
    0x63, 0x61, 0x6E, 0x20, 0x70, 0x61, 0x79, 0x20, 0x31, 0x30, 0x30, 0x30,
    0x20, 0x4C, 0x50, 0x23, 0x30, 0x78, 0x20, 0x74, 0x68, 0x65, 0x20, 0x6E,
    0x75, 0x6D, 0x62, 0x65, 0x72, 0x20, 0x6F, 0x66, 0x20, 0x6D, 0x6F, 0x6E,
    0x73, 0x74, 0x65, 0x72, 0x73, 0x23, 0x30, 0x6E, 0x6F, 0x72, 0x6D, 0x61,
    0x6C, 0x6C, 0x79, 0x20, 0x6E, 0x65, 0x65, 0x64, 0x65, 0x64, 0x20, 0x66,
    0x6F, 0x72, 0x20, 0x74, 0x68, 0x65, 0x23, 0x30, 0x54, 0x72, 0x69, 0x62,
    0x75, 0x74, 0x65, 0x20, 0x53, 0x75, 0x6D, 0x6D, 0x6F, 0x6E, 0x20, 0x6F,
    0x23, 0x31, 0x00,
};

const u8 gActivationDescription_MazeraDeville_Popup1[] APPEND_TEXT = {
    0x23, 0x32, 0x23, 0x30, 0x77, 0x61, 0x73, 0x20, 0x61, 0x63, 0x74, 0x69,
    0x76, 0x61, 0x74, 0x65, 0x64, 0x2E, 0x23, 0x31, 0x43, 0x61, 0x6E, 0x6E,
    0x6F, 0x74, 0x20, 0x4E, 0x53, 0x2E, 0x20, 0x53, 0x53, 0x20, 0x66, 0x72,
    0x6F, 0x6D, 0x20, 0x68, 0x61, 0x6E, 0x64, 0x20, 0x62, 0x79, 0x23, 0x30,
    0x54, 0x72, 0x69, 0x62, 0x75, 0x74, 0x69, 0x6E, 0x67, 0x20, 0x57, 0x61,
    0x72, 0x72, 0x69, 0x6F, 0x72, 0x20, 0x6F, 0x66, 0x20, 0x5A, 0x65, 0x72,
    0x61, 0x23, 0x30, 0x77, 0x69, 0x74, 0x68, 0x20, 0x50, 0x61, 0x6E, 0x64,
    0x65, 0x6D, 0x6F, 0x6E, 0x69, 0x75, 0x6D, 0x2E, 0x20, 0x4F, 0x70, 0x70,
    0x6F, 0x6E, 0x65, 0x6E, 0x74, 0x23, 0x30, 0x64, 0x69, 0x73, 0x63, 0x61,
    0x72, 0x64, 0x73, 0x20, 0x33, 0x20, 0x72, 0x61, 0x6E, 0x64, 0x6F, 0x6D,
    0x20, 0x63, 0x61, 0x72, 0x64, 0x73, 0x2E, 0x23, 0x31, 0x00,
};

const u8 gActivationDescription_Metamorphosis_Popup1[] APPEND_TEXT = {
    0x23, 0x32, 0x23, 0x30, 0x77, 0x61, 0x73, 0x20, 0x61, 0x63, 0x74, 0x69,
    0x76, 0x61, 0x74, 0x65, 0x64, 0x2E, 0x23, 0x31, 0x54, 0x72, 0x69, 0x62,
    0x75, 0x74, 0x65, 0x20, 0x31, 0x20, 0x6D, 0x6F, 0x6E, 0x73, 0x74, 0x65,
    0x72, 0x2E, 0x20, 0x53, 0x70, 0x65, 0x63, 0x69, 0x61, 0x6C, 0x23, 0x30,
    0x53, 0x75, 0x6D, 0x6D, 0x6F, 0x6E, 0x20, 0x31, 0x20, 0x46, 0x75, 0x73,
    0x69, 0x6F, 0x6E, 0x20, 0x4D, 0x6F, 0x6E, 0x73, 0x74, 0x65, 0x72, 0x23,
    0x30, 0x66, 0x72, 0x6F, 0x6D, 0x20, 0x79, 0x6F, 0x75, 0x72, 0x20, 0x45,
    0x78, 0x74, 0x72, 0x61, 0x20, 0x44, 0x65, 0x63, 0x6B, 0x20, 0x77, 0x69,
    0x74, 0x68, 0x23, 0x30, 0x74, 0x68, 0x65, 0x20, 0x73, 0x61, 0x6D, 0x65,
    0x20, 0x4C, 0x65, 0x76, 0x65, 0x6C, 0x20, 0x61, 0x73, 0x20, 0x74, 0x68,
    0x65, 0x23, 0x30, 0x54, 0x72, 0x69, 0x62, 0x75, 0x74, 0x65, 0x64, 0x20,
    0x6D, 0x6F, 0x6E, 0x73, 0x74, 0x65, 0x72, 0x2E, 0x23, 0x31, 0x00,
};

const u8 gActivationDescription_Meteorain_Popup1[] APPEND_TEXT = {
    0x23, 0x32, 0x23, 0x30, 0x77, 0x61, 0x73, 0x20, 0x61, 0x63, 0x74, 0x69,
    0x76, 0x61, 0x74, 0x65, 0x64, 0x2E, 0x23, 0x31, 0x54, 0x68, 0x69, 0x73,
    0x20, 0x74, 0x75, 0x72, 0x6E, 0x2C, 0x20, 0x61, 0x74, 0x74, 0x61, 0x63,
    0x6B, 0x73, 0x20, 0x6F, 0x6E, 0x23, 0x30, 0x44, 0x65, 0x66, 0x65, 0x6E,
    0x73, 0x65, 0x20, 0x6D, 0x6F, 0x6E, 0x73, 0x74, 0x65, 0x72, 0x73, 0x20,
    0x77, 0x69, 0x74, 0x68, 0x23, 0x30, 0x68, 0x69, 0x67, 0x68, 0x65, 0x72,
    0x20, 0x41, 0x54, 0x4B, 0x20, 0x74, 0x68, 0x61, 0x6E, 0x20, 0x74, 0x68,
    0x65, 0x69, 0x72, 0x20, 0x44, 0x45, 0x46, 0x23, 0x30, 0x69, 0x6E, 0x66,
    0x6C, 0x69, 0x63, 0x74, 0x20, 0x70, 0x69, 0x65, 0x72, 0x63, 0x69, 0x6E,
    0x67, 0x20, 0x64, 0x61, 0x6D, 0x61, 0x67, 0x65, 0x2E, 0x23, 0x31, 0x00,
};

const u8 gActivationDescription_MirageOfNightmare_Popup1[] APPEND_TEXT = {
    0x23, 0x32, 0x23, 0x30, 0x77, 0x61, 0x73, 0x20, 0x61, 0x63, 0x74, 0x69,
    0x76, 0x61, 0x74, 0x65, 0x64, 0x2E, 0x23, 0x31, 0x4F, 0x70, 0x70, 0x6F,
    0x6E, 0x65, 0x6E, 0x74, 0x20, 0x53, 0x74, 0x61, 0x6E, 0x64, 0x62, 0x79,
    0x3A, 0x20, 0x44, 0x72, 0x61, 0x77, 0x23, 0x30, 0x75, 0x6E, 0x74, 0x69,
    0x6C, 0x20, 0x34, 0x2E, 0x20, 0x59, 0x6F, 0x75, 0x72, 0x20, 0x53, 0x74,
    0x61, 0x6E, 0x64, 0x62, 0x79, 0x3A, 0x23, 0x30, 0x52, 0x61, 0x6E, 0x64,
    0x6F, 0x6D, 0x6C, 0x79, 0x20, 0x64, 0x69, 0x73, 0x63, 0x61, 0x72, 0x64,
    0x20, 0x65, 0x71, 0x75, 0x61, 0x6C, 0x23, 0x30, 0x6E, 0x75, 0x6D, 0x62,
    0x65, 0x72, 0x20, 0x28, 0x6F, 0x72, 0x20, 0x77, 0x68, 0x6F, 0x6C, 0x65,
    0x20, 0x68, 0x61, 0x6E, 0x64, 0x29, 0x2E, 0x23, 0x31, 0x00,
};

const u8 gActivationDescription_MoltenZombie_Popup1[] APPEND_TEXT = {
    0x23, 0x32, 0x23, 0x30, 0x77, 0x61, 0x73, 0x20, 0x61, 0x63, 0x74, 0x69,
    0x76, 0x61, 0x74, 0x65, 0x64, 0x2E, 0x23, 0x31, 0x57, 0x68, 0x65, 0x6E,
    0x20, 0x74, 0x68, 0x69, 0x73, 0x20, 0x63, 0x61, 0x72, 0x64, 0x20, 0x69,
    0x73, 0x20, 0x53, 0x70, 0x65, 0x63, 0x69, 0x61, 0x6C, 0x23, 0x30, 0x53,
    0x75, 0x6D, 0x6D, 0x6F, 0x6E, 0x65, 0x64, 0x20, 0x66, 0x72, 0x6F, 0x6D,
    0x20, 0x74, 0x68, 0x65, 0x23, 0x30, 0x47, 0x72, 0x61, 0x76, 0x65, 0x79,
    0x61, 0x72, 0x64, 0x3A, 0x20, 0x44, 0x72, 0x61, 0x77, 0x20, 0x31, 0x20,
    0x63, 0x61, 0x72, 0x64, 0x2E, 0x23, 0x31, 0x00,
};

const u8 gActivationDescription_MonsterGate_Popup1[] APPEND_TEXT = {
    0x23, 0x32, 0x23, 0x30, 0x77, 0x61, 0x73, 0x20, 0x61, 0x63, 0x74, 0x69,
    0x76, 0x61, 0x74, 0x65, 0x64, 0x2E, 0x23, 0x31, 0x54, 0x72, 0x69, 0x62,
    0x75, 0x74, 0x65, 0x20, 0x31, 0x20, 0x6D, 0x6F, 0x6E, 0x73, 0x74, 0x65,
    0x72, 0x2E, 0x20, 0x45, 0x78, 0x63, 0x61, 0x76, 0x61, 0x74, 0x65, 0x23,
    0x30, 0x75, 0x6E, 0x74, 0x69, 0x6C, 0x20, 0x61, 0x20, 0x4E, 0x6F, 0x72,
    0x6D, 0x61, 0x6C, 0x20, 0x53, 0x75, 0x6D, 0x6D, 0x6F, 0x6E, 0x61, 0x62,
    0x6C, 0x65, 0x23, 0x30, 0x6D, 0x6F, 0x6E, 0x73, 0x74, 0x65, 0x72, 0x20,
    0x66, 0x6F, 0x75, 0x6E, 0x64, 0x2E, 0x20, 0x53, 0x70, 0x65, 0x63, 0x69,
    0x61, 0x6C, 0x23, 0x30, 0x53, 0x75, 0x6D, 0x6D, 0x6F, 0x6E, 0x20, 0x69,
    0x74, 0x2C, 0x20, 0x73, 0x65, 0x6E, 0x64, 0x20, 0x72, 0x65, 0x73, 0x74,
    0x20, 0x74, 0x6F, 0x20, 0x47, 0x59, 0x2E, 0x23, 0x31, 0x00,
};

const u8 gActivationDescription_MonsterRecovery_Popup1[] APPEND_TEXT = {
    0x23, 0x32, 0x23, 0x30, 0x77, 0x61, 0x73, 0x20, 0x61, 0x63, 0x74, 0x69,
    0x76, 0x61, 0x74, 0x65, 0x64, 0x2E, 0x23, 0x31, 0x54, 0x61, 0x72, 0x67,
    0x65, 0x74, 0x20, 0x31, 0x20, 0x6D, 0x6F, 0x6E, 0x73, 0x74, 0x65, 0x72,
    0x20, 0x79, 0x6F, 0x75, 0x20, 0x6F, 0x77, 0x6E, 0x2E, 0x23, 0x30, 0x53,
    0x68, 0x75, 0x66, 0x66, 0x6C, 0x65, 0x20, 0x69, 0x74, 0x20, 0x61, 0x6E,
    0x64, 0x20, 0x79, 0x6F, 0x75, 0x72, 0x20, 0x68, 0x61, 0x6E, 0x64, 0x23,
    0x30, 0x69, 0x6E, 0x74, 0x6F, 0x20, 0x44, 0x65, 0x63, 0x6B, 0x2E, 0x20,
    0x44, 0x72, 0x61, 0x77, 0x20, 0x65, 0x71, 0x75, 0x61, 0x6C, 0x20, 0x74,
    0x6F, 0x23, 0x31, 0x00,
};

const u8 gActivationDescription_MoraleBoost_Popup1[] APPEND_TEXT = {
    0x23, 0x32, 0x23, 0x30, 0x77, 0x61, 0x73, 0x20, 0x61, 0x63, 0x74, 0x69,
    0x76, 0x61, 0x74, 0x65, 0x64, 0x2E, 0x23, 0x31, 0x45, 0x71, 0x75, 0x69,
    0x70, 0x20, 0x53, 0x70, 0x65, 0x6C, 0x6C, 0x20, 0x65, 0x71, 0x75, 0x69,
    0x70, 0x70, 0x65, 0x64, 0x3A, 0x20, 0x67, 0x61, 0x69, 0x6E, 0x23, 0x30,
    0x31, 0x30, 0x30, 0x30, 0x20, 0x4C, 0x50, 0x2E, 0x20, 0x45, 0x71, 0x75,
    0x69, 0x70, 0x20, 0x53, 0x70, 0x65, 0x6C, 0x6C, 0x20, 0x6C, 0x65, 0x61,
    0x76, 0x65, 0x73, 0x23, 0x30, 0x66, 0x69, 0x65, 0x6C, 0x64, 0x3A, 0x20,
    0x74, 0x61, 0x6B, 0x65, 0x20, 0x31, 0x30, 0x30, 0x30, 0x20, 0x64, 0x61,
    0x6D, 0x61, 0x67, 0x65, 0x2E, 0x23, 0x31, 0x00,
};

const u8 gActivationDescription_MucusYolk_Popup1[] APPEND_TEXT = {
    0x23, 0x32, 0x23, 0x30, 0x77, 0x61, 0x73, 0x20, 0x61, 0x63, 0x74, 0x69,
    0x76, 0x61, 0x74, 0x65, 0x64, 0x2E, 0x23, 0x31, 0x54, 0x68, 0x69, 0x73,
    0x20, 0x63, 0x61, 0x72, 0x64, 0x20, 0x63, 0x61, 0x6E, 0x20, 0x61, 0x74,
    0x74, 0x61, 0x63, 0x6B, 0x20, 0x79, 0x6F, 0x75, 0x72, 0x23, 0x30, 0x6F,
    0x70, 0x70, 0x6F, 0x6E, 0x65, 0x6E, 0x74, 0x27, 0x73, 0x20, 0x4C, 0x69,
    0x66, 0x65, 0x20, 0x50, 0x6F, 0x69, 0x6E, 0x74, 0x73, 0x23, 0x30, 0x64,
    0x69, 0x72, 0x65, 0x63, 0x74, 0x6C, 0x79, 0x2E, 0x20, 0x45, 0x61, 0x63,
    0x68, 0x20, 0x74, 0x69, 0x6D, 0x65, 0x20, 0x74, 0x68, 0x69, 0x73, 0x23,
    0x30, 0x63, 0x61, 0x72, 0x64, 0x20, 0x69, 0x6E, 0x66, 0x6C, 0x69, 0x63,
    0x74, 0x73, 0x20, 0x42, 0x61, 0x74, 0x74, 0x6C, 0x65, 0x20, 0x44, 0x61,
    0x6D, 0x61, 0x67, 0x65, 0x23, 0x30, 0x74, 0x6F, 0x20, 0x79, 0x6F, 0x75,
    0x72, 0x20, 0x6F, 0x70, 0x70, 0x6F, 0x6E, 0x65, 0x6E, 0x74, 0x27, 0x73,
    0x23, 0x31, 0x00,
};

const u8 gActivationDescription_MystikWok_Popup1[] APPEND_TEXT = {
    0x23, 0x32, 0x23, 0x30, 0x77, 0x61, 0x73, 0x20, 0x61, 0x63, 0x74, 0x69,
    0x76, 0x61, 0x74, 0x65, 0x64, 0x2E, 0x23, 0x31, 0x54, 0x72, 0x69, 0x62,
    0x75, 0x74, 0x65, 0x20, 0x31, 0x20, 0x6D, 0x6F, 0x6E, 0x73, 0x74, 0x65,
    0x72, 0x2E, 0x20, 0x53, 0x65, 0x6C, 0x65, 0x63, 0x74, 0x23, 0x30, 0x65,
    0x69, 0x74, 0x68, 0x65, 0x72, 0x20, 0x69, 0x74, 0x73, 0x20, 0x41, 0x54,
    0x4B, 0x20, 0x6F, 0x72, 0x20, 0x44, 0x45, 0x46, 0x20, 0x61, 0x6E, 0x64,
    0x23, 0x30, 0x67, 0x61, 0x69, 0x6E, 0x20, 0x74, 0x68, 0x61, 0x74, 0x20,
    0x6D, 0x61, 0x6E, 0x79, 0x20, 0x4C, 0x69, 0x66, 0x65, 0x20, 0x50, 0x6F,
    0x69, 0x6E, 0x74, 0x73, 0x2E, 0x23, 0x31, 0x00,
};

const u8 gActivationDescription_Necrovalley_Popup1[] APPEND_TEXT = {
    0x23, 0x32, 0x23, 0x30, 0x77, 0x61, 0x73, 0x20, 0x61, 0x63, 0x74, 0x69,
    0x76, 0x61, 0x74, 0x65, 0x64, 0x2E, 0x23, 0x31, 0x41, 0x6C, 0x6C, 0x20,
    0x22, 0x47, 0x72, 0x61, 0x76, 0x65, 0x6B, 0x65, 0x65, 0x70, 0x65, 0x72,
    0x27, 0x73, 0x22, 0x23, 0x30, 0x6D, 0x6F, 0x6E, 0x73, 0x74, 0x65, 0x72,
    0x73, 0x20, 0x67, 0x61, 0x69, 0x6E, 0x20, 0x35, 0x30, 0x30, 0x20, 0x41,
    0x54, 0x4B, 0x20, 0x61, 0x6E, 0x64, 0x23, 0x30, 0x44, 0x45, 0x46, 0x2E,
    0x20, 0x43, 0x61, 0x72, 0x64, 0x73, 0x20, 0x69, 0x6E, 0x20, 0x74, 0x68,
    0x65, 0x20, 0x47, 0x72, 0x61, 0x76, 0x65, 0x79, 0x61, 0x72, 0x64, 0x23,
    0x30, 0x63, 0x61, 0x6E, 0x6E, 0x6F, 0x74, 0x20, 0x62, 0x65, 0x20, 0x62,
    0x61, 0x6E, 0x69, 0x73, 0x68, 0x65, 0x64, 0x2E, 0x20, 0x4E, 0x65, 0x67,
    0x61, 0x74, 0x65, 0x23, 0x30, 0x61, 0x6E, 0x79, 0x20, 0x63, 0x61, 0x72,
    0x64, 0x20, 0x65, 0x66, 0x66, 0x65, 0x63, 0x74, 0x20, 0x74, 0x68, 0x61,
    0x23, 0x31, 0x00,
};

const u8 gActivationDescription_NeedleWall_Popup1[] APPEND_TEXT = {
    0x23, 0x32, 0x23, 0x30, 0x77, 0x61, 0x73, 0x20, 0x61, 0x63, 0x74, 0x69,
    0x76, 0x61, 0x74, 0x65, 0x64, 0x2E, 0x23, 0x31, 0x4F, 0x6E, 0x63, 0x65,
    0x20, 0x70, 0x65, 0x72, 0x20, 0x74, 0x75, 0x72, 0x6E, 0x2C, 0x20, 0x64,
    0x75, 0x72, 0x69, 0x6E, 0x67, 0x20, 0x79, 0x6F, 0x75, 0x72, 0x23, 0x30,
    0x53, 0x74, 0x61, 0x6E, 0x64, 0x62, 0x79, 0x20, 0x50, 0x68, 0x61, 0x73,
    0x65, 0x3A, 0x20, 0x52, 0x6F, 0x6C, 0x6C, 0x20, 0x61, 0x23, 0x30, 0x73,
    0x69, 0x78, 0x2D, 0x73, 0x69, 0x64, 0x65, 0x64, 0x20, 0x64, 0x69, 0x65,
    0x2E, 0x20, 0x54, 0x72, 0x65, 0x61, 0x74, 0x20, 0x79, 0x6F, 0x75, 0x72,
    0x23, 0x30, 0x6F, 0x70, 0x70, 0x6F, 0x6E, 0x65, 0x6E, 0x74, 0x27, 0x73,
    0x20, 0x4D, 0x61, 0x69, 0x6E, 0x20, 0x4D, 0x6F, 0x6E, 0x73, 0x74, 0x65,
    0x72, 0x23, 0x30, 0x5A, 0x6F, 0x6E, 0x65, 0x73, 0x20, 0x61, 0x73, 0x20,
    0x6E, 0x75, 0x6D, 0x62, 0x65, 0x72, 0x73, 0x20, 0x31, 0x2D, 0x35, 0x2C,
    0x23, 0x31, 0x00,
};

const u8 gActivationDescription_NeosWiseman_Popup1[] APPEND_TEXT = {
    0x23, 0x32, 0x23, 0x30, 0x77, 0x61, 0x73, 0x20, 0x61, 0x63, 0x74, 0x69,
    0x76, 0x61, 0x74, 0x65, 0x64, 0x2E, 0x23, 0x31, 0x43, 0x61, 0x6E, 0x6E,
    0x6F, 0x74, 0x20, 0x62, 0x65, 0x20, 0x4E, 0x6F, 0x72, 0x6D, 0x61, 0x6C,
    0x20, 0x53, 0x75, 0x6D, 0x6D, 0x6F, 0x6E, 0x65, 0x64, 0x23, 0x30, 0x6F,
    0x72, 0x20, 0x53, 0x65, 0x74, 0x2E, 0x20, 0x4D, 0x75, 0x73, 0x74, 0x20,
    0x62, 0x65, 0x20, 0x53, 0x70, 0x65, 0x63, 0x69, 0x61, 0x6C, 0x23, 0x30,
    0x53, 0x75, 0x6D, 0x6D, 0x6F, 0x6E, 0x65, 0x64, 0x20, 0x28, 0x66, 0x72,
    0x6F, 0x6D, 0x20, 0x79, 0x6F, 0x75, 0x72, 0x20, 0x68, 0x61, 0x6E, 0x64,
    0x29, 0x23, 0x30, 0x62, 0x79, 0x20, 0x73, 0x65, 0x6E, 0x64, 0x69, 0x6E,
    0x67, 0x20, 0x31, 0x20, 0x66, 0x61, 0x63, 0x65, 0x2D, 0x75, 0x70, 0x23,
    0x30, 0x22, 0x45, 0x6C, 0x65, 0x6D, 0x65, 0x6E, 0x74, 0x61, 0x6C, 0x20,
    0x48, 0x45, 0x52, 0x4F, 0x20, 0x4E, 0x65, 0x6F, 0x73, 0x22, 0x20, 0x61,
    0x23, 0x31, 0x00,
};

const u8 gActivationDescription_NibiruThePrimalBeing_Popup1[] APPEND_TEXT = {
    0x23, 0x32, 0x23, 0x30, 0x77, 0x61, 0x73, 0x20, 0x61, 0x63, 0x74, 0x69,
    0x76, 0x61, 0x74, 0x65, 0x64, 0x2E, 0x23, 0x31, 0x44, 0x75, 0x72, 0x69,
    0x6E, 0x67, 0x20, 0x74, 0x68, 0x65, 0x20, 0x4D, 0x61, 0x69, 0x6E, 0x20,
    0x50, 0x68, 0x61, 0x73, 0x65, 0x2C, 0x20, 0x69, 0x66, 0x23, 0x30, 0x79,
    0x6F, 0x75, 0x72, 0x20, 0x6F, 0x70, 0x70, 0x6F, 0x6E, 0x65, 0x6E, 0x74,
    0x20, 0x4E, 0x6F, 0x72, 0x6D, 0x61, 0x6C, 0x20, 0x6F, 0x72, 0x23, 0x30,
    0x53, 0x70, 0x65, 0x63, 0x69, 0x61, 0x6C, 0x20, 0x53, 0x75, 0x6D, 0x6D,
    0x6F, 0x6E, 0x65, 0x64, 0x20, 0x35, 0x20, 0x6F, 0x72, 0x20, 0x6D, 0x6F,
    0x72, 0x65, 0x23, 0x30, 0x6D, 0x6F, 0x6E, 0x73, 0x74, 0x65, 0x72, 0x73,
    0x20, 0x74, 0x68, 0x69, 0x73, 0x20, 0x74, 0x75, 0x72, 0x6E, 0x20, 0x28,
    0x51, 0x75, 0x69, 0x63, 0x6B, 0x23, 0x30, 0x45, 0x66, 0x66, 0x65, 0x63,
    0x74, 0x29, 0x3A, 0x20, 0x59, 0x6F, 0x75, 0x20, 0x63, 0x61, 0x6E, 0x23,
    0x31, 0x00,
};

const u8 gActivationDescription_NuminousHealer_Popup1[] APPEND_TEXT = {
    0x23, 0x32, 0x23, 0x30, 0x77, 0x61, 0x73, 0x20, 0x61, 0x63, 0x74, 0x69,
    0x76, 0x61, 0x74, 0x65, 0x64, 0x2E, 0x23, 0x31, 0x59, 0x6F, 0x75, 0x20,
    0x63, 0x61, 0x6E, 0x20, 0x6F, 0x6E, 0x6C, 0x79, 0x20, 0x61, 0x63, 0x74,
    0x69, 0x76, 0x61, 0x74, 0x65, 0x20, 0x74, 0x68, 0x69, 0x73, 0x23, 0x30,
    0x63, 0x61, 0x72, 0x64, 0x20, 0x77, 0x68, 0x65, 0x6E, 0x20, 0x79, 0x6F,
    0x75, 0x20, 0x74, 0x61, 0x6B, 0x65, 0x20, 0x64, 0x61, 0x6D, 0x61, 0x67,
    0x65, 0x23, 0x30, 0x74, 0x6F, 0x20, 0x79, 0x6F, 0x75, 0x72, 0x20, 0x4C,
    0x69, 0x66, 0x65, 0x20, 0x50, 0x6F, 0x69, 0x6E, 0x74, 0x73, 0x2E, 0x23,
    0x30, 0x49, 0x6E, 0x63, 0x72, 0x65, 0x61, 0x73, 0x65, 0x20, 0x79, 0x6F,
    0x75, 0x72, 0x20, 0x4C, 0x69, 0x66, 0x65, 0x20, 0x50, 0x6F, 0x69, 0x6E,
    0x74, 0x73, 0x23, 0x30, 0x62, 0x79, 0x20, 0x31, 0x30, 0x30, 0x30, 0x20,
    0x70, 0x6F, 0x69, 0x6E, 0x74, 0x73, 0x2E, 0x20, 0x41, 0x6C, 0x73, 0x6F,
    0x23, 0x31, 0x00,
};

const u8 gActivationDescription_OrichalcosShunoros_Popup1[] APPEND_TEXT = {
    0x23, 0x32, 0x23, 0x30, 0x77, 0x61, 0x73, 0x20, 0x61, 0x63, 0x74, 0x69,
    0x76, 0x61, 0x74, 0x65, 0x64, 0x2E, 0x23, 0x31, 0x54, 0x68, 0x69, 0x73,
    0x20, 0x63, 0x61, 0x72, 0x64, 0x20, 0x63, 0x61, 0x6E, 0x6E, 0x6F, 0x74,
    0x20, 0x62, 0x65, 0x20, 0x4E, 0x6F, 0x72, 0x6D, 0x61, 0x6C, 0x23, 0x30,
    0x53, 0x75, 0x6D, 0x6D, 0x6F, 0x6E, 0x65, 0x64, 0x20, 0x6F, 0x72, 0x20,
    0x53, 0x65, 0x74, 0x2E, 0x20, 0x49, 0x66, 0x20, 0x61, 0x23, 0x30, 0x4E,
    0x6F, 0x72, 0x6D, 0x61, 0x6C, 0x20, 0x4D, 0x6F, 0x6E, 0x73, 0x74, 0x65,
    0x72, 0x20, 0x79, 0x6F, 0x75, 0x20, 0x63, 0x6F, 0x6E, 0x74, 0x72, 0x6F,
    0x6C, 0x23, 0x30, 0x69, 0x73, 0x20, 0x64, 0x65, 0x73, 0x74, 0x72, 0x6F,
    0x79, 0x65, 0x64, 0x20, 0x62, 0x79, 0x20, 0x62, 0x61, 0x74, 0x74, 0x6C,
    0x65, 0x2C, 0x20, 0x79, 0x6F, 0x75, 0x23, 0x30, 0x63, 0x61, 0x6E, 0x20,
    0x53, 0x70, 0x65, 0x63, 0x69, 0x61, 0x6C, 0x20, 0x53, 0x75, 0x6D, 0x6D,
    0x23, 0x31, 0x00,
};

const u8 gActivationDescription_OverDestiny_Popup1[] APPEND_TEXT = {
    0x23, 0x32, 0x23, 0x30, 0x77, 0x61, 0x73, 0x20, 0x61, 0x63, 0x74, 0x69,
    0x76, 0x61, 0x74, 0x65, 0x64, 0x2E, 0x23, 0x31, 0x54, 0x61, 0x72, 0x67,
    0x65, 0x74, 0x20, 0x31, 0x20, 0x44, 0x65, 0x73, 0x74, 0x69, 0x6E, 0x79,
    0x20, 0x48, 0x45, 0x52, 0x4F, 0x23, 0x30, 0x6D, 0x6F, 0x6E, 0x73, 0x74,
    0x65, 0x72, 0x20, 0x69, 0x6E, 0x20, 0x79, 0x6F, 0x75, 0x72, 0x20, 0x47,
    0x59, 0x3B, 0x20, 0x53, 0x70, 0x65, 0x63, 0x69, 0x61, 0x6C, 0x23, 0x30,
    0x53, 0x75, 0x6D, 0x6D, 0x6F, 0x6E, 0x20, 0x31, 0x20, 0x44, 0x65, 0x73,
    0x74, 0x69, 0x6E, 0x79, 0x20, 0x48, 0x45, 0x52, 0x4F, 0x23, 0x30, 0x6D,
    0x6F, 0x6E, 0x73, 0x74, 0x65, 0x72, 0x20, 0x66, 0x72, 0x6F, 0x6D, 0x20,
    0x79, 0x6F, 0x75, 0x72, 0x20, 0x44, 0x65, 0x63, 0x6B, 0x23, 0x30, 0x77,
    0x68, 0x6F, 0x73, 0x65, 0x20, 0x4C, 0x65, 0x76, 0x65, 0x6C, 0x20, 0x69,
    0x23, 0x31, 0x00,
};

const u8 gActivationDescription_PainfulChoice_Popup1[] APPEND_TEXT = {
    0x23, 0x32, 0x23, 0x30, 0x77, 0x61, 0x73, 0x20, 0x61, 0x63, 0x74, 0x69,
    0x76, 0x61, 0x74, 0x65, 0x64, 0x2E, 0x23, 0x31, 0x53, 0x65, 0x6C, 0x65,
    0x63, 0x74, 0x20, 0x35, 0x20, 0x63, 0x61, 0x72, 0x64, 0x73, 0x20, 0x66,
    0x72, 0x6F, 0x6D, 0x20, 0x79, 0x6F, 0x75, 0x72, 0x23, 0x30, 0x44, 0x65,
    0x63, 0x6B, 0x20, 0x61, 0x6E, 0x64, 0x20, 0x73, 0x68, 0x6F, 0x77, 0x20,
    0x74, 0x68, 0x65, 0x6D, 0x20, 0x74, 0x6F, 0x20, 0x79, 0x6F, 0x75, 0x72,
    0x23, 0x30, 0x6F, 0x70, 0x70, 0x6F, 0x6E, 0x65, 0x6E, 0x74, 0x2E, 0x20,
    0x59, 0x6F, 0x75, 0x72, 0x20, 0x6F, 0x70, 0x70, 0x6F, 0x6E, 0x65, 0x6E,
    0x74, 0x23, 0x30, 0x73, 0x65, 0x6C, 0x65, 0x63, 0x74, 0x73, 0x20, 0x31,
    0x20, 0x63, 0x61, 0x72, 0x64, 0x20, 0x61, 0x6D, 0x6F, 0x6E, 0x67, 0x20,
    0x74, 0x68, 0x65, 0x6D, 0x2E, 0x23, 0x30, 0x41, 0x64, 0x64, 0x20, 0x74,
    0x23, 0x31, 0x00,
};

const u8 gActivationDescription_Pandemonium_Popup1[] APPEND_TEXT = {
    0x23, 0x32, 0x23, 0x30, 0x77, 0x61, 0x73, 0x20, 0x61, 0x63, 0x74, 0x69,
    0x76, 0x61, 0x74, 0x65, 0x64, 0x2E, 0x23, 0x31, 0x4E, 0x65, 0x69, 0x74,
    0x68, 0x65, 0x72, 0x20, 0x70, 0x6C, 0x61, 0x79, 0x65, 0x72, 0x20, 0x68,
    0x61, 0x73, 0x20, 0x74, 0x6F, 0x20, 0x70, 0x61, 0x79, 0x23, 0x30, 0x4C,
    0x69, 0x66, 0x65, 0x20, 0x50, 0x6F, 0x69, 0x6E, 0x74, 0x73, 0x20, 0x64,
    0x75, 0x72, 0x69, 0x6E, 0x67, 0x20, 0x74, 0x68, 0x65, 0x23, 0x30, 0x53,
    0x74, 0x61, 0x6E, 0x64, 0x62, 0x79, 0x20, 0x50, 0x68, 0x61, 0x73, 0x65,
    0x20, 0x66, 0x6F, 0x72, 0x20, 0x41, 0x72, 0x63, 0x68, 0x66, 0x69, 0x65,
    0x6E, 0x64, 0x23, 0x30, 0x6D, 0x6F, 0x6E, 0x73, 0x74, 0x65, 0x72, 0x73,
    0x2E, 0x20, 0x45, 0x61, 0x63, 0x68, 0x20, 0x74, 0x69, 0x6D, 0x65, 0x20,
    0x61, 0x23, 0x30, 0x70, 0x6C, 0x61, 0x79, 0x65, 0x72, 0x73, 0x20, 0x41,
    0x23, 0x31, 0x00,
};

const u8 gActivationDescription_ParallelWorldFusion_Popup1[] APPEND_TEXT = {
    0x23, 0x32, 0x23, 0x30, 0x77, 0x61, 0x73, 0x20, 0x61, 0x63, 0x74, 0x69,
    0x76, 0x61, 0x74, 0x65, 0x64, 0x2E, 0x23, 0x31, 0x46, 0x75, 0x73, 0x69,
    0x6F, 0x6E, 0x20, 0x53, 0x75, 0x6D, 0x6D, 0x6F, 0x6E, 0x20, 0x31, 0x20,
    0x45, 0x6C, 0x65, 0x6D, 0x65, 0x6E, 0x74, 0x61, 0x6C, 0x23, 0x30, 0x48,
    0x45, 0x52, 0x4F, 0x20, 0x46, 0x75, 0x73, 0x69, 0x6F, 0x6E, 0x20, 0x4D,
    0x6F, 0x6E, 0x73, 0x74, 0x65, 0x72, 0x20, 0x66, 0x72, 0x6F, 0x6D, 0x23,
    0x30, 0x79, 0x6F, 0x75, 0x72, 0x20, 0x45, 0x78, 0x74, 0x72, 0x61, 0x20,
    0x44, 0x65, 0x63, 0x6B, 0x20, 0x62, 0x79, 0x23, 0x30, 0x73, 0x68, 0x75,
    0x66, 0x66, 0x6C, 0x69, 0x6E, 0x67, 0x20, 0x79, 0x6F, 0x75, 0x72, 0x20,
    0x62, 0x61, 0x6E, 0x69, 0x73, 0x68, 0x65, 0x64, 0x23, 0x30, 0x46, 0x75,
    0x73, 0x69, 0x6F, 0x6E, 0x20, 0x4D, 0x61, 0x74, 0x65, 0x72, 0x69, 0x61,
    0x23, 0x31, 0x00,
};

const u8 gActivationDescription_PhotonGeneratorUnit_Popup1[] APPEND_TEXT = {
    0x23, 0x32, 0x23, 0x30, 0x77, 0x61, 0x73, 0x20, 0x61, 0x63, 0x74, 0x69,
    0x76, 0x61, 0x74, 0x65, 0x64, 0x2E, 0x23, 0x31, 0x54, 0x72, 0x69, 0x62,
    0x75, 0x74, 0x65, 0x20, 0x32, 0x20, 0x43, 0x79, 0x62, 0x65, 0x72, 0x20,
    0x44, 0x72, 0x61, 0x67, 0x6F, 0x6E, 0x73, 0x2E, 0x23, 0x30, 0x53, 0x70,
    0x65, 0x63, 0x69, 0x61, 0x6C, 0x20, 0x53, 0x75, 0x6D, 0x6D, 0x6F, 0x6E,
    0x20, 0x31, 0x20, 0x43, 0x79, 0x62, 0x65, 0x72, 0x23, 0x30, 0x4C, 0x61,
    0x73, 0x65, 0x72, 0x20, 0x44, 0x72, 0x61, 0x67, 0x6F, 0x6E, 0x20, 0x66,
    0x72, 0x6F, 0x6D, 0x20, 0x79, 0x6F, 0x75, 0x72, 0x20, 0x68, 0x61, 0x6E,
    0x64, 0x23, 0x30, 0x44, 0x65, 0x63, 0x6B, 0x20, 0x6F, 0x72, 0x20, 0x47,
    0x72, 0x61, 0x76, 0x65, 0x79, 0x61, 0x72, 0x64, 0x2E, 0x23, 0x31, 0x00,
};

const u8 gActivationDescription_PoisonOfTheOldMan_Popup1[] APPEND_TEXT = {
    0x23, 0x32, 0x23, 0x30, 0x77, 0x61, 0x73, 0x20, 0x61, 0x63, 0x74, 0x69,
    0x76, 0x61, 0x74, 0x65, 0x64, 0x2E, 0x23, 0x31, 0x41, 0x63, 0x74, 0x69,
    0x76, 0x61, 0x74, 0x65, 0x20, 0x31, 0x20, 0x6F, 0x66, 0x20, 0x74, 0x68,
    0x65, 0x73, 0x65, 0x23, 0x30, 0x65, 0x66, 0x66, 0x65, 0x63, 0x74, 0x73,
    0x3A, 0x20, 0x47, 0x61, 0x69, 0x6E, 0x20, 0x31, 0x32, 0x30, 0x30, 0x20,
    0x4C, 0x50, 0x20, 0x6F, 0x72, 0x23, 0x30, 0x69, 0x6E, 0x66, 0x6C, 0x69,
    0x63, 0x74, 0x20, 0x38, 0x30, 0x30, 0x20, 0x64, 0x61, 0x6D, 0x61, 0x67,
    0x65, 0x20, 0x74, 0x6F, 0x20, 0x79, 0x6F, 0x75, 0x72, 0x23, 0x30, 0x6F,
    0x70, 0x70, 0x6F, 0x6E, 0x65, 0x6E, 0x74, 0x2E, 0x23, 0x31, 0x00,
};

const u8 gActivationDescription_ProtectorOfTheSanctuary_Popup1[] APPEND_TEXT = {
    0x23, 0x32, 0x23, 0x30, 0x77, 0x61, 0x73, 0x20, 0x61, 0x63, 0x74, 0x69,
    0x76, 0x61, 0x74, 0x65, 0x64, 0x2E, 0x23, 0x31, 0x59, 0x6F, 0x75, 0x72,
    0x20, 0x6F, 0x70, 0x70, 0x6F, 0x6E, 0x65, 0x6E, 0x74, 0x20, 0x63, 0x61,
    0x6E, 0x6E, 0x6F, 0x74, 0x20, 0x64, 0x72, 0x61, 0x77, 0x23, 0x30, 0x63,
    0x61, 0x72, 0x64, 0x73, 0x20, 0x65, 0x78, 0x63, 0x65, 0x70, 0x74, 0x20,
    0x64, 0x75, 0x72, 0x69, 0x6E, 0x67, 0x20, 0x44, 0x72, 0x61, 0x77, 0x23,
    0x30, 0x50, 0x68, 0x61, 0x73, 0x65, 0x73, 0x2E, 0x23, 0x31, 0x00,
};

const u8 gActivationDescription_RaigekiBreak_Popup1[] APPEND_TEXT = {
    0x23, 0x32, 0x23, 0x30, 0x77, 0x61, 0x73, 0x20, 0x61, 0x63, 0x74, 0x69,
    0x76, 0x61, 0x74, 0x65, 0x64, 0x2E, 0x23, 0x31, 0x44, 0x69, 0x73, 0x63,
    0x61, 0x72, 0x64, 0x20, 0x31, 0x20, 0x63, 0x61, 0x72, 0x64, 0x20, 0x74,
    0x68, 0x65, 0x6E, 0x20, 0x74, 0x61, 0x72, 0x67, 0x65, 0x74, 0x23, 0x30,
    0x31, 0x20, 0x63, 0x61, 0x72, 0x64, 0x20, 0x6F, 0x6E, 0x20, 0x74, 0x68,
    0x65, 0x20, 0x66, 0x69, 0x65, 0x6C, 0x64, 0x3B, 0x23, 0x30, 0x64, 0x65,
    0x73, 0x74, 0x72, 0x6F, 0x79, 0x20, 0x69, 0x74, 0x2E, 0x23, 0x31, 0x00,
};

const u8 gActivationDescription_Prophecy_Popup1[] APPEND_TEXT = {
    0x23, 0x32, 0x23, 0x30, 0x77, 0x61, 0x73, 0x20, 0x61, 0x63, 0x74, 0x69,
    0x76, 0x61, 0x74, 0x65, 0x64, 0x2E, 0x23, 0x31, 0x53, 0x65, 0x6C, 0x65,
    0x63, 0x74, 0x20, 0x31, 0x20, 0x72, 0x61, 0x6E, 0x64, 0x6F, 0x6D, 0x20,
    0x63, 0x61, 0x72, 0x64, 0x20, 0x69, 0x6E, 0x23, 0x30, 0x79, 0x6F, 0x75,
    0x72, 0x20, 0x6F, 0x70, 0x70, 0x6F, 0x6E, 0x65, 0x6E, 0x74, 0x73, 0x20,
    0x68, 0x61, 0x6E, 0x64, 0x20, 0x61, 0x6E, 0x64, 0x23, 0x30, 0x70, 0x72,
    0x65, 0x64, 0x69, 0x63, 0x74, 0x20, 0x77, 0x68, 0x65, 0x74, 0x68, 0x65,
    0x72, 0x20, 0x69, 0x74, 0x73, 0x20, 0x41, 0x54, 0x4B, 0x20, 0x69, 0x73,
    0x23, 0x30, 0x62, 0x69, 0x67, 0x67, 0x65, 0x72, 0x20, 0x6F, 0x72, 0x20,
    0x73, 0x6D, 0x61, 0x6C, 0x6C, 0x65, 0x72, 0x20, 0x74, 0x68, 0x61, 0x6E,
    0x23, 0x30, 0x32, 0x30, 0x30, 0x30, 0x2E, 0x20, 0x49, 0x66, 0x20, 0x79,
    0x23, 0x31, 0x00,
};

const u8 gActivationDescription_ReaperScytheDreadscythe_Popup1[] APPEND_TEXT = {
    0x23, 0x32, 0x23, 0x30, 0x77, 0x61, 0x73, 0x20, 0x61, 0x63, 0x74, 0x69,
    0x76, 0x61, 0x74, 0x65, 0x64, 0x2E, 0x23, 0x31, 0x45, 0x71, 0x75, 0x69,
    0x70, 0x20, 0x6F, 0x6E, 0x6C, 0x79, 0x20, 0x74, 0x6F, 0x20, 0x22, 0x47,
    0x75, 0x61, 0x72, 0x64, 0x69, 0x61, 0x6E, 0x23, 0x30, 0x44, 0x72, 0x65,
    0x61, 0x64, 0x73, 0x63, 0x79, 0x74, 0x68, 0x65, 0x22, 0x2E, 0x20, 0x49,
    0x74, 0x20, 0x67, 0x61, 0x69, 0x6E, 0x73, 0x20, 0x35, 0x30, 0x30, 0x23,
    0x30, 0x41, 0x54, 0x4B, 0x20, 0x66, 0x6F, 0x72, 0x20, 0x65, 0x61, 0x63,
    0x68, 0x20, 0x6D, 0x6F, 0x6E, 0x73, 0x74, 0x65, 0x72, 0x20, 0x69, 0x6E,
    0x20, 0x74, 0x68, 0x65, 0x23, 0x30, 0x47, 0x72, 0x61, 0x76, 0x65, 0x79,
    0x61, 0x72, 0x64, 0x73, 0x2E, 0x23, 0x31, 0x00,
};

const u8 gActivationDescription_RedEyesBlackDragonSword_Popup1[] APPEND_TEXT = {
    0x23, 0x32, 0x23, 0x30, 0x77, 0x61, 0x73, 0x20, 0x61, 0x63, 0x74, 0x69,
    0x76, 0x61, 0x74, 0x65, 0x64, 0x2E, 0x23, 0x31, 0x4D, 0x75, 0x73, 0x74,
    0x20, 0x62, 0x65, 0x20, 0x53, 0x70, 0x65, 0x63, 0x69, 0x61, 0x6C, 0x20,
    0x53, 0x75, 0x6D, 0x6D, 0x6F, 0x6E, 0x65, 0x64, 0x23, 0x30, 0x77, 0x69,
    0x74, 0x68, 0x20, 0x22, 0x54, 0x68, 0x65, 0x20, 0x43, 0x6C, 0x61, 0x77,
    0x20, 0x6F, 0x66, 0x20, 0x48, 0x65, 0x72, 0x6D, 0x6F, 0x73, 0x22, 0x2C,
    0x23, 0x30, 0x75, 0x73, 0x69, 0x6E, 0x67, 0x20, 0x61, 0x20, 0x44, 0x72,
    0x61, 0x67, 0x6F, 0x6E, 0x20, 0x6D, 0x6F, 0x6E, 0x73, 0x74, 0x65, 0x72,
    0x2E, 0x20, 0x49, 0x66, 0x23, 0x30, 0x74, 0x68, 0x69, 0x73, 0x20, 0x63,
    0x61, 0x72, 0x64, 0x20, 0x69, 0x73, 0x20, 0x53, 0x70, 0x65, 0x63, 0x69,
    0x61, 0x6C, 0x23, 0x30, 0x53, 0x75, 0x6D, 0x6D, 0x6F, 0x6E, 0x65, 0x64,
    0x3A, 0x23, 0x31, 0x00,
};

const u8 gActivationDescription_RedEyesDarkDragoon_Popup1[] APPEND_TEXT = {
    0x23, 0x32, 0x23, 0x30, 0x77, 0x61, 0x73, 0x20, 0x61, 0x63, 0x74, 0x69,
    0x76, 0x61, 0x74, 0x65, 0x64, 0x2E, 0x23, 0x31, 0x22, 0x44, 0x61, 0x72,
    0x6B, 0x20, 0x4D, 0x61, 0x67, 0x69, 0x63, 0x69, 0x61, 0x6E, 0x22, 0x20,
    0x2B, 0x20, 0x22, 0x52, 0x65, 0x64, 0x2D, 0x45, 0x79, 0x65, 0x73, 0x23,
    0x30, 0x42, 0x6C, 0x61, 0x63, 0x6B, 0x20, 0x44, 0x72, 0x61, 0x67, 0x6F,
    0x6E, 0x22, 0x20, 0x6F, 0x72, 0x20, 0x31, 0x20, 0x44, 0x72, 0x61, 0x67,
    0x6F, 0x6E, 0x23, 0x30, 0x45, 0x66, 0x66, 0x65, 0x63, 0x74, 0x20, 0x4D,
    0x6F, 0x6E, 0x73, 0x74, 0x65, 0x72, 0x23, 0x30, 0x43, 0x61, 0x6E, 0x6E,
    0x6F, 0x74, 0x20, 0x62, 0x65, 0x20, 0x64, 0x65, 0x73, 0x74, 0x72, 0x6F,
    0x79, 0x65, 0x64, 0x20, 0x62, 0x79, 0x20, 0x63, 0x61, 0x72, 0x64, 0x23,
    0x30, 0x65, 0x66, 0x66, 0x65, 0x63, 0x74, 0x73, 0x2E, 0x20, 0x4E, 0x65,
    0x69, 0x23, 0x31, 0x00,
};

const u8 gActivationDescription_RedEyesDarknessMetalDragon_Popup1[] APPEND_TEXT = {
    0x23, 0x32, 0x23, 0x30, 0x77, 0x61, 0x73, 0x20, 0x61, 0x63, 0x74, 0x69,
    0x76, 0x61, 0x74, 0x65, 0x64, 0x2E, 0x23, 0x31, 0x59, 0x6F, 0x75, 0x20,
    0x63, 0x61, 0x6E, 0x20, 0x53, 0x70, 0x65, 0x63, 0x69, 0x61, 0x6C, 0x20,
    0x53, 0x75, 0x6D, 0x6D, 0x6F, 0x6E, 0x20, 0x74, 0x68, 0x69, 0x73, 0x23,
    0x30, 0x63, 0x61, 0x72, 0x64, 0x20, 0x28, 0x66, 0x72, 0x6F, 0x6D, 0x20,
    0x79, 0x6F, 0x75, 0x72, 0x20, 0x68, 0x61, 0x6E, 0x64, 0x29, 0x20, 0x62,
    0x79, 0x23, 0x30, 0x62, 0x61, 0x6E, 0x69, 0x73, 0x68, 0x69, 0x6E, 0x67,
    0x20, 0x31, 0x20, 0x66, 0x61, 0x63, 0x65, 0x2D, 0x75, 0x70, 0x20, 0x44,
    0x72, 0x61, 0x67, 0x6F, 0x6E, 0x23, 0x30, 0x6D, 0x6F, 0x6E, 0x73, 0x74,
    0x65, 0x72, 0x20, 0x79, 0x6F, 0x75, 0x20, 0x63, 0x6F, 0x6E, 0x74, 0x72,
    0x6F, 0x6C, 0x2E, 0x20, 0x59, 0x6F, 0x75, 0x23, 0x30, 0x63, 0x61, 0x6E,
    0x20, 0x6F, 0x23, 0x31, 0x00,
};

const u8 gActivationDescription_RedEyesTransmigration_Popup1[] APPEND_TEXT = {
    0x23, 0x32, 0x23, 0x30, 0x77, 0x61, 0x73, 0x20, 0x61, 0x63, 0x74, 0x69,
    0x76, 0x61, 0x74, 0x65, 0x64, 0x2E, 0x23, 0x31, 0x54, 0x68, 0x69, 0x73,
    0x20, 0x63, 0x61, 0x72, 0x64, 0x20, 0x69, 0x73, 0x20, 0x75, 0x73, 0x65,
    0x64, 0x20, 0x74, 0x6F, 0x20, 0x52, 0x69, 0x74, 0x75, 0x61, 0x6C, 0x23,
    0x30, 0x53, 0x75, 0x6D, 0x6D, 0x6F, 0x6E, 0x20, 0x22, 0x4C, 0x6F, 0x72,
    0x64, 0x20, 0x6F, 0x66, 0x20, 0x74, 0x68, 0x65, 0x20, 0x52, 0x65, 0x64,
    0x22, 0x2E, 0x23, 0x30, 0x59, 0x6F, 0x75, 0x20, 0x6D, 0x75, 0x73, 0x74,
    0x20, 0x61, 0x6C, 0x73, 0x6F, 0x20, 0x54, 0x72, 0x69, 0x62, 0x75, 0x74,
    0x65, 0x23, 0x30, 0x6D, 0x6F, 0x6E, 0x73, 0x74, 0x65, 0x72, 0x73, 0x20,
    0x66, 0x72, 0x6F, 0x6D, 0x20, 0x79, 0x6F, 0x75, 0x72, 0x20, 0x68, 0x61,
    0x6E, 0x64, 0x20, 0x6F, 0x72, 0x23, 0x30, 0x66, 0x69, 0x65, 0x6C, 0x64,
    0x2C, 0x23, 0x31, 0x00,
};

const u8 gActivationDescription_RedGadget_Popup1[] APPEND_TEXT = {
    0x23, 0x32, 0x23, 0x30, 0x77, 0x61, 0x73, 0x20, 0x61, 0x63, 0x74, 0x69,
    0x76, 0x61, 0x74, 0x65, 0x64, 0x2E, 0x23, 0x31, 0x57, 0x68, 0x65, 0x6E,
    0x20, 0x74, 0x68, 0x69, 0x73, 0x20, 0x63, 0x61, 0x72, 0x64, 0x20, 0x69,
    0x73, 0x20, 0x4E, 0x6F, 0x72, 0x6D, 0x61, 0x6C, 0x20, 0x6F, 0x72, 0x23,
    0x30, 0x53, 0x70, 0x65, 0x63, 0x69, 0x61, 0x6C, 0x20, 0x53, 0x75, 0x6D,
    0x6D, 0x6F, 0x6E, 0x65, 0x64, 0x3A, 0x20, 0x59, 0x6F, 0x75, 0x20, 0x63,
    0x61, 0x6E, 0x23, 0x30, 0x61, 0x64, 0x64, 0x20, 0x31, 0x20, 0x22, 0x59,
    0x65, 0x6C, 0x6C, 0x6F, 0x77, 0x20, 0x47, 0x61, 0x64, 0x67, 0x65, 0x74,
    0x22, 0x20, 0x66, 0x72, 0x6F, 0x6D, 0x23, 0x30, 0x79, 0x6F, 0x75, 0x72,
    0x20, 0x44, 0x65, 0x63, 0x6B, 0x20, 0x74, 0x6F, 0x20, 0x79, 0x6F, 0x75,
    0x72, 0x20, 0x68, 0x61, 0x6E, 0x64, 0x2E, 0x23, 0x31, 0x00,
};

const u8 gActivationDescription_RelaySoul_Popup1[] APPEND_TEXT = {
    0x23, 0x32, 0x23, 0x30, 0x77, 0x61, 0x73, 0x20, 0x61, 0x63, 0x74, 0x69,
    0x76, 0x61, 0x74, 0x65, 0x64, 0x2E, 0x23, 0x31, 0x53, 0x70, 0x65, 0x63,
    0x69, 0x61, 0x6C, 0x20, 0x53, 0x75, 0x6D, 0x6D, 0x6F, 0x6E, 0x20, 0x31,
    0x20, 0x6D, 0x6F, 0x6E, 0x73, 0x74, 0x65, 0x72, 0x23, 0x30, 0x66, 0x72,
    0x6F, 0x6D, 0x20, 0x79, 0x6F, 0x75, 0x72, 0x20, 0x68, 0x61, 0x6E, 0x64,
    0x2E, 0x20, 0x57, 0x68, 0x69, 0x6C, 0x65, 0x20, 0x69, 0x74, 0x20, 0x69,
    0x73, 0x23, 0x30, 0x66, 0x61, 0x63, 0x65, 0x2D, 0x75, 0x70, 0x20, 0x6F,
    0x6E, 0x20, 0x79, 0x6F, 0x75, 0x72, 0x20, 0x73, 0x69, 0x64, 0x65, 0x20,
    0x6F, 0x66, 0x20, 0x74, 0x68, 0x65, 0x23, 0x30, 0x66, 0x69, 0x65, 0x6C,
    0x64, 0x2C, 0x20, 0x79, 0x6F, 0x75, 0x20, 0x74, 0x61, 0x6B, 0x65, 0x20,
    0x6E, 0x6F, 0x20, 0x64, 0x61, 0x6D, 0x61, 0x67, 0x65, 0x2E, 0x23, 0x30,
    0x57, 0x68, 0x23, 0x31, 0x00,
};

const u8 gActivationDescription_ReverseOfReverse_Popup1[] APPEND_TEXT = {
    0x23, 0x32, 0x23, 0x30, 0x77, 0x61, 0x73, 0x20, 0x61, 0x63, 0x74, 0x69,
    0x76, 0x61, 0x74, 0x65, 0x64, 0x2E, 0x23, 0x31, 0x41, 0x63, 0x74, 0x69,
    0x76, 0x61, 0x74, 0x65, 0x20, 0x6F, 0x6E, 0x6C, 0x79, 0x20, 0x77, 0x68,
    0x65, 0x6E, 0x20, 0x79, 0x6F, 0x75, 0x20, 0x68, 0x61, 0x76, 0x65, 0x23,
    0x30, 0x6E, 0x6F, 0x20, 0x63, 0x61, 0x72, 0x64, 0x73, 0x20, 0x69, 0x6E,
    0x20, 0x79, 0x6F, 0x75, 0x72, 0x20, 0x68, 0x61, 0x6E, 0x64, 0x20, 0x61,
    0x6E, 0x64, 0x23, 0x30, 0x74, 0x68, 0x69, 0x73, 0x20, 0x69, 0x73, 0x20,
    0x74, 0x68, 0x65, 0x20, 0x6F, 0x6E, 0x6C, 0x79, 0x20, 0x63, 0x61, 0x72,
    0x64, 0x20, 0x79, 0x6F, 0x75, 0x23, 0x30, 0x63, 0x6F, 0x6E, 0x74, 0x72,
    0x6F, 0x6C, 0x2E, 0x20, 0x41, 0x63, 0x74, 0x69, 0x76, 0x61, 0x74, 0x65,
    0x20, 0x79, 0x6F, 0x75, 0x72, 0x23, 0x30, 0x6F, 0x70, 0x70, 0x6F, 0x6E,
    0x65, 0x6E, 0x74, 0x27, 0x73, 0x20, 0x66, 0x61, 0x63, 0x65, 0x2D, 0x64,
    0x6F, 0x77, 0x6E, 0x23, 0x30, 0x53, 0x70, 0x65, 0x6C, 0x6C, 0x73, 0x2F,
    0x54, 0x72, 0x61, 0x70, 0x73, 0x2E, 0x23, 0x31, 0x00,
};

const u8 gActivationDescription_RocketHermosCannon_Popup1[] APPEND_TEXT = {
    0x23, 0x32, 0x23, 0x30, 0x77, 0x61, 0x73, 0x20, 0x61, 0x63, 0x74, 0x69,
    0x76, 0x61, 0x74, 0x65, 0x64, 0x2E, 0x23, 0x31, 0x4D, 0x75, 0x73, 0x74,
    0x20, 0x62, 0x65, 0x20, 0x53, 0x70, 0x65, 0x63, 0x69, 0x61, 0x6C, 0x20,
    0x53, 0x75, 0x6D, 0x6D, 0x6F, 0x6E, 0x65, 0x64, 0x23, 0x30, 0x77, 0x69,
    0x74, 0x68, 0x20, 0x22, 0x54, 0x68, 0x65, 0x20, 0x43, 0x6C, 0x61, 0x77,
    0x20, 0x6F, 0x66, 0x20, 0x48, 0x65, 0x72, 0x6D, 0x6F, 0x73, 0x22, 0x2C,
    0x23, 0x30, 0x75, 0x73, 0x69, 0x6E, 0x67, 0x20, 0x61, 0x20, 0x57, 0x61,
    0x72, 0x72, 0x69, 0x6F, 0x72, 0x20, 0x6D, 0x6F, 0x6E, 0x73, 0x74, 0x65,
    0x72, 0x2E, 0x20, 0x49, 0x66, 0x23, 0x30, 0x74, 0x68, 0x69, 0x73, 0x20,
    0x63, 0x61, 0x72, 0x64, 0x20, 0x69, 0x73, 0x20, 0x53, 0x70, 0x65, 0x63,
    0x69, 0x61, 0x6C, 0x23, 0x30, 0x53, 0x75, 0x6D, 0x6D, 0x6F, 0x6E, 0x65,
    0x64, 0x3A, 0x23, 0x31, 0x00,
};

const u8 gActivationDescription_RopeOfLife_Popup1[] APPEND_TEXT = {
    0x23, 0x32, 0x23, 0x30, 0x77, 0x61, 0x73, 0x20, 0x61, 0x63, 0x74, 0x69,
    0x76, 0x61, 0x74, 0x65, 0x64, 0x2E, 0x23, 0x31, 0x57, 0x68, 0x65, 0x6E,
    0x20, 0x61, 0x20, 0x6D, 0x6F, 0x6E, 0x73, 0x74, 0x65, 0x72, 0x28, 0x73,
    0x29, 0x20, 0x69, 0x73, 0x23, 0x30, 0x64, 0x65, 0x73, 0x74, 0x72, 0x6F,
    0x79, 0x65, 0x64, 0x20, 0x62, 0x79, 0x20, 0x62, 0x61, 0x74, 0x74, 0x6C,
    0x65, 0x20, 0x61, 0x6E, 0x64, 0x23, 0x30, 0x73, 0x65, 0x6E, 0x74, 0x20,
    0x74, 0x6F, 0x20, 0x79, 0x6F, 0x75, 0x72, 0x20, 0x47, 0x59, 0x3A, 0x20,
    0x44, 0x69, 0x73, 0x63, 0x61, 0x72, 0x64, 0x23, 0x30, 0x79, 0x6F, 0x75,
    0x72, 0x20, 0x65, 0x6E, 0x74, 0x69, 0x72, 0x65, 0x20, 0x68, 0x61, 0x6E,
    0x64, 0x20, 0x28, 0x6D, 0x69, 0x6E, 0x2E, 0x31, 0x29, 0x2C, 0x23, 0x30,
    0x74, 0x68, 0x65, 0x6E, 0x20, 0x74, 0x61, 0x72, 0x67, 0x65, 0x74, 0x20,
    0x31, 0x23, 0x31, 0x00,
};

const u8 gActivationDescription_RoyalMagicalLibrary_Popup1[] APPEND_TEXT = {
    0x23, 0x32, 0x23, 0x30, 0x77, 0x61, 0x73, 0x20, 0x61, 0x63, 0x74, 0x69,
    0x76, 0x61, 0x74, 0x65, 0x64, 0x2E, 0x23, 0x31, 0x45, 0x61, 0x63, 0x68,
    0x20, 0x74, 0x69, 0x6D, 0x65, 0x20, 0x61, 0x20, 0x53, 0x70, 0x65, 0x6C,
    0x6C, 0x20, 0x43, 0x61, 0x72, 0x64, 0x20, 0x69, 0x73, 0x23, 0x30, 0x61,
    0x63, 0x74, 0x69, 0x76, 0x61, 0x74, 0x65, 0x64, 0x2C, 0x20, 0x70, 0x6C,
    0x61, 0x63, 0x65, 0x20, 0x31, 0x20, 0x53, 0x70, 0x65, 0x6C, 0x6C, 0x23,
    0x30, 0x43, 0x6F, 0x75, 0x6E, 0x74, 0x65, 0x72, 0x20, 0x6F, 0x6E, 0x20,
    0x74, 0x68, 0x69, 0x73, 0x20, 0x63, 0x61, 0x72, 0x64, 0x20, 0x77, 0x68,
    0x65, 0x6E, 0x23, 0x30, 0x74, 0x68, 0x61, 0x74, 0x20, 0x53, 0x70, 0x65,
    0x6C, 0x6C, 0x20, 0x72, 0x65, 0x73, 0x6F, 0x6C, 0x76, 0x65, 0x73, 0x20,
    0x28, 0x6D, 0x61, 0x78, 0x2E, 0x23, 0x30, 0x33, 0x29, 0x2E, 0x20, 0x59,
    0x6F, 0x75, 0x20, 0x63, 0x61, 0x6E, 0x20, 0x72, 0x65, 0x6D, 0x6F, 0x76,
    0x23, 0x31, 0x00,
};

const u8 gActivationDescription_Scapegoat_Popup1[] APPEND_TEXT = {
    0x23, 0x32, 0x23, 0x30, 0x77, 0x61, 0x73, 0x20, 0x61, 0x63, 0x74, 0x69,
    0x76, 0x61, 0x74, 0x65, 0x64, 0x2E, 0x23, 0x31, 0x53, 0x70, 0x65, 0x63,
    0x69, 0x61, 0x6C, 0x20, 0x53, 0x75, 0x6D, 0x6D, 0x6F, 0x6E, 0x20, 0x34,
    0x20, 0x22, 0x53, 0x68, 0x65, 0x65, 0x70, 0x23, 0x30, 0x54, 0x6F, 0x6B,
    0x65, 0x6E, 0x73, 0x22, 0x20, 0x28, 0x42, 0x65, 0x61, 0x73, 0x74, 0x2F,
    0x45, 0x41, 0x52, 0x54, 0x48, 0x2F, 0x4C, 0x65, 0x76, 0x65, 0x6C, 0x23,
    0x30, 0x31, 0x2F, 0x41, 0x54, 0x4B, 0x20, 0x30, 0x2F, 0x44, 0x45, 0x46,
    0x20, 0x30, 0x29, 0x20, 0x69, 0x6E, 0x20, 0x44, 0x65, 0x66, 0x65, 0x6E,
    0x73, 0x65, 0x23, 0x30, 0x50, 0x6F, 0x73, 0x69, 0x74, 0x69, 0x6F, 0x6E,
    0x2E, 0x20, 0x54, 0x68, 0x65, 0x79, 0x20, 0x63, 0x61, 0x6E, 0x6E, 0x6F,
    0x74, 0x20, 0x62, 0x65, 0x23, 0x30, 0x54, 0x72, 0x69, 0x62, 0x75, 0x74,
    0x65, 0x64, 0x20, 0x66, 0x6F, 0x72, 0x20, 0x61, 0x20, 0x54, 0x72, 0x69,
    0x23, 0x31, 0x00,
};

const u8 gActivationDescription_SecondCoinToss_Popup1[] APPEND_TEXT = {
    0x23, 0x32, 0x23, 0x30, 0x77, 0x61, 0x73, 0x20, 0x61, 0x63, 0x74, 0x69,
    0x76, 0x61, 0x74, 0x65, 0x64, 0x2E, 0x23, 0x31, 0x57, 0x68, 0x65, 0x6E,
    0x20, 0x61, 0x20, 0x63, 0x6F, 0x69, 0x6E, 0x20, 0x74, 0x6F, 0x73, 0x73,
    0x20, 0x69, 0x73, 0x23, 0x30, 0x70, 0x65, 0x72, 0x66, 0x6F, 0x72, 0x6D,
    0x65, 0x64, 0x2C, 0x20, 0x79, 0x6F, 0x75, 0x20, 0x63, 0x61, 0x6E, 0x20,
    0x63, 0x68, 0x6F, 0x6F, 0x73, 0x65, 0x23, 0x30, 0x74, 0x6F, 0x20, 0x72,
    0x65, 0x64, 0x6F, 0x20, 0x74, 0x68, 0x65, 0x20, 0x63, 0x6F, 0x69, 0x6E,
    0x20, 0x74, 0x6F, 0x73, 0x73, 0x2E, 0x20, 0x28, 0x49, 0x66, 0x23, 0x30,
    0x74, 0x68, 0x65, 0x20, 0x74, 0x6F, 0x73, 0x73, 0x20, 0x69, 0x6E, 0x76,
    0x6F, 0x6C, 0x76, 0x65, 0x64, 0x20, 0x6D, 0x75, 0x6C, 0x74, 0x69, 0x70,
    0x6C, 0x65, 0x23, 0x30, 0x63, 0x6F, 0x69, 0x6E, 0x20, 0x66, 0x6C, 0x69,
    0x70, 0x73, 0x2C, 0x20, 0x72, 0x65, 0x64, 0x6F, 0x20, 0x61, 0x6C, 0x6C,
    0x23, 0x31, 0x00,
};

const u8 gActivationDescription_SecretVillageOfTheSpellcasters_Popup1[] APPEND_TEXT = {
    0x23, 0x32, 0x23, 0x30, 0x77, 0x61, 0x73, 0x20, 0x61, 0x63, 0x74, 0x69,
    0x76, 0x61, 0x74, 0x65, 0x64, 0x2E, 0x23, 0x31, 0x49, 0x66, 0x20, 0x6F,
    0x6E, 0x6C, 0x79, 0x20, 0x79, 0x6F, 0x75, 0x20, 0x63, 0x6F, 0x6E, 0x74,
    0x72, 0x6F, 0x6C, 0x20, 0x61, 0x23, 0x30, 0x53, 0x70, 0x65, 0x6C, 0x6C,
    0x63, 0x61, 0x73, 0x74, 0x65, 0x72, 0x20, 0x6D, 0x6F, 0x6E, 0x73, 0x74,
    0x65, 0x72, 0x2C, 0x20, 0x79, 0x6F, 0x75, 0x72, 0x23, 0x30, 0x6F, 0x70,
    0x70, 0x6F, 0x6E, 0x65, 0x6E, 0x74, 0x20, 0x63, 0x61, 0x6E, 0x6E, 0x6F,
    0x74, 0x20, 0x61, 0x63, 0x74, 0x69, 0x76, 0x61, 0x74, 0x65, 0x23, 0x30,
    0x53, 0x70, 0x65, 0x6C, 0x6C, 0x20, 0x43, 0x61, 0x72, 0x64, 0x73, 0x2E,
    0x20, 0x49, 0x66, 0x20, 0x79, 0x6F, 0x75, 0x20, 0x63, 0x6F, 0x6E, 0x74,
    0x72, 0x6F, 0x6C, 0x23, 0x30, 0x6E, 0x6F, 0x20, 0x53, 0x70, 0x65, 0x6C,
    0x6C, 0x63, 0x61, 0x73, 0x74, 0x65, 0x72, 0x20, 0x6D, 0x6F, 0x6E, 0x73,
    0x23, 0x31, 0x00,
};

const u8 gActivationDescription_ShareThePain_Popup1[] APPEND_TEXT = {
    0x23, 0x32, 0x23, 0x30, 0x77, 0x61, 0x73, 0x20, 0x61, 0x63, 0x74, 0x69,
    0x76, 0x61, 0x74, 0x65, 0x64, 0x2E, 0x23, 0x31, 0x54, 0x72, 0x69, 0x62,
    0x75, 0x74, 0x65, 0x20, 0x31, 0x20, 0x6D, 0x6F, 0x6E, 0x73, 0x74, 0x65,
    0x72, 0x3B, 0x20, 0x6D, 0x61, 0x6B, 0x65, 0x23, 0x30, 0x79, 0x6F, 0x75,
    0x72, 0x20, 0x6F, 0x70, 0x70, 0x6F, 0x6E, 0x65, 0x6E, 0x74, 0x20, 0x54,
    0x72, 0x69, 0x62, 0x75, 0x74, 0x65, 0x20, 0x31, 0x23, 0x30, 0x6D, 0x6F,
    0x6E, 0x73, 0x74, 0x65, 0x72, 0x20, 0x28, 0x66, 0x6F, 0x72, 0x20, 0x6E,
    0x6F, 0x20, 0x65, 0x66, 0x66, 0x65, 0x63, 0x74, 0x29, 0x2E, 0x23, 0x31,
    0x00,
};

const u8 gActivationDescription_SixthSense_Popup1[] APPEND_TEXT = {
    0x23, 0x32, 0x23, 0x30, 0x77, 0x61, 0x73, 0x20, 0x61, 0x63, 0x74, 0x69,
    0x76, 0x61, 0x74, 0x65, 0x64, 0x2E, 0x23, 0x31, 0x44, 0x65, 0x63, 0x6C,
    0x61, 0x72, 0x65, 0x20, 0x32, 0x20, 0x6E, 0x75, 0x6D, 0x62, 0x65, 0x72,
    0x73, 0x20, 0x66, 0x72, 0x6F, 0x6D, 0x20, 0x31, 0x20, 0x74, 0x6F, 0x23,
    0x30, 0x36, 0x2C, 0x20, 0x74, 0x68, 0x65, 0x6E, 0x20, 0x79, 0x6F, 0x75,
    0x72, 0x20, 0x6F, 0x70, 0x70, 0x6F, 0x6E, 0x65, 0x6E, 0x74, 0x20, 0x72,
    0x6F, 0x6C, 0x6C, 0x73, 0x23, 0x30, 0x61, 0x20, 0x73, 0x69, 0x78, 0x2D,
    0x73, 0x69, 0x64, 0x65, 0x64, 0x20, 0x64, 0x69, 0x65, 0x2C, 0x20, 0x61,
    0x6E, 0x64, 0x20, 0x69, 0x66, 0x20, 0x74, 0x68, 0x65, 0x23, 0x30, 0x72,
    0x65, 0x73, 0x75, 0x6C, 0x74, 0x20, 0x69, 0x73, 0x20, 0x6F, 0x6E, 0x65,
    0x20, 0x6F, 0x66, 0x20, 0x74, 0x68, 0x65, 0x23, 0x30, 0x6E, 0x75, 0x6D,
    0x62, 0x65, 0x72, 0x73, 0x20, 0x79, 0x6F, 0x75, 0x20, 0x64, 0x65, 0x63,
    0x23, 0x31, 0x00,
};

const u8 gActivationDescription_SkilledDarkMagician_Popup1[] APPEND_TEXT = {
    0x23, 0x32, 0x23, 0x30, 0x77, 0x61, 0x73, 0x20, 0x61, 0x63, 0x74, 0x69,
    0x76, 0x61, 0x74, 0x65, 0x64, 0x2E, 0x23, 0x31, 0x45, 0x61, 0x63, 0x68,
    0x20, 0x74, 0x69, 0x6D, 0x65, 0x20, 0x61, 0x20, 0x53, 0x70, 0x65, 0x6C,
    0x6C, 0x20, 0x43, 0x61, 0x72, 0x64, 0x20, 0x69, 0x73, 0x23, 0x30, 0x61,
    0x63, 0x74, 0x69, 0x76, 0x61, 0x74, 0x65, 0x64, 0x2C, 0x20, 0x70, 0x6C,
    0x61, 0x63, 0x65, 0x20, 0x31, 0x20, 0x53, 0x70, 0x65, 0x6C, 0x6C, 0x23,
    0x30, 0x43, 0x6F, 0x75, 0x6E, 0x74, 0x65, 0x72, 0x20, 0x6F, 0x6E, 0x20,
    0x74, 0x68, 0x69, 0x73, 0x20, 0x63, 0x61, 0x72, 0x64, 0x20, 0x77, 0x68,
    0x65, 0x6E, 0x23, 0x30, 0x74, 0x68, 0x61, 0x74, 0x20, 0x53, 0x70, 0x65,
    0x6C, 0x6C, 0x20, 0x72, 0x65, 0x73, 0x6F, 0x6C, 0x76, 0x65, 0x73, 0x20,
    0x28, 0x6D, 0x61, 0x78, 0x2E, 0x23, 0x30, 0x33, 0x29, 0x2E, 0x20, 0x59,
    0x6F, 0x75, 0x20, 0x63, 0x61, 0x6E, 0x20, 0x54, 0x72, 0x69, 0x62, 0x75,
    0x23, 0x31, 0x00,
};

const u8 gActivationDescription_SkilledWhiteMagician_Popup1[] APPEND_TEXT = {
    0x23, 0x32, 0x23, 0x30, 0x77, 0x61, 0x73, 0x20, 0x61, 0x63, 0x74, 0x69,
    0x76, 0x61, 0x74, 0x65, 0x64, 0x2E, 0x23, 0x31, 0x45, 0x61, 0x63, 0x68,
    0x20, 0x74, 0x69, 0x6D, 0x65, 0x20, 0x61, 0x20, 0x53, 0x70, 0x65, 0x6C,
    0x6C, 0x20, 0x43, 0x61, 0x72, 0x64, 0x20, 0x69, 0x73, 0x23, 0x30, 0x61,
    0x63, 0x74, 0x69, 0x76, 0x61, 0x74, 0x65, 0x64, 0x2C, 0x20, 0x70, 0x6C,
    0x61, 0x63, 0x65, 0x20, 0x31, 0x20, 0x53, 0x70, 0x65, 0x6C, 0x6C, 0x23,
    0x30, 0x43, 0x6F, 0x75, 0x6E, 0x74, 0x65, 0x72, 0x20, 0x6F, 0x6E, 0x20,
    0x74, 0x68, 0x69, 0x73, 0x20, 0x63, 0x61, 0x72, 0x64, 0x20, 0x77, 0x68,
    0x65, 0x6E, 0x23, 0x30, 0x74, 0x68, 0x61, 0x74, 0x20, 0x53, 0x70, 0x65,
    0x6C, 0x6C, 0x20, 0x43, 0x61, 0x72, 0x64, 0x20, 0x72, 0x65, 0x73, 0x6F,
    0x6C, 0x76, 0x65, 0x73, 0x23, 0x30, 0x28, 0x6D, 0x61, 0x78, 0x2E, 0x20,
    0x33, 0x29, 0x2E, 0x20, 0x59, 0x6F, 0x75, 0x20, 0x63, 0x61, 0x6E, 0x23,
    0x31, 0x00,
};

const u8 gActivationDescription_SolemnJudgment_Popup1[] APPEND_TEXT = {
    0x23, 0x32, 0x23, 0x30, 0x77, 0x61, 0x73, 0x20, 0x61, 0x63, 0x74, 0x69,
    0x76, 0x61, 0x74, 0x65, 0x64, 0x2E, 0x23, 0x31, 0x57, 0x68, 0x65, 0x6E,
    0x20, 0x61, 0x20, 0x6D, 0x6F, 0x6E, 0x73, 0x74, 0x65, 0x72, 0x28, 0x73,
    0x29, 0x20, 0x77, 0x6F, 0x75, 0x6C, 0x64, 0x20, 0x62, 0x65, 0x23, 0x30,
    0x53, 0x75, 0x6D, 0x6D, 0x6F, 0x6E, 0x65, 0x64, 0x2C, 0x20, 0x4F, 0x52,
    0x20, 0x61, 0x20, 0x53, 0x70, 0x65, 0x6C, 0x6C, 0x2F, 0x54, 0x72, 0x61,
    0x70, 0x23, 0x30, 0x43, 0x61, 0x72, 0x64, 0x20, 0x69, 0x73, 0x20, 0x61,
    0x63, 0x74, 0x69, 0x76, 0x61, 0x74, 0x65, 0x64, 0x3A, 0x20, 0x50, 0x61,
    0x79, 0x20, 0x68, 0x61, 0x6C, 0x66, 0x23, 0x30, 0x79, 0x6F, 0x75, 0x72,
    0x20, 0x4C, 0x50, 0x3B, 0x20, 0x6E, 0x65, 0x67, 0x61, 0x74, 0x65, 0x20,
    0x74, 0x68, 0x65, 0x20, 0x53, 0x75, 0x6D, 0x6D, 0x6F, 0x6E, 0x23, 0x30,
    0x6F, 0x72, 0x20, 0x61, 0x63, 0x74, 0x69, 0x76, 0x61, 0x74, 0x69, 0x6F,
    0x23, 0x31, 0x00,
};

const u8 gActivationDescription_SparkBlaster_Popup1[] APPEND_TEXT = {
    0x23, 0x32, 0x23, 0x30, 0x77, 0x61, 0x73, 0x20, 0x61, 0x63, 0x74, 0x69,
    0x76, 0x61, 0x74, 0x65, 0x64, 0x2E, 0x23, 0x31, 0x45, 0x71, 0x75, 0x69,
    0x70, 0x20, 0x6F, 0x6E, 0x6C, 0x79, 0x20, 0x74, 0x6F, 0x20, 0x22, 0x45,
    0x6C, 0x65, 0x6D, 0x65, 0x6E, 0x74, 0x61, 0x6C, 0x23, 0x30, 0x48, 0x45,
    0x52, 0x4F, 0x20, 0x53, 0x70, 0x61, 0x72, 0x6B, 0x6D, 0x61, 0x6E, 0x22,
    0x2E, 0x20, 0x44, 0x75, 0x72, 0x69, 0x6E, 0x67, 0x20, 0x79, 0x6F, 0x75,
    0x72, 0x23, 0x30, 0x4D, 0x61, 0x69, 0x6E, 0x20, 0x50, 0x68, 0x61, 0x73,
    0x65, 0x3A, 0x20, 0x59, 0x6F, 0x75, 0x20, 0x63, 0x61, 0x6E, 0x20, 0x74,
    0x61, 0x72, 0x67, 0x65, 0x74, 0x23, 0x30, 0x31, 0x20, 0x66, 0x61, 0x63,
    0x65, 0x2D, 0x75, 0x70, 0x20, 0x6D, 0x6F, 0x6E, 0x73, 0x74, 0x65, 0x72,
    0x3B, 0x20, 0x63, 0x68, 0x61, 0x6E, 0x67, 0x65, 0x23, 0x30, 0x74, 0x68,
    0x65, 0x20, 0x62, 0x61, 0x74, 0x74, 0x6C, 0x65, 0x20, 0x70, 0x6F, 0x73,
    0x23, 0x31, 0x00,
};

const u8 gActivationDescription_Skyscraper2HeroCity_Popup1[] APPEND_TEXT = {
    0x23, 0x32, 0x23, 0x30, 0x77, 0x61, 0x73, 0x20, 0x61, 0x63, 0x74, 0x69,
    0x76, 0x61, 0x74, 0x65, 0x64, 0x2E, 0x23, 0x31, 0x4F, 0x6E, 0x63, 0x65,
    0x20, 0x70, 0x65, 0x72, 0x20, 0x74, 0x75, 0x72, 0x6E, 0x2C, 0x20, 0x64,
    0x75, 0x72, 0x69, 0x6E, 0x67, 0x20, 0x79, 0x6F, 0x75, 0x72, 0x23, 0x30,
    0x4D, 0x61, 0x69, 0x6E, 0x20, 0x50, 0x68, 0x61, 0x73, 0x65, 0x2C, 0x20,
    0x69, 0x66, 0x20, 0x79, 0x6F, 0x75, 0x20, 0x63, 0x6F, 0x6E, 0x74, 0x72,
    0x6F, 0x6C, 0x23, 0x30, 0x74, 0x68, 0x69, 0x73, 0x20, 0x63, 0x61, 0x72,
    0x64, 0x3A, 0x20, 0x59, 0x6F, 0x75, 0x20, 0x63, 0x61, 0x6E, 0x20, 0x74,
    0x61, 0x72, 0x67, 0x65, 0x74, 0x20, 0x31, 0x23, 0x30, 0x22, 0x45, 0x6C,
    0x65, 0x6D, 0x65, 0x6E, 0x74, 0x61, 0x6C, 0x20, 0x48, 0x45, 0x52, 0x4F,
    0x22, 0x20, 0x6D, 0x6F, 0x6E, 0x73, 0x74, 0x65, 0x72, 0x20, 0x69, 0x6E,
    0x23, 0x30, 0x79, 0x6F, 0x75, 0x72, 0x20, 0x47, 0x72, 0x61, 0x76, 0x65,
    0x23, 0x31, 0x00,
};

const u8 gActivationDescription_SpellAbsorption_Popup1[] APPEND_TEXT = {
    0x23, 0x32, 0x23, 0x30, 0x77, 0x61, 0x73, 0x20, 0x61, 0x63, 0x74, 0x69,
    0x76, 0x61, 0x74, 0x65, 0x64, 0x2E, 0x23, 0x31, 0x45, 0x61, 0x63, 0x68,
    0x20, 0x74, 0x69, 0x6D, 0x65, 0x20, 0x61, 0x20, 0x53, 0x70, 0x65, 0x6C,
    0x6C, 0x20, 0x43, 0x61, 0x72, 0x64, 0x20, 0x69, 0x73, 0x23, 0x30, 0x61,
    0x63, 0x74, 0x69, 0x76, 0x61, 0x74, 0x65, 0x64, 0x2C, 0x20, 0x67, 0x61,
    0x69, 0x6E, 0x20, 0x35, 0x30, 0x30, 0x20, 0x4C, 0x50, 0x2E, 0x23, 0x31,
    0x00,
};

const u8 gActivationDescription_SphinxTeleia_Popup1[] APPEND_TEXT = {
    0x23, 0x32, 0x23, 0x30, 0x77, 0x61, 0x73, 0x20, 0x61, 0x63, 0x74, 0x69,
    0x76, 0x61, 0x74, 0x65, 0x64, 0x2E, 0x23, 0x31, 0x50, 0x61, 0x79, 0x20,
    0x35, 0x30, 0x30, 0x20, 0x4C, 0x50, 0x20, 0x74, 0x6F, 0x20, 0x53, 0x70,
    0x65, 0x63, 0x69, 0x61, 0x6C, 0x23, 0x30, 0x53, 0x75, 0x6D, 0x6D, 0x6F,
    0x6E, 0x20, 0x74, 0x68, 0x69, 0x73, 0x20, 0x63, 0x61, 0x72, 0x64, 0x20,
    0x69, 0x66, 0x20, 0x50, 0x79, 0x72, 0x61, 0x6D, 0x69, 0x64, 0x23, 0x30,
    0x6F, 0x66, 0x20, 0x4C, 0x69, 0x67, 0x68, 0x74, 0x20, 0x69, 0x73, 0x20,
    0x6F, 0x6E, 0x20, 0x66, 0x69, 0x65, 0x6C, 0x64, 0x2E, 0x23, 0x31, 0x00,
};

const u8 gActivationDescription_StatueOfTheWicked_Popup1[] APPEND_TEXT = {
    0x23, 0x32, 0x23, 0x30, 0x77, 0x61, 0x73, 0x20, 0x61, 0x63, 0x74, 0x69,
    0x76, 0x61, 0x74, 0x65, 0x64, 0x2E, 0x23, 0x31, 0x49, 0x66, 0x20, 0x74,
    0x68, 0x69, 0x73, 0x20, 0x53, 0x65, 0x74, 0x20, 0x63, 0x61, 0x72, 0x64,
    0x20, 0x69, 0x73, 0x23, 0x30, 0x64, 0x65, 0x73, 0x74, 0x72, 0x6F, 0x79,
    0x65, 0x64, 0x3A, 0x20, 0x53, 0x70, 0x65, 0x63, 0x69, 0x61, 0x6C, 0x20,
    0x53, 0x75, 0x6D, 0x6D, 0x6F, 0x6E, 0x20, 0x31, 0x23, 0x30, 0x57, 0x69,
    0x63, 0x6B, 0x65, 0x64, 0x20, 0x54, 0x6F, 0x6B, 0x65, 0x6E, 0x2E, 0x23,
    0x31, 0x00,
};

const u8 gActivationDescription_StaunchDefender_Popup1[] APPEND_TEXT = {
    0x23, 0x32, 0x23, 0x30, 0x77, 0x61, 0x73, 0x20, 0x61, 0x63, 0x74, 0x69,
    0x76, 0x61, 0x74, 0x65, 0x64, 0x2E, 0x23, 0x31, 0x57, 0x68, 0x65, 0x6E,
    0x20, 0x6F, 0x70, 0x70, 0x6F, 0x6E, 0x65, 0x6E, 0x74, 0x20, 0x64, 0x65,
    0x63, 0x6C, 0x61, 0x72, 0x65, 0x73, 0x23, 0x30, 0x61, 0x74, 0x74, 0x61,
    0x63, 0x6B, 0x3A, 0x20, 0x66, 0x6F, 0x72, 0x63, 0x65, 0x20, 0x74, 0x68,
    0x65, 0x6D, 0x20, 0x74, 0x6F, 0x23, 0x30, 0x61, 0x74, 0x74, 0x61, 0x63,
    0x6B, 0x20, 0x31, 0x20, 0x6D, 0x6F, 0x6E, 0x73, 0x74, 0x65, 0x72, 0x2E,
    0x23, 0x31, 0x00,
};

const u8 gActivationDescription_StrayLambs_Popup1[] APPEND_TEXT = {
    0x23, 0x32, 0x23, 0x30, 0x77, 0x61, 0x73, 0x20, 0x61, 0x63, 0x74, 0x69,
    0x76, 0x61, 0x74, 0x65, 0x64, 0x2E, 0x23, 0x31, 0x53, 0x70, 0x65, 0x63,
    0x69, 0x61, 0x6C, 0x20, 0x53, 0x75, 0x6D, 0x6D, 0x6F, 0x6E, 0x20, 0x32,
    0x20, 0x4C, 0x61, 0x6D, 0x62, 0x23, 0x30, 0x54, 0x6F, 0x6B, 0x65, 0x6E,
    0x73, 0x2E, 0x20, 0x43, 0x61, 0x6E, 0x6E, 0x6F, 0x74, 0x20, 0x53, 0x75,
    0x6D, 0x6D, 0x6F, 0x6E, 0x20, 0x6F, 0x74, 0x68, 0x65, 0x72, 0x23, 0x30,
    0x6D, 0x6F, 0x6E, 0x73, 0x74, 0x65, 0x72, 0x73, 0x20, 0x74, 0x68, 0x69,
    0x73, 0x20, 0x74, 0x75, 0x72, 0x6E, 0x2E, 0x23, 0x31, 0x00,
};

const u8 gActivationDescription_StrongholdTheMovingFortress_Popup1[] APPEND_TEXT = {
    0x23, 0x32, 0x23, 0x30, 0x77, 0x61, 0x73, 0x20, 0x61, 0x63, 0x74, 0x69,
    0x76, 0x61, 0x74, 0x65, 0x64, 0x2E, 0x23, 0x31, 0x53, 0x70, 0x65, 0x63,
    0x69, 0x61, 0x6C, 0x20, 0x53, 0x75, 0x6D, 0x6D, 0x6F, 0x6E, 0x20, 0x61,
    0x73, 0x20, 0x61, 0x20, 0x4D, 0x6F, 0x6E, 0x73, 0x74, 0x65, 0x72, 0x23,
    0x30, 0x28, 0x4D, 0x61, 0x63, 0x68, 0x69, 0x6E, 0x65, 0x2F, 0x34, 0x2F,
    0x30, 0x2F, 0x32, 0x30, 0x30, 0x30, 0x29, 0x2E, 0x20, 0x47, 0x61, 0x69,
    0x6E, 0x73, 0x23, 0x30, 0x33, 0x30, 0x30, 0x30, 0x20, 0x41, 0x54, 0x4B,
    0x20, 0x77, 0x69, 0x74, 0x68, 0x20, 0x47, 0x61, 0x64, 0x67, 0x65, 0x74,
    0x73, 0x2E, 0x23, 0x31, 0x00,
};

const u8 gActivationDescription_SummonerMonk_Popup1[] APPEND_TEXT = {
    0x23, 0x32, 0x23, 0x30, 0x77, 0x61, 0x73, 0x20, 0x61, 0x63, 0x74, 0x69,
    0x76, 0x61, 0x74, 0x65, 0x64, 0x2E, 0x23, 0x31, 0x44, 0x69, 0x73, 0x63,
    0x61, 0x72, 0x64, 0x20, 0x31, 0x20, 0x53, 0x70, 0x65, 0x6C, 0x6C, 0x3B,
    0x20, 0x53, 0x70, 0x65, 0x63, 0x69, 0x61, 0x6C, 0x23, 0x30, 0x53, 0x75,
    0x6D, 0x6D, 0x6F, 0x6E, 0x20, 0x31, 0x20, 0x4C, 0x65, 0x76, 0x65, 0x6C,
    0x20, 0x34, 0x20, 0x6D, 0x6F, 0x6E, 0x73, 0x74, 0x65, 0x72, 0x23, 0x30,
    0x66, 0x72, 0x6F, 0x6D, 0x20, 0x44, 0x65, 0x63, 0x6B, 0x2E, 0x23, 0x31,
    0x00,
};

const u8 gActivationDescription_SummonerOfIllusions_Popup1[] APPEND_TEXT = {
    0x23, 0x32, 0x23, 0x30, 0x77, 0x61, 0x73, 0x20, 0x61, 0x63, 0x74, 0x69,
    0x76, 0x61, 0x74, 0x65, 0x64, 0x2E, 0x23, 0x31, 0x46, 0x4C, 0x49, 0x50,
    0x3A, 0x20, 0x54, 0x72, 0x69, 0x62, 0x75, 0x74, 0x65, 0x20, 0x31, 0x20,
    0x6D, 0x6F, 0x6E, 0x73, 0x74, 0x65, 0x72, 0x3B, 0x23, 0x30, 0x46, 0x75,
    0x73, 0x69, 0x6F, 0x6E, 0x20, 0x53, 0x75, 0x6D, 0x6D, 0x6F, 0x6E, 0x20,
    0x31, 0x20, 0x46, 0x75, 0x73, 0x69, 0x6F, 0x6E, 0x23, 0x30, 0x4D, 0x6F,
    0x6E, 0x73, 0x74, 0x65, 0x72, 0x2E, 0x23, 0x31, 0x00,
};

const u8 gActivationDescription_SuperPolymerization_Popup1[] APPEND_TEXT = {
    0x23, 0x32, 0x23, 0x30, 0x77, 0x61, 0x73, 0x20, 0x61, 0x63, 0x74, 0x69,
    0x76, 0x61, 0x74, 0x65, 0x64, 0x2E, 0x23, 0x31, 0x44, 0x69, 0x73, 0x63,
    0x61, 0x72, 0x64, 0x20, 0x31, 0x3B, 0x20, 0x46, 0x75, 0x73, 0x69, 0x6F,
    0x6E, 0x20, 0x75, 0x73, 0x69, 0x6E, 0x67, 0x23, 0x30, 0x6D, 0x6F, 0x6E,
    0x73, 0x74, 0x65, 0x72, 0x73, 0x20, 0x66, 0x72, 0x6F, 0x6D, 0x20, 0x65,
    0x69, 0x74, 0x68, 0x65, 0x72, 0x20, 0x66, 0x69, 0x65, 0x6C, 0x64, 0x2E,
    0x23, 0x30, 0x4E, 0x6F, 0x20, 0x72, 0x65, 0x73, 0x70, 0x6F, 0x6E, 0x73,
    0x65, 0x2E, 0x23, 0x31, 0x00,
};

const u8 gActivationDescription_Terraforming_Popup1[] APPEND_TEXT = {
    0x23, 0x32, 0x23, 0x30, 0x77, 0x61, 0x73, 0x20, 0x61, 0x63, 0x74, 0x69,
    0x76, 0x61, 0x74, 0x65, 0x64, 0x2E, 0x23, 0x31, 0x41, 0x64, 0x64, 0x20,
    0x31, 0x20, 0x46, 0x69, 0x65, 0x6C, 0x64, 0x20, 0x53, 0x70, 0x65, 0x6C,
    0x6C, 0x20, 0x66, 0x72, 0x6F, 0x6D, 0x20, 0x79, 0x6F, 0x75, 0x72, 0x23,
    0x30, 0x44, 0x65, 0x63, 0x6B, 0x20, 0x74, 0x6F, 0x20, 0x79, 0x6F, 0x75,
    0x72, 0x20, 0x68, 0x61, 0x6E, 0x64, 0x2E, 0x23, 0x31, 0x00,
};

const u8 gActivationDescription_TheAForces_Popup1[] APPEND_TEXT = {
    0x23, 0x32, 0x23, 0x30, 0x77, 0x61, 0x73, 0x20, 0x61, 0x63, 0x74, 0x69,
    0x76, 0x61, 0x74, 0x65, 0x64, 0x2E, 0x23, 0x31, 0x41, 0x6C, 0x6C, 0x20,
    0x57, 0x61, 0x72, 0x72, 0x69, 0x6F, 0x72, 0x2D, 0x54, 0x79, 0x70, 0x65,
    0x20, 0x6D, 0x6F, 0x6E, 0x73, 0x74, 0x65, 0x72, 0x73, 0x23, 0x30, 0x79,
    0x6F, 0x75, 0x20, 0x63, 0x6F, 0x6E, 0x74, 0x72, 0x6F, 0x6C, 0x20, 0x67,
    0x61, 0x69, 0x6E, 0x20, 0x32, 0x30, 0x30, 0x20, 0x41, 0x54, 0x4B, 0x23,
    0x30, 0x66, 0x6F, 0x72, 0x20, 0x65, 0x61, 0x63, 0x68, 0x20, 0x57, 0x61,
    0x72, 0x72, 0x69, 0x6F, 0x72, 0x20, 0x6F, 0x72, 0x23, 0x30, 0x53, 0x70,
    0x65, 0x6C, 0x6C, 0x63, 0x61, 0x73, 0x74, 0x65, 0x72, 0x2D, 0x54, 0x79,
    0x70, 0x65, 0x20, 0x6D, 0x6F, 0x6E, 0x73, 0x74, 0x65, 0x72, 0x23, 0x30,
    0x79, 0x6F, 0x75, 0x20, 0x63, 0x6F, 0x6E, 0x74, 0x72, 0x6F, 0x6C, 0x2E,
    0x23, 0x31, 0x00,
};

const u8 gActivationDescription_TheAgentOfJudgmentSaturn_Popup1[] APPEND_TEXT = {
    0x23, 0x32, 0x23, 0x30, 0x77, 0x61, 0x73, 0x20, 0x61, 0x63, 0x74, 0x69,
    0x76, 0x61, 0x74, 0x65, 0x64, 0x2E, 0x23, 0x31, 0x57, 0x68, 0x69, 0x6C,
    0x65, 0x20, 0x79, 0x6F, 0x75, 0x72, 0x20, 0x4C, 0x69, 0x66, 0x65, 0x20,
    0x50, 0x6F, 0x69, 0x6E, 0x74, 0x73, 0x20, 0x61, 0x72, 0x65, 0x23, 0x30,
    0x68, 0x69, 0x67, 0x68, 0x65, 0x72, 0x20, 0x74, 0x68, 0x61, 0x6E, 0x20,
    0x79, 0x6F, 0x75, 0x72, 0x23, 0x30, 0x6F, 0x70, 0x70, 0x6F, 0x6E, 0x65,
    0x6E, 0x74, 0x27, 0x73, 0x2C, 0x20, 0x79, 0x6F, 0x75, 0x20, 0x63, 0x61,
    0x6E, 0x20, 0x54, 0x72, 0x69, 0x62, 0x75, 0x74, 0x65, 0x23, 0x30, 0x74,
    0x68, 0x69, 0x73, 0x20, 0x63, 0x61, 0x72, 0x64, 0x20, 0x74, 0x6F, 0x20,
    0x69, 0x6E, 0x66, 0x6C, 0x69, 0x63, 0x74, 0x20, 0x64, 0x61, 0x6D, 0x61,
    0x67, 0x65, 0x23, 0x30, 0x74, 0x6F, 0x20, 0x79, 0x6F, 0x75, 0x72, 0x20,
    0x6F, 0x70, 0x70, 0x6F, 0x6E, 0x65, 0x6E, 0x74, 0x20, 0x65, 0x71, 0x75,
    0x23, 0x31, 0x00,
};

const u8 gActivationDescription_TheAgentOfWisdomMercury_Popup1[] APPEND_TEXT = {
    0x23, 0x32, 0x23, 0x30, 0x77, 0x61, 0x73, 0x20, 0x61, 0x63, 0x74, 0x69,
    0x76, 0x61, 0x74, 0x65, 0x64, 0x2E, 0x23, 0x31, 0x44, 0x75, 0x72, 0x69,
    0x6E, 0x67, 0x20, 0x79, 0x6F, 0x75, 0x72, 0x20, 0x53, 0x74, 0x61, 0x6E,
    0x64, 0x62, 0x79, 0x20, 0x50, 0x68, 0x61, 0x73, 0x65, 0x2C, 0x23, 0x30,
    0x69, 0x66, 0x20, 0x79, 0x6F, 0x75, 0x20, 0x63, 0x6F, 0x6E, 0x74, 0x72,
    0x6F, 0x6C, 0x6C, 0x65, 0x64, 0x20, 0x74, 0x68, 0x69, 0x73, 0x23, 0x30,
    0x66, 0x61, 0x63, 0x65, 0x2D, 0x75, 0x70, 0x20, 0x63, 0x61, 0x72, 0x64,
    0x20, 0x61, 0x6E, 0x64, 0x20, 0x68, 0x61, 0x64, 0x20, 0x6E, 0x6F, 0x23,
    0x30, 0x63, 0x61, 0x72, 0x64, 0x73, 0x20, 0x69, 0x6E, 0x20, 0x79, 0x6F,
    0x75, 0x72, 0x20, 0x68, 0x61, 0x6E, 0x64, 0x20, 0x61, 0x74, 0x20, 0x74,
    0x68, 0x65, 0x23, 0x30, 0x65, 0x6E, 0x64, 0x20, 0x6F, 0x66, 0x20, 0x74,
    0x68, 0x65, 0x20, 0x6F, 0x70, 0x70, 0x6F, 0x6E, 0x65, 0x6E, 0x74, 0x27,
    0x23, 0x31, 0x00,
};

const u8 gActivationDescription_TheClawOfHermos_Popup1[] APPEND_TEXT = {
    0x23, 0x32, 0x23, 0x30, 0x77, 0x61, 0x73, 0x20, 0x61, 0x63, 0x74, 0x69,
    0x76, 0x61, 0x74, 0x65, 0x64, 0x2E, 0x23, 0x31, 0x28, 0x54, 0x68, 0x69,
    0x73, 0x20, 0x63, 0x61, 0x72, 0x64, 0x20, 0x69, 0x73, 0x20, 0x61, 0x6C,
    0x73, 0x6F, 0x20, 0x61, 0x6C, 0x77, 0x61, 0x79, 0x73, 0x23, 0x30, 0x74,
    0x72, 0x65, 0x61, 0x74, 0x65, 0x64, 0x20, 0x61, 0x73, 0x20, 0x22, 0x4C,
    0x65, 0x67, 0x65, 0x6E, 0x64, 0x61, 0x72, 0x79, 0x23, 0x30, 0x44, 0x72,
    0x61, 0x67, 0x6F, 0x6E, 0x20, 0x48, 0x65, 0x72, 0x6D, 0x6F, 0x73, 0x22,
    0x2E, 0x29, 0x23, 0x30, 0x53, 0x65, 0x6E, 0x64, 0x20, 0x31, 0x20, 0x6D,
    0x6F, 0x6E, 0x73, 0x74, 0x65, 0x72, 0x20, 0x66, 0x72, 0x6F, 0x6D, 0x20,
    0x79, 0x6F, 0x75, 0x72, 0x23, 0x30, 0x68, 0x61, 0x6E, 0x64, 0x20, 0x6F,
    0x72, 0x20, 0x66, 0x69, 0x65, 0x6C, 0x64, 0x20, 0x74, 0x6F, 0x20, 0x74,
    0x68, 0x65, 0x20, 0x47, 0x59, 0x2C, 0x20, 0x6F, 0x66, 0x23, 0x30, 0x74,
    0x23, 0x31, 0x00,
};

const u8 gActivationDescription_TheCreator_Popup1[] APPEND_TEXT = {
    0x23, 0x32, 0x23, 0x30, 0x77, 0x61, 0x73, 0x20, 0x61, 0x63, 0x74, 0x69,
    0x76, 0x61, 0x74, 0x65, 0x64, 0x2E, 0x23, 0x31, 0x43, 0x61, 0x6E, 0x6E,
    0x6F, 0x74, 0x20, 0x62, 0x65, 0x20, 0x53, 0x70, 0x65, 0x63, 0x69, 0x61,
    0x6C, 0x20, 0x53, 0x75, 0x6D, 0x6D, 0x6F, 0x6E, 0x65, 0x64, 0x23, 0x30,
    0x66, 0x72, 0x6F, 0x6D, 0x20, 0x74, 0x68, 0x65, 0x20, 0x47, 0x72, 0x61,
    0x76, 0x65, 0x79, 0x61, 0x72, 0x64, 0x2E, 0x20, 0x4F, 0x6E, 0x63, 0x65,
    0x23, 0x30, 0x70, 0x65, 0x72, 0x20, 0x74, 0x75, 0x72, 0x6E, 0x3A, 0x20,
    0x59, 0x6F, 0x75, 0x20, 0x63, 0x61, 0x6E, 0x20, 0x74, 0x61, 0x72, 0x67,
    0x65, 0x74, 0x20, 0x31, 0x23, 0x30, 0x6D, 0x6F, 0x6E, 0x73, 0x74, 0x65,
    0x72, 0x20, 0x69, 0x6E, 0x20, 0x79, 0x6F, 0x75, 0x72, 0x20, 0x47, 0x72,
    0x61, 0x76, 0x65, 0x79, 0x61, 0x72, 0x64, 0x3B, 0x23, 0x30, 0x73, 0x65,
    0x6E, 0x64, 0x20, 0x31, 0x20, 0x63, 0x61, 0x72, 0x64, 0x20, 0x66, 0x72,
    0x23, 0x31, 0x00,
};

const u8 gActivationDescription_TheCreatorIncarnate_Popup1[] APPEND_TEXT = {
    0x23, 0x32, 0x23, 0x30, 0x77, 0x61, 0x73, 0x20, 0x61, 0x63, 0x74, 0x69,
    0x76, 0x61, 0x74, 0x65, 0x64, 0x2E, 0x23, 0x31, 0x59, 0x6F, 0x75, 0x20,
    0x63, 0x61, 0x6E, 0x20, 0x54, 0x72, 0x69, 0x62, 0x75, 0x74, 0x65, 0x20,
    0x74, 0x68, 0x69, 0x73, 0x20, 0x63, 0x61, 0x72, 0x64, 0x3B, 0x23, 0x30,
    0x53, 0x70, 0x65, 0x63, 0x69, 0x61, 0x6C, 0x20, 0x53, 0x75, 0x6D, 0x6D,
    0x6F, 0x6E, 0x20, 0x31, 0x20, 0x22, 0x54, 0x68, 0x65, 0x23, 0x30, 0x43,
    0x72, 0x65, 0x61, 0x74, 0x6F, 0x72, 0x22, 0x20, 0x66, 0x72, 0x6F, 0x6D,
    0x20, 0x79, 0x6F, 0x75, 0x72, 0x20, 0x68, 0x61, 0x6E, 0x64, 0x2E, 0x23,
    0x31, 0x00,
};

const u8 gActivationDescription_TheEyeOfTimaeus_Popup1[] APPEND_TEXT = {
    0x23, 0x32, 0x23, 0x30, 0x77, 0x61, 0x73, 0x20, 0x61, 0x63, 0x74, 0x69,
    0x76, 0x61, 0x74, 0x65, 0x64, 0x2E, 0x23, 0x31, 0x28, 0x54, 0x68, 0x69,
    0x73, 0x20, 0x63, 0x61, 0x72, 0x64, 0x20, 0x69, 0x73, 0x20, 0x61, 0x6C,
    0x73, 0x6F, 0x20, 0x61, 0x6C, 0x77, 0x61, 0x79, 0x73, 0x23, 0x30, 0x74,
    0x72, 0x65, 0x61, 0x74, 0x65, 0x64, 0x20, 0x61, 0x73, 0x20, 0x22, 0x4C,
    0x65, 0x67, 0x65, 0x6E, 0x64, 0x61, 0x72, 0x79, 0x23, 0x30, 0x44, 0x72,
    0x61, 0x67, 0x6F, 0x6E, 0x20, 0x54, 0x69, 0x6D, 0x61, 0x65, 0x75, 0x73,
    0x22, 0x2E, 0x29, 0x23, 0x30, 0x54, 0x61, 0x72, 0x67, 0x65, 0x74, 0x20,
    0x31, 0x20, 0x22, 0x44, 0x61, 0x72, 0x6B, 0x20, 0x4D, 0x61, 0x67, 0x69,
    0x63, 0x69, 0x61, 0x6E, 0x22, 0x23, 0x30, 0x6D, 0x6F, 0x6E, 0x73, 0x74,
    0x65, 0x72, 0x20, 0x79, 0x6F, 0x75, 0x20, 0x63, 0x6F, 0x6E, 0x74, 0x72,
    0x6F, 0x6C, 0x3B, 0x20, 0x46, 0x75, 0x73, 0x69, 0x6F, 0x6E, 0x23, 0x30,
    0x53, 0x23, 0x31, 0x00,
};

const u8 gActivationDescription_TheFangOfCritias_Popup1[] APPEND_TEXT = {
    0x23, 0x32, 0x23, 0x30, 0x77, 0x61, 0x73, 0x20, 0x61, 0x63, 0x74, 0x69,
    0x76, 0x61, 0x74, 0x65, 0x64, 0x2E, 0x23, 0x31, 0x28, 0x54, 0x68, 0x69,
    0x73, 0x20, 0x63, 0x61, 0x72, 0x64, 0x20, 0x69, 0x73, 0x20, 0x61, 0x6C,
    0x73, 0x6F, 0x20, 0x61, 0x6C, 0x77, 0x61, 0x79, 0x73, 0x23, 0x30, 0x74,
    0x72, 0x65, 0x61, 0x74, 0x65, 0x64, 0x20, 0x61, 0x73, 0x20, 0x22, 0x4C,
    0x65, 0x67, 0x65, 0x6E, 0x64, 0x61, 0x72, 0x79, 0x23, 0x30, 0x44, 0x72,
    0x61, 0x67, 0x6F, 0x6E, 0x20, 0x43, 0x72, 0x69, 0x74, 0x69, 0x61, 0x73,
    0x22, 0x2E, 0x29, 0x23, 0x30, 0x53, 0x65, 0x6E, 0x64, 0x20, 0x31, 0x20,
    0x54, 0x72, 0x61, 0x70, 0x20, 0x66, 0x72, 0x6F, 0x6D, 0x20, 0x79, 0x6F,
    0x75, 0x72, 0x20, 0x68, 0x61, 0x6E, 0x64, 0x23, 0x30, 0x6F, 0x72, 0x20,
    0x66, 0x69, 0x65, 0x6C, 0x64, 0x20, 0x74, 0x6F, 0x20, 0x74, 0x68, 0x65,
    0x20, 0x47, 0x59, 0x2C, 0x20, 0x74, 0x68, 0x61, 0x74, 0x20, 0x69, 0x23,
    0x31, 0x00,
};

const u8 gActivationDescription_TheLawOfTheNormal_Popup1[] APPEND_TEXT = {
    0x23, 0x32, 0x23, 0x30, 0x77, 0x61, 0x73, 0x20, 0x61, 0x63, 0x74, 0x69,
    0x76, 0x61, 0x74, 0x65, 0x64, 0x2E, 0x23, 0x31, 0x59, 0x6F, 0x75, 0x20,
    0x63, 0x61, 0x6E, 0x20, 0x6F, 0x6E, 0x6C, 0x79, 0x20, 0x61, 0x63, 0x74,
    0x69, 0x76, 0x61, 0x74, 0x65, 0x20, 0x74, 0x68, 0x69, 0x73, 0x23, 0x30,
    0x63, 0x61, 0x72, 0x64, 0x20, 0x77, 0x68, 0x69, 0x6C, 0x65, 0x20, 0x74,
    0x68, 0x65, 0x72, 0x65, 0x20, 0x61, 0x72, 0x65, 0x20, 0x35, 0x23, 0x30,
    0x66, 0x61, 0x63, 0x65, 0x2D, 0x75, 0x70, 0x20, 0x4C, 0x65, 0x76, 0x65,
    0x6C, 0x20, 0x32, 0x20, 0x6F, 0x72, 0x20, 0x6C, 0x6F, 0x77, 0x65, 0x72,
    0x23, 0x30, 0x4E, 0x6F, 0x72, 0x6D, 0x61, 0x6C, 0x20, 0x4D, 0x6F, 0x6E,
    0x73, 0x74, 0x65, 0x72, 0x73, 0x20, 0x6F, 0x6E, 0x20, 0x79, 0x6F, 0x75,
    0x72, 0x23, 0x30, 0x73, 0x69, 0x64, 0x65, 0x20, 0x6F, 0x66, 0x20, 0x74,
    0x68, 0x65, 0x20, 0x66, 0x69, 0x65, 0x6C, 0x64, 0x2E, 0x20, 0x42, 0x6F,
    0x23, 0x31, 0x00,
};

const u8 gActivationDescription_TheLegendaryExodiaIncarnate_Popup1[] APPEND_TEXT = {
    0x23, 0x32, 0x23, 0x30, 0x77, 0x61, 0x73, 0x20, 0x61, 0x63, 0x74, 0x69,
    0x76, 0x61, 0x74, 0x65, 0x64, 0x2E, 0x23, 0x31, 0x43, 0x61, 0x6E, 0x6E,
    0x6F, 0x74, 0x20, 0x62, 0x65, 0x20, 0x4E, 0x6F, 0x72, 0x6D, 0x61, 0x6C,
    0x23, 0x30, 0x53, 0x75, 0x6D, 0x6D, 0x6F, 0x6E, 0x65, 0x64, 0x2F, 0x53,
    0x65, 0x74, 0x2E, 0x20, 0x4D, 0x75, 0x73, 0x74, 0x20, 0x62, 0x65, 0x23,
    0x30, 0x53, 0x70, 0x65, 0x63, 0x69, 0x61, 0x6C, 0x20, 0x53, 0x75, 0x6D,
    0x6D, 0x6F, 0x6E, 0x65, 0x64, 0x20, 0x28, 0x66, 0x72, 0x6F, 0x6D, 0x20,
    0x79, 0x6F, 0x75, 0x72, 0x23, 0x30, 0x68, 0x61, 0x6E, 0x64, 0x29, 0x20,
    0x62, 0x79, 0x20, 0x54, 0x72, 0x69, 0x62, 0x75, 0x74, 0x69, 0x6E, 0x67,
    0x20, 0x31, 0x23, 0x30, 0x22, 0x46, 0x6F, 0x72, 0x62, 0x69, 0x64, 0x64,
    0x65, 0x6E, 0x20, 0x4F, 0x6E, 0x65, 0x22, 0x20, 0x6D, 0x6F, 0x6E, 0x73,
    0x74, 0x65, 0x72, 0x2C, 0x23, 0x30, 0x61, 0x6E, 0x64, 0x20, 0x63, 0x61,
    0x6E, 0x23, 0x31, 0x00,
};

const u8 gActivationDescription_TheShallowGrave_Popup1[] APPEND_TEXT = {
    0x23, 0x32, 0x23, 0x30, 0x77, 0x61, 0x73, 0x20, 0x61, 0x63, 0x74, 0x69,
    0x76, 0x61, 0x74, 0x65, 0x64, 0x2E, 0x23, 0x31, 0x45, 0x61, 0x63, 0x68,
    0x20, 0x70, 0x6C, 0x61, 0x79, 0x65, 0x72, 0x20, 0x74, 0x61, 0x72, 0x67,
    0x65, 0x74, 0x73, 0x20, 0x31, 0x23, 0x30, 0x6D, 0x6F, 0x6E, 0x73, 0x74,
    0x65, 0x72, 0x20, 0x69, 0x6E, 0x20, 0x74, 0x68, 0x65, 0x69, 0x72, 0x20,
    0x6F, 0x77, 0x6E, 0x20, 0x47, 0x59, 0x3B, 0x23, 0x30, 0x65, 0x61, 0x63,
    0x68, 0x20, 0x70, 0x6C, 0x61, 0x79, 0x65, 0x72, 0x20, 0x53, 0x70, 0x65,
    0x63, 0x69, 0x61, 0x6C, 0x20, 0x53, 0x75, 0x6D, 0x6D, 0x6F, 0x6E, 0x73,
    0x23, 0x30, 0x74, 0x68, 0x65, 0x20, 0x74, 0x61, 0x72, 0x67, 0x65, 0x74,
    0x20, 0x66, 0x72, 0x6F, 0x6D, 0x20, 0x74, 0x68, 0x65, 0x69, 0x72, 0x20,
    0x47, 0x59, 0x20, 0x69, 0x6E, 0x23, 0x30, 0x66, 0x61, 0x63, 0x65, 0x2D,
    0x64, 0x6F, 0x77, 0x6E, 0x20, 0x44, 0x65, 0x66, 0x65, 0x6E, 0x73, 0x65,
    0x23, 0x31, 0x00,
};

const u8 gActivationDescription_TheinenTheGreatSphinx_Popup1[] APPEND_TEXT = {
    0x23, 0x32, 0x23, 0x30, 0x77, 0x61, 0x73, 0x20, 0x61, 0x63, 0x74, 0x69,
    0x76, 0x61, 0x74, 0x65, 0x64, 0x2E, 0x23, 0x31, 0x54, 0x68, 0x69, 0x73,
    0x20, 0x63, 0x61, 0x72, 0x64, 0x20, 0x63, 0x61, 0x6E, 0x6E, 0x6F, 0x74,
    0x20, 0x62, 0x65, 0x20, 0x4E, 0x6F, 0x72, 0x6D, 0x61, 0x6C, 0x23, 0x30,
    0x53, 0x75, 0x6D, 0x6D, 0x6F, 0x6E, 0x65, 0x64, 0x20, 0x6F, 0x72, 0x20,
    0x53, 0x65, 0x74, 0x2E, 0x20, 0x54, 0x68, 0x69, 0x73, 0x20, 0x63, 0x61,
    0x72, 0x64, 0x23, 0x30, 0x63, 0x61, 0x6E, 0x6E, 0x6F, 0x74, 0x20, 0x62,
    0x65, 0x20, 0x53, 0x70, 0x65, 0x63, 0x69, 0x61, 0x6C, 0x20, 0x53, 0x75,
    0x6D, 0x6D, 0x6F, 0x6E, 0x65, 0x64, 0x23, 0x30, 0x65, 0x78, 0x63, 0x65,
    0x70, 0x74, 0x20, 0x62, 0x79, 0x20, 0x70, 0x61, 0x79, 0x69, 0x6E, 0x67,
    0x20, 0x35, 0x30, 0x30, 0x20, 0x4C, 0x69, 0x66, 0x65, 0x23, 0x30, 0x50,
    0x6F, 0x69, 0x6E, 0x74, 0x73, 0x20, 0x77, 0x68, 0x65, 0x6E, 0x20, 0x62,
    0x23, 0x31, 0x00,
};

const u8 gActivationDescription_ThestalosTheFirestormMonarch_Popup1[] APPEND_TEXT = {
    0x23, 0x32, 0x23, 0x30, 0x77, 0x61, 0x73, 0x20, 0x61, 0x63, 0x74, 0x69,
    0x76, 0x61, 0x74, 0x65, 0x64, 0x2E, 0x23, 0x31, 0x49, 0x66, 0x20, 0x74,
    0x68, 0x69, 0x73, 0x20, 0x63, 0x61, 0x72, 0x64, 0x20, 0x69, 0x73, 0x20,
    0x54, 0x72, 0x69, 0x62, 0x75, 0x74, 0x65, 0x23, 0x30, 0x53, 0x75, 0x6D,
    0x6D, 0x6F, 0x6E, 0x65, 0x64, 0x3A, 0x20, 0x44, 0x69, 0x73, 0x63, 0x61,
    0x72, 0x64, 0x20, 0x31, 0x20, 0x72, 0x61, 0x6E, 0x64, 0x6F, 0x6D, 0x23,
    0x30, 0x63, 0x61, 0x72, 0x64, 0x20, 0x66, 0x72, 0x6F, 0x6D, 0x20, 0x79,
    0x6F, 0x75, 0x72, 0x20, 0x6F, 0x70, 0x70, 0x6F, 0x6E, 0x65, 0x6E, 0x74,
    0x27, 0x73, 0x23, 0x30, 0x68, 0x61, 0x6E, 0x64, 0x2C, 0x20, 0x74, 0x68,
    0x65, 0x6E, 0x2C, 0x20, 0x69, 0x66, 0x20, 0x69, 0x74, 0x20, 0x77, 0x61,
    0x73, 0x20, 0x61, 0x23, 0x30, 0x4D, 0x6F, 0x6E, 0x73, 0x74, 0x65, 0x72,
    0x20, 0x43, 0x61, 0x72, 0x64, 0x2C, 0x20, 0x69, 0x6E, 0x66, 0x6C, 0x69,
    0x23, 0x31, 0x00,
};

const u8 gActivationDescription_TornadoWall_Popup1[] APPEND_TEXT = {
    0x23, 0x32, 0x23, 0x30, 0x77, 0x61, 0x73, 0x20, 0x61, 0x63, 0x74, 0x69,
    0x76, 0x61, 0x74, 0x65, 0x64, 0x2E, 0x23, 0x31, 0x41, 0x63, 0x74, 0x69,
    0x76, 0x61, 0x74, 0x65, 0x20, 0x6F, 0x6E, 0x6C, 0x79, 0x20, 0x77, 0x68,
    0x69, 0x6C, 0x65, 0x20, 0x22, 0x55, 0x6D, 0x69, 0x22, 0x23, 0x30, 0x69,
    0x73, 0x20, 0x6F, 0x6E, 0x20, 0x74, 0x68, 0x65, 0x20, 0x66, 0x69, 0x65,
    0x6C, 0x64, 0x2E, 0x20, 0x57, 0x68, 0x69, 0x6C, 0x65, 0x23, 0x30, 0x22,
    0x55, 0x6D, 0x69, 0x22, 0x20, 0x69, 0x73, 0x20, 0x66, 0x61, 0x63, 0x65,
    0x2D, 0x75, 0x70, 0x20, 0x6F, 0x6E, 0x20, 0x74, 0x68, 0x65, 0x23, 0x30,
    0x66, 0x69, 0x65, 0x6C, 0x64, 0x2C, 0x20, 0x79, 0x6F, 0x75, 0x20, 0x74,
    0x61, 0x6B, 0x65, 0x20, 0x6E, 0x6F, 0x20, 0x42, 0x61, 0x74, 0x74, 0x6C,
    0x65, 0x23, 0x30, 0x44, 0x61, 0x6D, 0x61, 0x67, 0x65, 0x20, 0x66, 0x72,
    0x6F, 0x6D, 0x20, 0x61, 0x74, 0x74, 0x61, 0x63, 0x6B, 0x69, 0x6E, 0x67,
    0x23, 0x31, 0x00,
};

const u8 gActivationDescription_ToonWorld_Popup1[] APPEND_TEXT = {
    0x23, 0x32, 0x23, 0x30, 0x77, 0x61, 0x73, 0x20, 0x61, 0x63, 0x74, 0x69,
    0x76, 0x61, 0x74, 0x65, 0x64, 0x2E, 0x23, 0x31, 0x41, 0x63, 0x74, 0x69,
    0x76, 0x61, 0x74, 0x65, 0x20, 0x74, 0x68, 0x69, 0x73, 0x20, 0x63, 0x61,
    0x72, 0x64, 0x20, 0x62, 0x79, 0x23, 0x30, 0x70, 0x61, 0x79, 0x69, 0x6E,
    0x67, 0x20, 0x31, 0x30, 0x30, 0x30, 0x20, 0x4C, 0x50, 0x2E, 0x23, 0x31,
    0x00,
};

const u8 gActivationDescription_TornadoBird_Popup1[] APPEND_TEXT = {
    0x23, 0x32, 0x23, 0x30, 0x77, 0x61, 0x73, 0x20, 0x61, 0x63, 0x74, 0x69,
    0x76, 0x61, 0x74, 0x65, 0x64, 0x2E, 0x23, 0x31, 0x46, 0x4C, 0x49, 0x50,
    0x3A, 0x20, 0x52, 0x65, 0x74, 0x75, 0x72, 0x6E, 0x20, 0x32, 0x20, 0x53,
    0x70, 0x65, 0x6C, 0x6C, 0x20, 0x6F, 0x72, 0x23, 0x30, 0x54, 0x72, 0x61,
    0x70, 0x20, 0x43, 0x61, 0x72, 0x64, 0x73, 0x20, 0x6F, 0x6E, 0x20, 0x74,
    0x68, 0x65, 0x20, 0x66, 0x69, 0x65, 0x6C, 0x64, 0x20, 0x74, 0x6F, 0x23,
    0x30, 0x74, 0x68, 0x65, 0x69, 0x72, 0x20, 0x6F, 0x77, 0x6E, 0x65, 0x72,
    0x73, 0x27, 0x20, 0x68, 0x61, 0x6E, 0x64, 0x73, 0x2E, 0x23, 0x31, 0x00,
};

const u8 gActivationDescription_TrapDustshoot_Popup1[] APPEND_TEXT = {
    0x23, 0x32, 0x23, 0x30, 0x77, 0x61, 0x73, 0x20, 0x61, 0x63, 0x74, 0x69,
    0x76, 0x61, 0x74, 0x65, 0x64, 0x2E, 0x23, 0x31, 0x41, 0x63, 0x74, 0x69,
    0x76, 0x61, 0x74, 0x65, 0x20, 0x6F, 0x6E, 0x6C, 0x79, 0x20, 0x69, 0x66,
    0x20, 0x79, 0x6F, 0x75, 0x72, 0x23, 0x30, 0x6F, 0x70, 0x70, 0x6F, 0x6E,
    0x65, 0x6E, 0x74, 0x20, 0x68, 0x61, 0x73, 0x20, 0x34, 0x20, 0x6F, 0x72,
    0x20, 0x6D, 0x6F, 0x72, 0x65, 0x23, 0x30, 0x63, 0x61, 0x72, 0x64, 0x73,
    0x20, 0x69, 0x6E, 0x20, 0x74, 0x68, 0x65, 0x69, 0x72, 0x20, 0x68, 0x61,
    0x6E, 0x64, 0x2E, 0x20, 0x4C, 0x6F, 0x6F, 0x6B, 0x23, 0x30, 0x61, 0x74,
    0x20, 0x79, 0x6F, 0x75, 0x72, 0x20, 0x6F, 0x70, 0x70, 0x6F, 0x6E, 0x65,
    0x6E, 0x74, 0x27, 0x73, 0x20, 0x68, 0x61, 0x6E, 0x64, 0x2C, 0x23, 0x30,
    0x73, 0x65, 0x6C, 0x65, 0x63, 0x74, 0x20, 0x31, 0x20, 0x4D, 0x6F, 0x6E,
    0x73, 0x74, 0x65, 0x72, 0x20, 0x43, 0x61, 0x72, 0x64, 0x20, 0x69, 0x6E,
    0x23, 0x31, 0x00,
};

const u8 gActivationDescription_TyrantWing_Popup1[] APPEND_TEXT = {
    0x23, 0x32, 0x23, 0x30, 0x77, 0x61, 0x73, 0x20, 0x61, 0x63, 0x74, 0x69,
    0x76, 0x61, 0x74, 0x65, 0x64, 0x2E, 0x23, 0x31, 0x54, 0x61, 0x72, 0x67,
    0x65, 0x74, 0x20, 0x31, 0x20, 0x44, 0x72, 0x61, 0x67, 0x6F, 0x6E, 0x20,
    0x6D, 0x6F, 0x6E, 0x73, 0x74, 0x65, 0x72, 0x20, 0x6F, 0x6E, 0x23, 0x30,
    0x74, 0x68, 0x65, 0x20, 0x66, 0x69, 0x65, 0x6C, 0x64, 0x3B, 0x20, 0x65,
    0x71, 0x75, 0x69, 0x70, 0x20, 0x74, 0x68, 0x69, 0x73, 0x20, 0x63, 0x61,
    0x72, 0x64, 0x23, 0x30, 0x74, 0x6F, 0x20, 0x69, 0x74, 0x2E, 0x20, 0x49,
    0x74, 0x20, 0x67, 0x61, 0x69, 0x6E, 0x73, 0x20, 0x34, 0x30, 0x30, 0x23,
    0x30, 0x41, 0x54, 0x4B, 0x2F, 0x44, 0x45, 0x46, 0x2C, 0x20, 0x61, 0x6C,
    0x73, 0x6F, 0x20, 0x69, 0x74, 0x20, 0x63, 0x61, 0x6E, 0x20, 0x6D, 0x61,
    0x6B, 0x65, 0x23, 0x30, 0x75, 0x70, 0x20, 0x74, 0x6F, 0x20, 0x32, 0x20,
    0x61, 0x74, 0x74, 0x61, 0x63, 0x6B, 0x73, 0x20, 0x6F, 0x6E, 0x20, 0x6D,
    0x23, 0x31, 0x00,
};

const u8 gActivationDescription_UltimateConductorTyranno_Popup1[] APPEND_TEXT = {
    0x23, 0x32, 0x23, 0x30, 0x77, 0x61, 0x73, 0x20, 0x61, 0x63, 0x74, 0x69,
    0x76, 0x61, 0x74, 0x65, 0x64, 0x2E, 0x23, 0x31, 0x43, 0x61, 0x6E, 0x6E,
    0x6F, 0x74, 0x20, 0x62, 0x65, 0x20, 0x4E, 0x6F, 0x72, 0x6D, 0x61, 0x6C,
    0x23, 0x30, 0x53, 0x75, 0x6D, 0x6D, 0x6F, 0x6E, 0x65, 0x64, 0x2F, 0x53,
    0x65, 0x74, 0x2E, 0x20, 0x4D, 0x75, 0x73, 0x74, 0x20, 0x66, 0x69, 0x72,
    0x73, 0x74, 0x20, 0x62, 0x65, 0x23, 0x30, 0x53, 0x70, 0x65, 0x63, 0x69,
    0x61, 0x6C, 0x20, 0x53, 0x75, 0x6D, 0x6D, 0x6F, 0x6E, 0x65, 0x64, 0x20,
    0x28, 0x66, 0x72, 0x6F, 0x6D, 0x20, 0x79, 0x6F, 0x75, 0x72, 0x23, 0x30,
    0x68, 0x61, 0x6E, 0x64, 0x29, 0x20, 0x62, 0x79, 0x20, 0x62, 0x61, 0x6E,
    0x69, 0x73, 0x68, 0x69, 0x6E, 0x67, 0x20, 0x32, 0x23, 0x30, 0x44, 0x69,
    0x6E, 0x6F, 0x73, 0x61, 0x75, 0x72, 0x2D, 0x54, 0x79, 0x70, 0x65, 0x20,
    0x6D, 0x6F, 0x6E, 0x73, 0x74, 0x65, 0x72, 0x73, 0x20, 0x66, 0x72, 0x6F,
    0x23, 0x31, 0x00,
};

const u8 gActivationDescription_UltimateObedientFiend_Popup1[] APPEND_TEXT = {
    0x23, 0x32, 0x23, 0x30, 0x77, 0x61, 0x73, 0x20, 0x61, 0x63, 0x74, 0x69,
    0x76, 0x61, 0x74, 0x65, 0x64, 0x2E, 0x23, 0x31, 0x54, 0x68, 0x69, 0x73,
    0x20, 0x63, 0x61, 0x72, 0x64, 0x20, 0x63, 0x61, 0x6E, 0x20, 0x6F, 0x6E,
    0x6C, 0x79, 0x20, 0x61, 0x74, 0x74, 0x61, 0x63, 0x6B, 0x23, 0x30, 0x69,
    0x66, 0x20, 0x74, 0x68, 0x69, 0x73, 0x20, 0x63, 0x61, 0x72, 0x64, 0x20,
    0x69, 0x73, 0x20, 0x74, 0x68, 0x65, 0x20, 0x6F, 0x6E, 0x6C, 0x79, 0x23,
    0x30, 0x63, 0x61, 0x72, 0x64, 0x20, 0x6F, 0x6E, 0x20, 0x79, 0x6F, 0x75,
    0x72, 0x20, 0x73, 0x69, 0x64, 0x65, 0x20, 0x6F, 0x66, 0x20, 0x74, 0x68,
    0x65, 0x23, 0x30, 0x66, 0x69, 0x65, 0x6C, 0x64, 0x20, 0x61, 0x6E, 0x64,
    0x20, 0x69, 0x66, 0x20, 0x79, 0x6F, 0x75, 0x20, 0x61, 0x6C, 0x73, 0x6F,
    0x20, 0x68, 0x61, 0x76, 0x65, 0x23, 0x30, 0x6E, 0x6F, 0x20, 0x63, 0x61,
    0x72, 0x64, 0x73, 0x20, 0x69, 0x6E, 0x20, 0x79, 0x6F, 0x75, 0x72, 0x23,
    0x31, 0x00,
};

const u8 gActivationDescription_VisionFusion_Popup1[] APPEND_TEXT = {
    0x23, 0x32, 0x23, 0x30, 0x77, 0x61, 0x73, 0x20, 0x61, 0x63, 0x74, 0x69,
    0x76, 0x61, 0x74, 0x65, 0x64, 0x2E, 0x23, 0x31, 0x46, 0x75, 0x73, 0x69,
    0x6F, 0x6E, 0x20, 0x53, 0x75, 0x6D, 0x6D, 0x6F, 0x6E, 0x20, 0x31, 0x20,
    0x22, 0x48, 0x45, 0x52, 0x4F, 0x22, 0x23, 0x30, 0x46, 0x75, 0x73, 0x69,
    0x6F, 0x6E, 0x20, 0x4D, 0x6F, 0x6E, 0x73, 0x74, 0x65, 0x72, 0x20, 0x66,
    0x72, 0x6F, 0x6D, 0x20, 0x79, 0x6F, 0x75, 0x72, 0x23, 0x30, 0x45, 0x78,
    0x74, 0x72, 0x61, 0x20, 0x44, 0x65, 0x63, 0x6B, 0x2C, 0x20, 0x75, 0x73,
    0x69, 0x6E, 0x67, 0x20, 0x6D, 0x6F, 0x6E, 0x73, 0x74, 0x65, 0x72, 0x73,
    0x23, 0x30, 0x66, 0x72, 0x6F, 0x6D, 0x20, 0x79, 0x6F, 0x75, 0x72, 0x20,
    0x68, 0x61, 0x6E, 0x64, 0x20, 0x6F, 0x72, 0x20, 0x66, 0x69, 0x65, 0x6C,
    0x64, 0x20, 0x61, 0x73, 0x23, 0x30, 0x46, 0x75, 0x73, 0x69, 0x6F, 0x6E,
    0x20, 0x4D, 0x61, 0x74, 0x65, 0x72, 0x69, 0x61, 0x6C, 0x2E, 0x20, 0x59,
    0x23, 0x31, 0x00,
};

const u8 gActivationDescription_VisionHeroFaris_Popup1[] APPEND_TEXT = {
    0x23, 0x32, 0x23, 0x30, 0x77, 0x61, 0x73, 0x20, 0x61, 0x63, 0x74, 0x69,
    0x76, 0x61, 0x74, 0x65, 0x64, 0x2E, 0x23, 0x31, 0x59, 0x6F, 0x75, 0x20,
    0x63, 0x61, 0x6E, 0x20, 0x64, 0x69, 0x73, 0x63, 0x61, 0x72, 0x64, 0x20,
    0x31, 0x20, 0x6F, 0x74, 0x68, 0x65, 0x72, 0x23, 0x30, 0x22, 0x48, 0x45,
    0x52, 0x4F, 0x22, 0x20, 0x6D, 0x6F, 0x6E, 0x73, 0x74, 0x65, 0x72, 0x3B,
    0x20, 0x53, 0x70, 0x65, 0x63, 0x69, 0x61, 0x6C, 0x23, 0x30, 0x53, 0x75,
    0x6D, 0x6D, 0x6F, 0x6E, 0x20, 0x74, 0x68, 0x69, 0x73, 0x20, 0x63, 0x61,
    0x72, 0x64, 0x20, 0x66, 0x72, 0x6F, 0x6D, 0x20, 0x79, 0x6F, 0x75, 0x72,
    0x23, 0x30, 0x68, 0x61, 0x6E, 0x64, 0x2E, 0x20, 0x49, 0x66, 0x20, 0x74,
    0x68, 0x69, 0x73, 0x20, 0x63, 0x61, 0x72, 0x64, 0x20, 0x69, 0x73, 0x23,
    0x30, 0x4E, 0x6F, 0x72, 0x6D, 0x61, 0x6C, 0x20, 0x6F, 0x72, 0x20, 0x53,
    0x70, 0x65, 0x63, 0x69, 0x61, 0x6C, 0x20, 0x53, 0x75, 0x6D, 0x6D, 0x6F,
    0x23, 0x31, 0x00,
};

const u8 gActivationDescription_VisionHeroGravito_Popup1[] APPEND_TEXT = {
    0x23, 0x32, 0x23, 0x30, 0x77, 0x61, 0x73, 0x20, 0x61, 0x63, 0x74, 0x69,
    0x76, 0x61, 0x74, 0x65, 0x64, 0x2E, 0x23, 0x31, 0x49, 0x66, 0x20, 0x74,
    0x68, 0x69, 0x73, 0x20, 0x63, 0x61, 0x72, 0x64, 0x20, 0x69, 0x73, 0x20,
    0x4E, 0x6F, 0x72, 0x6D, 0x61, 0x6C, 0x20, 0x6F, 0x72, 0x23, 0x30, 0x53,
    0x70, 0x65, 0x63, 0x69, 0x61, 0x6C, 0x20, 0x53, 0x75, 0x6D, 0x6D, 0x6F,
    0x6E, 0x65, 0x64, 0x3A, 0x20, 0x59, 0x6F, 0x75, 0x20, 0x63, 0x61, 0x6E,
    0x23, 0x30, 0x74, 0x61, 0x72, 0x67, 0x65, 0x74, 0x20, 0x31, 0x20, 0x6F,
    0x66, 0x20, 0x79, 0x6F, 0x75, 0x72, 0x20, 0x62, 0x61, 0x6E, 0x69, 0x73,
    0x68, 0x65, 0x64, 0x23, 0x30, 0x22, 0x48, 0x45, 0x52, 0x4F, 0x22, 0x20,
    0x6D, 0x6F, 0x6E, 0x73, 0x74, 0x65, 0x72, 0x73, 0x3B, 0x20, 0x61, 0x64,
    0x64, 0x20, 0x69, 0x74, 0x20, 0x74, 0x6F, 0x23, 0x30, 0x79, 0x6F, 0x75,
    0x72, 0x20, 0x68, 0x61, 0x6E, 0x64, 0x2E, 0x20, 0x59, 0x6F, 0x75, 0x23,
    0x31, 0x00,
};

const u8 gActivationDescription_VisionHeroIncrease_Popup1[] APPEND_TEXT = {
    0x23, 0x32, 0x23, 0x30, 0x77, 0x61, 0x73, 0x20, 0x61, 0x63, 0x74, 0x69,
    0x76, 0x61, 0x74, 0x65, 0x64, 0x2E, 0x23, 0x31, 0x49, 0x66, 0x20, 0x79,
    0x6F, 0x75, 0x20, 0x74, 0x61, 0x6B, 0x65, 0x20, 0x62, 0x61, 0x74, 0x74,
    0x6C, 0x65, 0x20, 0x6F, 0x72, 0x23, 0x30, 0x65, 0x66, 0x66, 0x65, 0x63,
    0x74, 0x20, 0x64, 0x61, 0x6D, 0x61, 0x67, 0x65, 0x20, 0x77, 0x68, 0x69,
    0x6C, 0x65, 0x20, 0x74, 0x68, 0x69, 0x73, 0x23, 0x30, 0x63, 0x61, 0x72,
    0x64, 0x20, 0x69, 0x73, 0x20, 0x69, 0x6E, 0x20, 0x79, 0x6F, 0x75, 0x72,
    0x20, 0x47, 0x59, 0x3A, 0x20, 0x59, 0x6F, 0x75, 0x20, 0x63, 0x61, 0x6E,
    0x23, 0x30, 0x70, 0x6C, 0x61, 0x63, 0x65, 0x20, 0x74, 0x68, 0x69, 0x73,
    0x20, 0x63, 0x61, 0x72, 0x64, 0x20, 0x66, 0x72, 0x6F, 0x6D, 0x20, 0x79,
    0x6F, 0x75, 0x72, 0x23, 0x30, 0x47, 0x59, 0x20, 0x69, 0x6E, 0x20, 0x79,
    0x6F, 0x75, 0x72, 0x20, 0x53, 0x70, 0x65, 0x6C, 0x6C, 0x20, 0x26, 0x23,
    0x31, 0x00,
};
