/* Generated by tools/generate_cg_assets.py. Do not edit. */

const u8 sCgTest1Tiles[] APPEND_ASSET __attribute__((aligned(4))) = {
    0x10, 0x00, 0x96, 0x00, 0x27, 0x21, 0x21, 0xB0, 0x01, 0x20, 0x20, 0x30,
    0x05, 0xF0, 0x01, 0xB0, 0x01, 0xFF, 0xD0, 0x37, 0x70, 0x3F, 0xF0, 0x01,
    0xF0, 0x01, 0xF0, 0x3F, 0xC0, 0x3F, 0xF0, 0x47, 0xF0, 0x3F, 0xFB, 0xF0,
    0x01, 0xF0, 0x47, 0xF0, 0x01, 0xF0, 0x3F, 0x90, 0x01, 0x75, 0x10, 0x38,
    0x00, 0x07, 0x7C, 0x7A, 0x50, 0x23, 0x50, 0x2A, 0xF0, 0x3F, 0x30, 0x13,
    0x10, 0x33, 0x7A, 0x37, 0x25, 0x8C, 0x8C, 0x00, 0x03, 0x65, 0x65, 0x00,
    0x01, 0x8C, 0x30, 0x06, 0x33, 0x65, 0x20, 0x40, 0x10, 0x00, 0x25, 0x7A,
    0x37, 0x10, 0x0F, 0x00, 0xD2, 0x19, 0x82, 0x7A, 0x8C, 0x00, 0x07, 0x10,
    0x01, 0x75, 0x7A, 0x20, 0x3F, 0x9C, 0x00, 0x03, 0x8C, 0x8C, 0x30, 0x01,
    0x30, 0x35, 0x20, 0x07, 0x37, 0x37, 0x10, 0x37, 0x7A, 0x7A, 0x10, 0x0C,
    0x37, 0x4F, 0x4F, 0x4F, 0xB3, 0x30, 0x16, 0x37, 0x10, 0x0F, 0x90, 0x5E,
    0x65, 0x75, 0x60, 0x31, 0x90, 0x01, 0x86, 0x00, 0x39, 0x43, 0x43, 0x43,
    0x43, 0x00, 0x37, 0xD0, 0x01, 0x37, 0x5B, 0x7A, 0x30, 0x07, 0x65, 0x40,
    0x08, 0x10, 0x67, 0x7E, 0x00, 0x07, 0x70, 0x39, 0xFF, 0x30, 0x01, 0xF0,
    0x39, 0xF0, 0x01, 0x90, 0x01, 0xF0, 0x3F, 0xF0, 0x01, 0xF0, 0x01, 0xF0,
    0x3F, 0xFD, 0x20, 0x3C, 0x00, 0x07, 0x30, 0x15, 0xF0, 0xC2, 0xF0, 0x01,
    0x20, 0x01, 0x30, 0xB0, 0xFF, 0x23, 0x8C, 0x8C, 0x00, 0xFD, 0x7A, 0x7A,
    0x7A, 0x40, 0xEC, 0xD0, 0x01, 0x10, 0x5F, 0x29, 0x29, 0x00, 0x32, 0x29,
    0x4D, 0x73, 0x3B, 0x50, 0x3B, 0x00, 0x04, 0x4D, 0x00, 0x03, 0x73, 0x8C,
    0x37, 0x43, 0x04, 0x43, 0x64, 0x57, 0x57, 0x57, 0x00, 0x81, 0x43, 0x29,
    0x04, 0x57, 0x3E, 0x3E, 0x4F, 0x4F, 0x00, 0x3B, 0x73, 0x57, 0xC9, 0x00,
    0x07, 0x10, 0x01, 0x3B, 0x55, 0x40, 0x39, 0x5C, 0x5F, 0x40, 0x41, 0x48,
    0x4D, 0x40, 0x10, 0x3B, 0x30, 0x30, 0x07, 0x27, 0x48, 0x27, 0x00, 0x2F,
    0x44, 0x32, 0x32, 0x44, 0x57, 0x7C, 0x7C, 0x00, 0x48, 0x7C, 0x27, 0x27,
    0x44, 0x55, 0x2B, 0x7C, 0x00, 0x48, 0x48, 0x7C, 0x48, 0x2F, 0x3E, 0x55,
    0x59, 0x02, 0x7C, 0x7C, 0x6B, 0x6B, 0x48, 0x55, 0x10, 0x08, 0x45, 0x00,
    0x45, 0x6B, 0x64, 0x3E, 0x3E, 0x55, 0x2B, 0x6B, 0x08, 0x45, 0x45, 0x5F,
    0x71, 0x00, 0x08, 0x51, 0x45, 0x45, 0x64, 0x4F, 0x10, 0x6C, 0x00, 0x08,
    0x27, 0x32, 0x10, 0xEB, 0x43, 0x43, 0x10, 0x2F, 0x2F, 0x32, 0x20, 0x4F,
    0x2F, 0x48, 0x2F, 0x5E, 0x83, 0x10, 0x6B, 0x48, 0x2F, 0x2F, 0x2F, 0x44,
    0x00, 0x08, 0x10, 0x07, 0x04, 0x2F, 0x27, 0x5F, 0x4F, 0x6B, 0x30, 0x08,
    0x32, 0x45, 0xEF, 0x40, 0x08, 0x00, 0x52, 0x10, 0x08, 0x48, 0x11, 0xEE,
    0xF1, 0xF2, 0xF0, 0x01, 0x50, 0x01, 0xFF, 0x30, 0x65, 0x00, 0xB7, 0x40,
    0xD0, 0xF0, 0x3F, 0xF0, 0x01, 0xF0, 0x01, 0x70, 0x01, 0xF0, 0x3F, 0xE0,
    0xB1, 0x71, 0xF0, 0x07, 0xA0, 0x07, 0x29, 0x71, 0x57, 0x27, 0x7C, 0x00,
    0x2F, 0x44, 0x27, 0x27, 0x59, 0x3E, 0x6B, 0x45, 0x8B, 0x10, 0xD0, 0x57,
    0x3E, 0x51, 0x40, 0x07, 0x45, 0xE0, 0x07, 0x10, 0xF8, 0x08, 0x57, 0x55,
    0x45, 0x6B, 0x90, 0x07, 0x32, 0x27, 0x5E, 0x87, 0x11, 0x42, 0x43, 0x44,
    0x2F, 0x44, 0x21, 0x41, 0x20, 0x13, 0xC0, 0x07, 0x6F, 0x5E, 0xF0, 0x07,
    0x60, 0x07, 0x4F, 0x23, 0x30, 0xF0, 0xBF, 0xF0, 0x01, 0xF0, 0x01, 0xD7,
    0x52, 0xA9, 0x02, 0x38, 0x57, 0x20, 0xCC, 0x59, 0x12, 0x3F, 0x00, 0x06,
    0x01, 0xF4, 0x83, 0x00, 0xE2, 0x71, 0x55, 0x3E, 0x3E, 0x51, 0x02, 0x3A,
    0x00, 0x06, 0x0E, 0x55, 0x45, 0x4F, 0x7D, 0x11, 0xEF, 0x01, 0xF7, 0x30,
    0x06, 0x48, 0x81, 0x32, 0x06, 0x48, 0x2F, 0x57, 0x57, 0x6B, 0x44, 0x00,
    0x41, 0x41, 0x4F, 0x00, 0x0C, 0x7C, 0x5F, 0x4F, 0x5F, 0x5C, 0x02, 0x1A,
    0x08, 0x6B, 0x32, 0x5F, 0x64, 0x00, 0x22, 0x6B, 0x48, 0x32, 0x61, 0x64,
    0x00, 0x2A, 0x02, 0x4B, 0x44, 0x55, 0x55, 0x51, 0x00, 0x06, 0x09, 0x2F,
    0x44, 0x6F, 0x51, 0x20, 0xF3, 0x2F, 0x48, 0x00, 0x38, 0x48, 0x27, 0x22,
    0x05, 0x2F, 0x5C, 0x02, 0xBB, 0x6B, 0x6B, 0x32, 0x64, 0x27, 0x00, 0x72,
    0x00, 0x41, 0x44, 0x2F, 0x12, 0x5B, 0x7C, 0x2F, 0x20, 0x27, 0x27, 0x20,
    0x06, 0x2F, 0x79, 0x44, 0x45, 0x6B, 0xF3, 0x01, 0x5E, 0x00, 0x3A, 0x11,
    0x44, 0x10, 0x07, 0x6B, 0x27, 0x02, 0xAF, 0x00, 0x52, 0x60, 0x48, 0x10,
    0x07, 0x00, 0x0F, 0x27, 0x5E, 0x71, 0x57, 0x57, 0x82, 0x01, 0x7F, 0x2F,
    0x27, 0x2B, 0x55, 0x3E, 0x00, 0x10, 0x2F, 0x10, 0x27, 0x6F, 0x3E, 0xB0,
    0x07, 0x57, 0x3E, 0x55, 0x5E, 0xA1, 0x00, 0x2A, 0x48, 0x10, 0x07, 0x27,
    0x85, 0x2F, 0x7C, 0x00, 0x69, 0x04, 0x32, 0x5F, 0x47, 0x2F, 0x6B, 0x00,
    0x07, 0x85, 0x47, 0x08, 0x47, 0x27, 0x27, 0x27, 0x00, 0x05, 0x47, 0x47,
    0x48, 0x21, 0x2F, 0x32, 0x10, 0x06, 0x47, 0x2F, 0x32, 0x97, 0x20, 0x07,
    0x2F, 0x44, 0x7E, 0x20, 0x06, 0x47, 0x40, 0x06, 0xF0, 0x01, 0xF0, 0x01,
    0xF0, 0x01, 0xFF, 0xF0, 0x01, 0xF0, 0x01, 0xF0, 0x01, 0xF0, 0x01, 0xF0,
    0x01, 0xF0, 0x01, 0xF0, 0x01, 0xF0, 0x01, 0x9F, 0xF0, 0x01, 0x47, 0x80,
    0xF0, 0x12, 0xF0, 0x01, 0xF0, 0x01, 0x60, 0x01, 0xF6, 0xAF, 0xFF, 0xF6,
    0x9F, 0x90, 0x1F, 0xF6, 0xB2, 0x06, 0x46, 0x00, 0x15, 0xF0, 0x3F, 0xF0,
    0x3F, 0xF0, 0x17, 0xFF, 0xF0, 0x1F, 0xF0, 0x27, 0xF0, 0x3F, 0xF8, 0x32,
    0xF0, 0x3F, 0xF0, 0x24, 0xF0, 0x17, 0xF0, 0x79, 0xFF, 0xF0, 0x3F, 0x50,
    0x60, 0xF0, 0x17, 0xF0, 0x3D, 0xF0, 0x3F, 0x37, 0x63, 0x90, 0x26, 0xE0,
    0x3F, 0x7E, 0x75, 0x37, 0xA7, 0x00, 0x1A, 0x07, 0x9D, 0x20, 0x07, 0x20,
    0x12, 0x30, 0x1D, 0x7A, 0x5F, 0x37, 0x40, 0x43, 0x75, 0xF0, 0x3F, 0x30,
    0x01, 0x37, 0x9E, 0x47, 0xA7, 0x00, 0x09, 0xDF, 0x67, 0xA7, 0x47, 0xD3,
    0x7A, 0x46, 0xD7, 0x08, 0x05, 0x26, 0xE2, 0x00, 0x4A, 0x40, 0x07, 0xBF,
    0x18, 0x37, 0x37, 0x06, 0x8F, 0xC7, 0xA7, 0x40, 0x07, 0x37, 0xFD, 0x10,
    0x57, 0x07, 0xFC, 0x20, 0x4F, 0x30, 0x20, 0x43, 0x73, 0x4D, 0x4D, 0x29,
    0x37, 0x20, 0x29, 0x73, 0x06, 0xB8, 0x37, 0x7A, 0x29, 0x4D, 0x29, 0x06,
    0x30, 0x30, 0x43, 0x86, 0x86, 0xD7, 0x0F, 0x46, 0xE6, 0x4D, 0x11, 0x4F,
    0x30, 0x30, 0x00, 0x05, 0x4D, 0x29, 0x29, 0x00, 0x01, 0x80, 0x00, 0x28,
    0x43, 0x30, 0x30, 0x7A, 0x43, 0x5B, 0x40, 0x00, 0x3C, 0x24, 0x75, 0x47,
    0x86, 0x49, 0x24, 0x24, 0x03, 0x24, 0x24, 0x49, 0x66, 0x31, 0x66, 0x10,
    0x07, 0x10, 0x33, 0x74, 0x5F, 0x00, 0x28, 0x10, 0x33, 0x00, 0x58, 0x30,
    0x10, 0x63, 0x30, 0x4F, 0x10, 0x86, 0x86, 0x37, 0x00, 0x04, 0x3C, 0x3C,
    0x3C, 0x24, 0x09, 0x86, 0x4C, 0x5D, 0x5D, 0x10, 0x27, 0x66, 0x66, 0x20,
    0x2E, 0x82, 0x20, 0x06, 0x66, 0x31, 0x23, 0x35, 0x66, 0x00, 0x04, 0x58,
    0x10, 0x58, 0x62, 0x23, 0x00, 0x5D, 0x7A, 0x30, 0x4C, 0x29, 0x41, 0x4D,
    0x00, 0x8A, 0x86, 0x49, 0x5D, 0x5D, 0x30, 0x00, 0x32, 0x93, 0x00, 0x1A,
    0x68, 0x43, 0x20, 0x2C, 0x31, 0x31, 0x00, 0x07, 0x00, 0x32, 0x14, 0x66,
    0x66, 0x86, 0x00, 0x2D, 0x23, 0x00, 0x07, 0x3C, 0x35, 0x20, 0x58, 0x23,
    0x00, 0x4F, 0x66, 0x49, 0x5A, 0x66, 0x24, 0x02, 0x49, 0x24, 0x66, 0x24,
    0x66, 0x73, 0x41, 0x01, 0x4D, 0xE9, 0x47, 0x58, 0x00, 0xB9, 0x31, 0x07,
    0x4D, 0x37, 0x60, 0x30, 0x29, 0x36, 0x2A, 0x6E, 0x7A, 0x17, 0xBA, 0x00,
    0x01, 0x75, 0x41, 0x32, 0x50, 0x07, 0x27, 0xAC, 0x44, 0x22, 0x64, 0x6B,
    0x17, 0x92, 0x57, 0x7D, 0x7E, 0x20, 0x2C, 0x5C, 0x12, 0x3B, 0x64, 0x59,
    0x21, 0x07, 0x5F, 0x59, 0x37, 0xC7, 0x97, 0x4A, 0x71, 0x37, 0xC7, 0x43,
    0x5C, 0x47, 0xCF, 0x7D, 0x40, 0x07, 0x5F, 0xD9, 0x06, 0x55, 0x37, 0x48,
    0x27, 0x17, 0xA4, 0x00, 0x08, 0x5C, 0x44, 0x00, 0x09, 0x80, 0x00, 0x08,
    0x55, 0x57, 0x71, 0x64, 0x27, 0x7C, 0x6B, 0x00, 0x7C, 0x6F, 0x6F, 0x55,
    0x57, 0x59, 0x71, 0x2F, 0x03, 0x7C, 0x45, 0x7C, 0x2C, 0x2B, 0x55, 0x00,
    0x14, 0x15, 0x88, 0x50, 0x48, 0x05, 0x2A, 0x51, 0x05, 0x5D, 0x2F, 0x2F,
    0x2C, 0x6F, 0x10, 0x2F, 0x5F, 0x97, 0x37, 0xB7, 0x5E, 0x71, 0x44, 0x7E,
    0x80, 0x00, 0x0A, 0x2F, 0x44, 0x59, 0x6F, 0x27, 0x5F, 0x7E, 0x53, 0x43,
    0x00, 0x07, 0x51, 0x05, 0x66, 0x5F, 0x7C, 0x20, 0x07, 0x05, 0x90, 0x48,
    0x32, 0x20, 0x07, 0x2F, 0x57, 0x30, 0x0F, 0x2F, 0x55, 0x71, 0x3F, 0x59,
    0x6F, 0x10, 0x07, 0xF6, 0x51, 0x30, 0x01, 0x30, 0x55, 0x00, 0xA1, 0x40,
    0x08, 0x11, 0x2F, 0x32, 0x87, 0x30, 0x07, 0x2F, 0x44, 0x80, 0x30, 0x07,
    0x3F, 0x2F, 0x27, 0x10, 0x6F, 0x57, 0x47, 0xC0, 0x07, 0xF7, 0x6F, 0xF0,
    0x07, 0x20, 0x01, 0xFB, 0xD7, 0x4F, 0x80, 0x07, 0x20, 0xE1, 0xF0, 0x07,
    0x30, 0x07, 0x59, 0x40, 0x27, 0x10, 0x01, 0xEF, 0x06, 0xC0, 0x27, 0x4F,
    0xE0, 0x07, 0x85, 0xC0, 0x0F, 0x00, 0x75, 0x48, 0xCE, 0x60, 0x07, 0xFF,
    0x59, 0x5F, 0xA1, 0x97, 0x07, 0x48, 0x20, 0xA4, 0x07, 0x41, 0x29, 0x6B,
    0x29, 0x97, 0x27, 0x5E, 0xA4, 0x00, 0x07, 0x5F, 0x09, 0x4A, 0x3E, 0x6F,
    0x10, 0x2B, 0x3E, 0x3E, 0x3E, 0x57, 0x48, 0x00, 0x0B, 0x07, 0x46, 0x09,
    0x6F, 0x37, 0x2A, 0x09, 0x77, 0x6F, 0xE5, 0x10, 0x06, 0x07, 0x07, 0x20,
    0x06, 0x2F, 0x55, 0x39, 0x2F, 0x2F, 0x40, 0x06, 0xDF, 0x50, 0x01, 0x00,
    0x31, 0x2F, 0x19, 0xB9, 0x11, 0x99, 0x17, 0x1D, 0x00, 0x07, 0x37, 0x1D,
    0xFD, 0x20, 0x07, 0x00, 0x03, 0x06, 0xD7, 0x18, 0x21, 0x07, 0x66, 0x10,
    0x08, 0x32, 0x10, 0x0F, 0xF7, 0x20, 0x07, 0x18, 0xAB, 0x10, 0x04, 0x30,
    0x07, 0x79, 0x00, 0x05, 0x47, 0x47, 0x40, 0x07, 0xFA, 0x27, 0x4A, 0x00,
    0x0A, 0x00, 0x41, 0x37, 0x70, 0x10, 0x0D, 0x5E, 0x30, 0x07, 0x48, 0xFF,
    0x07, 0x45, 0x10, 0x38, 0x20, 0xFB, 0x30, 0x60, 0x00, 0x98, 0x07, 0x47,
    0x06, 0x44, 0x10, 0x07, 0x5F, 0x70, 0x40, 0x07, 0x57, 0xC0, 0x07, 0x50,
    0x17, 0x50, 0x27, 0x60, 0x07, 0xF6, 0x4E, 0xFF, 0xF0, 0x01, 0xF0, 0x01,
    0xF0, 0x01, 0xF0, 0x01, 0xF0, 0x01, 0xF0, 0x01, 0xF0, 0x01, 0xF0, 0x01,
    0xFF, 0xF0, 0x01, 0xF0, 0x01, 0xF0, 0x01, 0xF0, 0x01, 0xF0, 0x01, 0xF0,
    0x01, 0xF0, 0x01, 0xF0, 0x01, 0xFF, 0xF7, 0x7F, 0xF6, 0x4F, 0xF0, 0x01,
    0xF0, 0x01, 0xF6, 0x4F, 0xF0, 0x3F, 0xF0, 0x01, 0xF0, 0x01, 0xFF, 0xF0,
    0x3F, 0xF0, 0x22, 0xF0, 0x01, 0xF0, 0x3F, 0xF0, 0x3F, 0xF0, 0x01, 0xF0,
    0x01, 0xF0, 0x3F, 0xE8, 0xF0, 0x3F, 0xF0, 0x01, 0x10, 0x01, 0x82, 0x20,
    0x04, 0x82, 0x30, 0x30, 0xC3, 0xF0, 0x3F, 0xF0, 0x27, 0x20, 0x82, 0x30,
    0x29, 0x10, 0x04, 0x16, 0xF7, 0xC8, 0x00, 0x04, 0x06, 0x89, 0x43, 0x47,
    0x00, 0x04, 0x75, 0x5B, 0x5B, 0x2C, 0x3C, 0x49, 0xBF, 0x7D, 0x82, 0x0F,
    0x77, 0x10, 0x55, 0x30, 0x30, 0x12, 0x93, 0x37, 0x29, 0x00, 0x28, 0x75,
    0x75, 0x06, 0xEB, 0x30, 0x01, 0x75, 0x80, 0x5B, 0x40, 0x30, 0x7A, 0x47,
    0x00, 0x2D, 0x1D, 0x24, 0x24, 0x5B, 0x06, 0x60, 0x16, 0x5B, 0x40, 0x01,
    0x66, 0x0F, 0x54, 0x18, 0x30, 0x37, 0x29, 0x00, 0x24, 0x10, 0x03, 0x7A,
    0x43, 0x86, 0x81, 0x00, 0x03, 0x47, 0x5B, 0x86, 0x3C, 0x49, 0x75, 0x00,
    0x28, 0xF4, 0x16, 0xE8, 0x20, 0x04, 0x30, 0x2A, 0x16, 0x87, 0x23, 0x16,
    0x94, 0x23, 0x58, 0x00, 0x35, 0x35, 0x31, 0x62, 0x58, 0x58, 0x58, 0x23,
    0x2E, 0x31, 0x66, 0x27, 0x44, 0x49, 0x06, 0xA0, 0x10, 0x28, 0x66, 0xE4,
    0x31, 0x73, 0x31, 0x26, 0xBE, 0x06, 0xE1, 0x00, 0x04, 0x62, 0x35, 0x06,
    0xB4, 0x00, 0x32, 0x4E, 0x62, 0x00, 0x2E, 0x66, 0x62, 0x37, 0x36, 0x70,
    0x80, 0x20, 0x56, 0x31, 0x4E, 0x23, 0x10, 0x56, 0x23, 0x62, 0x07, 0x10,
    0x00, 0x56, 0x00, 0x28, 0x31, 0xFD, 0x20, 0x5C, 0x10, 0x48, 0x10, 0x05,
    0x30, 0x4F, 0x27, 0x10, 0x00, 0x05, 0x74, 0x10, 0x08, 0x0C, 0x24, 0x25,
    0x74, 0x25, 0x10, 0x08, 0x17, 0x44, 0x62, 0x23, 0x40, 0x23, 0x00, 0x01,
    0x31, 0x31, 0x35, 0x53, 0x53, 0x58, 0x82, 0x00, 0x2B, 0x58, 0x56, 0x56,
    0x56, 0x58, 0x00, 0x4E, 0x35, 0x94, 0x20, 0x07, 0x23, 0x23, 0x10, 0x0F,
    0x6D, 0x00, 0x20, 0x58, 0x53, 0x1E, 0x53, 0x56, 0x2D, 0x00, 0x0F, 0x07,
    0x49, 0x00, 0x5C, 0x00, 0x07, 0x60, 0x01, 0x4A, 0x23, 0x61, 0x78, 0x86,
    0x84, 0x84, 0x00, 0xBE, 0x08, 0x66, 0x58, 0x61, 0x40, 0x10, 0x07, 0x24,
    0x6D, 0x78, 0xC2, 0x01, 0x26, 0x00, 0x07, 0x53, 0x68, 0x5B, 0x40, 0x10,
    0xFA, 0x53, 0x62, 0x4D, 0x00, 0x0F, 0x00, 0x08, 0x58, 0x34, 0x78, 0x21,
    0x10, 0x58, 0x10, 0x78, 0x4C, 0x49, 0x11, 0x42, 0x40, 0x40, 0x3C, 0x49,
    0xB5, 0x21, 0x4F, 0x37, 0x07, 0xEE, 0x05, 0x5C, 0x86, 0x47, 0x68, 0x3C,
    0x47, 0x68, 0x29, 0x49, 0x43, 0xC0, 0x07, 0x86, 0x30, 0x07, 0x24, 0x86,
    0x30, 0x30, 0x1D, 0x24, 0x3C, 0x30, 0x47, 0xA1, 0x20, 0x01, 0x4F, 0x2F,
    0x47, 0x47, 0x57, 0x76, 0x47, 0x2D, 0x0F, 0x06, 0xC5, 0x40, 0x07, 0x43,
    0x27, 0x8F, 0x00, 0x01, 0x71, 0x86, 0xB5, 0xEF, 0x4F, 0x73, 0x6F, 0x48,
    0x05, 0x12, 0x05, 0x8B, 0x51, 0x79, 0x2C, 0x05, 0x1D, 0x15, 0xAF, 0x1C,
    0xAE, 0x05, 0x1A, 0x55, 0x6B, 0x00, 0x05, 0xF2, 0x05, 0x5E, 0x00, 0x07,
    0x00, 0x10, 0x00, 0x07, 0x2B, 0x48, 0x00, 0x20, 0x44, 0x11, 0x27, 0x3E,
    0x6F, 0x10, 0x28, 0x44, 0x2F, 0x3E, 0x05, 0xE6, 0x81, 0x10, 0x0F, 0x7C,
    0x64, 0x71, 0x6F, 0x2F, 0x27, 0x1C, 0xDC, 0x38, 0x64, 0x6F, 0x0C, 0xFE,
    0x05, 0x58, 0x30, 0x07, 0x27, 0x27, 0x5C, 0x91, 0x10, 0x07, 0x27, 0x44,
    0x00, 0x07, 0x6B, 0x44, 0x79, 0x05, 0xD1, 0xC5, 0x00, 0x07, 0x25, 0x74,
    0x44, 0x6F, 0x45, 0x15, 0xAE, 0x79, 0x30, 0x07, 0x9F, 0x25, 0x83, 0x5F,
    0x43, 0x26, 0x8F, 0x0F, 0x5E, 0x30, 0x07, 0x25, 0xE8, 0x30, 0x01, 0xF2,
    0x30, 0x20, 0x36, 0x1E, 0xF0, 0x07, 0xE7, 0xBF, 0x97, 0x7E, 0x40, 0x07,
    0x32, 0x4B, 0x47, 0x30, 0x07, 0x2F, 0x5F, 0x20, 0x08, 0x97, 0x00, 0x52,
    0x17, 0xB7, 0x86, 0x0F, 0xE7, 0x2F, 0x5E, 0x47, 0x43, 0x10, 0x0F, 0x08,
    0x1D, 0x7E, 0x37, 0x43, 0x4F, 0x57, 0x47, 0xD0, 0x07, 0x71, 0x70, 0x07,
    0x2E, 0xF7, 0x10, 0x07, 0xEF, 0x16, 0xC2, 0x1E, 0x19, 0x10, 0x07, 0x5C,
    0x40, 0x07, 0x40, 0xB6, 0x30, 0xB7, 0xF0, 0x07, 0xD1, 0x00, 0x67, 0x20,
    0x07, 0x7D, 0x20, 0x07, 0x5E, 0x4F, 0x57, 0x37, 0xB0, 0x21, 0x64, 0x55,
    0x20, 0x07, 0x79, 0x57, 0x3E, 0x4F, 0x09, 0x23, 0x06, 0x3E, 0x55, 0x2C,
    0x48, 0x4F, 0x07, 0x55, 0x17, 0x2B, 0x29, 0x9F, 0x07, 0x55, 0x6F, 0x2C,
    0x00, 0x87, 0x10, 0x0E, 0x11, 0x8F, 0x00, 0x0E, 0x10, 0x67, 0xBF, 0x00,
    0x0E, 0x7C, 0x17, 0x34, 0x00, 0x0E, 0x20, 0x3A, 0x00, 0x33, 0x37, 0x48,
    0x26, 0xCB, 0xD7, 0x06, 0xE0, 0x20, 0x88, 0x5E, 0x30, 0x92, 0x44, 0x10,
    0x0F, 0x16, 0xFF, 0x11, 0x5F, 0xA6, 0x10, 0x07, 0x79, 0x0E, 0x72, 0x27,
    0x2F, 0x01, 0xB0, 0x01, 0x57, 0x79, 0xFF, 0x11, 0xD0, 0x27, 0x48, 0x0E,
    0x83, 0x1E, 0x59, 0x11, 0x49, 0x20, 0x07, 0x01, 0xC6, 0x07, 0x70, 0xFF,
    0x27, 0x17, 0x22, 0x03, 0x20, 0x44, 0x00, 0x07, 0x10, 0x77, 0x60, 0x6C,
    0xD0, 0x01, 0x51, 0xA0, 0xFE, 0xF0, 0x16, 0x30, 0x8A, 0x70, 0x07, 0x20,
    0x3D, 0x50, 0x0F, 0x47, 0x7D, 0x27, 0x7F, 0x3E, 0xF5, 0x1E, 0xB7, 0x10,
    0x07, 0x0E, 0xBA, 0x20, 0x07, 0x4F, 0x40, 0x07, 0x29, 0x40, 0x07, 0x44,
    0x7D, 0x40, 0x07, 0x3B, 0x47, 0x97, 0x20, 0x07, 0x59, 0x71, 0x1E, 0x55,
    0x48, 0x6F, 0x07, 0x7F, 0x0F, 0x97, 0xF6, 0x51, 0x8E, 0x1B, 0x29, 0x00,
    0x5C, 0x71, 0x47, 0x47, 0x4F, 0x5C, 0x59, 0x57, 0x1B, 0x55, 0x3E, 0x7D,
    0x08, 0xCB, 0x00, 0x30, 0x51, 0x10, 0x03, 0x0A, 0x73, 0xC0, 0x60, 0x01,
    0x6E, 0x44, 0x80, 0x80, 0x97, 0x5F, 0x7D, 0x5C, 0x03, 0x5C, 0x4F, 0x32,
    0x5C, 0x71, 0x6F, 0x00, 0x58, 0x00, 0x33, 0x9E, 0x00, 0x29, 0x51, 0x51,
    0xC0, 0x2E, 0x50, 0x01, 0x0A, 0xAD, 0x20, 0x06, 0x2F, 0x53, 0x52, 0x4E,
    0x80, 0x7D, 0x4E, 0x89, 0x55, 0x71, 0x30, 0x09, 0x08, 0x3D, 0x20, 0x71,
    0x5F, 0x00, 0x08, 0x45, 0x51, 0x55, 0x70, 0x57, 0x00, 0x5C, 0x97, 0x47,
    0x48, 0x48, 0x6F, 0x59, 0x2B, 0x10, 0x55, 0x59, 0x5F, 0x01, 0x01, 0x71,
    0x6F, 0x59, 0x55, 0x43, 0x55, 0x13, 0x08, 0x5C, 0x59, 0x59, 0x57, 0xF0,
    0xB5, 0xF0, 0x01, 0xAF, 0x90, 0x01, 0x3B, 0x3F, 0xDE, 0x47, 0x00, 0x4A,
    0x40, 0x09, 0xF0, 0x01, 0x00, 0x01, 0x4F, 0x7A, 0x30, 0x06, 0x37, 0x37,
    0x40, 0x06, 0x20, 0x07, 0x15, 0xFF, 0x40, 0x06, 0x39, 0x7A, 0x47, 0x2D,
    0x0F, 0x05, 0xEE, 0x60, 0x01, 0x36, 0x36, 0x30, 0x03, 0xFF, 0x50, 0x0D,
    0xF0, 0x01, 0xF0, 0x01, 0xF0, 0x2F, 0x90, 0x0F, 0xF0, 0x47, 0xF0, 0x01,
    0x80, 0x7E, 0xD6, 0x10, 0x7F, 0xD6, 0xBE, 0x82, 0x10, 0x23, 0x3D, 0x06,
    0x5A, 0x10, 0x06, 0x4D, 0x11, 0x4D, 0x30, 0x43, 0x20, 0x0E, 0x29, 0x4C,
    0x3C, 0x00, 0x07, 0x04, 0x93, 0x37, 0x4C, 0x24, 0x24, 0x90, 0xBD, 0x82,
    0x93, 0x3A, 0x30, 0x30, 0x20, 0x04, 0x0D, 0x6C, 0x10, 0x04, 0x43, 0x06,
    0xB8, 0x7A, 0x00, 0x7A, 0x47, 0x80, 0x43, 0x4C, 0x5D, 0x66, 0x47, 0x1F,
    0x5B, 0x4C, 0x68, 0x16, 0x0C, 0x15, 0xFB, 0x06, 0x06, 0x20, 0x07, 0x05,
    0xE3, 0x04, 0x62, 0x82, 0x82, 0x7A, 0x7A, 0x06, 0xE6, 0x75, 0x7A, 0xF7,
    0x07, 0x0F, 0x17, 0x10, 0x00, 0x04, 0x0D, 0x77, 0x49, 0x06, 0xB7, 0x36,
    0x8F, 0x16, 0x91, 0xF1, 0x00, 0x28, 0x10, 0x30, 0x36, 0xB7, 0x10, 0x05,
    0x58, 0x31, 0x66, 0x26, 0x64, 0xFF, 0x05, 0xDF, 0x1D, 0xD4, 0x15, 0xEF,
    0x57, 0x15, 0x26, 0xC1, 0x06, 0x1C, 0x16, 0xEB, 0x06, 0xE2, 0xFC, 0x06,
    0x2C, 0x06, 0x60, 0x00, 0x3D, 0x2D, 0x7D, 0xA6, 0xB9, 0x06, 0x88, 0x74,
    0x74, 0x7F, 0x25, 0x20, 0x64, 0x00, 0x53, 0x26, 0xBE, 0x06, 0x84, 0x06,
    0x8C, 0x30, 0x6C, 0x30, 0x2C, 0xF7, 0x06, 0xA2, 0x60, 0x07, 0x20, 0x03,
    0x00, 0x32, 0x25, 0x00, 0x34, 0x06, 0xBC, 0x20, 0x07, 0x79, 0x24, 0x26,
    0xE7, 0x10, 0x72, 0x06, 0xE7, 0x30, 0x53, 0x66, 0x66, 0x30, 0x24, 0xF3,
    0x00, 0x03, 0x30, 0x07, 0x10, 0x08, 0x10, 0x07, 0x24, 0x25, 0x00, 0x36,
    0x10, 0x35, 0xFF, 0x10, 0x0B, 0x00, 0x23, 0x60, 0x5B, 0x10, 0x21, 0x10,
    0x06, 0x30, 0x26, 0x10, 0x1F, 0x40, 0x07, 0xFE, 0x10, 0x19, 0x10, 0x02,
    0x00, 0x24, 0x20, 0x04, 0x0E, 0xB6, 0x30, 0x05, 0x06, 0xC1, 0x49, 0x29,
    0x84, 0x61, 0x06, 0xC0, 0x49, 0x30, 0x59, 0x24, 0x66, 0x20, 0x3C, 0xBA,
    0x10, 0x27, 0x25, 0x30, 0x88, 0x00, 0x86, 0x00, 0x97, 0x49, 0x01, 0x16,
    0x66, 0x4B, 0x5D, 0x00, 0x2E, 0x49, 0x49, 0x00, 0x04, 0x84, 0x00, 0xEB,
    0x01, 0x5A, 0xE8, 0x11, 0x54, 0x1E, 0x83, 0x1E, 0x8E, 0x84, 0x10, 0xF7,
    0x31, 0x66, 0x68, 0x85, 0x0F, 0x0E, 0x31, 0x31, 0x5D, 0x24, 0x1E, 0xBD,
    0x5D, 0x00, 0x57, 0xE8, 0x07, 0x1B, 0x10, 0x33, 0x71, 0x2A, 0x3C, 0x11,
    0x82, 0x3C, 0x40, 0x86, 0x00, 0x5B, 0x5D, 0x31, 0x4C, 0x5D, 0x86, 0x5B,
    0x3C, 0x8A, 0x00, 0x07, 0x86, 0x4C, 0x4C, 0x08, 0x63, 0x40, 0x10, 0x28,
    0x5D, 0xF1, 0x01, 0x7F, 0x40, 0x58, 0x00, 0x68, 0x20, 0x07, 0x24, 0x3C,
    0x40, 0x21, 0x59, 0x27, 0x40, 0x49, 0x1F, 0x6F, 0x66, 0x66, 0x10, 0x27,
    0x10, 0x48, 0x08, 0x67, 0xC4, 0x20, 0x07, 0x60, 0x5B, 0x49, 0x30, 0x4D,
    0x17, 0x58, 0x24, 0x24, 0xCF, 0x08, 0xC1, 0x00, 0x07, 0x66, 0x24, 0x07,
    0x68, 0x07, 0x58, 0x00, 0x07, 0x27, 0x68, 0x98, 0x00, 0x48, 0x30, 0x29,
    0x0E, 0x0D, 0x00, 0x82, 0x43, 0x29, 0x30, 0x28, 0x47, 0x47, 0x10, 0x07,
    0x37, 0x20, 0x07, 0x49, 0x86, 0x30, 0xF3, 0x00, 0x07, 0xFD, 0xF7, 0xF0,
    0x07, 0x8E, 0x46, 0x30, 0x47, 0x40, 0x08, 0x03, 0x87, 0xEC, 0x20, 0x09,
    0x15, 0xE5, 0x17, 0x16, 0x55, 0x15, 0xFC, 0x05, 0x83, 0x57, 0x3E, 0x00,
    0x6B, 0x7C, 0x48, 0x5E, 0x2F, 0x5E, 0x59, 0x3E, 0x08, 0x59, 0x6B, 0x48,
    0x32, 0x04, 0x2C, 0x3E, 0x6F, 0x6B, 0x55, 0x7C, 0x05, 0x9D, 0x64, 0x05,
    0xFF, 0x7C, 0x00, 0x27, 0x5C, 0x00, 0x30, 0xB8, 0x16, 0x17, 0x3B, 0x1D,
    0x77, 0x0E, 0x09, 0x05, 0xC2, 0x6F, 0x45, 0x48, 0xF3, 0x1C, 0xFE, 0x50,
    0x07, 0x07, 0x57, 0x27, 0x68, 0x5E, 0x57, 0x06, 0xA1, 0x00, 0x10, 0x83,
    0x10, 0x07, 0x6B, 0x27, 0x44, 0x44, 0x32, 0x00, 0x07, 0x00, 0x31, 0x33,
    0x27, 0x44, 0x10, 0x07, 0x06, 0xBB, 0x27, 0x59, 0x10, 0x07, 0x07, 0xA0,
    0xDD, 0x25, 0x93, 0x1D, 0x37, 0x5E, 0x16, 0x1A, 0x2D, 0x7B, 0x10, 0x07,
    0x5E, 0x2D, 0x5D, 0x9E, 0x10, 0x07, 0x2F, 0x5E, 0x10, 0x4F, 0x00, 0x25,
    0x00, 0x07, 0x3D, 0xA7, 0x27, 0x7D, 0x44, 0x00, 0x48, 0x10, 0x0B, 0x35,
    0xCE, 0x0E, 0x68, 0x45, 0xE5, 0x85, 0x55, 0xEE, 0xF9, 0x65, 0xF7, 0x40,
    0x08, 0x00, 0x7F, 0x20, 0x09, 0x00, 0x6E, 0x27, 0x5E, 0x10, 0x4A, 0x46,
    0x5E, 0x10, 0x5C, 0x44, 0x27, 0x73, 0x07, 0x47, 0x1E, 0xD0, 0x5F, 0x48,
    0x57, 0x20, 0xCE, 0x2F, 0x85, 0x40, 0x07, 0x44, 0x5C, 0x51, 0x89, 0x37,
    0x80, 0x27, 0x79, 0x45, 0x3E, 0x3B, 0x27, 0x48, 0x4E, 0x43, 0x78, 0x27,
    0x56, 0x8F, 0x68, 0x1B, 0x05, 0xDB, 0x10, 0x07, 0x8D, 0x6F, 0x3E, 0xF4,
    0x20, 0x07, 0x00, 0x0E, 0x27, 0x5F, 0x07, 0x43, 0x6B, 0x06, 0x75, 0x64,
    0x55, 0x8F, 0x17, 0x42, 0x48, 0x2F, 0x71, 0x37, 0x51, 0x07, 0x74, 0x27,
    0x51, 0x01, 0x51, 0xEF, 0x00, 0x0E, 0x00, 0x21, 0x20, 0x43, 0x57, 0x47,
    0x39, 0x2F, 0x5C, 0x10, 0xA5, 0x10, 0x0F, 0xF7, 0x17, 0x3E, 0x00, 0x6C,
    0x21, 0x22, 0x20, 0x06, 0x5E, 0x17, 0x47, 0x3E, 0x42, 0x01, 0x19, 0xDB,
    0x11, 0x6D, 0x00, 0xC3, 0x64, 0x10, 0x1A, 0x00, 0x0B, 0x5C, 0x11, 0xC0,
    0x10, 0xB9, 0x56, 0x2C, 0x01, 0xC0, 0x27, 0x01, 0x2B, 0x71, 0x07, 0x70,
    0x1E, 0x7A, 0x71, 0x42, 0x2C, 0x0E, 0x7B, 0x2F, 0x44, 0x32, 0x59, 0x11,
    0xAF, 0x5E, 0x10, 0x27, 0x2F, 0x71, 0x21, 0xEA, 0x2F, 0x27, 0x5C, 0x59,
    0xF1, 0x17, 0x95, 0xF7, 0x3B, 0xF0, 0x01, 0x47, 0x79, 0x48, 0x2F, 0x59,
    0x3F, 0x3C, 0x6B, 0x6B, 0x20, 0xDF, 0x00, 0x06, 0x3E, 0x49, 0x07, 0x48,
    0x40, 0x07, 0x09, 0xBD, 0x84, 0x29, 0xCE, 0x7C, 0x48, 0x6B, 0x6B, 0x10,
    0x01, 0x45, 0x2B, 0xF6, 0x46, 0xBE, 0x56, 0xC6, 0x01, 0x6E, 0xA0, 0x07,
    0x6B, 0x46, 0xE1, 0x00, 0x2B, 0x7C, 0x7E, 0x7C, 0x00, 0x01, 0x30, 0x36,
    0x00, 0x38, 0xF6, 0xF3, 0xF0, 0x01, 0x20, 0x40, 0x6B, 0xE8, 0x00, 0x33,
    0x01, 0xC3, 0x10, 0x3B, 0x59, 0x30, 0x38, 0x51, 0x3E, 0x57, 0xFE, 0x22,
    0x5B, 0x07, 0x41, 0x10, 0x66, 0x10, 0x0E, 0x10, 0x07, 0x01, 0x95, 0x20,
    0x17, 0x2B, 0x15, 0x57, 0x71, 0x57, 0x02, 0x83, 0x51, 0x00, 0x06, 0x59,
    0x20, 0x27, 0xBA, 0x01, 0xF0, 0x44, 0x20, 0x4A, 0x01, 0x0E, 0x00, 0x3F,
    0x6B, 0x02, 0xB5, 0x2F, 0x26, 0x59, 0x7C, 0x12, 0xA2, 0x44, 0x44, 0x0A,
    0x8F, 0x21, 0xEE, 0x57, 0x10, 0x45, 0x7C, 0x32, 0x12, 0x7B, 0x71, 0x6B,
    0x6B, 0x79, 0x8E, 0x01, 0x5A, 0x44, 0x6F, 0x7C, 0x08, 0xC8, 0x11, 0x98,
    0x21, 0x84, 0x64, 0x17, 0x71, 0x44, 0x44, 0x20, 0x09, 0x5C, 0x12, 0xB1,
    0x10, 0x02, 0x11, 0xA0, 0xB6, 0x01, 0x95, 0x44, 0x21, 0xB1, 0x10, 0x0F,
    0x44, 0x1A, 0x52, 0x00, 0x12, 0x79, 0xB8, 0x01, 0xC4, 0x79, 0x01, 0xC4,
    0x12, 0x88, 0x00, 0x03, 0x57, 0x55, 0x57, 0x50, 0x73, 0x13, 0x8C, 0x71,
    0x00, 0x08, 0x64, 0x4F, 0x47, 0x7A, 0x00, 0x27, 0x64, 0x57, 0x3E, 0x55,
    0x71, 0x29, 0x37, 0xCA, 0x01, 0x4A, 0x00, 0x08, 0x59, 0x29, 0x01, 0xF8,
    0x48, 0x02, 0x56, 0x57, 0x9A, 0x1A, 0xE3, 0x48, 0x2B, 0x01, 0x6F, 0x31,
    0x78, 0x51, 0x42, 0x82, 0x7C, 0xEB, 0x27, 0x46, 0x0D, 0x65, 0x30, 0x06,
    0x36, 0x00, 0x07, 0x7A, 0x00, 0x06, 0x00, 0x07, 0x48, 0x7A, 0x26, 0xBA,
    0x20, 0x5F, 0x37, 0x01, 0x20, 0x55, 0x29, 0x85, 0x30, 0x07, 0x3E, 0x55,
    0x3B, 0x93, 0x00, 0x07, 0x82, 0x08, 0x63, 0x3C, 0x78, 0x93, 0x06, 0x7C,
    0xF7, 0x11, 0xF0, 0x01, 0x10, 0x01, 0x3A, 0x3A, 0xFC, 0xF0, 0x01, 0x10,
    0x01, 0xF0, 0x29, 0xF0, 0x01, 0xF0, 0x3F, 0xA0, 0x3F, 0x93, 0x30, 0xC9,
    0x05, 0x22, 0x20, 0x07, 0x43, 0x3C, 0x10, 0x07, 0x36, 0x93, 0x60, 0x07,
    0x44, 0x40, 0x30, 0x07, 0x7A, 0x5B, 0x24, 0x20, 0x2C, 0x30, 0x75, 0x8E,
    0x30, 0x07, 0x93, 0x75, 0x3C, 0x40, 0x07, 0x05, 0x64, 0x1D, 0xC9, 0x62,
    0xE8, 0x0D, 0xD7, 0x17, 0x11, 0x17, 0x56, 0x62, 0x3D, 0x63, 0x66, 0x23,
    0x31, 0xDE, 0x16, 0x42, 0x00, 0x07, 0x23, 0x26, 0xAA, 0x07, 0x0E, 0x26,
    0x4A, 0x00, 0x07, 0x31, 0xFB, 0x16, 0x28, 0x00, 0x37, 0x10, 0x07, 0x46,
    0xE7, 0x10, 0x05, 0x66, 0x36, 0x94, 0x26, 0x72, 0xC5, 0x16, 0xB6, 0x36,
    0x8F, 0x25, 0x25, 0x66, 0x66, 0x93, 0x66, 0x16, 0xB7, 0x1F, 0x66, 0x74,
    0x66, 0x20, 0x2E, 0x46, 0x8F, 0x10, 0x33, 0x20, 0x2C, 0x36, 0xE0, 0x9F,
    0x27, 0x53, 0x25, 0x74, 0x00, 0x33, 0x00, 0x07, 0x27, 0x0B, 0x16, 0x59,
    0x07, 0xAA, 0x80, 0x16, 0x0C, 0x5D, 0x5A, 0x5A, 0x24, 0x24, 0x5D, 0x84,
    0x00, 0x84, 0x5A, 0x3B, 0x23, 0x3C, 0x49, 0x84, 0x5D, 0xFF, 0x17, 0x72,
    0x37, 0x1E, 0x16, 0xB7, 0x37, 0x0F, 0x00, 0x32, 0x26, 0xE0, 0x06, 0xC5,
    0x16, 0xB7, 0x04, 0x3C, 0x68, 0x84, 0x3C, 0x4C, 0x16, 0x88, 0x84, 0x5D,
    0xFF, 0x06, 0x64, 0x00, 0x19, 0x0D, 0xF6, 0x00, 0x7E, 0x0E, 0x87, 0x2E,
    0x8D, 0x3E, 0x57, 0x06, 0x73, 0x7F, 0x49, 0x17, 0x13, 0x16, 0x8A, 0x20,
    0x04, 0x7E, 0xF7, 0x16, 0xFF, 0x10, 0x51, 0x06, 0xD7, 0xF8, 0x30, 0x07,
    0x20, 0x8D, 0x07, 0x18, 0x16, 0xF6, 0x10, 0xFB, 0x49, 0x61, 0x84, 0x60,
    0x5D, 0x20, 0x72, 0x36, 0xB4, 0x3C, 0x24, 0x5D, 0x3C, 0x49, 0x02, 0x5B,
    0x86, 0x5B, 0x5B, 0x49, 0x40, 0x06, 0xE4, 0x3C, 0x8F, 0x00, 0x04, 0x24,
    0x3C, 0x52, 0x1F, 0x1B, 0x10, 0x57, 0x20, 0x98, 0x30, 0x69, 0x40, 0x61,
    0x10, 0x05, 0x4C, 0x7D, 0x3B, 0x39, 0x49, 0x49, 0x20, 0x66, 0x86, 0x0F,
    0x3D, 0x4C, 0x3C, 0x86, 0x24, 0x5B, 0xFB, 0x10, 0xA6, 0x00, 0x34, 0x08,
    0x8F, 0x07, 0x2B, 0x27, 0x79, 0x5D, 0x07, 0x67, 0x07, 0xA9, 0x11, 0x84,
    0x4C, 0x4D, 0x20, 0x2E, 0x78, 0x39, 0x8F, 0x00, 0xFB, 0x04, 0x39, 0x39,
    0x39, 0x63, 0x23, 0x00, 0x04, 0x23, 0x72, 0x02, 0x60, 0x76, 0x60, 0x5D,
    0x5D, 0x84, 0x27, 0x0F, 0x5D, 0xE0, 0x10, 0xCA, 0x00, 0x24, 0x07, 0x85,
    0x49, 0x3C, 0x4C, 0x4D, 0x3B, 0x06, 0x61, 0x4C, 0x29, 0x5A, 0x78, 0x00,
    0x24, 0x10, 0x2D, 0x39, 0x00, 0x78, 0x22, 0x46, 0x63, 0x63, 0x23, 0x72,
    0x41, 0x02, 0x46, 0x46, 0x46, 0x60, 0x3F, 0x41, 0x10, 0x06, 0x41, 0xB1,
    0x40, 0x07, 0x72, 0x27, 0xDB, 0x00, 0x3F, 0x4C, 0x4D, 0x5A, 0x20, 0x48,
    0x08, 0x78, 0x39, 0x5C, 0x29, 0x10, 0xFB, 0x78, 0x31, 0x61, 0x42, 0x5F,
    0x17, 0x79, 0x41, 0x41, 0x3C, 0x29, 0x20, 0x07, 0x49, 0x11, 0x40, 0x29,
    0x86, 0x00, 0x20, 0x41, 0x49, 0x5B, 0x09, 0xBD, 0x0C, 0x49, 0x24, 0x4A,
    0x63, 0x00, 0x61, 0x31, 0x24, 0x86, 0x7A, 0x21, 0x30, 0x43, 0x07, 0x4F,
    0x66, 0x4C, 0x43, 0x37, 0x20, 0x07, 0x3F, 0x84, 0x43, 0x0A, 0x9E, 0x20,
    0x07, 0x07, 0x60, 0x10, 0x9A, 0x00, 0x20, 0x10, 0x07, 0x6D, 0x66, 0x17,
    0x70, 0x10, 0x07, 0x3C, 0x00, 0x30, 0x21, 0x77, 0x43, 0x00, 0x38, 0xBE,
    0x17, 0x48, 0x43, 0x27, 0x4F, 0x27, 0x52, 0x4A, 0xFF, 0xFB, 0x1B, 0x20,
    0x01, 0x85, 0x45, 0x3B, 0x10, 0x05, 0x4F, 0x7D, 0x59, 0x1C, 0x72, 0x29,
    0x06, 0x18, 0x36, 0x3E, 0x7D, 0x04, 0x95, 0x14, 0x78, 0x7D, 0x03, 0xED,
    0x04, 0x88, 0x48, 0x6C, 0x29, 0x06, 0x34, 0x05, 0x0F, 0x7C, 0x2D, 0x96,
    0x04, 0x93, 0x85, 0x71, 0x8B, 0x30, 0x07, 0x59, 0x57, 0x3E, 0x20, 0x08,
    0x3E, 0x00, 0x33, 0x10, 0x21, 0xE7, 0x10, 0x05, 0x00, 0x10, 0x04, 0x07,
    0x27, 0x71, 0x15, 0x3F, 0x16, 0x50, 0x20, 0x07, 0xEF, 0x06, 0x6F, 0x10,
    0x07, 0x04, 0x1F, 0x27, 0x10, 0x37, 0x15, 0xEA, 0x25, 0x6B, 0x04, 0xD5,
    0xEC, 0x10, 0x58, 0x00, 0x5A, 0x40, 0x07, 0x45, 0x07, 0xF3, 0x10, 0x17,
    0x2F, 0x44, 0x7B, 0x48, 0x07, 0x11, 0x00, 0x17, 0x0D, 0xBC, 0x10, 0x07,
    0x45, 0x2F, 0x35, 0x10, 0x42, 0xDB, 0x00, 0x3A, 0x25, 0x17, 0x45, 0x00,
    0x10, 0x35, 0x6B, 0x2F, 0x10, 0x17, 0x25, 0x30, 0xEC, 0x5C, 0x87, 0x27,
    0x45, 0x00, 0x01, 0x5E, 0x34, 0xFF, 0x50, 0x05, 0x5E, 0x44, 0x20, 0x5F,
    0x32, 0x07, 0x61, 0x2F, 0x79, 0x27, 0x32, 0x79, 0x50, 0x79, 0x0F, 0x7D,
    0x5E, 0x00, 0x07, 0x8D, 0x2C, 0x26, 0x26, 0x10, 0x26, 0x2F, 0x5F, 0x20,
    0x07, 0x2B, 0x48, 0x32, 0x27, 0x9D, 0x00, 0x07, 0x2B, 0x28, 0x26, 0x2E,
    0x26, 0xD9, 0x0D, 0xFE, 0x79, 0x10, 0x7A, 0x62, 0x32, 0x07, 0xB2, 0x18,
    0x2E, 0x44, 0x5E, 0x32, 0x18, 0x3D, 0x44, 0x00, 0x27, 0x32, 0x32, 0x32,
    0x32, 0x44, 0x26, 0x2C, 0x42, 0x79, 0x00, 0x13, 0x5F, 0x32, 0x2B, 0x2B,
    0x10, 0x01, 0x26, 0x10, 0x8D, 0x28, 0x28, 0x30, 0x01, 0x48, 0x27, 0x2B,
    0x55, 0xBE, 0x17, 0x5D, 0x48, 0x00, 0xCD, 0x05, 0xAA, 0x05, 0xA0, 0x00,
    0x0E, 0x06, 0x8D, 0x32, 0x66, 0x57, 0x0E, 0xAF, 0x00, 0x77, 0x5E, 0x57,
    0x0E, 0xAF, 0x00, 0x4C, 0x32, 0xB0, 0x00, 0xDD, 0x44, 0x10, 0x48, 0x20,
    0x50, 0x27, 0x26, 0x28, 0x2B, 0x03, 0x26, 0x2C, 0x5C, 0x26, 0x28, 0x28,
    0x15, 0xA4, 0x15, 0x8C, 0xE2, 0x20, 0x01, 0x10, 0x02, 0x10, 0xC1, 0x44,
    0x27, 0x8D, 0x20, 0xD0, 0x2C, 0x04, 0x2C, 0x26, 0x32, 0x5E, 0x5E, 0x10,
    0xAE, 0x2B, 0x5E, 0x38, 0x2C, 0x2B, 0x50, 0x72, 0xA0, 0x01, 0x10, 0xAA,
    0x44, 0x57, 0x2C, 0x80, 0x08, 0x26, 0x27, 0x79, 0x44, 0x57, 0x6B, 0x2F,
    0x2C, 0x00, 0x2C, 0x8D, 0x8D, 0x27, 0x59, 0x6F, 0x2F, 0x26, 0x84, 0x00,
    0xB0, 0x79, 0x64, 0x55, 0x48, 0x00, 0x66, 0x79, 0x79, 0x00, 0x5C, 0x55,
    0x6B, 0x28, 0x26, 0x26, 0x8D, 0x79, 0x12, 0x44, 0x55, 0x57, 0x00, 0x07,
    0x2C, 0x8D, 0x09, 0x65, 0x2B, 0x9D, 0x10, 0x07, 0x27, 0x59, 0x28, 0x2F,
    0x1E, 0x52, 0x15, 0xCB, 0x51, 0x01, 0xD0, 0xCF, 0x10, 0x06, 0x1E, 0x29,
    0x2F, 0x2C, 0x0E, 0x34, 0x00, 0x07, 0x15, 0xFC, 0x11, 0xF0, 0xFF, 0x10,
    0x23, 0x10, 0x07, 0x30, 0x06, 0x32, 0x05, 0x32, 0x09, 0x31, 0x88, 0xFE,
    0x25, 0xF0, 0x01, 0xDF, 0x0E, 0x4E, 0x07, 0x6D, 0x55, 0x60, 0x3B, 0x32,
    0x51, 0xF0, 0x01, 0xF0, 0x01, 0x20, 0x3B, 0xC0, 0x60, 0x3A, 0x10, 0x07,
    0x57, 0x6F, 0x59, 0x59, 0x59, 0x71, 0x7F, 0x71, 0x07, 0x47, 0x06, 0x49,
    0x0E, 0x47, 0x07, 0x4E, 0x0E, 0xB2, 0x07, 0x5F, 0x00, 0x1A, 0x05, 0x59,
    0x59, 0x55, 0x57, 0x45, 0x06, 0xAB, 0x55, 0x07, 0x61, 0x61, 0x51, 0x00,
    0x1C, 0x06, 0xBE, 0x71, 0x70, 0x59, 0x57, 0x10, 0x20, 0xCC, 0x00, 0x14,
    0x00, 0x08, 0x57, 0x57, 0x10, 0xD5, 0x10, 0x07, 0x59, 0x6B, 0x8D, 0x28,
    0x31, 0x44, 0x27, 0x6B, 0x1A, 0x5C, 0x00, 0x08, 0x71, 0x00, 0x0F, 0x91,
    0x17, 0x2E, 0x6F, 0x48, 0x39, 0xEA, 0x6B, 0x45, 0x27, 0x17, 0x38, 0x1B,
    0x2F, 0x7C, 0x7C, 0x02, 0x9D, 0x0A, 0x1F, 0x45, 0x00, 0x27, 0x19, 0x0D,
    0x3F, 0x6F, 0x51, 0x02, 0x8C, 0x28, 0x97, 0x22, 0x71, 0x10, 0x12, 0x10,
    0x06, 0x00, 0x33, 0xFF, 0x49, 0x9D, 0x30, 0x36, 0x19, 0x6F, 0x20, 0x08,
    0x02, 0x22, 0x18, 0xFA, 0x28, 0xC8, 0x17, 0x77, 0x7F, 0x48, 0x00, 0x26,
    0x00, 0x11, 0x02, 0x15, 0x48, 0xE0, 0x50, 0x08, 0xF0, 0x01, 0xF0, 0x01,
    0xCD, 0x2A, 0x04, 0x20, 0x32, 0x48, 0x48, 0x0F, 0x4B, 0x07, 0xAE, 0x7A,
    0x07, 0x93, 0x5E, 0x57, 0x0F, 0x13, 0x47, 0x18, 0xFB, 0x01, 0x07, 0x0F,
    0x67, 0x00, 0x09, 0x6F, 0xFB, 0x07, 0xB7, 0x40, 0x08, 0x40, 0x65, 0x02,
    0x9B, 0xA0, 0x01, 0x2F, 0xF7, 0x11, 0x97, 0x57, 0x4F, 0x3A, 0xE7, 0x37,
    0x8E, 0x8E, 0xB0, 0x01, 0xF0, 0x39, 0xF0, 0x01, 0xF0, 0x3F, 0x89, 0xC0,
    0x3F, 0x93, 0x75, 0x5B, 0x30, 0x07, 0x82, 0x75, 0x30, 0x25, 0x2C, 0x82,
    0x80, 0x10, 0x7B, 0x36, 0x00, 0x18, 0x30, 0x0F, 0x93, 0x43, 0xAA, 0x40,
    0x07, 0x30, 0x30, 0x35, 0x6E, 0x50, 0x07, 0x3D, 0x06, 0x83, 0x62, 0x79,
    0x31, 0x1D, 0x80, 0x0E, 0x6F, 0x06, 0x99, 0x1C, 0xD7, 0x31, 0x23, 0x06,
    0x25, 0xF4, 0x15, 0xFE, 0x00, 0x06, 0x16, 0x1C, 0x20, 0x01, 0x5B, 0x27,
    0x05, 0x31, 0x31, 0x34, 0x43, 0x68, 0x06, 0xC1, 0x00, 0x01, 0x4F, 0x26,
    0xFD, 0x58, 0x23, 0xEF, 0x3D, 0xCD, 0x46, 0xB8, 0x00, 0x34, 0x84, 0x16,
    0x31, 0x3E, 0x4F, 0xA0, 0x07, 0x3E, 0x65, 0xFF, 0xC0, 0x07, 0x15, 0xFC,
    0x07, 0xC8, 0x10, 0x4F, 0x1F, 0x4E, 0x30, 0x07, 0x20, 0x0F, 0x06, 0x4C,
    0xF8, 0x47, 0x77, 0x20, 0x07, 0x27, 0x32, 0x06, 0x8E, 0x10, 0x96, 0x84,
    0x84, 0x84, 0x08, 0x84, 0x7D, 0x3B, 0x3C, 0x06, 0x88, 0x3B, 0x78, 0x39,
    0x7C, 0x78, 0x10, 0x2B, 0x17, 0x47, 0x10, 0x07, 0x1F, 0x98, 0x20, 0x01,
    0x66, 0x5D, 0x41, 0x68, 0x00, 0x13, 0x68, 0x5D, 0x84, 0x4C, 0x4C, 0x10,
    0x2E, 0x21, 0x61, 0x5A, 0x06, 0xB7, 0x4D, 0x3B, 0x39, 0x8F, 0x06, 0x89,
    0x00, 0x78, 0x39, 0x63, 0x63, 0x78, 0x29, 0x4C, 0x4B, 0x82, 0x00, 0x38,
    0x72, 0x4B, 0x40, 0x5B, 0x69, 0x20, 0x37, 0x5D, 0x20, 0x24, 0x49, 0x00,
    0x07, 0x5A, 0x84, 0x4C, 0x84, 0x3B, 0x60, 0x5A, 0x17, 0xDD, 0x06, 0xB2,
    0x5A, 0x78, 0x8F, 0x8F, 0x8F, 0x10, 0x63, 0x78, 0x72, 0x00, 0x04, 0x23,
    0x68, 0x4B, 0x41, 0x00, 0x3F, 0x22, 0x61, 0x4B, 0x41, 0x41, 0x41, 0x4B,
    0x00, 0x3C, 0x46, 0x4B, 0x46, 0x41, 0x72, 0x3C, 0x5B, 0x08, 0x86, 0x41,
    0x72, 0x4B, 0x07, 0x62, 0x40, 0x3C, 0x4C, 0x24, 0x84, 0x7D, 0x06, 0xE7,
    0x8F, 0x8F, 0x16, 0xEB, 0x62, 0x58, 0x00, 0x83, 0x4A, 0x63, 0x23, 0x23,
    0x4A, 0x4A, 0x83, 0x01, 0x83, 0x8B, 0x72, 0x3F, 0x60, 0x76, 0x8B, 0x00,
    0x07, 0xA0, 0x00, 0x06, 0x76, 0x10, 0x0F, 0x3C, 0x49, 0x61, 0x61, 0x4C,
    0x80, 0x00, 0x1B, 0x86, 0x3C, 0x86, 0x84, 0x3C, 0x86, 0x4C, 0x08, 0x61,
    0x84, 0x4C, 0x3C, 0x00, 0x07, 0x84, 0x61, 0x23, 0x6C, 0x23, 0x07, 0x09,
    0x07, 0x47, 0x76, 0x17, 0x10, 0x40, 0x07, 0x3F, 0x76, 0x2C, 0x76, 0x3F,
    0x30, 0x07, 0x60, 0x20, 0x07, 0x10, 0x14, 0x76, 0x3F, 0x81, 0x10, 0x07,
    0x3F, 0x3F, 0x68, 0x60, 0x41, 0x41, 0x10, 0x13, 0x19, 0x86, 0x68, 0x3F,
    0x30, 0x23, 0x27, 0x47, 0x72, 0x4A, 0x40, 0x06, 0x42, 0x23, 0x10, 0x07,
    0x41, 0x60, 0x56, 0x89, 0x30, 0x0E, 0x58, 0x42, 0x91, 0x10, 0x07, 0x60,
    0x58, 0x63, 0x96, 0x00, 0x06, 0x41, 0x08, 0x76, 0x63, 0x5A, 0x53, 0x00,
    0x07, 0x3F, 0x4A, 0x23, 0x20, 0x68, 0x4D, 0x00, 0x25, 0x76, 0x58, 0x23,
    0x72, 0x86, 0x08, 0x63, 0x34, 0x68, 0x61, 0x17, 0x58, 0x61, 0x68, 0x41,
    0x84, 0x20, 0x07, 0x5A, 0x41, 0x41, 0x68, 0x10, 0x07, 0x89, 0x72, 0x20,
    0x72, 0x72, 0x10, 0x07, 0x56, 0x60, 0x72, 0x68, 0x4C, 0x02, 0x30, 0x3C,
    0x49, 0x53, 0x4A, 0x68, 0x00, 0xB6, 0x86, 0x02, 0x49, 0x8F, 0x68, 0x68,
    0x40, 0x86, 0x07, 0x91, 0x4D, 0x18, 0x5A, 0x68, 0x4B, 0x20, 0x30, 0x11,
    0xCC, 0x43, 0x30, 0x7A, 0xA1, 0x30, 0x07, 0x7A, 0x20, 0x07, 0x66, 0x40,
    0x43, 0x37, 0x20, 0x07, 0xCD, 0x0E, 0xF2, 0x38, 0xC5, 0x7A, 0x4D, 0x39,
    0x6D, 0x40, 0x0F, 0x24, 0x50, 0x07, 0x04, 0x86, 0x29, 0x47, 0x4F, 0x3B,
    0x05, 0x28, 0x55, 0x55, 0x43, 0x29, 0x0B, 0x40, 0x55, 0x51, 0x51, 0x45,
    0x03, 0x8E, 0x25, 0x0A, 0x55, 0x71, 0x44, 0xB7, 0x8D, 0x40, 0x07, 0x5C,
    0x40, 0x07, 0x73, 0x46, 0xB7, 0x47, 0x73, 0x1C, 0x28, 0x48, 0x44, 0x5E,
    0x04, 0xD6, 0x55, 0x07, 0x20, 0x09, 0xE4, 0x24, 0xEB, 0x00, 0x08, 0x30,
    0x26, 0x6F, 0x64, 0x26, 0xF6, 0x27, 0x44, 0x36, 0x59, 0x45, 0x04, 0xA0,
    0x05, 0xB6, 0x3E, 0x1D, 0x35, 0x10, 0x27, 0x64, 0xE6, 0x10, 0x05, 0x05,
    0x08, 0x00, 0x6C, 0x2F, 0x70, 0x00, 0x05, 0x00, 0x40, 0x27, 0x8D, 0x00,
    0x87, 0x51, 0x70, 0x64, 0x0B, 0xC0, 0x00, 0x1F, 0x44, 0x20, 0x25, 0xFF,
    0xF0, 0x01, 0x10, 0x33, 0x10, 0x01, 0x05, 0x4F, 0x25, 0x54, 0x5C, 0xC5,
    0x55, 0x67, 0x5D, 0x27, 0xFD, 0x55, 0xD9, 0x27, 0xE4, 0x30, 0x07, 0x20,
    0x09, 0x57, 0xF7, 0x45, 0x8D, 0x55, 0x37, 0x47, 0x04, 0x26, 0x28, 0x7C,
    0x32, 0x5E, 0x10, 0x07, 0x51, 0x45, 0x1F, 0x27, 0x5E, 0x79, 0x16, 0xB0,
    0x0C, 0xAE, 0x10, 0x07, 0x0E, 0xC4, 0x20, 0x07, 0x0C, 0x2B, 0x45, 0x6B,
    0x5F, 0x40, 0x17, 0x30, 0x07, 0x64, 0x32, 0x7F, 0x5F, 0x27, 0x87, 0xF6,
    0xD1, 0xF0, 0x01, 0xF0, 0x01, 0xF0, 0x01, 0xF0, 0x01, 0xF0, 0x01, 0xFE,
    0xF0, 0x01, 0xF0, 0x01, 0xF0, 0x01, 0xF0, 0x01, 0x90, 0x01, 0x07, 0x47,
    0x07, 0x58, 0x64, 0xD6, 0x17, 0x4F, 0x07, 0x50, 0x5C, 0x20, 0x07, 0x26,
    0x07, 0x60, 0x20, 0x07, 0x26, 0x27, 0x79, 0x27, 0x30, 0x07, 0x2C, 0x8D,
    0x07, 0x77, 0x20, 0x01, 0x60, 0x07, 0xE0, 0x08, 0x44, 0x10, 0x07, 0x91,
    0x99, 0x57, 0x59, 0x71, 0x64, 0x71, 0x40, 0x5C, 0x06, 0x4E, 0x79, 0x79,
    0x5E, 0x8D, 0x79, 0x79, 0x07, 0x8D, 0x8D, 0x2C, 0x44, 0x7E, 0x11, 0x24,
    0x10, 0x06, 0x10, 0x44, 0x20, 0x5E, 0x32, 0x18, 0xC1, 0x8D, 0x5E, 0x44,
    0x2C, 0x26, 0x40, 0x27, 0x00, 0x63, 0x79, 0x2C, 0x79, 0x32, 0x7E, 0x55,
    0x20, 0x57, 0x2B, 0x27, 0x08, 0x44, 0x32, 0x5C, 0x2C, 0x2C, 0xA0, 0x07,
    0xFC, 0x85, 0x00, 0x1C, 0x26, 0x26, 0x44, 0x7E, 0x5C, 0x88, 0x10, 0x29,
    0x85, 0x80, 0x43, 0x10, 0x36, 0x47, 0x4D, 0x34, 0x00, 0x4D, 0x2C, 0x27,
    0x5F, 0x29, 0x8F, 0x89, 0x34, 0x00, 0x5F, 0x32, 0x29, 0x78, 0x53, 0x89,
    0x89, 0x63, 0x00, 0x5F, 0x5F, 0x34, 0x89, 0x89, 0x89, 0x89, 0x73, 0x20,
    0x5E, 0x71, 0x08, 0x2F, 0x8D, 0x2C, 0x32, 0x7D, 0x5E, 0x84, 0x20, 0x61,
    0x87, 0x47, 0x7E, 0x79, 0x00, 0x07, 0x27, 0x80, 0x21, 0x47, 0x5F, 0x10,
    0x46, 0x5F, 0x47, 0x47, 0x5E, 0x10, 0x16, 0x10, 0x80, 0x97, 0x5F, 0x10,
    0x16, 0x5E, 0x47, 0x5E, 0x2B, 0x88, 0x10, 0x16, 0x7E, 0x5E, 0x2B, 0x10,
    0xC6, 0x8D, 0x5F, 0x2B, 0x29, 0x28, 0x2B, 0x12, 0x6D, 0x55, 0x07, 0x48,
    0x4F, 0x32, 0x0A, 0x4D, 0xC9, 0x00, 0xC1, 0x0A, 0x63, 0x5C, 0x71, 0x00,
    0x09, 0x47, 0x44, 0x08, 0x79, 0x04, 0x27, 0x71, 0x55, 0x71, 0x28, 0x10,
    0x2A, 0x2C, 0x5C, 0xF5, 0x21, 0x28, 0x00, 0x08, 0x30, 0x06, 0x21, 0x12,
    0x8D, 0x10, 0x72, 0x57, 0x0F, 0xA0, 0xE4, 0x16, 0x88, 0x07, 0x8A, 0x07,
    0x52, 0x7C, 0x48, 0x17, 0xBB, 0x57, 0x51, 0x39, 0x45, 0x7C, 0x07, 0x9D,
    0x28, 0x5D, 0x42, 0xC6, 0x55, 0x32, 0x42, 0xD0, 0x15, 0x5E, 0x47, 0x4F,
    0x22, 0xE0, 0x5E, 0x0A, 0xE1, 0x7D, 0x00, 0x12, 0x9C, 0x36, 0xC6, 0x27,
    0x32, 0x17, 0x4E, 0x10, 0x08, 0x40, 0x07, 0x48, 0x6B, 0xFD, 0x46, 0xE0,
    0x0A, 0x77, 0x27, 0x26, 0x2A, 0xDC, 0x00, 0x07, 0x12, 0xC3, 0x7C, 0x00,
    0x17, 0xC8, 0x22, 0xCC, 0x00, 0x1B, 0x5F, 0x5E, 0x30, 0x2F, 0x5F, 0x37,
    0x5F, 0x81, 0x1E, 0xEA, 0x48, 0x79, 0x5F, 0x37, 0x37, 0x32, 0x00, 0x45,
    0x28, 0x48, 0x2F, 0x00, 0x08, 0x7A, 0x00, 0x12, 0x2F, 0x27, 0x5F, 0x08,
    0x93, 0x3A, 0x93, 0x29, 0x17, 0xAD, 0x30, 0x6E, 0x3A, 0x41, 0x3A, 0x00,
    0x07, 0x2F, 0x44, 0x3D, 0x6E, 0x6E, 0x27, 0x7E, 0xFF, 0x00, 0x08, 0x40,
    0x6F, 0x10, 0x0D, 0x30, 0x07, 0x10, 0x6C, 0x50, 0x84, 0x00, 0x07, 0x08,
    0x32, 0x90, 0x20, 0x07, 0x30, 0x5E, 0x10, 0x54, 0x48, 0x2F, 0x8E, 0x93,
    0x81, 0x2F, 0x52, 0x2F, 0x4E, 0x6E, 0x6E, 0x3D, 0x4D, 0x08, 0x0F, 0x90,
    0x57, 0x07, 0x4E, 0x4E, 0xB0, 0x01, 0x6C, 0x6C, 0x6C, 0x38, 0x7D, 0x38,
    0x00, 0x02, 0xF0, 0x01, 0xB0, 0x01, 0xF0, 0x3F, 0x30, 0x01, 0x38, 0x00,
    0x40, 0xFA, 0x10, 0x01, 0xF0, 0x31, 0xF0, 0x3F, 0x17, 0x47, 0x40, 0x36,
    0x33, 0x40, 0x07, 0x67, 0xF2, 0x10, 0x1B, 0x80, 0x3F, 0xF0, 0x47, 0x40,
    0x01, 0x30, 0x4C, 0x17, 0x47, 0x62, 0x11, 0x23, 0x30, 0x86, 0x26, 0xFE,
    0x23, 0x37, 0x86, 0x36, 0xCB, 0x12, 0x3D, 0x30, 0x84, 0x26, 0xC9, 0x33,
    0x30, 0x1D, 0xFA, 0x31, 0x0A, 0x66, 0x6A, 0x30, 0x86, 0x2D, 0xE4, 0x6C,
    0x20, 0x07, 0x24, 0x68, 0x24, 0x00, 0x07, 0x2C, 0xFC, 0x23, 0x1D, 0x6F,
    0x3C, 0x61, 0x5A, 0x05, 0x31, 0x84, 0x61, 0x4D, 0x3B, 0x06, 0xDD, 0x5D,
    0x06, 0xE6, 0x81, 0x06, 0xB7, 0x68, 0x49, 0x7D, 0x39, 0x23, 0x68, 0x0D,
    0x60, 0x10, 0x49, 0x4D, 0x78, 0x10, 0x06, 0x46, 0x49, 0x4C, 0x3B, 0x50,
    0x68, 0x06, 0xC0, 0x41, 0x00, 0x07, 0x22, 0x3F, 0x60, 0x4A, 0x00, 0x23,
    0x24, 0x3C, 0x5A, 0x78, 0x60, 0x31, 0x63, 0x40, 0x31, 0x07, 0x43, 0x39,
    0x3B, 0x4D, 0x4F, 0x3D, 0x39, 0x01, 0x78, 0x31, 0x68, 0x49, 0x40, 0x52,
    0x52, 0x06, 0x26, 0x0F, 0x41, 0x4B, 0x69, 0x5B, 0x00, 0x07, 0x30, 0x08,
    0x10, 0x3B, 0x10, 0x08, 0x84, 0x3D, 0xB5, 0x41, 0x4B, 0x4A, 0x60, 0x10,
    0x08, 0x46, 0x41, 0x08, 0x63, 0x53, 0x4A, 0x3F, 0x10, 0x08, 0x4B, 0x41,
    0x72, 0x00, 0x60, 0x72, 0x49, 0x5B, 0x69, 0x69, 0x4B, 0x7F, 0x02, 0x72,
    0x60, 0x68, 0x3C, 0x61, 0x21, 0x00, 0x08, 0x60, 0x00, 0x72, 0x72, 0x31,
    0x52, 0x5B, 0x69, 0x46, 0x72, 0x08, 0x60, 0x60, 0x4C, 0x5B, 0x10, 0x08,
    0x60, 0x23, 0x5B, 0x82, 0x00, 0x52, 0x40, 0x4B, 0x60, 0x31, 0x40, 0x10,
    0x5B, 0x40, 0xC2, 0x0D, 0xF5, 0x20, 0x64, 0x4B, 0x49, 0x3C, 0x72, 0x06,
    0x4E, 0x3C, 0x00, 0x86, 0x86, 0x3C, 0x61, 0x40, 0x40, 0x4C, 0x84, 0x00,
    0x5A, 0x84, 0x5D, 0x86, 0x3C, 0x4C, 0x5D, 0x5A, 0x80, 0x01, 0x00, 0x40,
    0x84, 0x31, 0x23, 0x5A, 0x23, 0x35, 0x08, 0x35, 0x86, 0x5A, 0x58, 0x01,
    0x0D, 0x58, 0x35, 0x61, 0x12, 0x23, 0x56, 0x56, 0x00, 0x09, 0x58, 0x84,
    0x00, 0x07, 0x56, 0x00, 0x35, 0x58, 0x58, 0x5D, 0x23, 0x35, 0x58, 0x63,
    0x05, 0x53, 0x6D, 0x88, 0x5A, 0x5A, 0x0E, 0x37, 0x40, 0x07, 0x47, 0x00,
    0x62, 0x23, 0x5D, 0x84, 0x5D, 0x23, 0x84, 0x58, 0x10, 0x58, 0x58, 0x23,
    0x01, 0x40, 0x5A, 0x23, 0x58, 0x56, 0x84, 0x18, 0x9E, 0x62, 0x62, 0x53,
    0x56, 0x00, 0x12, 0x58, 0x56, 0x00, 0x58, 0x56, 0x35, 0x56, 0x62, 0x63,
    0x63, 0x56, 0x00, 0x35, 0x35, 0x58, 0x35, 0x23, 0x58, 0x63, 0x63, 0x20,
    0x59, 0x6B, 0x00, 0x1D, 0x5A, 0x78, 0x23, 0x4C, 0x40, 0x40, 0x66, 0x07,
    0x56, 0x41, 0x41, 0x84, 0x86, 0x3C, 0x8B, 0xB0, 0x07, 0x4E, 0x46, 0x00,
    0x4D, 0x17, 0x91, 0x46, 0x23, 0x84, 0x3C, 0x41, 0x61, 0x07, 0x6A, 0x41,
    0x23, 0x84, 0x5B, 0x86, 0x07, 0x67, 0x11, 0x60, 0x23, 0x3C, 0x10, 0x89,
    0x76, 0x4A, 0x5A, 0x08, 0x1D, 0x00, 0x63, 0x5A, 0x61, 0x3B, 0x5A, 0x44,
    0x5A, 0x63, 0x08, 0x53, 0x3B, 0x52, 0x40, 0x17, 0x4E, 0x58, 0x72, 0x76,
    0x48, 0x31, 0x07, 0x4E, 0x56, 0x58, 0x00, 0xF0, 0x46, 0x76, 0x35, 0x00,
    0x88, 0x63, 0x60, 0x72, 0x40, 0x60, 0x83, 0x54, 0x00, 0x89, 0x23, 0x72,
    0x49, 0x40, 0x83, 0x54, 0x88, 0x00, 0x58, 0x31, 0x68, 0x3C, 0x4B, 0x6D,
    0x88, 0x53, 0x00, 0x3B, 0x68, 0x68, 0x72, 0x41, 0x58, 0x58, 0x3B, 0x00,
    0x47, 0x5B, 0x3C, 0x23, 0x4A, 0x5A, 0x34, 0x7D, 0x00, 0x52, 0x52, 0x86,
    0x8F, 0x88, 0x5B, 0x4D, 0x61, 0x20, 0x68, 0x68, 0x0E, 0xD1, 0x5A, 0x40,
    0x4C, 0x61, 0x4B, 0x00, 0x4D, 0x29, 0x3C, 0x69, 0x72, 0x4C, 0x61, 0x61,
    0xF0, 0x07, 0x58, 0x01, 0x57, 0x30, 0x07, 0x00, 0x08, 0x5A, 0x61, 0x29,
    0x30, 0x81, 0x08, 0x76, 0x41, 0x23, 0x5A, 0x4C, 0x30, 0x72, 0x01, 0x71,
    0x04, 0x23, 0x78, 0x29, 0x5F, 0x4A, 0x07, 0xC0, 0x4A, 0x23, 0x50, 0x5A,
    0x57, 0x47, 0x30, 0x30, 0x07, 0x3C, 0x7A, 0x5D, 0x66, 0x99, 0x19, 0x5F,
    0x49, 0x43, 0x00, 0x07, 0x10, 0x09, 0x5B, 0x84, 0x20, 0x06, 0x5C, 0x24,
    0x47, 0xA8, 0x24, 0x19, 0xA2, 0x27, 0x89, 0x32, 0x3D, 0x24, 0x5D, 0x20,
    0x73, 0x7C, 0x06, 0x69, 0x5F, 0x64, 0x59, 0x73, 0x2C, 0x10, 0x6B, 0x32,
    0x5C, 0x07, 0x89, 0x29, 0x64, 0x45, 0x32, 0x41, 0x71, 0x03, 0xDB, 0x29,
    0x44, 0x6B, 0x44, 0x5C, 0x04, 0x87, 0x20, 0x37, 0x73, 0x0B, 0x89, 0x57,
    0x3E, 0x57, 0x30, 0x73, 0x02, 0x27, 0x27, 0x7E, 0x57, 0x3E, 0x59, 0x00,
    0x07, 0x2F, 0x80, 0x0E, 0xD3, 0x57, 0x30, 0x29, 0x27, 0x2F, 0x32, 0x7D,
    0xFF, 0x07, 0x0D, 0x26, 0xCC, 0x16, 0xF7, 0xBC, 0xC1, 0x50, 0x0D, 0x36,
    0xFD, 0x00, 0x1F, 0x47, 0x07, 0xFE, 0x07, 0xDF, 0x20, 0x31, 0x0C, 0x45,
    0xFC, 0xBF, 0xF0, 0x01, 0x57, 0x5E, 0x27, 0x5F, 0x6B, 0x10, 0x6B, 0x71,
    0x39, 0x1E, 0xC4, 0x64, 0x8F, 0x53, 0x89, 0x00, 0x51, 0x7C, 0x79, 0x7E,
    0x3B, 0x96, 0x2D, 0x2D, 0xBA, 0x3C, 0xDB, 0x59, 0x3E, 0xDF, 0x0E, 0x25,
    0x18, 0x15, 0x85, 0x0E, 0xA3, 0x45, 0x00, 0x48, 0x32, 0x32, 0x7E, 0x47,
    0x85, 0x27, 0x44, 0x20, 0x85, 0x5E, 0x0E, 0x84, 0x5F, 0x7E, 0x39, 0x3B,
    0x5F, 0x40, 0x7E, 0x0E, 0xD1, 0x5E, 0x89, 0x89, 0x78, 0x7A, 0x7A, 0x10,
    0x43, 0x7A, 0x5F, 0x05, 0xBB, 0x30, 0x37, 0x30, 0x75, 0x0B, 0x29, 0x5F,
    0x32, 0x27, 0x27, 0x4F, 0x27, 0x16, 0x2E, 0x00, 0x07, 0xF2, 0x0E, 0x32,
    0x15, 0x5D, 0x25, 0xA7, 0x17, 0x5E, 0x5F, 0x5C, 0x37, 0x65, 0x5F, 0x48,
    0x85, 0x1E, 0x74, 0x28, 0x28, 0x0E, 0x82, 0x5F, 0x32, 0x5C, 0x00, 0x2B,
    0x28, 0x39, 0x3B, 0x32, 0x5F, 0x5F, 0x5F, 0x7B, 0x32, 0x6E, 0xC7, 0xF0,
    0x01, 0xB6, 0xE6, 0x10, 0x04, 0x51, 0x05, 0xEF, 0x20, 0x0D, 0x37, 0x26,
    0x2B, 0x00, 0x0A, 0x10, 0x15, 0x2C, 0x10, 0x52, 0xF0, 0x01, 0x70, 0x01,
    0xD4, 0x10, 0x1F, 0x10, 0x2A, 0x79, 0x00, 0x08, 0x2B, 0x00, 0x08, 0x5C,
    0x2C, 0x80, 0x16, 0xF8, 0x28, 0x2B, 0x5C, 0x26, 0x2C, 0x26, 0x2C, 0xB4,
    0x06, 0x0C, 0x5C, 0xF0, 0x32, 0xD0, 0x01, 0x59, 0x30, 0x75, 0x2B, 0x71,
    0xF8, 0x06, 0x74, 0x00, 0x0A, 0x0F, 0x7A, 0x07, 0x3D, 0x00, 0x03, 0x79,
    0x2B, 0x8D, 0xF9, 0x0F, 0x17, 0x20, 0x86, 0x06, 0x54, 0x40, 0x2C, 0x40,
    0xCF, 0x8D, 0x79, 0x20, 0x06, 0x10, 0x5C, 0x5C, 0x5E, 0x10, 0x1E, 0x5C,
    0x5E, 0x85, 0x52, 0x80, 0x00, 0x06, 0x44, 0x85, 0x47, 0x7A, 0x75, 0x51,
    0x2B, 0x00, 0x5C, 0x73, 0x4F, 0x7A, 0x30, 0x7A, 0x26, 0x5C, 0x00, 0x8F,
    0x34, 0x4D, 0x30, 0x37, 0x37, 0x79, 0x27, 0x00, 0x2C, 0x2C, 0x5E, 0x7A,
    0x7A, 0x30, 0x5C, 0x2C, 0x00, 0x44, 0x5F, 0x80, 0x75, 0x37, 0x37, 0x8D,
    0x5F, 0x00, 0x3B, 0x89, 0x89, 0x47, 0x75, 0x22, 0x4F, 0x34, 0x00, 0x91,
    0x54, 0x54, 0x5F, 0x80, 0x8F, 0x73, 0x54, 0x00, 0x54, 0x54, 0x96, 0x4F,
    0x52, 0x37, 0x4F, 0x34, 0x00, 0x2D, 0x89, 0x78, 0x52, 0x80, 0x37, 0x75,
    0x43, 0x04, 0x4D, 0x29, 0x80, 0x52, 0x37, 0x06, 0x1B, 0x75, 0x80, 0x00,
    0x5F, 0x63, 0x78, 0x8C, 0x30, 0x8F, 0x89, 0x89, 0x00, 0x2D, 0x96, 0x5F,
    0x2C, 0x30, 0x3B, 0x2D, 0x91, 0x08, 0x91, 0x89, 0x5F, 0x26, 0x03, 0xD2,
    0x91, 0x54, 0x3B, 0x00, 0x27, 0x26, 0x8F, 0x63, 0x2D, 0x54, 0x91, 0x4F,
    0x01, 0x26, 0x26, 0x37, 0x73, 0x89, 0x54, 0x89, 0x07, 0x44, 0x04, 0x7A,
    0x73, 0x96, 0x54, 0x39, 0x01, 0x8A, 0x37, 0x78, 0x10, 0x91, 0x54, 0x71,
    0x01, 0x99, 0x29, 0x89, 0x54, 0x91, 0x12, 0x3B, 0x32, 0x32, 0x17, 0x5E,
    0x44, 0x71, 0x37, 0x1C, 0x32, 0xA1, 0x01, 0x4F, 0x44, 0x17, 0xED, 0x2B,
    0x26, 0x44, 0x27, 0x07, 0x84, 0x78, 0x27, 0x00, 0x02, 0x07, 0x76, 0x09,
    0x57, 0x08, 0x0D, 0x26, 0x2C, 0x32, 0x12, 0x2C, 0x44, 0x79, 0x00, 0x13,
    0x79, 0x44, 0x0F, 0xD0, 0x27, 0x1D, 0x44, 0x79, 0x5E, 0x01, 0x42, 0x08,
    0x28, 0x0E, 0x54, 0x79, 0x17, 0x47, 0x61, 0x44, 0x09, 0x77, 0x10, 0x07,
    0x79, 0x8D, 0x27, 0x27, 0x10, 0x07, 0x0D, 0x8D, 0x8D, 0x27, 0x44, 0x00,
    0x07, 0x00, 0x2B, 0x79, 0x10, 0x07, 0x75, 0x79, 0x00, 0x2A, 0x10, 0x07,
    0x10, 0x31, 0x27, 0x00, 0x86, 0x44, 0x00, 0x0E, 0x90, 0x02, 0x37, 0x2C,
    0x5E, 0x17, 0x47, 0x47, 0x5F, 0x64, 0x55, 0x42, 0x32, 0x00, 0x06, 0x47,
    0x7A, 0x37, 0x5C, 0x00, 0x07, 0x80, 0x9A, 0x00, 0xDD, 0x30, 0x5F, 0x00,
    0x0C, 0x00, 0x06, 0x3D, 0x07, 0x05, 0x37, 0x09, 0x37, 0x3D, 0x67, 0x6C,
    0x20, 0x0C, 0x67, 0x6C, 0x00, 0x07, 0x12, 0x3D, 0x67, 0x46, 0x05, 0xF7,
    0x3D, 0x4B, 0x10, 0x05, 0x38, 0x4D, 0x38, 0x3A, 0x15, 0x6B, 0x48, 0x17,
    0x9C, 0x10, 0x08, 0x3B, 0x4A, 0xCE, 0x30, 0x6E, 0x4D, 0x03, 0x8C, 0x00,
    0x08, 0x6C, 0x6C, 0x33, 0x8F, 0xC1, 0x13, 0x29, 0x06, 0x4A, 0x67, 0x22,
    0x89, 0x55, 0x3E, 0x26, 0x4C, 0x11, 0x22, 0x34, 0x55, 0x20, 0x3C, 0x46,
    0x68, 0x63, 0x27, 0x2F, 0xD6, 0x07, 0x48, 0x47, 0x2E, 0x5E, 0x47, 0xB7,
    0x2F, 0x17, 0x9B, 0x10, 0x07, 0x55, 0xDE, 0x40, 0x08, 0x00, 0x5C, 0x6B,
    0x1F, 0x22, 0x10, 0x65, 0x10, 0x08, 0x13, 0x85, 0x6F, 0xE0, 0x07, 0xD1,
    0x06, 0xAB, 0x07, 0x49, 0x5E, 0x79, 0x93, 0x4E, 0x6E, 0xD0, 0x00, 0x08,
    0x00, 0x09, 0x93, 0x26, 0xBF, 0x6E, 0x2F, 0x32, 0x6E, 0x89, 0x26, 0xC7,
    0x48, 0x2F, 0x4D, 0x00, 0xB5, 0x6C, 0x67, 0x0F, 0x87, 0xC3, 0x20, 0x08,
    0x00, 0x6E, 0x27, 0x29, 0x6C, 0x38, 0x00, 0x07, 0x0F, 0x43, 0x04, 0x61,
    0x46, 0x46, 0x90, 0x90, 0x30, 0x01, 0x2A, 0x2A, 0xE9, 0x50, 0x01, 0x50,
    0x11, 0x60, 0x17, 0x90, 0x90, 0x12, 0x42, 0x42, 0xB0, 0x01, 0xFF, 0xD0,
    0x3F, 0x60, 0x34, 0xB0, 0x46, 0x70, 0x3F, 0x10, 0x24, 0xF0, 0x3F, 0x80,
    0x7F, 0x10, 0x70, 0xE4, 0xE0, 0x3F, 0x50, 0x0F, 0x30, 0x20, 0x42, 0x42,
    0x60, 0x42, 0x7F, 0x33, 0x26, 0x30, 0x49, 0x15, 0x20, 0x90, 0x6A, 0x07,
    0x68, 0x10, 0x07, 0x6C, 0x58, 0x43, 0x27, 0x60, 0x90, 0x07, 0x60, 0x10,
    0x10, 0x90, 0x46, 0x3D, 0x48, 0x43, 0x20, 0x07, 0x2A, 0x33, 0x20, 0x07,
    0x42, 0x2A, 0x6A, 0x84, 0x30, 0x07, 0x42, 0x7F, 0x30, 0x86, 0x10, 0x38,
    0x3C, 0x4D, 0x40, 0x78, 0x05, 0xF6, 0x60, 0x24, 0x3C, 0x84, 0x39, 0x72,
    0x00, 0x3F, 0x3F, 0x4A, 0x24, 0x49, 0x4C, 0x78, 0x23, 0x01, 0x3F, 0x3F,
    0x8B, 0x24, 0x24, 0x4C, 0x3B, 0x06, 0x48, 0x4D, 0x76, 0x00, 0x20, 0x3B,
    0x63, 0x10, 0x1F, 0x07, 0x70, 0x63, 0x0D, 0xDE, 0x84, 0x05, 0x7A, 0x5A,
    0x39, 0x4A, 0x76, 0x00, 0x07, 0x24, 0x84, 0x01, 0x3B, 0x4A, 0x8B, 0x4A,
    0x53, 0x89, 0x58, 0x27, 0x48, 0x10, 0x89, 0x91, 0x63, 0x00, 0x08, 0x41,
    0x46, 0x53, 0x96, 0x00, 0x63, 0x68, 0x53, 0x4A, 0x60, 0x3F, 0x4A, 0x8F,
    0x00, 0x5A, 0x60, 0x31, 0x53, 0x58, 0x76, 0x60, 0x5A, 0x00, 0x61, 0x60,
    0x76, 0x23, 0x2D, 0x6D, 0x31, 0x61, 0x41, 0x61, 0x0E, 0x16, 0x63, 0x96,
    0x68, 0x29, 0x61, 0x00, 0x55, 0x01, 0x4A, 0x63, 0x61, 0x4C, 0x72, 0x76,
    0x60, 0x00, 0x19, 0x45, 0x46, 0x17, 0x48, 0x40, 0x49, 0x3C, 0x07, 0x92,
    0x46, 0x00, 0x08, 0xC6, 0x00, 0x07, 0x06, 0x28, 0x49, 0x3C, 0x86, 0x17,
    0xA6, 0x00, 0x1E, 0x5A, 0x00, 0x83, 0x4A, 0x3F, 0x3F, 0x60, 0x58, 0x34,
    0x8F, 0x20, 0x54, 0x6D, 0x00, 0x55, 0x5D, 0x39, 0x58, 0x2D, 0x96, 0x01,
    0x88, 0x53, 0x4D, 0x5B, 0x3B, 0x53, 0x78, 0x06, 0x88, 0x00, 0x5B, 0x52,
    0x4F, 0x39, 0x5D, 0x31, 0x62, 0x78, 0x01, 0x53, 0x56, 0x88, 0x56, 0x31,
    0x23, 0x58, 0x00, 0x12, 0x10, 0x58, 0x39, 0x5D, 0x07, 0x1C, 0x3B, 0x63,
    0x7D, 0x27, 0x20, 0x78, 0x39, 0x0F, 0x37, 0x61, 0x3B, 0x64, 0x78, 0x7D,
    0x00, 0x3B, 0x40, 0x86, 0x4D, 0x29, 0x3B, 0x5A, 0x4C, 0x00, 0x64, 0x4C,
    0x4C, 0x5A, 0x29, 0x3B, 0x39, 0x5A, 0x00, 0x7D, 0x64, 0x29, 0x7D, 0x7D,
    0x5A, 0x53, 0x39, 0x00, 0x4D, 0x29, 0x32, 0x44, 0x5F, 0x29, 0x2F, 0x79,
    0x00, 0x48, 0x64, 0x5A, 0x3B, 0x78, 0x5D, 0x5E, 0x77, 0x08, 0x71, 0x32,
    0x39, 0x5A, 0x07, 0x16, 0x6B, 0x64, 0x32, 0x00, 0x39, 0x4C, 0x4D, 0x29,
    0x44, 0x27, 0x71, 0x44, 0x08, 0x78, 0x4D, 0x84, 0x7D, 0x0B, 0x57, 0x7D,
    0x3B, 0x39, 0x00, 0x4D, 0x44, 0x5A, 0x5E, 0x8D, 0x5C, 0x5F, 0x4D, 0x00,
    0x5F, 0x5F, 0x5E, 0x8A, 0x28, 0x70, 0x8A, 0x5F, 0x00, 0x4C, 0x4C, 0x77,
    0x8A, 0x2B, 0x54, 0x92, 0x7B, 0x00, 0x5F, 0x84, 0x5A, 0x7D, 0x4C, 0x78,
    0x8F, 0x4D, 0x40, 0x30, 0x10, 0x3A, 0x34, 0x58, 0x39, 0x5C, 0x29, 0x3B,
    0x00, 0x7D, 0x5A, 0x2D, 0x2D, 0x39, 0x4C, 0x5A, 0x27, 0x40, 0x29, 0x0F,
    0x56, 0x3B, 0x4C, 0x5A, 0x32, 0x5A, 0x58, 0x00, 0x8F, 0x8F, 0x7D, 0x4C,
    0x58, 0x7D, 0x78, 0x56, 0x08, 0x34, 0x3B, 0x4C, 0x84, 0x07, 0xF3, 0x58,
    0x64, 0x29, 0x00, 0x4C, 0x3B, 0x78, 0x63, 0x2D, 0x64, 0x32, 0x29, 0x00,
    0x39, 0x56, 0x23, 0x39, 0x5A, 0x47, 0x30, 0x4D, 0x00, 0x68, 0x5D, 0x53,
    0x5A, 0x39, 0x30, 0x89, 0x63, 0x00, 0x72, 0x60, 0x61, 0x58, 0x78, 0x3B,
    0x2D, 0x5A, 0x00, 0x41, 0x3F, 0x49, 0x78, 0x61, 0x3B, 0x34, 0x4C, 0x80,
    0x00, 0x07, 0x58, 0x72, 0x5A, 0x34, 0x61, 0x41, 0x60, 0x00, 0x3C, 0x58,
    0x3F, 0x72, 0x23, 0x78, 0x61, 0x61, 0x00, 0x5B, 0x60, 0x3F, 0x3F, 0x72,
    0x68, 0x86, 0x75, 0x08, 0x5B, 0x60, 0x4B, 0x4B, 0x08, 0x67, 0x58, 0x4A,
    0x58, 0x84, 0x0F, 0x42, 0x83, 0x58, 0x68, 0x29, 0x01, 0xB3, 0x60, 0x58,
    0x00, 0x58, 0x4A, 0x29, 0x84, 0x60, 0x60, 0x4A, 0x58, 0x01, 0x83, 0x83,
    0x29, 0x61, 0x76, 0x4A, 0x23, 0x00, 0x07, 0x00, 0x4D, 0x23, 0x4A, 0x23,
    0x61, 0x4A, 0x83, 0x76, 0x00, 0x5A, 0x5A, 0x4D, 0x4C, 0x31, 0x4A, 0x76,
    0x60, 0x0A, 0x68, 0x86, 0x61, 0x31, 0x08, 0x0E, 0x3F, 0x11, 0xF2, 0x3F,
    0xA7, 0x00, 0x32, 0x60, 0x47, 0x58, 0x66, 0x4C, 0x47, 0x58, 0x00, 0x07,
    0x27, 0x70, 0x5C, 0x29, 0x50, 0x07, 0x4C, 0x37, 0x91, 0x10, 0x07, 0x10,
    0x1F, 0x29, 0x4C, 0xE0, 0x37, 0x78, 0x07, 0xF2, 0x4F, 0x01, 0x44, 0x2F,
    0x44, 0x97, 0x55, 0x00, 0x55, 0x86, 0x29, 0x73, 0x79, 0x2F, 0x80, 0x6F,
    0x21, 0x3E, 0x3C, 0x10, 0x07, 0x5F, 0x5C, 0x3E, 0x3C, 0x07, 0x68, 0x00,
    0x48, 0x44, 0x85, 0x3E, 0x49, 0x30, 0x73, 0x5C, 0x00, 0x2F, 0x79, 0x80,
    0x57, 0x49, 0x86, 0x4D, 0x5C, 0x08, 0x2F, 0x48, 0x85, 0x71, 0x30, 0x07,
    0x44, 0x7D, 0x24, 0x43, 0x4C, 0x00, 0x07, 0x2F, 0x2F, 0x5F, 0x59, 0x07,
    0x48, 0x07, 0xA6, 0x00, 0x3E, 0x6F, 0x71, 0x71, 0x71, 0x71, 0x55, 0x59,
    0x19, 0x55, 0x6F, 0x2F, 0x06, 0xEE, 0x00, 0x03, 0x57, 0x48, 0x10, 0x07,
    0x00, 0x2F, 0x32, 0x57, 0x71, 0x27, 0x44, 0x27, 0x44, 0x10, 0x2F, 0x5E,
    0x55, 0x0F, 0x04, 0x2F, 0x32, 0x2F, 0x44, 0x08, 0x55, 0x59, 0x2F, 0x5E,
    0x00, 0x07, 0x27, 0x70, 0x6F, 0x40, 0x2F, 0x0D, 0x28, 0x44, 0x27, 0x55,
    0x71, 0x8D, 0x5E, 0x00, 0x47, 0x96, 0x91, 0x91, 0x3E, 0x71, 0x2C, 0x26,
    0x00, 0x7E, 0x39, 0x54, 0x54, 0x6B, 0x64, 0x2C, 0x26, 0x04, 0x8D, 0x4F,
    0x91, 0x54, 0x48, 0x14, 0xE5, 0x5E, 0x8F, 0x21, 0x54, 0x2F, 0x10, 0x07,
    0x2C, 0x3B, 0x91, 0x27, 0x2D, 0x17, 0x01, 0x64, 0x89, 0x44, 0x27, 0x8D,
    0x2B, 0x2B, 0x06, 0x03, 0xA0, 0x00, 0x4C, 0x2B, 0x0C, 0xDF, 0x52, 0x91,
    0x96, 0x8F, 0x78, 0x00, 0x78, 0x4D, 0x75, 0x78, 0x88, 0x6D, 0x6D, 0x6D,
    0x10, 0x8F, 0x29, 0x80, 0x05, 0xEE, 0x89, 0x43, 0x7A, 0x30, 0x20, 0x43,
    0x52, 0x05, 0xF6, 0x5F, 0x37, 0x8C, 0x37, 0x7A, 0x82, 0x00, 0x07, 0x8F,
    0x47, 0x8C, 0x8C, 0x8C, 0x00, 0x07, 0x91, 0x08, 0x3B, 0x7A, 0x37, 0x8C,
    0x16, 0x16, 0x96, 0x39, 0x29, 0x20, 0x7A, 0x97, 0x05, 0xD7, 0x54, 0x91,
    0x89, 0x8F, 0x91, 0x00, 0x2D, 0x89, 0x34, 0x97, 0x47, 0x7E, 0x5F, 0x2D,
    0x00, 0x54, 0x54, 0x34, 0x52, 0x80, 0x7A, 0x75, 0x5F, 0x00, 0x78, 0x4D,
    0x52, 0x52, 0x75, 0x30, 0x7A, 0x52, 0x00, 0x52, 0x52, 0x47, 0x7A, 0x8C,
    0x37, 0x4D, 0x37, 0x00, 0x7A, 0x37, 0x8F, 0x78, 0x8C, 0x37, 0x78, 0x8C,
    0x00, 0x8C, 0x63, 0x54, 0x89, 0x8C, 0x29, 0x34, 0x37, 0x00, 0x8C, 0x8F,
    0x89, 0x8F, 0x3B, 0x8F, 0x91, 0x3B, 0x00, 0x73, 0x3B, 0x8F, 0x34, 0x89,
    0x91, 0x54, 0x32, 0x42, 0x2C, 0x27, 0x26, 0x2C, 0x29, 0x4F, 0x5F, 0x06,
    0x06, 0x2B, 0x04, 0x5C, 0x8F, 0x89, 0x5F, 0x85, 0x06, 0x14, 0x8D, 0x34,
    0x00, 0x89, 0x8F, 0x5F, 0x79, 0x44, 0x44, 0x8D, 0x2D, 0x01, 0x2D, 0x89,
    0x29, 0x79, 0x8D, 0x2C, 0x79, 0x00, 0x6C, 0x6A, 0x39, 0x10, 0xC2, 0x00,
    0x87, 0x2D, 0x06, 0x24, 0x2B, 0x10, 0x8F, 0x34, 0x50, 0x8D, 0x07, 0x12,
    0x27, 0x0D, 0x49, 0x26, 0x26, 0x5C, 0x2C, 0xFA, 0x06, 0x22, 0x0D, 0x50,
    0x00, 0x02, 0x0E, 0x1A, 0x00, 0x07, 0x44, 0x30, 0x07, 0x26, 0x7F, 0x44,
    0x2E, 0x16, 0x16, 0x08, 0x38, 0x10, 0x00, 0x02, 0x00, 0xFF, 0x07, 0x36,
    0x4F, 0x79, 0x32, 0x8D, 0x2C, 0x00, 0x27, 0x1D, 0x8D, 0x2C, 0x27, 0x00,
    0x2E, 0x2C, 0x5B, 0x5E, 0x17, 0x96, 0x2C, 0x06, 0x69, 0x20, 0x2D, 0x8D,
    0x00, 0x54, 0x4D, 0xAD, 0xDE, 0x20, 0x36, 0x00, 0x08, 0x6F, 0x4E, 0xF3,
    0x18, 0x0D, 0x26, 0xB4, 0x07, 0x2E, 0x39, 0x04, 0x37, 0x8C, 0x8C, 0x5E,
    0x39, 0x06, 0xFF, 0x73, 0x37, 0x13, 0x8C, 0x5E, 0x34, 0x31, 0x29, 0x5E,
    0x96, 0x00, 0x07, 0x10, 0xAB, 0x88, 0x20, 0x06, 0x54, 0x54, 0x64, 0x00,
    0x15, 0x2D, 0x89, 0x89, 0x11, 0x34, 0x5C, 0x34, 0x0E, 0xAC, 0x71, 0x71,
    0x8D, 0x10, 0x65, 0x01, 0x79, 0x2C, 0x8D, 0x27, 0x8C, 0x8C, 0x37, 0x07,
    0x12, 0x20, 0x96, 0x73, 0x01, 0x62, 0x8C, 0x78, 0x96, 0x78, 0x78, 0xC0,
    0x00, 0x4A, 0x01, 0x35, 0x34, 0x91, 0x39, 0x73, 0x73, 0x3B, 0x10, 0x34,
    0x91, 0x89, 0x17, 0x7E, 0x91, 0x2D, 0x34, 0x4F, 0x00, 0x87, 0x34, 0x34,
    0x34, 0x71, 0x64, 0x32, 0x32, 0xE9, 0x08, 0xE5, 0x16, 0xD8, 0x11, 0xCB,
    0x79, 0x18, 0xF7, 0x6F, 0x39, 0x00, 0x23, 0x00, 0x80, 0x80, 0x32, 0x79,
    0x91, 0x34, 0x5F, 0x52, 0x88, 0x1E, 0xB3, 0x39, 0x80, 0x87, 0x07, 0x3B,
    0x26, 0x26, 0x80, 0xFF, 0x2F, 0x2B, 0x00, 0xFF, 0x10, 0xF2, 0x1E, 0x77,
    0x37, 0x63, 0x08, 0x1F, 0x20, 0x07, 0x08, 0x1F, 0xBE, 0x20, 0x07, 0x44,
    0x07, 0x5B, 0x02, 0x27, 0x07, 0x43, 0x11, 0x5C, 0x09, 0x6A, 0x27, 0xBF,
    0x17, 0x81, 0x32, 0x17, 0x25, 0x07, 0x88, 0x17, 0x25, 0x01, 0x1E, 0x17,
    0x6F, 0x07, 0x85, 0x8F, 0x01, 0x8E, 0x44, 0x79, 0x32, 0x00, 0x16, 0x19,
    0x71, 0x11, 0xA3, 0x30, 0x85, 0x4D, 0x5E, 0x01, 0x23, 0x8D, 0x61, 0x1F,
    0xB2, 0x01, 0x86, 0x46, 0x10, 0x30, 0x08, 0x26, 0x2C, 0x4D, 0x38, 0x22,
    0x6F, 0x5C, 0x6C, 0x90, 0x84, 0x17, 0x74, 0x8D, 0x6A, 0x38, 0x90, 0x00,
    0x0D, 0x8D, 0x61, 0x12, 0x38, 0x90, 0x90, 0x00, 0x14, 0x6A, 0x38, 0x05,
    0xDE, 0x2C, 0x37, 0x3B, 0x7F, 0x25, 0xCA, 0x37, 0x45, 0x38, 0x00, 0x19,
    0x10, 0x03, 0xF0, 0x01, 0xFF, 0x10, 0x01, 0x20, 0x1E, 0xA6, 0x91, 0x76,
    0x2F, 0x5D, 0x9F, 0x20, 0x3F, 0x10, 0x01, 0xF0, 0x3E, 0xE8, 0x10, 0x41,
    0x90, 0x3D, 0xA0, 0x01, 0x39, 0x27, 0xB7, 0x7C, 0x48, 0x46, 0x40, 0x3B,
    0x17, 0xB7, 0x51, 0x7C, 0x90, 0x38, 0x22, 0x70, 0xDE, 0x10, 0x08, 0x00,
    0x33, 0x22, 0x17, 0xB7, 0x10, 0x55, 0x10, 0x08, 0x10, 0x3B, 0x7F, 0xC5,
    0x07, 0xB7, 0x20, 0x7C, 0x38, 0x72, 0x34, 0x40, 0x3E, 0x72, 0x17, 0x47,
    0x08, 0x2F, 0x27, 0x6A, 0x46, 0x17, 0x9B, 0x2F, 0x2F, 0x44, 0x37, 0x33,
    0x7C, 0x00, 0x05, 0x17, 0xD0, 0x51, 0x10, 0x08, 0x17, 0xAF, 0x00, 0x5B,
    0xD8, 0x20, 0x07, 0x27, 0xAD, 0x48, 0x17, 0xBF, 0x00, 0x08, 0x48, 0x2F,
    0x71, 0xFF, 0x47, 0xBF, 0xD7, 0x4F, 0xD0, 0x9F, 0xD7, 0x95, 0x50, 0x0F,
    0xD0, 0x37, 0xF0, 0x3F, 0xA7, 0x4E, 0xFC, 0xF0, 0x3F, 0xF0, 0x3A, 0x90,
    0x3F, 0xB1, 0x27, 0xE8, 0x12, 0x90, 0x3F, 0x41, 0x4C, 0x60, 0x86, 0x05,
    0x22, 0x07, 0x4F, 0x61, 0x43, 0x5D, 0x31, 0x31, 0x98, 0x00, 0x1A, 0x6A,
    0x43, 0x0E, 0xFA, 0x20, 0x07, 0x4C, 0x31, 0x31, 0xE1, 0x00, 0x2F, 0x07,
    0x89, 0x30, 0x07, 0x3D, 0x5B, 0x66, 0x66, 0x00, 0x17, 0x09, 0x7F, 0x33,
    0x47, 0x49, 0x07, 0x7F, 0x42, 0x42, 0x37, 0x89, 0xA0, 0x27, 0x68, 0x31,
    0x05, 0x5C, 0x3C, 0x3B, 0x78, 0x41, 0x4B, 0xC8, 0x00, 0x08, 0x0E, 0xD9,
    0x3F, 0x49, 0x00, 0x07, 0x49, 0x84, 0x3B, 0x20, 0x23, 0x61, 0x00, 0x17,
    0x49, 0x4C, 0x5C, 0x58, 0x23, 0x88, 0x2C, 0xFC, 0x78, 0x8F, 0x58, 0x20,
    0x07, 0x3B, 0x39, 0x53, 0x80, 0x2D, 0x04, 0x5A, 0x8F, 0x58, 0x4C, 0x61,
    0x76, 0x76, 0x80, 0x00, 0x01, 0x68, 0x4D, 0x68, 0x76, 0x8B, 0x8B, 0x8B,
    0x10, 0x68, 0x5B, 0x5A, 0x0D, 0x68, 0x3F, 0x4A, 0x23, 0x4C, 0x41, 0x22,
    0x07, 0x3F, 0x41, 0x53, 0x89, 0x61, 0x23, 0x0E, 0xDE, 0x00, 0x60, 0x56,
    0x78, 0x41, 0x63, 0x58, 0x83, 0x8B, 0x00, 0x83, 0x63, 0x4D, 0x76, 0x63,
    0x56, 0x83, 0x83, 0x40, 0x83, 0x06, 0x12, 0x4A, 0x53, 0x53, 0x8B, 0x8B,
    0x83, 0x80, 0x06, 0x50, 0x4C, 0x63, 0x34, 0x34, 0x8F, 0x71, 0x34, 0x80,
    0x04, 0xAE, 0x86, 0x4C, 0x4C, 0x4F, 0x5C, 0x43, 0x4C, 0x00, 0x30, 0x5A,
    0x53, 0x78, 0x4C, 0x4C, 0x23, 0x53, 0x24, 0x89, 0x29, 0x0F, 0x8E, 0x4C,
    0x66, 0x00, 0x0D, 0x5A, 0x58, 0x00, 0x53, 0x5A, 0x60, 0x5D, 0x78, 0x39,
    0x72, 0x60, 0x01, 0x23, 0x63, 0x83, 0x23, 0x63, 0x3B, 0x4A, 0x06, 0x63,
    0x00, 0x83, 0x78, 0x3B, 0x63, 0x56, 0x23, 0x23, 0x83, 0x00, 0x53, 0x39,
    0x3B, 0x5A, 0x4D, 0x86, 0x86, 0x29, 0x00, 0x39, 0x63, 0x56, 0x58, 0x39,
    0x3B, 0x84, 0x30, 0x00, 0x5C, 0x39, 0x89, 0x78, 0x89, 0x2D, 0x4D, 0x86,
    0x00, 0x4F, 0x5E, 0x5C, 0x5C, 0x34, 0x34, 0x29, 0x5A, 0x00, 0x5A, 0x4C,
    0x4C, 0x29, 0x5F, 0x5F, 0x4F, 0x4C, 0x00, 0x53, 0x78, 0x78, 0x5A, 0x4C,
    0x4D, 0x61, 0x4C, 0x00, 0x58, 0x62, 0x56, 0x2D, 0x3B, 0x58, 0x58, 0x61,
    0x00, 0x83, 0x23, 0x39, 0x8F, 0x3B, 0x58, 0x34, 0x29, 0x00, 0x81, 0x8A,
    0x92, 0x92, 0x8A, 0x81, 0x5F, 0x61, 0x00, 0x7B, 0x28, 0x92, 0x7B, 0x7B,
    0x81, 0x5E, 0x4D, 0x10, 0x7B, 0x81, 0x8A, 0x00, 0x07, 0x8C, 0x29, 0x8C,
    0x81, 0x00, 0x81, 0x7B, 0x7B, 0x7B, 0x5F, 0x86, 0x5F, 0x7B, 0x80, 0x10,
    0x08, 0x5F, 0x86, 0x4C, 0x7E, 0x7B, 0x81, 0x7B, 0x00, 0x80, 0x4F, 0x86,
    0x86, 0x43, 0x87, 0x87, 0x80, 0x02, 0x30, 0x4D, 0x39, 0x5B, 0x52, 0x30,
    0x07, 0xA5, 0x3B, 0x00, 0x8F, 0x5A, 0x44, 0x85, 0x4C, 0x5A, 0x39, 0x23,
    0x00, 0x60, 0x7E, 0x97, 0x84, 0x78, 0x88, 0x58, 0x72, 0x00, 0x3F, 0x4C,
    0x5A, 0x63, 0x39, 0x53, 0x5A, 0x72, 0x00, 0x76, 0x61, 0x53, 0x89, 0x3B,
    0x47, 0x80, 0x7D, 0x00, 0x58, 0x4C, 0x78, 0x3B, 0x80, 0x5B, 0x5B, 0x85,
    0x02, 0x39, 0x5B, 0x80, 0x80, 0x5F, 0x78, 0x07, 0x8F, 0x4D, 0x00, 0x52,
    0x80, 0x7D, 0x62, 0x62, 0x63, 0x23, 0x63, 0x00, 0x5B, 0x86, 0x5A, 0x8F,
    0x2D, 0x6D, 0x4A, 0x94, 0x00, 0x31, 0x86, 0x5D, 0x83, 0x83, 0x8B, 0x76,
    0x60, 0x05, 0x4A, 0x39, 0x61, 0x4A, 0x76, 0x08, 0xF8, 0x83, 0x0F, 0x7F,
    0x80, 0x07, 0x1C, 0x8B, 0x60, 0x76, 0x4A, 0x58, 0x4A, 0x8B, 0x52, 0x60,
    0x00, 0xEB, 0x76, 0x0F, 0xCE, 0x60, 0x39, 0x0F, 0x64, 0x3F, 0x04, 0x68,
    0x5A, 0x61, 0x5A, 0x31, 0x0E, 0xB8, 0x68, 0x61, 0x00, 0x4C, 0x66, 0x49,
    0x69, 0x69, 0x68, 0x23, 0x23, 0x58, 0x61, 0x17, 0x44, 0x76, 0x08, 0xC9,
    0x20, 0x05, 0x3F, 0x3F, 0x41, 0xF0, 0x20, 0x04, 0x0F, 0x77, 0x10, 0x04,
    0x08, 0xCB, 0x46, 0x41, 0x72, 0x72, 0x80, 0x00, 0x07, 0x4B, 0x4B, 0x40,
    0x86, 0x5D, 0x4B, 0x69, 0x04, 0x40, 0x40, 0x40, 0x40, 0x49, 0x10, 0x39,
    0x4B, 0x4B, 0x11, 0x60, 0x72, 0x72, 0x20, 0x01, 0x61, 0x30, 0x3C, 0x27,
    0x50, 0x39, 0x61, 0x29, 0x3E, 0xDA, 0x1F, 0x4B, 0x17, 0x79, 0x4B, 0x73,
    0x10, 0x07, 0x88, 0x01, 0xE3, 0x73, 0x4D, 0x61, 0x17, 0x80, 0x40, 0x4D,
    0x7D, 0x80, 0x02, 0x55, 0x24, 0x24, 0x4B, 0x5A, 0x7D, 0x4D, 0x31, 0x82,
    0x02, 0x1C, 0x68, 0x68, 0x73, 0x4D, 0x5A, 0x12, 0x35, 0x49, 0x1B, 0x29,
    0x3B, 0x64, 0x07, 0x27, 0x40, 0x07, 0x44, 0x02, 0x2D, 0x07, 0x70, 0x3A,
    0x2F, 0x27, 0x00, 0x07, 0x27, 0x60, 0x17, 0xA1, 0x73, 0x20, 0x07, 0x3C,
    0x04, 0x30, 0x29, 0x79, 0x2F, 0x48, 0x1F, 0x5B, 0x37, 0x27, 0x80, 0x00,
    0x0F, 0x66, 0x5D, 0x43, 0x7A, 0x44, 0x2F, 0x48, 0x10, 0x71, 0x55, 0x2F,
    0x17, 0x58, 0x27, 0x44, 0x55, 0x71, 0x82, 0x07, 0x56, 0x5E, 0x79, 0x32,
    0x57, 0x6F, 0x07, 0x77, 0x44, 0x05, 0x44, 0x5E, 0x71, 0x51, 0x7C, 0x05,
    0x0D, 0x32, 0x0F, 0x44, 0x82, 0x1B, 0x6E, 0x5E, 0x27, 0x44, 0x57, 0x2B,
    0x00, 0x07, 0x27, 0x08, 0x2F, 0x5E, 0x59, 0x6F, 0x13, 0xC7, 0x2F, 0x32,
    0x64, 0xD4, 0x03, 0xD9, 0x03, 0xE8, 0x2F, 0x0C, 0x88, 0x71, 0x0C, 0xB1,
    0x2F, 0x44, 0xAC, 0x1D, 0x6B, 0x28, 0x05, 0x40, 0x44, 0x1D, 0xD4, 0x07,
    0x9A, 0x5E, 0x32, 0x04, 0x96, 0x28, 0x28, 0x44, 0x27, 0x00, 0x18, 0x8F,
    0x70, 0x81, 0x00, 0x17, 0x2F, 0x44, 0x26, 0x5C, 0x70, 0x28, 0x07, 0xB5,
    0x06, 0x44, 0x2C, 0x8D, 0x34, 0x70, 0x00, 0x49, 0x05, 0x46, 0x5C, 0x04,
    0x3E, 0x5C, 0x7E, 0x47, 0x3B, 0x06, 0x2A, 0x91, 0x28, 0x01, 0x2B, 0x5E,
    0x52, 0x80, 0x8F, 0x91, 0x54, 0x17, 0x0C, 0x08, 0x32, 0x80, 0x4F, 0x3B,
    0x26, 0x9C, 0x2C, 0x32, 0x85, 0xC9, 0x9E, 0x7F, 0x80, 0x07, 0x28, 0x70,
    0x40, 0x07, 0x91, 0x96, 0x07, 0xFC, 0xC0, 0x46, 0x63, 0x07, 0x11, 0x3B,
    0x8F, 0x8F, 0x39, 0x3B, 0x4D, 0x07, 0x85, 0x85, 0x44, 0x7E, 0x85, 0x0E,
    0xE6, 0x06, 0xB5, 0x16, 0x67, 0x07, 0x2C, 0x2C, 0x8D, 0x8D, 0x2B, 0x07,
    0x20, 0x1F, 0x23, 0x16, 0xC5, 0xD0, 0x00, 0x0E, 0x1E, 0x1F, 0x6F, 0x0C,
    0xFD, 0x8D, 0x54, 0x2D, 0x8F, 0x23, 0x3B, 0x73, 0x07, 0x47, 0x4F, 0x87,
    0x44, 0x2E, 0x43, 0x0E, 0x9B, 0xCF, 0x30, 0x68, 0x2F, 0x48, 0x2B, 0x2B,
    0x00, 0x2A, 0x00, 0x02, 0x08, 0x53, 0x06, 0xAC, 0x2F, 0x79, 0x5C, 0x07,
    0x21, 0x8D, 0x16, 0x5E, 0x00, 0xF0, 0x27, 0x44, 0xD0, 0x01, 0xE8, 0x3F,
    0x16, 0x70, 0xA8, 0x50, 0x24, 0x8D, 0x27, 0xE5, 0x28, 0x70, 0x5E, 0x88,
    0x2E, 0x97, 0x70, 0x70, 0x5E, 0x20, 0xD7, 0x70, 0x70, 0x3B, 0x7B, 0x80,
    0x36, 0x86, 0x60, 0x01, 0x10, 0x27, 0x00, 0xA1, 0x79, 0x20, 0x27, 0x26,
    0xB5, 0xFD, 0x40, 0x4B, 0x1F, 0xC3, 0x20, 0x13, 0x40, 0x08, 0x06, 0xD7,
    0x30, 0x0F, 0x2C, 0x07, 0xB8, 0x47, 0x27, 0x0E, 0xBD, 0x8D, 0x44, 0x8D,
    0x0D, 0xF8, 0x07, 0x54, 0x50, 0x47, 0xF9, 0x27, 0xE7, 0xFF, 0x9F, 0xC0,
    0x01, 0x00, 0x3D, 0x00, 0x2E, 0x51, 0x28, 0x16, 0xAE, 0xE7, 0x20, 0x67,
    0x40, 0x60, 0x50, 0x67, 0x51, 0x51, 0xF0, 0x33, 0xB0, 0x01, 0x10, 0xC0,
    0x22, 0x2C, 0x32, 0x40, 0x07, 0x5F, 0x28, 0x51, 0x27, 0x66, 0x5F, 0xA9,
    0x47, 0x5E, 0x5E, 0x4E, 0xDA, 0x8D, 0x20, 0x07, 0x8D, 0x85, 0x20, 0x07,
    0x08, 0x2C, 0x7E, 0x3B, 0x39, 0x10, 0x06, 0x5F, 0x29, 0x34, 0x61, 0x34,
    0x27, 0xAC, 0x47, 0x4B, 0x26, 0x26, 0x3B, 0x4B, 0x20, 0xBC, 0x10, 0x44,
    0x3B, 0x39, 0x18, 0x92, 0x5C, 0x89, 0x96, 0x96, 0x20, 0x26, 0x2C, 0x04,
    0x51, 0x2D, 0x96, 0x96, 0x8D, 0x5C, 0x12, 0x39, 0x34, 0x34, 0x0F, 0x6A,
    0x39, 0x8F, 0x08, 0x09, 0x34, 0x20, 0x34, 0x2D, 0x20, 0x05, 0x34, 0x89,
    0x96, 0x4D, 0x41, 0xC0, 0x15, 0xB4, 0x03, 0x93, 0x4B, 0x69, 0x61, 0x30,
    0x82, 0x3D, 0x20, 0x3D, 0x34, 0x09, 0x96, 0x3B, 0x33, 0x33, 0x33, 0x96,
    0x0B, 0x91, 0x54, 0x2D, 0x3D, 0x30, 0x07, 0x78, 0x00, 0x06, 0x00, 0x07,
    0x21, 0x96, 0x3B, 0x20, 0x0F, 0x96, 0x34, 0x34, 0x78, 0x00, 0x08, 0x00,
    0x96, 0x96, 0x73, 0x78, 0x89, 0x22, 0x33, 0x33, 0x84, 0x13, 0x94, 0x82,
    0x69, 0x42, 0x42, 0x10, 0x23, 0x82, 0x4B, 0x9B, 0x20, 0x07, 0x3D, 0x82,
    0x07, 0x2E, 0x10, 0x0E, 0x69, 0x05, 0xB4, 0x10, 0x07, 0x86, 0x17, 0x3D,
    0x33, 0x33, 0x93, 0x69, 0x17, 0x86, 0x40, 0x0E, 0x90, 0x1F, 0x33, 0x3D,
    0x69, 0xE6, 0x47, 0x10, 0x0D, 0xF7, 0x7B, 0xF0, 0x01, 0xF6, 0x87, 0xF3,
    0xFE, 0x0F, 0xF0, 0x01, 0xF0, 0x3F, 0x10, 0x01, 0x7F, 0x8F, 0x17, 0x48,
    0x07, 0x47, 0x75, 0x7F, 0x07, 0xC9, 0x00, 0x08, 0x07, 0xA5, 0x39, 0x0B,
    0x4F, 0x6F, 0x17, 0xAE, 0x79, 0x63, 0x00, 0x08, 0x27, 0xB7, 0x00, 0x08,
    0x20, 0x34, 0x6C, 0x63, 0x20, 0x0F, 0xC4, 0x10, 0x11, 0x46, 0xE1, 0x7F,
    0x2E, 0x2E, 0xB0, 0x01, 0x94, 0x94, 0xFF, 0xF0, 0x01, 0x90, 0x01, 0xD0,
    0x2F, 0xF0, 0x3F, 0xF0, 0x01, 0xF0, 0x3F, 0xF0, 0x01, 0x90, 0x3F, 0xEC,
    0xF0, 0x47, 0xF0, 0x3F, 0x90, 0x01, 0x68, 0x0E, 0xC9, 0x10, 0x07, 0x72,
    0x30, 0x21, 0x47, 0x31, 0x10, 0x07, 0x3F, 0x4C, 0x75, 0x68, 0x10, 0x2B,
    0x0E, 0x3F, 0x61, 0x7A, 0x84, 0x20, 0x33, 0x00, 0x20, 0x30, 0x07, 0x29,
    0x44, 0x5B, 0x20, 0x30, 0x72, 0x4C, 0x75, 0x20, 0x07, 0x3F, 0x4C, 0x48,
    0x43, 0x3C, 0xF4, 0x8F, 0x58, 0x1C, 0xDC, 0x5D, 0x4C, 0x39, 0x42, 0x63,
    0x15, 0x52, 0x66, 0x84, 0x3B, 0x39, 0x15, 0x63, 0x24, 0x24, 0x49, 0x4D,
    0x40, 0x07, 0x4C, 0x39, 0x2D, 0x04, 0x49, 0x86, 0x48, 0x39, 0x3C, 0xFD,
    0x3C, 0x3B, 0x3C, 0xFD, 0x3C, 0x4D, 0x4A, 0x03, 0x23, 0x53, 0x58, 0x8B,
    0x8B, 0x4A, 0x07, 0x85, 0x0D, 0x9E, 0x10, 0x68, 0x61, 0x86, 0x06, 0x2E,
    0x72, 0x61, 0x86, 0x86, 0x6D, 0x49, 0x1D, 0x8F, 0x1D, 0x61, 0x23, 0x16,
    0x0C, 0x00, 0x01, 0x78, 0x50, 0x07, 0x48, 0x72, 0x36, 0x18, 0x78, 0x68,
    0x16, 0x1D, 0x4B, 0x46, 0x5B, 0x00, 0x86, 0x43, 0x84, 0x86, 0x86, 0x4A,
    0x83, 0x5B, 0x00, 0x4C, 0x31, 0x76, 0x68, 0x4C, 0x4A, 0x76, 0x66, 0x91,
    0x06, 0x49, 0x72, 0x5A, 0x26, 0x44, 0x60, 0x23, 0x58, 0x26, 0x4B, 0x24,
    0x60, 0x58, 0x30, 0x44, 0x60, 0x58, 0x10, 0x33, 0x41, 0x3F, 0x21, 0x23,
    0x68, 0x02, 0xEE, 0x41, 0x41, 0x5D, 0x4C, 0x1F, 0x24, 0x10, 0x8B, 0x23,
    0x4F, 0x0C, 0x6A, 0x80, 0x52, 0x76, 0x5A, 0x00, 0x80, 0x5B, 0x4C, 0x97,
    0x97, 0x5B, 0x60, 0x5A, 0x08, 0x86, 0x84, 0x56, 0x3B, 0x00, 0x1A, 0x5A,
    0x5A, 0x3B, 0x41, 0x89, 0x05, 0x0A, 0x31, 0x5A, 0x58, 0x89, 0x91, 0x02,
    0xF2, 0x00, 0x72, 0x72, 0x4A, 0x83, 0x58, 0x39, 0x58, 0x5A, 0x00, 0x41,
    0x41, 0x4B, 0x4B, 0x72, 0x72, 0x23, 0x4C, 0x00, 0x4B, 0x69, 0x4B, 0x46,
    0x69, 0x3C, 0x68, 0x86, 0x00, 0x3B, 0x78, 0x4D, 0x4D, 0x78, 0x63, 0x53,
    0x53, 0x00, 0x5A, 0x8F, 0x53, 0x53, 0x58, 0x53, 0x53, 0x53, 0x00, 0x4D,
    0x78, 0x58, 0x53, 0x34, 0x78, 0x78, 0x78, 0x00, 0x86, 0x61, 0x78, 0x78,
    0x5C, 0x5F, 0x4C, 0x4D, 0x00, 0x86, 0x30, 0x4D, 0x61, 0x3B, 0x80, 0x43,
    0x61, 0x00, 0x86, 0x5B, 0x4C, 0x86, 0x61, 0x5B, 0x40, 0x86, 0x00, 0x7D,
    0x85, 0x87, 0x47, 0x4C, 0x40, 0x5B, 0x52, 0x00, 0x29, 0x32, 0x5F, 0x52,
    0x52, 0x21, 0x21, 0x21, 0x04, 0x58, 0x86, 0x47, 0x56, 0x8F, 0x0F, 0x9A,
    0x63, 0x86, 0x00, 0x52, 0x89, 0x58, 0x31, 0x68, 0x69, 0x3B, 0x30, 0x20,
    0x75, 0x68, 0x00, 0xB5, 0x46, 0x4D, 0x43, 0x32, 0x4C, 0x00, 0x5D, 0x76,
    0x76, 0x72, 0x30, 0x80, 0x71, 0x97, 0x00, 0x4C, 0x84, 0x5D, 0x4C, 0x87,
    0x7E, 0x64, 0x84, 0x00, 0x4B, 0x49, 0x61, 0x5D, 0x52, 0x80, 0x31, 0x5A,
    0x00, 0x4B, 0x4B, 0x41, 0x60, 0x21, 0x52, 0x60, 0x72, 0x00, 0x4B, 0x4B,
    0x4B, 0x46, 0x72, 0x68, 0x68, 0x60, 0x08, 0x83, 0x89, 0x8F, 0x23, 0x07,
    0x13, 0x60, 0x58, 0x53, 0x20, 0x31, 0x72, 0x07, 0x30, 0x31, 0x23, 0x31,
    0x3F, 0x41, 0x06, 0x72, 0x66, 0x3C, 0x61, 0x68, 0x00, 0x47, 0x0F, 0xB4,
    0x23, 0x89, 0x17, 0x53, 0x31, 0x23, 0x4A, 0x08, 0xDF, 0x8B, 0x8B, 0x17,
    0x68, 0xB4, 0x10, 0x07, 0x41, 0x11, 0x5D, 0x00, 0x0A, 0x5D, 0x27, 0x54,
    0x40, 0x40, 0xFF, 0x00, 0x4B, 0xA0, 0x01, 0x11, 0x5D, 0x10, 0x01, 0x27,
    0x8C, 0x01, 0x70, 0x27, 0xA3, 0x00, 0x98, 0xF0, 0x20, 0x44, 0x00, 0x0C,
    0x10, 0x05, 0x10, 0x0A, 0x40, 0x86, 0x4D, 0x29, 0x8C, 0x17, 0x47, 0x4B,
    0x4B, 0x29, 0x00, 0x07, 0x07, 0x5F, 0x4B, 0x61, 0x00, 0x29, 0x61, 0x5D,
    0x24, 0x24, 0x46, 0x46, 0x61, 0xE2, 0x2E, 0xEA, 0x10, 0x07, 0x1F, 0x23,
    0x41, 0x41, 0x68, 0x20, 0x07, 0x60, 0x0D, 0x3F, 0x72, 0x29, 0x30, 0x00,
    0x07, 0x00, 0x3E, 0x5A, 0x10, 0x07, 0x90, 0x07, 0x47, 0x86, 0x75, 0x0E,
    0xA8, 0x24, 0x66, 0x31, 0x86, 0x20, 0x75, 0x5F, 0x20, 0x07, 0x4C, 0x75,
    0x4F, 0x2F, 0x2F, 0x01, 0x66, 0x66, 0x31, 0x84, 0x75, 0x43, 0x27, 0x10,
    0x07, 0x00, 0x5D, 0x43, 0x75, 0x44, 0x2F, 0x66, 0x31, 0x31, 0x0C, 0x31,
    0x43, 0x75, 0x32, 0x00, 0x0F, 0x00, 0x28, 0x43, 0x5F, 0x80, 0x07, 0x8F,
    0x24, 0x66, 0x3C, 0x43, 0x29, 0x44, 0x48, 0x08, 0x5E, 0x3B, 0x57, 0x6B,
    0x1B, 0x33, 0x44, 0x32, 0x57, 0x44, 0x45, 0x2B, 0x4B, 0x29, 0x59, 0x51,
    0x2B, 0x31, 0x7D, 0x3B, 0x88, 0x2B, 0x43, 0x48, 0x44, 0x29, 0x20, 0x20,
    0x2F, 0x27, 0x61, 0x42, 0x71, 0x30, 0x18, 0x4D, 0x3B, 0x55, 0x7C, 0x0B,
    0x63, 0x48, 0x19, 0x7D, 0x61, 0x55, 0x20, 0x18, 0x07, 0x58, 0x2C, 0x34,
    0x40, 0x07, 0xF1, 0x08, 0x02, 0x00, 0x31, 0x06, 0xA9, 0x20, 0x31, 0x7A,
    0x30, 0x3D, 0x20, 0x20, 0x22, 0x43, 0x93, 0x20, 0x07, 0x48, 0x5F, 0x82,
    0x30, 0x0F, 0x32, 0x89, 0x40, 0x07, 0x27, 0x75, 0x93, 0x67, 0x47, 0x70,
    0x6F, 0x06, 0xEC, 0x00, 0x44, 0x29, 0x39, 0x39, 0x73, 0x29, 0x29, 0x95,
    0x00, 0x3B, 0x89, 0x3D, 0x33, 0x95, 0x22, 0x50, 0x50, 0x2A, 0x50, 0x89,
    0x04, 0xFF, 0x95, 0x00, 0x07, 0x34, 0x00, 0x07, 0x22, 0xD6, 0x00, 0x10,
    0x15, 0x4B, 0x6A, 0x00, 0x10, 0x63, 0x15, 0x2F, 0x00, 0x0F, 0x22, 0x00,
    0x2B, 0x5C, 0x5F, 0x97, 0x73, 0x78, 0x73, 0x26, 0x00, 0x29, 0x78, 0x34,
    0x96, 0x96, 0x2D, 0x3B, 0x2C, 0x25, 0x96, 0x96, 0x10, 0x01, 0x5C, 0x64,
    0x30, 0x07, 0x8F, 0x40, 0x07, 0x10, 0x34, 0x64, 0x8F, 0x05, 0xCB, 0x96,
    0x96, 0x89, 0x5C, 0x10, 0x53, 0x8F, 0x39, 0x00, 0x28, 0x96, 0x3B, 0x3B,
    0x34, 0x03, 0x2D, 0x53, 0x39, 0x89, 0x96, 0x78, 0xF6, 0x4F, 0xC6, 0x5D,
    0xD0, 0xC0, 0x07, 0x56, 0xD0, 0x71, 0x80, 0x23, 0x70, 0x3E, 0x5C, 0x80,
    0x91, 0x20, 0x07, 0x54, 0x64, 0x30, 0x07, 0x70, 0x59, 0x47, 0x40, 0x35,
    0xE6, 0x06, 0x97, 0xB8, 0x37, 0xC0, 0x5D, 0x71, 0x87, 0x1E, 0xCA, 0x00,
    0x01, 0x7E, 0xE4, 0x57, 0x57, 0x57, 0x67, 0xF0, 0x2C, 0x51, 0x59, 0x10,
    0x14, 0x2B, 0x71, 0x81, 0x06, 0x7C, 0x64, 0x28, 0x71, 0x89, 0x91, 0x91,
    0x0E, 0x98, 0xFF, 0x18, 0xEA, 0xF0, 0x01, 0x90, 0x61, 0x60, 0xC0, 0xF0,
    0x82, 0xF0, 0x01, 0x50, 0xA7, 0x47, 0xB7, 0xFC, 0x07, 0x24, 0x40, 0x06,
    0x0E, 0xB7, 0x10, 0x07, 0x07, 0x5F, 0x1F, 0x77, 0x2C, 0x85, 0x44, 0x73,
    0x20, 0x0D, 0x7E, 0x73, 0x78, 0x00, 0x1B, 0x32, 0x5F, 0xD0, 0x07, 0x09,
    0x0E, 0xBC, 0x5F, 0x07, 0x21, 0x34, 0x26, 0x27, 0x5F, 0x43, 0x3B, 0x17,
    0x22, 0x79, 0x5F, 0x73, 0x78, 0x10, 0x07, 0x00, 0x06, 0xFD, 0x20, 0x07,
    0x00, 0x06, 0x20, 0x07, 0x00, 0x06, 0xA0, 0x07, 0x30, 0x01, 0x2D, 0x07,
    0x15, 0xFF, 0x10, 0x01, 0x17, 0x1D, 0x27, 0x56, 0x30, 0x07, 0x07, 0x77,
    0x40, 0x0E, 0x27, 0x6F, 0x00, 0x0E, 0x58, 0x89, 0x30, 0x0E, 0x96, 0x10,
    0x3A, 0x00, 0x0E, 0x2D, 0x78, 0x96, 0x04, 0x89, 0x29, 0x30, 0x8F, 0x53,
    0x07, 0x4F, 0x63, 0x29, 0x20, 0x5A, 0x63, 0x02, 0x15, 0x2D, 0x78, 0x3B,
    0x78, 0x29, 0x02, 0x93, 0x33, 0x33, 0x34, 0x3B, 0x4D, 0x07, 0x8E, 0x33,
    0x05, 0x33, 0x78, 0x30, 0x82, 0x93, 0x17, 0x77, 0x4D, 0x20, 0x05, 0x30,
    0x33, 0x3D, 0x20, 0x05, 0x70, 0x07, 0x4B, 0x33, 0x93, 0x46, 0x49, 0x2A,
    0x17, 0x38, 0x33, 0x40, 0x37, 0x0A, 0x3D, 0x4B, 0x35, 0xD3, 0x27, 0x3D,
    0x41, 0x30, 0x07, 0x4B, 0x3F, 0x40, 0x07, 0x45, 0xEB, 0x40, 0x16, 0xFF,
    0x00, 0x07, 0x20, 0x2E, 0x30, 0x05, 0x80, 0x01, 0xF6, 0x1D, 0xF0, 0x01,
    0x30, 0x01, 0x30, 0x2C, 0xFF, 0x2D, 0xF1, 0xF0, 0x3F, 0xF0, 0x01, 0xF0,
    0x01, 0x50, 0x45, 0x27, 0xFA, 0xC0, 0x3F, 0x40, 0xB5, 0xFF, 0xF0, 0x07,
    0xF0, 0x07, 0xF0, 0x01, 0x80, 0x57, 0xF0, 0x97, 0xF0, 0x01, 0xF0, 0x01,
    0xF0, 0x3F, 0xFC, 0xF0, 0x3F, 0xF0, 0x01, 0xF0, 0x3F, 0xF0, 0x3F, 0xE0,
    0x1F, 0x30, 0xC5, 0x61, 0x7A, 0xCE, 0x30, 0x15, 0x50, 0x07, 0x68, 0x30,
    0x4F, 0x1B, 0x60, 0x07, 0x40, 0x35, 0x61, 0xC9, 0x57, 0xB2, 0x5F, 0x3C,
    0x3C, 0x31, 0x17, 0x59, 0x49, 0x4C, 0x0F, 0x22, 0x98, 0x10, 0x08, 0x4C,
    0x43, 0x05, 0x27, 0x1F, 0x0B, 0x43, 0x5A, 0x23, 0x88, 0x10, 0x08, 0x3C,
    0x43, 0x84, 0x0D, 0x7D, 0x31, 0x24, 0x3C, 0x20, 0x7A, 0x4C, 0x10, 0x07,
    0x66, 0x49, 0x7A, 0x4C, 0x62, 0x88, 0x10, 0x07, 0x24, 0x30, 0x30, 0x20,
    0x0F, 0x66, 0x78, 0x68, 0x98, 0x25, 0xEE, 0x41, 0x78, 0x06, 0x55, 0x05,
    0xF5, 0x3F, 0x3B, 0x3B, 0xD6, 0x00, 0x0C, 0x0D, 0x7E, 0x4D, 0x47, 0x68,
    0x4C, 0x00, 0x07, 0x07, 0x67, 0x69, 0x40, 0x4C, 0x07, 0x70, 0x4B, 0x69,
    0x69, 0x69, 0x4C, 0x3B, 0x40, 0x5A, 0x09, 0xF2, 0x4B, 0x46, 0x84, 0x7D,
    0x5A, 0x40, 0x04, 0x69, 0x46, 0x7F, 0x46, 0x72, 0x0F, 0x01, 0x5D, 0x68,
    0x00, 0x72, 0x4B, 0x68, 0x4C, 0x68, 0x61, 0x5A, 0x56, 0x20, 0x63, 0x72,
    0x05, 0xDF, 0x66, 0x68, 0x58, 0x53, 0x63, 0x9C, 0x0A, 0x4F, 0x4B, 0x3F,
    0x06, 0x8A, 0x06, 0x97, 0x00, 0x3E, 0x49, 0x61, 0x84, 0x10, 0x05, 0x69,
    0x5B, 0x5B, 0x3C, 0x00, 0x06, 0x40, 0x5B, 0x18, 0x5B, 0x49, 0x66, 0x00,
    0x44, 0x00, 0x06, 0x68, 0x72, 0x69, 0x80, 0x00, 0x16, 0x40, 0x31, 0x23,
    0x86, 0x72, 0x41, 0x61, 0x00, 0x68, 0x31, 0x5D, 0x86, 0x40, 0x5D, 0x61,
    0x4C, 0x00, 0x86, 0x86, 0x3C, 0x49, 0x69, 0x5A, 0x5A, 0x5A, 0x00, 0x23,
    0x23, 0x72, 0x40, 0x40, 0x68, 0x60, 0x4A, 0x10, 0x4A, 0x72, 0x69, 0x00,
    0x29, 0x60, 0x72, 0x46, 0x69, 0x0C, 0x52, 0x40, 0x46, 0x72, 0x00, 0x06,
    0x00, 0x38, 0x46, 0x72, 0x10, 0x7F, 0x4B, 0x5B, 0x00, 0x0E, 0x46, 0x4C,
    0x3B, 0x47, 0x00, 0x52, 0x52, 0x20, 0x20, 0x93, 0x5D, 0x31, 0x4B, 0x20,
    0x52, 0x21, 0x03, 0x23, 0x66, 0x41, 0x41, 0x21, 0x20, 0x00, 0x3D, 0x95,
    0x50, 0x41, 0x46, 0x3F, 0x20, 0x93, 0x10, 0x95, 0x50, 0x8F, 0x06, 0xC1,
    0x40, 0x3D, 0x50, 0x53, 0x41, 0x89, 0x00, 0x07, 0x4B, 0x95, 0x53, 0x6D,
    0x91, 0x00, 0x07, 0x04, 0x72, 0x95, 0x6D, 0x54, 0x54, 0x08, 0x08, 0x60,
    0x33, 0x80, 0x00, 0x07, 0x20, 0x21, 0x23, 0x60, 0x4B, 0x4B, 0x49, 0x04,
    0x69, 0x33, 0x82, 0x61, 0x83, 0x07, 0xDA, 0x4B, 0x50, 0x08, 0x95, 0x93,
    0x8B, 0x76, 0x00, 0x08, 0x8F, 0x50, 0x20, 0x80, 0x0E, 0x91, 0x41, 0x4B,
    0x89, 0x63, 0x82, 0x72, 0x3F, 0x80, 0x00, 0x08, 0x91, 0x89, 0x33, 0x68,
    0x41, 0x60, 0x8B, 0x04, 0x76, 0x54, 0x91, 0x78, 0x6A, 0x10, 0x08, 0x54,
    0x2D, 0x00, 0x63, 0x33, 0x72, 0x4B, 0x41, 0x76, 0x4B, 0x41, 0x8C, 0x08,
    0xA7, 0x41, 0x3F, 0x3F, 0x00, 0xE6, 0x00, 0x09, 0x3F, 0x3F, 0x3E, 0x4B,
    0x49, 0x01, 0x45, 0x00, 0x09, 0x00, 0x4A, 0x20, 0x09, 0x00, 0xFB, 0x4B,
    0xE2, 0x18, 0x2B, 0x00, 0x08, 0x00, 0x09, 0x49, 0x69, 0x76, 0x00, 0x08,
    0x69, 0x19, 0x49, 0x68, 0x4B, 0x00, 0x64, 0x00, 0x11, 0x69, 0x68, 0x37,
    0x8D, 0x7C, 0x76, 0x0F, 0x39, 0x30, 0x09, 0x07, 0x63, 0x20, 0x0A, 0x38,
    0xFD, 0x3F, 0x3F, 0xDE, 0x00, 0x4B, 0x10, 0x0A, 0x41, 0x01, 0x3F, 0x20,
    0x09, 0x01, 0x74, 0x20, 0x09, 0x72, 0xE1, 0x11, 0x84, 0x00, 0x09, 0x09,
    0x3B, 0x5A, 0x29, 0x86, 0x49, 0x07, 0x4F, 0x10, 0x8B, 0x31, 0x4D, 0x30,
    0x07, 0x23, 0x4D, 0x4C, 0x49, 0x41, 0x66, 0x00, 0x42, 0x4A, 0x4D, 0x29,
    0x84, 0x31, 0x10, 0x34, 0x06, 0x5A, 0x29, 0x4C, 0x31, 0x60, 0x01, 0xD3,
    0x0F, 0x1B, 0x5D, 0xCB, 0x0F, 0x9A, 0x00, 0x07, 0x86, 0x5D, 0x10, 0x64,
    0x60, 0x10, 0x38, 0x19, 0x85, 0x10, 0x43, 0x29, 0x5C, 0x07, 0x57, 0x66,
    0x49, 0x43, 0x29, 0x4C, 0x64, 0x22, 0x3E, 0x5B, 0x37, 0x09, 0xB7, 0x02,
    0x1C, 0x5B, 0x30, 0x58, 0x3B, 0x20, 0x07, 0x86, 0x10, 0x07, 0x02, 0x5E,
    0x3C, 0x30, 0x73, 0xD2, 0x12, 0x5C, 0x02, 0x4D, 0x73, 0x29, 0xBE, 0x49,
    0x43, 0x1F, 0x1A, 0x44, 0x63, 0x4B, 0x0E, 0xD2, 0x0F, 0x12, 0x27, 0x68,
    0x5A, 0x0E, 0xF3, 0x07, 0x26, 0x04, 0x61, 0x46, 0x59, 0x6B, 0x5C, 0x07,
    0x61, 0x7D, 0x41, 0x10, 0x3B, 0x6F, 0x71, 0x10, 0x18, 0x40, 0x61, 0x71,
    0x34, 0x41, 0x27, 0x0E, 0xF4, 0x7A, 0x3D, 0x7D, 0x8F, 0x64, 0x00, 0x07,
    0x08, 0x5F, 0x33, 0x29, 0x34, 0x10, 0x18, 0x44, 0x3D, 0x33, 0xF2, 0x27,
    0x47, 0x07, 0x60, 0x07, 0x99, 0x00, 0x02, 0x4F, 0x82, 0x30, 0x07, 0x5F,
    0x68, 0x82, 0x17, 0xBA, 0x0F, 0x36, 0x75, 0x1F, 0x3C, 0x48, 0x2F, 0x27,
    0x64, 0x43, 0x10, 0x07, 0x00, 0x49, 0x5F, 0x2F, 0x30, 0x18, 0x29, 0x73,
    0x5C, 0x7C, 0x20, 0x10, 0x5E, 0x15, 0x07, 0x17, 0x58, 0x20, 0x07, 0x95,
    0x50, 0x64, 0x22, 0x05, 0x3A, 0x07, 0x71, 0x22, 0x22, 0x15, 0x3B, 0x33,
    0x95, 0x11, 0x95, 0x95, 0x82, 0x20, 0x10, 0x33, 0x95, 0x82, 0x20, 0x10,
    0x14, 0x33, 0x6A, 0x82, 0x40, 0x10, 0x75, 0x40, 0x10, 0x63, 0x3B, 0x23,
    0x63, 0x53, 0x05, 0x89, 0x8F, 0x34, 0x63, 0x05, 0xCF, 0x05, 0x9F, 0x10,
    0x78, 0x63, 0x78, 0x07, 0x56, 0x96, 0x2D, 0x22, 0x3B, 0x84, 0x10, 0x06,
    0x96, 0x96, 0x4D, 0x78, 0x20, 0x06, 0x96, 0x95, 0x69, 0x8F, 0x05, 0xAE,
    0x10, 0x07, 0x53, 0x37, 0x91, 0x33, 0x63, 0x30, 0x0F, 0x55, 0x64, 0x4D,
    0xDF, 0x5C, 0x46, 0x79, 0x73, 0xC0, 0x07, 0x78, 0x47, 0x68, 0xA1, 0x56,
    0xE9, 0x89, 0x2F, 0xE5, 0x28, 0x28, 0x96, 0x29, 0x58, 0x39, 0x33, 0x64,
    0x64, 0x07, 0xDC, 0x0F, 0xB7, 0x71, 0x2D, 0x1F, 0x87, 0x00, 0x07, 0x36,
    0x8F, 0x89, 0x00, 0x08, 0x06, 0x9F, 0x8F, 0x1F, 0x98, 0x0F, 0x66, 0x71,
    0x6C, 0x59, 0x06, 0x33, 0x4F, 0x0D, 0x6F, 0xD6, 0xF0, 0x2F, 0xB6, 0x2D,
    0x39, 0x41, 0x44, 0x00, 0x05, 0x89, 0x34, 0x8F, 0x3B, 0x71, 0x10, 0x07,
    0x10, 0x96, 0x89, 0x64, 0x00, 0x17, 0x91, 0x2D, 0x89, 0x59, 0x07, 0x2B,
    0x28, 0x34, 0x34, 0x59, 0x2F, 0x44, 0x6F, 0x6E, 0x4F, 0x62, 0xF9, 0x0F,
    0x80, 0xF7, 0x3D, 0xF0, 0x01, 0x57, 0x4F, 0x27, 0x3F, 0x28, 0x51, 0x17,
    0x3F, 0xA1, 0x1E, 0xF4, 0x5F, 0x20, 0xCD, 0x26, 0x7E, 0x5F, 0x87, 0x27,
    0x54, 0x00, 0x85, 0x78, 0x78, 0x28, 0x26, 0x8D, 0x32, 0x32, 0x80, 0x07,
    0x2C, 0x2B, 0x8D, 0x5E, 0x27, 0x8D, 0x7E, 0x47, 0x00, 0x78, 0x8D, 0x32,
    0x27, 0x8D, 0x5C, 0x47, 0x97, 0x00, 0x78, 0x5F, 0x27, 0x2C, 0x27, 0x5F,
    0x80, 0x4F, 0x00, 0x78, 0x5C, 0x2C, 0x5E, 0x85, 0x47, 0x80, 0x4F, 0x21,
    0x3B, 0x44, 0x00, 0x05, 0x80, 0x80, 0x73, 0x78, 0x00, 0x04, 0x9F, 0x00,
    0x01, 0x29, 0x8F, 0xD7, 0x4F, 0x90, 0x07, 0x17, 0x8F, 0xD0, 0x07, 0x17,
    0x87, 0x8D, 0x10, 0x07, 0x39, 0x73, 0x3B, 0x20, 0x07, 0x47, 0x56, 0x73,
    0x01, 0x22, 0xBE, 0x10, 0x07, 0x4D, 0x47, 0x6D, 0x00, 0x1A, 0x17, 0x5E,
    0x09, 0x26, 0x10, 0x16, 0x2D, 0x22, 0x29, 0x4D, 0x27, 0x75, 0x89, 0x4C,
    0x78, 0x10, 0x16, 0x96, 0x11, 0x63, 0x78, 0x63, 0x10, 0x16, 0x96, 0x3B,
    0x63, 0x2E, 0xDB, 0xA1, 0x07, 0x4E, 0x4B, 0x30, 0x07, 0x33, 0x41, 0x78,
    0x95, 0x20, 0x07, 0x10, 0x2A, 0x34, 0x63, 0x10, 0x08, 0x4B, 0x42, 0x78,
    0x53, 0x82, 0x10, 0x22, 0x41, 0x2E, 0x63, 0x63, 0x4D, 0x00, 0x07, 0x3F,
    0x08, 0x2E, 0x78, 0x29, 0x82, 0x00, 0x16, 0x2E, 0x2E, 0x30, 0xFF, 0x12,
    0x3F, 0x07, 0x4C, 0xD5, 0xE7, 0x75, 0xF0, 0x20, 0x03, 0xF6, 0x18, 0xF6,
    0x07, 0xA6, 0x25, 0xFF, 0x30, 0x39, 0xF0, 0x27, 0xF0, 0x01, 0xF6, 0x47,
    0xF0, 0x01, 0xF0, 0x01, 0xF0, 0x3F, 0x20, 0x01, 0xFF, 0xF7, 0x57, 0xF0,
    0x07, 0xF0, 0x07, 0xF7, 0x7F, 0xF0, 0x01, 0xFE, 0xD7, 0xFE, 0x8F, 0xF0,
    0x01, 0xFF, 0xF0, 0x3F, 0xF0, 0x3A, 0xF0, 0x3F, 0xF1, 0x39, 0xF0, 0x3F,
    0xF0, 0x3F, 0x20, 0xC7, 0x91, 0xB6, 0xE6, 0xF1, 0x4F, 0xF0, 0x3F, 0x50,
    0x01, 0x30, 0x4F, 0x06, 0xA7, 0x05, 0x14, 0x4C, 0x26, 0x43, 0x4D, 0x20,
    0x07, 0x4B, 0x75, 0x07, 0x68, 0x80, 0x07, 0x41, 0x11, 0x43, 0x4F, 0x78,
    0x10, 0x07, 0x3F, 0x40, 0x75, 0x07, 0x91, 0x88, 0x00, 0x07, 0x69, 0x52,
    0x61, 0x15, 0x62, 0x2E, 0x4B, 0x75, 0x86, 0x17, 0xB2, 0x24, 0x49, 0x7D,
    0x3B, 0x0E, 0x8E, 0x06, 0x25, 0x84, 0x83, 0x27, 0x60, 0x40, 0x24, 0x61,
    0x3B, 0x22, 0x17, 0x1B, 0x00, 0x07, 0x60, 0x78, 0x17, 0x22, 0x0F, 0x2A,
    0x39, 0x40, 0x80, 0x5B, 0x69, 0x00, 0x24, 0x3C, 0x5A, 0x8F, 0x43, 0x5B,
    0x69, 0x49, 0x01, 0x24, 0x49, 0x5A, 0x8F, 0x4D, 0x49, 0x4B, 0x05, 0x85,
    0x08, 0x84, 0x39, 0x78, 0x4B, 0x07, 0x3F, 0x5B, 0x5B, 0x40, 0xA9, 0x07,
    0x46, 0x60, 0x40, 0x06, 0x7F, 0x30, 0x06, 0x72, 0x46, 0x40, 0x06, 0x11,
    0x4B, 0x4B, 0x66, 0x00, 0x06, 0x7F, 0x4B, 0x69, 0x40, 0x06, 0x78, 0x5B,
    0x10, 0x06, 0x07, 0x82, 0x0E, 0x3D, 0x00, 0x1C, 0x69, 0x21, 0x52, 0x48,
    0x7F, 0x00, 0x0B, 0x5B, 0x49, 0x16, 0x94, 0x52, 0x52, 0x69, 0xAD, 0x06,
    0xA5, 0x69, 0x07, 0x55, 0x4B, 0x00, 0x90, 0x00, 0x15, 0x69, 0x10, 0x07,
    0x5F, 0x52, 0x30, 0x0E, 0x46, 0x00, 0x0E, 0x00, 0x1D, 0x00, 0x07, 0x00,
    0x0E, 0x10, 0x07, 0xB4, 0x00, 0x0E, 0x72, 0x3E, 0x21, 0x07, 0x47, 0x89,
    0x17, 0x57, 0x41, 0x60, 0x66, 0x6A, 0x0F, 0x07, 0x0F, 0x59, 0x3F, 0x68,
    0x05, 0x8F, 0x10, 0x07, 0x72, 0xC2, 0x0C, 0xE1, 0x10, 0x07, 0x60, 0x3D,
    0x33, 0x22, 0x20, 0x07, 0x33, 0x44, 0x93, 0x30, 0x07, 0x6A, 0x20, 0x33,
    0x20, 0x07, 0x68, 0x20, 0x08, 0x93, 0x54, 0x53, 0x50, 0x07, 0x47, 0x4B,
    0x41, 0x6D, 0x10, 0x53, 0x50, 0x6A, 0x08, 0x8A, 0x46, 0x53, 0x53, 0x95,
    0x20, 0x33, 0x4B, 0x00, 0x08, 0x63, 0x53, 0x95, 0x3D, 0x69, 0x84, 0x08,
    0x44, 0x50, 0x8F, 0x95, 0x93, 0x00, 0x07, 0x4B, 0x50, 0x08, 0x50, 0x95,
    0x20, 0x40, 0x00, 0x07, 0x22, 0x22, 0x22, 0x30, 0x20, 0x82, 0x0F, 0x7A,
    0x0D, 0x5F, 0x20, 0x20, 0x4B, 0x41, 0x2D, 0x4B, 0x76, 0x47, 0x48, 0x3F,
    0x0E, 0xDA, 0x10, 0x08, 0x41, 0x30, 0x08, 0x78, 0x46, 0x0F, 0x22, 0x20,
    0x08, 0x00, 0xB5, 0x07, 0x57, 0x60, 0x41, 0x4B, 0x16, 0x49, 0x41, 0x3F,
    0x10, 0x08, 0x68, 0x00, 0xBF, 0x00, 0x22, 0x8B, 0x30, 0x49, 0x68, 0x00,
    0x19, 0x00, 0x22, 0x49, 0x72, 0x4B, 0x40, 0xFE, 0x18, 0xA2, 0x17, 0x93,
    0x17, 0x52, 0x08, 0xE3, 0x00, 0x7E, 0x07, 0x65, 0x00, 0x08, 0x49, 0x7E,
    0x68, 0x00, 0x24, 0x10, 0x5C, 0x01, 0x4B, 0x29, 0x04, 0x00, 0x12, 0x20,
    0x5B, 0x69, 0x22, 0x69, 0x40, 0x20, 0x6D, 0x68, 0x78, 0x59, 0x00, 0xC6,
    0x3F, 0x18, 0x60, 0x61, 0x30, 0x08, 0xD7, 0x09, 0x2E, 0x61, 0x29, 0x3C,
    0xE1, 0x27, 0x94, 0x0E, 0xF2, 0x20, 0x54, 0x6A, 0x29, 0x86, 0x4B, 0x0F,
    0x5A, 0x00, 0x46, 0x4B, 0x29, 0x86, 0x72, 0x68, 0x40, 0x5B, 0x00, 0x86,
    0x61, 0x3B, 0x3B, 0x61, 0x78, 0x8F, 0x59, 0xB0, 0x05, 0x91, 0x57, 0x55,
    0xCB, 0x27, 0x47, 0x24, 0x86, 0x4D, 0x24, 0x8C, 0x19, 0xBD, 0x24, 0x3C,
    0x29, 0x00, 0x07, 0x19, 0xBE, 0x30, 0x24, 0x84, 0x29, 0xC6, 0x49, 0x30,
    0x84, 0x66, 0x27, 0x71, 0x43, 0x78, 0xC0, 0x19, 0xC5, 0x00, 0x28, 0x57,
    0x96, 0x2D, 0x56, 0x58, 0x84, 0x20, 0x24, 0x3C, 0x0D, 0xAC, 0x91, 0x2D,
    0x62, 0x49, 0x3C, 0x42, 0x8F, 0x27, 0x58, 0x30, 0x33, 0x39, 0x89, 0x37,
    0x58, 0x78, 0x20, 0x2D, 0x71, 0x00, 0x07, 0x32, 0x3D, 0x3B, 0x89, 0x89,
    0x82, 0x07, 0x82, 0x44, 0x93, 0x73, 0x34, 0x91, 0x00, 0x18, 0x27, 0x04,
    0x30, 0x4D, 0x34, 0x54, 0x89, 0x07, 0x71, 0x29, 0x29, 0x00, 0x8F, 0x91,
    0x54, 0x5C, 0x48, 0x2F, 0x44, 0x29, 0x00, 0x5C, 0x2D, 0x54, 0x89, 0x44,
    0x48, 0x27, 0x29, 0xCA, 0x17, 0x6E, 0x07, 0x89, 0x33, 0x3B, 0x37, 0x60,
    0x33, 0x40, 0x10, 0x33, 0x6D, 0x33, 0x17, 0xDA, 0x10, 0x07, 0x30, 0x20,
    0x07, 0x07, 0x2C, 0x7D, 0x10, 0x18, 0xDA, 0x00, 0x07, 0x2E, 0xFB, 0x30,
    0x05, 0x0D, 0x10, 0x2A, 0x7A, 0x47, 0x50, 0x5F, 0x59, 0x82, 0x37, 0x50,
    0x32, 0x07, 0x58, 0x10, 0x10, 0x5E, 0x43, 0x30, 0x10, 0x10, 0x27, 0x30,
    0x93, 0x20, 0x10, 0x2F, 0x29, 0x93, 0x3D, 0x82, 0x10, 0x10, 0x2F, 0x32,
    0x30, 0x3D, 0x33, 0x00, 0x10, 0x2F, 0x83, 0x00, 0x18, 0x33, 0x33, 0x93,
    0x93, 0x33, 0x00, 0xA8, 0x15, 0x8A, 0x01, 0x33, 0x3D, 0x39, 0x8F, 0x34,
    0x89, 0x89, 0x00, 0x07, 0x10, 0x63, 0x34, 0x8F, 0x00, 0x09, 0x33, 0x3D,
    0x78, 0x34, 0x43, 0x78, 0x00, 0x08, 0x33, 0x33, 0x3B, 0x34, 0x07, 0x93,
    0x0D, 0x21, 0x51, 0x30, 0x05, 0xAD, 0x39, 0x0F, 0x4F, 0x3D, 0x3B, 0x78,
    0x0E, 0xFC, 0xA0, 0x00, 0x62, 0x30, 0x05, 0xDC, 0x96, 0x96, 0x73, 0x89,
    0x57, 0x84, 0x27, 0x4F, 0x39, 0x4F, 0x5C, 0x59, 0x10, 0x07, 0x89, 0x30,
    0x00, 0x30, 0x29, 0x64, 0x2B, 0x28, 0x2D, 0x2D, 0x30, 0x08, 0x29, 0x29,
    0x5F, 0x5E, 0x0F, 0x4F, 0x29, 0x29, 0x29, 0x02, 0x29, 0x30, 0x5F, 0x2D,
    0x96, 0x78, 0x10, 0x08, 0x29, 0xF6, 0x06, 0x04, 0x00, 0x18, 0x10, 0x07,
    0x20, 0x18, 0x29, 0xF6, 0xF2, 0xB0, 0x01, 0x32, 0x90, 0x4E, 0xC8, 0x29,
    0x5F, 0x3E, 0xD9, 0x3B, 0x53, 0x4D, 0x7E, 0x81, 0x17, 0xEB, 0x3B, 0x53,
    0x63, 0x3B, 0x47, 0x5F, 0x00, 0x68, 0xE4, 0xF7, 0x46, 0xF0, 0x01, 0x6F,
    0x0E, 0x2C, 0x97, 0x20, 0x06, 0x8D, 0x47, 0x41, 0x43, 0x01, 0xFF, 0x26,
    0x5E, 0x47, 0x43, 0x43, 0x10, 0x1B, 0x41, 0x5F, 0x07, 0x09, 0x28, 0x28,
    0x59, 0x32, 0x47, 0x07, 0x1A, 0x98, 0x00, 0x06, 0x43, 0x43, 0x00, 0x07,
    0x10, 0x06, 0x43, 0x80, 0x80, 0x08, 0x4F, 0x5F, 0x43, 0x7A, 0x00, 0x0E,
    0x30, 0x34, 0x43, 0x22, 0x7A, 0x4F, 0x00, 0x07, 0x3B, 0x6D, 0x7A, 0x20,
    0x07, 0x4D, 0x14, 0x6D, 0x43, 0x4F, 0x20, 0x26, 0x73, 0x37, 0x47, 0x78,
    0x3B, 0x88, 0x17, 0x55, 0x80, 0x80, 0x34, 0x37, 0x57, 0x4F, 0x6D, 0x63,
    0x20, 0x4D, 0x30, 0x00, 0x11, 0x4F, 0x6D, 0x34, 0x63, 0x3B, 0x21, 0x30,
    0x80, 0x00, 0x3E, 0x89, 0x63, 0x78, 0x29, 0x00, 0x36, 0x08, 0x78, 0x6D,
    0x63, 0x78, 0x00, 0x6D, 0x73, 0x78, 0x34, 0x22, 0x63, 0x4D, 0x00, 0x1F,
    0x29, 0x63, 0x78, 0x08, 0x33, 0x73, 0x42, 0x3B, 0x17, 0x4F, 0x34, 0x34,
    0x8F, 0x73, 0x07, 0x51, 0x78, 0x8A, 0x17, 0x51, 0x39, 0x3B, 0x3B, 0x4E,
    0xDC, 0x39, 0x57, 0x64, 0x8F, 0xBC, 0x40, 0x10, 0x89, 0x40, 0x10, 0x00,
    0x50, 0x5E, 0xEA, 0x09, 0x24, 0x73, 0x43, 0x8A, 0x27, 0x5E, 0x43, 0x82,
    0x93, 0x19, 0x35, 0x8F, 0x01, 0xE7, 0x78, 0xB5, 0x09, 0x3F, 0x78, 0x01,
    0xFF, 0x00, 0x4B, 0x4D, 0x01, 0xF1, 0x33, 0x10, 0x42, 0x09, 0x3B, 0x4F,
    0x75, 0x93, 0x30, 0x4D, 0x39, 0x29, 0x30, 0x07, 0x2D, 0x89, 0x96, 0x12,
    0x1B, 0x3D, 0x06, 0x45, 0x12, 0x3B, 0x69, 0x05, 0x77, 0xCF, 0x2E, 0xD4,
    0x30, 0x07, 0x3D, 0x41, 0x40, 0x07, 0x16, 0x64, 0x10, 0x1F, 0x15, 0xDE,
    0x10, 0x80, 0x75, 0x3D, 0x10, 0x1E, 0x42, 0x89, 0x78, 0x4F, 0xBF, 0x04,
    0xB6, 0x3F, 0x65, 0xA7, 0xF7, 0x80, 0xF5, 0xC7, 0x90, 0x2B, 0xE0, 0x13,
    0x10, 0x5C, 0xFF, 0x37, 0x7F, 0xF0, 0x38, 0xF6, 0x61, 0xF0, 0x01, 0xF7,
    0x8F, 0xF0, 0x01, 0xF0, 0x01, 0x50, 0x01, 0xFF, 0x67, 0x4F, 0xF7, 0x8F,
    0xF0, 0x07, 0x90, 0x07, 0xF6, 0xCF, 0xF0, 0x01, 0x90, 0x97, 0x0F, 0xAD,
    0xCF, 0x2F, 0xB0, 0x30, 0x07, 0x2A, 0x2A, 0xF0, 0x3F, 0xF0, 0x01, 0xF1,
    0x5F, 0xF0, 0x3F, 0xFF, 0x10, 0x39, 0xF0, 0x3F, 0xF0, 0x3F, 0xF0, 0x3F,
    0xF0, 0x7C, 0xF0, 0x01, 0xF0, 0x3F, 0x50, 0x3F, 0x04, 0x2E, 0x41, 0x75,
    0x5B, 0x24, 0x05, 0x21, 0x2E, 0x41, 0x1A, 0x40, 0x75, 0x3C, 0x05, 0x20,
    0x00, 0x07, 0x52, 0x00, 0x07, 0x66, 0x00, 0x2E, 0x2A, 0x69, 0x75, 0x40,
    0x24, 0x66, 0x31, 0x00, 0x2E, 0x42, 0x4B, 0x75, 0x40, 0x66, 0x31, 0x31,
    0x00, 0x42, 0x42, 0x4B, 0x43, 0x5B, 0x24, 0x31, 0x66, 0x04, 0x42, 0x42,
    0x46, 0x30, 0x52, 0x0C, 0xF5, 0x2A, 0x2A, 0x20, 0x7F, 0x3D, 0x10, 0x30,
    0x66, 0x66, 0x84, 0x39, 0x63, 0x80, 0x07, 0x2A, 0x66, 0x31, 0x5A, 0x78,
    0x8F, 0x72, 0x60, 0x00, 0x60, 0x31, 0x31, 0x5A, 0x3B, 0x8F, 0x23, 0x60,
    0x00, 0x72, 0x66, 0x31, 0x5D, 0x5A, 0x39, 0x23, 0x72, 0x08, 0x7F, 0x66,
    0x66, 0x5D, 0x00, 0x20, 0x7F, 0x46, 0x66, 0x01, 0x66, 0x31, 0x84, 0x78,
    0x39, 0x7F, 0x4B, 0x10, 0x30, 0x08, 0x3B, 0x39, 0x68, 0x4B, 0x00, 0x39,
    0x5D, 0x4D, 0x39, 0x08, 0x68, 0x69, 0x60, 0x72, 0x06, 0xA4, 0x5B, 0x52,
    0x52, 0x87, 0x10, 0x06, 0x40, 0x52, 0x52, 0x5B, 0x07, 0x5C, 0x07, 0x49,
    0x0E, 0x99, 0xFF, 0x20, 0x15, 0x06, 0x05, 0x10, 0x15, 0x07, 0x34, 0x60,
    0x0E, 0x00, 0x06, 0x17, 0x59, 0x20, 0x15, 0xFF, 0x10, 0x07, 0x37, 0x4E,
    0x16, 0xA7, 0x27, 0x4D, 0x40, 0x0E, 0x00, 0x07, 0x47, 0x5D, 0xB0, 0x07,
    0xE2, 0xC0, 0x0E, 0x16, 0x74, 0x07, 0x47, 0x72, 0x20, 0x20, 0x20, 0x07,
    0x60, 0x43, 0x40, 0x20, 0x07, 0x3F, 0x76, 0x72, 0x6A, 0x20, 0x07, 0x1E,
    0xC1, 0xE0, 0x10, 0x07, 0x00, 0x08, 0xA0, 0x07, 0x72, 0x31, 0x5A, 0x41,
    0x41, 0x02, 0x68, 0x68, 0x5A, 0x73, 0x73, 0x4D, 0x0F, 0x24, 0x93, 0x00,
    0x93, 0x68, 0x41, 0x4B, 0x33, 0x22, 0x53, 0x22, 0x00, 0x68, 0x8B, 0x41,
    0x46, 0x22, 0x8F, 0x34, 0x6A, 0x82, 0x0E, 0x7D, 0x46, 0x23, 0x22, 0x3D,
    0x41, 0x0E, 0x21, 0x41, 0x00, 0x8B, 0x83, 0x23, 0x41, 0x72, 0x68, 0x5A,
    0x4D, 0x16, 0x76, 0x60, 0x3B, 0x15, 0x2E, 0x5F, 0x10, 0x04, 0x1F, 0xA1,
    0x29, 0x00, 0x4C, 0x4C, 0x3C, 0x3C, 0x3C, 0x49, 0x24, 0x69, 0xF0, 0x17,
    0xB4, 0x07, 0x48, 0x0E, 0xCA, 0x00, 0xCD, 0x72, 0x31, 0x4B, 0x4B, 0x00,
    0x61, 0x61, 0x61, 0x61, 0x4D, 0x29, 0x61, 0x61, 0x02, 0x29, 0x4D, 0x4D,
    0x73, 0x29, 0x4C, 0x20, 0x2F, 0x4C, 0x21, 0x4C, 0x49, 0x10, 0x33, 0x84,
    0x5D, 0x5D, 0x66, 0x00, 0x33, 0xA0, 0x01, 0x4A, 0x31, 0x16, 0xCB, 0x5D,
    0x5A, 0x3B, 0x5C, 0x79, 0x00, 0x83, 0x76, 0x72, 0x68, 0x61, 0x39, 0x2B,
    0x2B, 0x00, 0x31, 0x5A, 0x61, 0x29, 0x3B, 0x26, 0x2B, 0x2B, 0x00, 0x29,
    0x30, 0x4C, 0x29, 0x5C, 0x26, 0x26, 0x26, 0xA0, 0x10, 0x2E, 0x64, 0x00,
    0x07, 0x49, 0x49, 0x24, 0x5A, 0x71, 0xC8, 0x00, 0x07, 0x00, 0x2F, 0x3B,
    0x2C, 0x00, 0x07, 0x84, 0x84, 0x44, 0x43, 0x79, 0x00, 0x06, 0x26, 0x79,
    0x79, 0x5C, 0x10, 0x0E, 0x00, 0x31, 0xEC, 0x3C, 0xD9, 0x10, 0x0B, 0x05,
    0x64, 0x2B, 0x20, 0x07, 0x30, 0x01, 0x8D, 0x79, 0xC9, 0x0C, 0xE3, 0x00,
    0x06, 0x5C, 0x26, 0x0D, 0xA3, 0x26, 0x2C, 0x10, 0x0D, 0x9A, 0x10, 0x07,
    0x8D, 0x26, 0x50, 0x0F, 0x10, 0x07, 0x28, 0x06, 0x29, 0x89, 0x04, 0x53,
    0x84, 0x49, 0x2B, 0x59, 0x0D, 0x65, 0x34, 0x5A, 0x00, 0x24, 0x26, 0x2B,
    0x6F, 0x70, 0x54, 0x96, 0x58, 0x68, 0x49, 0x00, 0x18, 0x00, 0x07, 0x89,
    0x30, 0x07, 0x91, 0x56, 0x5D, 0x88, 0x2D, 0x6B, 0x91, 0x2D, 0x31, 0x10,
    0x07, 0x3E, 0x54, 0x96, 0x60, 0x62, 0x10, 0x07, 0x10, 0x28, 0x30, 0x3B,
    0x57, 0x54, 0x54, 0x01, 0x5C, 0x2F, 0x2F, 0x86, 0x73, 0x59, 0x70, 0x07,
    0x50, 0x00, 0x2F, 0x86, 0x29, 0x71, 0x70, 0x54, 0x54, 0x64, 0x08, 0x27,
    0x86, 0x30, 0x64, 0x00, 0x27, 0x89, 0x44, 0x3C, 0x15, 0x30, 0x5C, 0x2B,
    0x00, 0x40, 0x71, 0x0F, 0x2A, 0x2B, 0x10, 0x10, 0x10, 0x3C, 0x86, 0x29,
    0x00, 0xA6, 0x54, 0x91, 0x3C, 0x86, 0x2A, 0x5F, 0x2C, 0x10, 0x41, 0x29,
    0x17, 0x50, 0x44, 0x2F, 0x0A, 0x33, 0x2B, 0x33, 0x37, 0x07, 0x80, 0x29,
    0x15, 0x01, 0x5E, 0x07, 0xA9, 0x10, 0x07, 0x08, 0x29, 0x27, 0x44, 0x5E,
    0x2C, 0x8F, 0x5E, 0x44, 0x44, 0x90, 0x30, 0x10, 0x64, 0x5E, 0x20, 0x07,
    0x3D, 0x34, 0x5E, 0x32, 0xD0, 0x20, 0x18, 0x00, 0x28, 0x3D, 0x00, 0x3A,
    0x93, 0x2F, 0x2F, 0x32, 0x6D, 0x33, 0x15, 0x4A, 0x00, 0x41, 0x3D, 0x10,
    0x10, 0x07, 0xAB, 0x30, 0x10, 0x10, 0x99, 0x07, 0xAA, 0x5F, 0x33, 0x00,
    0x10, 0x2F, 0x6D, 0x3D, 0x82, 0x00, 0x59, 0x85, 0x08, 0x2D, 0x3D, 0x82,
    0x3D, 0x37, 0x00, 0x73, 0x29, 0x07, 0x91, 0x04, 0x82, 0x3D, 0x3D, 0x30,
    0x63, 0x05, 0xB3, 0x93, 0x82, 0x18, 0x93, 0x3D, 0x78, 0x07, 0x88, 0x07,
    0xAD, 0x3D, 0x4D, 0x39, 0x10, 0x89, 0x2D, 0x3D, 0x10, 0x10, 0x33, 0x4D,
    0x39, 0x33, 0x9F, 0x37, 0xBE, 0x3D, 0x33, 0x20, 0x2B, 0x10, 0x71, 0x10,
    0x10, 0x00, 0x0E, 0x40, 0x08, 0xD7, 0x1D, 0x45, 0x47, 0x4F, 0x8F, 0x40,
    0x07, 0x89, 0x10, 0x07, 0x2D, 0x94, 0x00, 0x07, 0x04, 0x4D, 0x8F, 0x96,
    0x2D, 0x39, 0x00, 0x07, 0x33, 0x3D, 0x1F, 0x29, 0x8F, 0x34, 0x10, 0x07,
    0x00, 0x4B, 0x07, 0xA1, 0x20, 0xC4, 0x10, 0x09, 0x13, 0x3B, 0x89, 0x63,
    0x00, 0x3F, 0x43, 0x4F, 0x00, 0x07, 0x27, 0xA0, 0x56, 0x78, 0x50, 0x07,
    0x2D, 0x30, 0x07, 0x3B, 0x06, 0xB1, 0x90, 0x07, 0x73, 0x20, 0x6D, 0x8F,
    0x10, 0x30, 0x29, 0x29, 0x89, 0x34, 0x63, 0x40, 0x63, 0x00, 0x01, 0x5F,
    0x32, 0x5F, 0x47, 0x47, 0x43, 0x28, 0x4F, 0x4F, 0x17, 0xE4, 0x4F, 0x30,
    0x07, 0x29, 0x4F, 0x4F, 0xBE, 0x30, 0x07, 0x30, 0x40, 0x07, 0x10, 0x10,
    0x20, 0x07, 0x00, 0x10, 0x40, 0x07, 0x43, 0x86, 0x20, 0x3C, 0x63, 0x63,
    0x78, 0x4F, 0x17, 0x5F, 0x17, 0x2A, 0x4F, 0xFF, 0x17, 0x67, 0x0E, 0xA1,
    0x07, 0x5E, 0x17, 0x4B, 0x00, 0x07, 0x17, 0x5F, 0x00, 0x07, 0x17, 0x6F,
    0xD0, 0x40, 0x07, 0x00, 0x08, 0x7A, 0x00, 0x2F, 0x80, 0x47, 0x7E, 0x5C,
    0x82, 0x00, 0x2E, 0x97, 0x85, 0x5E, 0x2C, 0x26, 0x27, 0x6F, 0x43, 0x42,
    0x78, 0x17, 0x77, 0x87, 0x7E, 0x43, 0x4D, 0x00, 0x07, 0x97, 0x00, 0x5E,
    0x29, 0x4F, 0x30, 0x78, 0x80, 0x47, 0x5E, 0x00, 0x8D, 0x5F, 0x43, 0x43,
    0x3B, 0x47, 0x32, 0x2C, 0x40, 0x44, 0x00, 0x2B, 0x73, 0x5E, 0x26, 0x2C,
    0x29, 0x43, 0x02, 0x43, 0x4D, 0x6D, 0x26, 0x26, 0x44, 0x00, 0x49, 0x8F,
    0x20, 0x6D, 0x26, 0x10, 0x1D, 0x43, 0x34, 0x6D, 0x53, 0x53, 0x51, 0x3B,
    0x27, 0x58, 0x63, 0x47, 0x58, 0x78, 0x53, 0x8F, 0x27, 0x7B, 0x02, 0x3B,
    0x8F, 0x53, 0x73, 0x73, 0x73, 0x10, 0x1A, 0x53, 0x28, 0x78, 0x4D, 0x07,
    0xA1, 0x6D, 0x07, 0x3F, 0x29, 0x3B, 0x4D, 0x81, 0x10, 0x30, 0x8F, 0x73,
    0x3B, 0x73, 0x39, 0x89, 0x00, 0x07, 0x3F, 0x3B, 0x4D, 0x0E, 0xDF, 0x47,
    0x47, 0xF0, 0x07, 0xF0, 0x07, 0xF0, 0x07, 0x17, 0xB5, 0x03, 0x2D, 0x34,
    0x3B, 0x29, 0x4C, 0x49, 0x17, 0xC6, 0x00, 0x0A, 0x78, 0x78, 0x20, 0x07,
    0xF0, 0x01, 0xF0, 0x01, 0x40, 0x01, 0x46, 0x41, 0x2A, 0x98, 0x27, 0x84,
    0x4D, 0x61, 0x03, 0xFE, 0x05, 0x97, 0x2D, 0x34, 0x73, 0x34, 0x52, 0x46,
    0x00, 0x07, 0x09, 0x98, 0x5B, 0x15, 0x9F, 0x96, 0x2D, 0x22, 0x97, 0x69,
    0x20, 0x07, 0x8F, 0x80, 0x46, 0x20, 0x07, 0x4D, 0x23, 0x40, 0x90, 0x10,
    0x07, 0x89, 0x4F, 0x4B, 0x35, 0xBF, 0xF5, 0xDF, 0xFF, 0xA5, 0xDF, 0xF0,
    0x01, 0xB0, 0x01, 0xF0, 0x3F, 0x80, 0x3F, 0xF0, 0x47, 0xF0, 0x3F, 0xC7,
    0x77, 0xE9, 0x50, 0x3E, 0xF0, 0x46, 0xA0, 0x01, 0x7F, 0x40, 0x05, 0x7F,
    0x7F, 0xC0, 0x01, 0x24, 0x6C, 0x6C, 0xB0, 0x01, 0x67, 0x67, 0xB0, 0x01,
    0x4E, 0x4E, 0x9F, 0x50, 0x01, 0x6E, 0x6E, 0x10, 0x01, 0xF0, 0x3F, 0xF0,
    0x3F, 0xF0, 0x3F, 0x00, 0x3D, 0xFF, 0x40, 0x07, 0xF0, 0x3F, 0xF0, 0x3F,
    0xC0, 0x3F, 0x80, 0x83, 0xF0, 0x3F, 0xF0, 0x3F, 0xD0, 0x3F, 0xEA, 0x10,
    0x04, 0x70, 0x87, 0x00, 0x32, 0x3D, 0x07, 0x68, 0x24, 0x00, 0x07, 0x33,
    0x08, 0x75, 0x5B, 0x66, 0x24, 0x00, 0x32, 0x33, 0x43, 0x80, 0x41, 0x5D,
    0x10, 0x07, 0x6A, 0x30, 0x80, 0x84, 0x66, 0x00, 0x2D, 0x09, 0x6A, 0x30,
    0x75, 0x4C, 0x10, 0x07, 0x67, 0x3D, 0x00, 0x20, 0x92, 0x30, 0x07, 0x52,
    0x66, 0x10, 0x3B, 0x3D, 0x7A, 0x17, 0xAA, 0x24, 0x04, 0x24, 0x4C, 0x39,
    0x5A, 0x69, 0x10, 0x07, 0x3C, 0x3B, 0x22, 0x78, 0x5B, 0x20, 0x07, 0x5A,
    0x78, 0x75, 0x10, 0x07, 0x49, 0x10, 0x29, 0x5C, 0x4F, 0x17, 0xA1, 0x49,
    0x86, 0x5C, 0x73, 0x88, 0x2D, 0x17, 0x86, 0x78, 0x73, 0x10, 0x0F, 0x24,
    0x3C, 0x7D, 0x64, 0x4D, 0x00, 0x1E, 0x0F, 0x3C, 0x49, 0x5D, 0x37, 0x4E,
    0x46, 0x41, 0xE1, 0x47, 0x4E, 0x00, 0x07, 0x0F, 0x24, 0x4B, 0x68, 0x61,
    0x52, 0x0D, 0x6D, 0x5A, 0x61, 0x13, 0xEA, 0x4D, 0x06, 0xE4, 0x06, 0x81,
    0x73, 0x06, 0x8B, 0x4C, 0x08, 0x84, 0x5A, 0x31, 0x61, 0x06, 0x84, 0x31,
    0x31, 0x23, 0x0B, 0x23, 0x68, 0x31, 0x23, 0x17, 0xEA, 0x3B, 0x27, 0x47,
    0x06, 0xB4, 0x84, 0x10, 0x03, 0x61, 0x4C, 0x29, 0x5F, 0x10, 0x03, 0x30,
    0x86, 0x31, 0x86, 0x86, 0x16, 0xB4, 0x16, 0xE0, 0x84, 0x84, 0x5D, 0x2D,
    0xA1, 0xC0, 0x06, 0xB2, 0x1F, 0x73, 0x7D, 0x23, 0x23, 0x5A, 0x7D, 0x44,
    0x00, 0x27, 0x79, 0x64, 0x27, 0x79, 0x48, 0x48, 0x64, 0x10, 0x62, 0x62,
    0x62, 0x10, 0x63, 0x4D, 0x7D, 0x4D, 0x5A, 0x42, 0x86, 0x00, 0x2F, 0x84,
    0x5A, 0x23, 0x23, 0x00, 0x32, 0x5D, 0x94, 0x00, 0x5E, 0x23, 0x49, 0x08,
    0x7B, 0x31, 0x06, 0xDF, 0x24, 0x24, 0x00, 0x5A, 0x44, 0x77, 0x79, 0x2C,
    0x34, 0x77, 0x77, 0x00, 0x79, 0x64, 0x35, 0x56, 0x56, 0x35, 0x39, 0x58,
    0x01, 0x35, 0x62, 0x35, 0x39, 0x39, 0x39, 0x62, 0x00, 0x03, 0x01, 0x35,
    0x62, 0x58, 0x35, 0x5A, 0x5D, 0x24, 0x08, 0x8D, 0x21, 0x24, 0x24, 0x1D,
    0xDD, 0x84, 0x7D, 0x7D, 0x44, 0x20, 0x5E, 0x04, 0x64, 0x71, 0x59, 0x79,
    0x79, 0x00, 0x5D, 0x58, 0x58, 0x00, 0x62, 0x35, 0x35, 0x35, 0x62, 0x39,
    0x3B, 0x78, 0x8A, 0x00, 0x2C, 0x3B, 0x3B, 0x39, 0x00, 0x11, 0x39, 0x20,
    0x13, 0x62, 0x04, 0x3B, 0x35, 0x35, 0x56, 0x62, 0x00, 0x0F, 0x39, 0x84,
    0x00, 0x84, 0x7D, 0x27, 0x79, 0x2C, 0x71, 0x59, 0x27, 0x08, 0x8D, 0x2C,
    0x59, 0x34, 0x00, 0x18, 0x34, 0x35, 0x58, 0x66, 0x62, 0x20, 0x23, 0x00,
    0x5F, 0x39, 0x58, 0x00, 0x70, 0x00, 0x2D, 0x58, 0xB5, 0x00, 0xA7, 0x35,
    0x00, 0x10, 0x00, 0x46, 0x62, 0x00, 0x44, 0x23, 0x00, 0x76, 0xAC, 0x00,
    0x23, 0x35, 0x10, 0x15, 0x62, 0x00, 0x2D, 0x17, 0x5E, 0x26, 0x39, 0x24,
    0x78, 0x3B, 0x20, 0x07, 0x3B, 0x39, 0x17, 0x75, 0x26, 0x26, 0x48, 0x58,
    0x40, 0x07, 0x39, 0x78, 0x17, 0x8D, 0x26, 0x26, 0x62, 0x4A, 0x62, 0x20,
    0x1E, 0x26, 0x39, 0x50, 0x17, 0x39, 0x27, 0x7E, 0x26, 0xF7, 0x27, 0x47,
    0x07, 0x58, 0x27, 0x57, 0x10, 0x07, 0x8D, 0x40, 0x07, 0x60, 0x0F, 0x17,
    0xAE, 0xF7, 0x47, 0x6F, 0xF0, 0x07, 0x2D, 0x0E, 0x07, 0x1F, 0x53, 0x20,
    0x08, 0x07, 0x68, 0x40, 0x07, 0x69, 0x2D, 0x40, 0x18, 0x50, 0x07, 0x96,
    0x30, 0x29, 0x54, 0x91, 0x50, 0x30, 0x98, 0x50, 0x07, 0x84, 0x86, 0x07,
    0x60, 0x00, 0x09, 0x5D, 0x3C, 0x7A, 0x41, 0x44, 0x10, 0x6F, 0x23, 0x3C,
    0x43, 0x73, 0x2C, 0x00, 0x08, 0xA0, 0x00, 0x07, 0x29, 0x00, 0xA1, 0x28,
    0x58, 0x84, 0x86, 0x37, 0x84, 0x10, 0x89, 0x53, 0x5D, 0x86, 0x7A, 0x00,
    0xC9, 0x2B, 0x53, 0x60, 0x31, 0x07, 0x91, 0x00, 0x79, 0x56, 0x23, 0x3C,
    0x30, 0x73, 0x88, 0x00, 0x07, 0x91, 0x5C, 0x32, 0x1E, 0xCA, 0x33, 0x54,
    0x34, 0x21, 0x5F, 0x5F, 0x10, 0x07, 0x70, 0x91, 0x73, 0x5F, 0x10, 0x10,
    0xB3, 0x07, 0xCC, 0x85, 0x10, 0x10, 0x00, 0x63, 0x73, 0x5F, 0x06, 0xEC,
    0x00, 0x07, 0x30, 0x34, 0x7E, 0x00, 0x18, 0x00, 0x83, 0x54, 0x87, 0x5E,
    0x3D, 0xCC, 0x00, 0x07, 0x07, 0xBB, 0x44, 0x30, 0x06, 0xD6, 0x0F, 0x65,
    0x3D, 0x82, 0x5B, 0x75, 0x17, 0xC4, 0x79, 0x0E, 0xEB, 0x0E, 0x96, 0x27,
    0x0E, 0xEB, 0x00, 0x07, 0x04, 0x33, 0x5F, 0x2F, 0x44, 0x82, 0x10, 0x07,
    0x3D, 0x32, 0x21, 0x27, 0x43, 0x10, 0x07, 0x33, 0x30, 0x5E, 0x5F, 0x20,
    0x07, 0x11, 0x33, 0x7A, 0x32, 0x30, 0x07, 0x82, 0x43, 0x43, 0x17, 0x5B,
    0xB6, 0x17, 0x59, 0x75, 0x18, 0x07, 0x00, 0x08, 0x75, 0x10, 0x19, 0x07,
    0x59, 0x82, 0x67, 0x52, 0x50, 0x10, 0x50, 0x08, 0x52, 0x75, 0x00, 0x07,
    0x20, 0x19, 0x40, 0x33, 0x67, 0x75, 0x10, 0x33, 0x30, 0x01, 0x6A, 0x95,
    0x50, 0x0A, 0x37, 0xA3, 0x00, 0x07, 0xFF, 0x2F, 0x95, 0x00, 0x07, 0x40,
    0x08, 0x57, 0xBD, 0x00, 0x07, 0x20, 0x08, 0x10, 0x48, 0x07, 0xC6, 0x00,
    0x33, 0x33, 0x78, 0x78, 0x3B, 0x78, 0x78, 0x63, 0x00, 0x63, 0x95, 0x95,
    0x22, 0x22, 0x4D, 0x4D, 0x4D, 0x1C, 0x3B, 0x33, 0x33, 0x00, 0x08, 0x00,
    0x09, 0x20, 0x54, 0x50, 0x50, 0x53, 0x50, 0x30, 0x5E, 0x22, 0x30, 0x07,
    0x33, 0x95, 0x30, 0x07, 0x00, 0x18, 0x8B, 0x20, 0x06, 0x22, 0x22, 0x50,
    0x47, 0x47, 0x63, 0x00, 0x42, 0x10, 0x05, 0xA0, 0x07, 0x9A, 0x4D, 0x0F,
    0x9F, 0x5C, 0x8D, 0x50, 0x22, 0x22, 0x31, 0x29, 0x43, 0x07, 0x1F, 0x00,
    0x42, 0x50, 0x30, 0x5F, 0x30, 0x07, 0x22, 0x33, 0x32, 0x30, 0x07, 0x29,
    0x5E, 0x26, 0x30, 0x07, 0x27, 0x02, 0x26, 0x26, 0x29, 0x5F, 0x5F, 0x5E,
    0x01, 0x9F, 0x26, 0x3A, 0x27, 0x27, 0x42, 0x4F, 0x42, 0x55, 0x40, 0x06,
    0x5F, 0x30, 0x07, 0x32, 0x49, 0x29, 0x20, 0x0D, 0x32, 0x29, 0x10, 0x07,
    0x8D, 0x5E, 0x03, 0x73, 0x13, 0x26, 0x2C, 0x44, 0x27, 0xCA, 0x26, 0x5E,
    0x07, 0x46, 0x07, 0x4F, 0x43, 0x79, 0x07, 0xAF, 0x43, 0x43, 0x78, 0x6D,
    0x17, 0x55, 0x17, 0x67, 0x26, 0x4F, 0x30, 0x10, 0x07, 0x30, 0x6D, 0x08,
    0x5B, 0x10, 0x08, 0x89, 0x48, 0x29, 0x20, 0x0F, 0x43, 0x39, 0x30, 0x07,
    0x4F, 0x73, 0x29, 0xEC, 0x10, 0x2F, 0x08, 0x87, 0x08, 0x7E, 0x3B, 0x04,
    0x22, 0x08, 0x7E, 0x4D, 0x30, 0x14, 0x43, 0x3B, 0x3B, 0x00, 0x07, 0x73,
    0x20, 0x07, 0x2D, 0x8F, 0x00, 0x3B, 0x30, 0x43, 0x4D, 0x3B, 0x73, 0x6D,
    0x34, 0x09, 0x78, 0x30, 0x43, 0x29, 0x00, 0x07, 0x53, 0x63, 0x00, 0x49,
    0x00, 0x3B, 0x3B, 0x6D, 0x89, 0x63, 0x29, 0x7A, 0x47, 0x96, 0x00, 0x1F,
    0x89, 0x8F, 0x00, 0x30, 0x4D, 0x67, 0x7F, 0x4F, 0x15, 0x96, 0xFC, 0x5F,
    0x15, 0x30, 0x18, 0x00, 0x07, 0x27, 0xDD, 0x00, 0x07, 0x20, 0x20, 0x89,
    0x96, 0x5F, 0x73, 0x40, 0x07, 0x4D, 0x20, 0x28, 0x2F, 0x3D, 0x90, 0x01,
    0x09, 0x36, 0x20, 0x01, 0x55, 0x34, 0x40, 0x07, 0x39, 0x40, 0x16, 0x73,
    0x30, 0x07, 0x89, 0x19, 0x5F, 0xA0, 0x19, 0x6A, 0x30, 0x30, 0x16, 0x39,
    0x82, 0x39, 0x43, 0x6C, 0x40, 0x46, 0x15, 0xB7, 0x4D, 0x29, 0x22, 0x22,
    0x6C, 0x6C, 0x10, 0x7F, 0x7F, 0x30, 0x01, 0x9B, 0x22, 0x95, 0x6A, 0x6C,
    0x7C, 0x43, 0x01, 0x9D, 0x10, 0x09, 0x12, 0x4E, 0x10, 0x09, 0x32, 0x05,
    0x95, 0x50, 0xBA, 0x42, 0x1E, 0x6A, 0x52, 0x39, 0xF5, 0xFF, 0x30, 0x01,
    0x33, 0x45, 0xEF, 0x50, 0x1B, 0x6A, 0x93, 0x6E, 0x20, 0x07, 0x01, 0xBE,
    0x93, 0x06, 0xAF, 0x00, 0x4A, 0x07, 0x50, 0x50, 0x95, 0x3D, 0x6E, 0x20,
    0x54, 0x00, 0x09, 0xF0, 0x3F, 0xF1, 0xF6, 0x37, 0x16, 0x31, 0x36, 0xED,
    0x70, 0x01, 0x33, 0x33, 0x6E, 0x00, 0x57, 0x3F, 0x4E, 0x67, 0xF0, 0x3F,
    0xF0, 0x3F, 0x16, 0x72, 0xD0, 0x3F, 0x40, 0x1A, 0x07, 0x06, 0xE7, 0x36,
    0x8E, 0xD6, 0xA7, 0x50, 0x01, 0x8E, 0x8E, 0x30, 0x01, 0x50, 0x0F, 0xF0,
    0x47, 0xFF, 0xF0, 0x01, 0xF0, 0x3F, 0xF0, 0x3F, 0xF0, 0x3F, 0xF0, 0x01,
    0xF0, 0x3F, 0xE0, 0x3F, 0x60, 0x17, 0xF8, 0xF0, 0x01, 0xF0, 0x3F, 0x90,
    0x3F, 0x00, 0x12, 0x70, 0x3F, 0x30, 0x75, 0x40, 0x88, 0x20, 0x07, 0x93,
    0x75, 0x5B, 0x20, 0x07, 0x3D, 0x75, 0x75, 0xA1, 0x40, 0x07, 0x80, 0x10,
    0x3B, 0x6E, 0x33, 0x75, 0x80, 0x00, 0x0D, 0x00, 0x95, 0x89, 0x91, 0x37,
    0x80, 0x6E, 0x6E, 0x6A, 0x00, 0x53, 0x54, 0x54, 0x73, 0x75, 0x8E, 0x6E,
    0x78, 0x0E, 0x91, 0x70, 0x70, 0x5C, 0x27, 0x67, 0x27, 0x4B, 0x06, 0xDD,
    0x24, 0x00, 0x49, 0x84, 0x7D, 0x5D, 0x66, 0x24, 0x84, 0x77, 0x00, 0x32,
    0x44, 0x64, 0x84, 0x66, 0x24, 0x29, 0x8A, 0x08, 0x5C, 0x62, 0x58, 0x86,
    0x10, 0x0F, 0x58, 0x5A, 0x39, 0x81, 0x07, 0xDA, 0x49, 0x77, 0x71, 0x62,
    0x39, 0x5B, 0x06, 0xAD, 0x04, 0x44, 0x64, 0x35, 0x58, 0x47, 0x07, 0xB9,
    0x7D, 0x79, 0x01, 0x58, 0x3B, 0x31, 0x23, 0x3B, 0x5C, 0x44, 0x06, 0x7C,
    0x8A, 0x00, 0x03, 0x71, 0x71, 0x59, 0x06, 0x25, 0x59, 0x06, 0xB1, 0x35,
    0x24, 0x62, 0x78, 0x06, 0x5C, 0x62, 0x56, 0x06, 0x75, 0x3B, 0x3B, 0x40,
    0x62, 0x06, 0x85, 0x56, 0x35, 0x58, 0x35, 0x56, 0x58, 0x38, 0x58, 0x39,
    0x06, 0x80, 0x06, 0xB4, 0x06, 0x74, 0x35, 0x39, 0x62, 0x27, 0x35, 0x56,
    0x00, 0x27, 0x62, 0x71, 0x00, 0x0C, 0x10, 0x2B, 0x17, 0x0F, 0xBB, 0x06,
    0x9B, 0x35, 0x00, 0x38, 0x06, 0xBD, 0x00, 0x20, 0x56, 0x06, 0x99, 0x06,
    0xAE, 0xB5, 0x00, 0x04, 0x5A, 0x16, 0xBD, 0x00, 0x16, 0x35, 0x00, 0x40,
    0x39, 0x10, 0x34, 0x98, 0x00, 0x28, 0x39, 0x58, 0x00, 0x2B, 0x00, 0x29,
    0x35, 0x39, 0x23, 0xE0, 0x10, 0x1D, 0x16, 0xCC, 0x26, 0xF1, 0x62, 0x3B,
    0x3B, 0x35, 0x5A, 0xF8, 0x00, 0x2A, 0x10, 0x5F, 0x10, 0x52, 0x07, 0x63,
    0x10, 0x5A, 0x78, 0x39, 0x3B, 0x7A, 0x3B, 0x20, 0x16, 0x10, 0x27, 0x10,
    0xA0, 0x70, 0x01, 0x39, 0x27, 0x47, 0x62, 0x7E, 0x56, 0x10, 0x8E, 0x00,
    0x82, 0x00, 0x20, 0x17, 0x56, 0x00, 0x63, 0x20, 0x2E, 0x56, 0xFF, 0x20,
    0x04, 0x10, 0xC0, 0x20, 0x2C, 0xF0, 0x07, 0x00, 0x3A, 0x07, 0x98, 0x10,
    0x99, 0x37, 0x65, 0xFD, 0x50, 0x01, 0x70, 0x21, 0x30, 0x3C, 0x20, 0x07,
    0x00, 0x08, 0xD0, 0x07, 0x58, 0x47, 0x57, 0x7F, 0x35, 0xF0, 0x07, 0xF0,
    0x07, 0xF0, 0x07, 0x17, 0x7F, 0x05, 0x2B, 0x2E, 0xE7, 0x27, 0x70, 0xF3,
    0x30, 0x10, 0x10, 0x07, 0x27, 0x79, 0x25, 0x47, 0x2C, 0x27, 0x05, 0x68,
    0xF0, 0x01, 0xD1, 0x4F, 0x32, 0x27, 0x57, 0x54, 0x20, 0x06, 0x2B, 0x59,
    0x34, 0x0F, 0x41, 0x9E, 0x00, 0x3E, 0x2B, 0x57, 0x10, 0x43, 0x30, 0x1B,
    0xF0, 0x01, 0x90, 0x01, 0x2D, 0xA1, 0x07, 0x47, 0x4D, 0x00, 0x65, 0x34,
    0x39, 0x84, 0x86, 0x17, 0x70, 0x04, 0x2D, 0x34, 0x5D, 0x86, 0x37, 0x00,
    0x07, 0x96, 0x2D, 0x20, 0x23, 0x86, 0x1F, 0xC8, 0x70, 0x96, 0x62, 0x84,
    0x29, 0x42, 0x44, 0x00, 0x07, 0x91, 0x53, 0x5A, 0x29, 0x07, 0x70, 0x28,
    0x08, 0x70, 0x2D, 0x78, 0x30, 0x00, 0x28, 0x28, 0x70, 0x96, 0x2B, 0x63,
    0x29, 0x00, 0x07, 0x2B, 0x07, 0x47, 0x39, 0x0E, 0xCB, 0x00, 0x6D, 0x90,
    0x07, 0x82, 0x44, 0x3D, 0x00, 0x07, 0x3E, 0x2D, 0x80, 0x5F, 0x42, 0x29,
    0x17, 0xD3, 0x91, 0x52, 0x82, 0x43, 0x10, 0x07, 0x54, 0x20, 0x43, 0x82,
    0x10, 0x17, 0x28, 0x54, 0x4D, 0x75, 0x93, 0x89, 0x20, 0x07, 0x78, 0x75,
    0x82, 0x10, 0xB8, 0x54, 0x34, 0x27, 0x2D, 0xFF, 0x16, 0xCC, 0x07, 0x1B,
    0x36, 0xD4, 0x50, 0x07, 0x24, 0xE7, 0x07, 0x25, 0x50, 0x07, 0x3E, 0x6F,
    0xEF, 0x20, 0x0F, 0x0F, 0x1F, 0x3E, 0xD3, 0x93, 0x27, 0x4E, 0x07, 0x50,
    0x00, 0x1D, 0x10, 0x07, 0xFF, 0x17, 0x50, 0x50, 0x10, 0x20, 0x07, 0x00,
    0x10, 0x20, 0x07, 0x07, 0x72, 0x40, 0x07, 0x30, 0x06, 0xF9, 0x00, 0x18,
    0x50, 0x0F, 0x20, 0x28, 0x25, 0x5C, 0x47, 0x59, 0x22, 0x30, 0x30, 0x08,
    0x24, 0x95, 0x22, 0x40, 0x10, 0x50, 0x95, 0x30, 0x21, 0x22, 0x50, 0xF2,
    0x10, 0x19, 0x15, 0x83, 0x10, 0x19, 0x00, 0x30, 0x50, 0x50, 0x40, 0x97,
    0x95, 0xC9, 0x07, 0x7C, 0xA7, 0x5F, 0x33, 0x22, 0x40, 0x0F, 0x22, 0x95,
    0x55, 0xAE, 0xD4, 0x57, 0xDF, 0x40, 0x07, 0x95, 0x47, 0xDE, 0x6A, 0x37,
    0x4F, 0x8D, 0x27, 0x87, 0x15, 0x8D, 0x29, 0x5F, 0x4D, 0x29, 0x17, 0xB3,
    0x17, 0x17, 0x10, 0x0F, 0x6E, 0x4D, 0x00, 0x07, 0x00, 0x06, 0x22, 0x20,
    0x07, 0x00, 0x76, 0x20, 0x17, 0x33, 0xEF, 0x30, 0x07, 0x00, 0x7E, 0x20,
    0x07, 0x44, 0x1F, 0xA4, 0xF0, 0x01, 0x50, 0x01, 0x07, 0x21, 0xBF, 0x20,
    0x01, 0x43, 0x40, 0x0E, 0x40, 0x0F, 0x50, 0x16, 0x00, 0x09, 0x37, 0x46,
    0x00, 0x07, 0x7B, 0x7A, 0x30, 0x06, 0x20, 0x0D, 0x07, 0x2A, 0x20, 0x06,
    0x30, 0x30, 0x06, 0x00, 0x07, 0xE2, 0x40, 0x46, 0xB0, 0x07, 0x00, 0x2D,
    0x8F, 0x6D, 0x34, 0x07, 0x68, 0x29, 0x08, 0x3B, 0x78, 0x6D, 0x53, 0x0F,
    0x8B, 0x30, 0x3B, 0x4D, 0xC0, 0x07, 0x60, 0x00, 0x16, 0x73, 0x29, 0x53,
    0x6D, 0x34, 0x29, 0x80, 0x00, 0x3D, 0x30, 0x39, 0x6D, 0x89, 0x8F, 0x63,
    0x63, 0x01, 0x3B, 0x43, 0x3B, 0x2D, 0x6D, 0x89, 0x6D, 0x00, 0x07, 0x0C,
    0x29, 0x34, 0x6D, 0x8F, 0x00, 0x2B, 0x07, 0x8B, 0x53, 0x63, 0xAE, 0x00,
    0x07, 0x73, 0x47, 0x47, 0x73, 0x27, 0x68, 0x07, 0x67, 0x37, 0x70, 0x96,
    0x75, 0x4D, 0x2F, 0x3B, 0x10, 0x07, 0x27, 0x70, 0x96, 0x47, 0xA9, 0x2D,
    0x30, 0x0E, 0x28, 0x34, 0x2D, 0x37, 0x7F, 0x34, 0x37, 0x6F, 0x2D, 0x3B,
    0x93, 0xA8, 0x47, 0x5E, 0x3D, 0x37, 0x7D, 0x43, 0x30, 0x07, 0x8F, 0x82,
    0x33, 0xC9, 0x40, 0x1E, 0x30, 0x07, 0x29, 0x3D, 0x30, 0x07, 0x43, 0x33,
    0x20, 0x07, 0x7F, 0x89, 0x32, 0x55, 0xF0, 0x01, 0xF0, 0x01, 0xF0, 0x01,
    0x70, 0x01, 0x27, 0x49, 0x40, 0x09, 0xF9, 0x41, 0xF7, 0x77, 0x9F, 0xF0,
    0x01, 0xB0, 0x01, 0x07, 0xE2, 0x33, 0x3D, 0x06, 0x85, 0x87, 0x11, 0xE7,
    0x95, 0x33, 0x93, 0x93, 0x37, 0x96, 0x22, 0x37, 0x70, 0x57, 0xE6, 0x62,
    0x57, 0xF0, 0x01, 0x46, 0x56, 0x33, 0x6E, 0x06, 0x59, 0x16, 0x5C, 0x82,
    0x66, 0x82, 0x36, 0x5F, 0x02, 0xB5, 0x20, 0x36, 0x06, 0x3A, 0x10, 0x4C,
    0x30, 0x7F, 0x75, 0x02, 0xBF, 0x09, 0xEB, 0x07, 0xEE, 0x00, 0xF9, 0x80,
    0x57, 0x00, 0x08, 0x56, 0x8F, 0x3F, 0x3A, 0x3A, 0x30, 0x01, 0x56, 0xAF,
    0x50, 0x01, 0x16, 0xA9, 0x26, 0xAD, 0x30, 0x0C, 0xFF, 0x60, 0x27, 0x50,
    0x01, 0xF0, 0x3F, 0xF0, 0x01, 0x97, 0x30, 0xF0, 0x3F, 0xF0, 0x3F, 0xF0,
    0x3B, 0xF8, 0xF0, 0x3F, 0xF0, 0x3F, 0xF0, 0x3F, 0xF0, 0x3F, 0xF0, 0x3F,
    0x6E, 0x33, 0x34, 0x81, 0x05, 0x3B, 0x26, 0x7A, 0x3A, 0x95, 0x89, 0x70,
    0x05, 0x40, 0x08, 0x29, 0x3A, 0x95, 0x96, 0x00, 0x07, 0x28, 0x73, 0x3A,
    0x44, 0x22, 0x10, 0x06, 0x28, 0x71, 0x6E, 0x30, 0x07, 0x59, 0x6E, 0x54,
    0x3B, 0x20, 0x07, 0x2B, 0x60, 0x07, 0x78, 0x20, 0x07, 0x28, 0x43, 0xC4,
    0x07, 0x47, 0x07, 0x60, 0x62, 0x43, 0x86, 0x10, 0x07, 0x62, 0x62, 0x21,
    0x7A, 0x86, 0x07, 0x60, 0x77, 0x64, 0x62, 0x30, 0x10, 0x07, 0x00, 0x5E,
    0x79, 0x35, 0x29, 0x43, 0x49, 0x66, 0x66, 0x00, 0x84, 0x79, 0x62, 0x73,
    0x7A, 0x3C, 0x66, 0x66, 0x04, 0x5D, 0x77, 0x62, 0x5C, 0x30, 0x1F, 0x32,
    0x27, 0x71, 0x3F, 0x64, 0x37, 0x00, 0x30, 0x17, 0x89, 0x16, 0xD2, 0x16,
    0xF8, 0x17, 0x2D, 0x17, 0x4B, 0xFF, 0x06, 0x5A, 0x2E, 0x02, 0x10, 0x04,
    0x06, 0xC3, 0x1E, 0x35, 0x10, 0x12, 0x06, 0xE1, 0x56, 0xC5, 0xFC, 0x46,
    0x99, 0x30, 0x01, 0x07, 0x42, 0x10, 0x29, 0x1E, 0x07, 0x00, 0x2A, 0x23,
    0x62, 0xFF, 0x07, 0x2A, 0x00, 0x0C, 0x1E, 0xA4, 0xC7, 0x27, 0xF0, 0x01,
    0xF0, 0x01, 0xF0, 0x01, 0xF0, 0x01, 0xF9, 0xF0, 0x01, 0xF0, 0x01, 0xF0,
    0x01, 0xF0, 0x01, 0x28, 0x66, 0x71, 0x71, 0x57, 0x5F, 0xE4, 0x77, 0x71,
    0xF0, 0x01, 0x70, 0xEC, 0x59, 0x71, 0x10, 0x33, 0x2F, 0x27, 0x00, 0x44,
    0x44, 0x8D, 0x27, 0x44, 0x5E, 0x7D, 0x84, 0x2C, 0x84, 0x49, 0xE7, 0x57,
    0x35, 0xD0, 0x07, 0x3E, 0xEF, 0x79, 0x27, 0xD0, 0x06, 0xC4, 0x1C, 0x89,
    0x84, 0x16, 0xE5, 0x26, 0x26, 0x24, 0x24, 0x7D, 0x4C, 0x30, 0x18, 0xF0,
    0x01, 0xF0, 0x01, 0xF0, 0x01, 0x60, 0x01, 0x51, 0x47, 0x47, 0xFE, 0x57,
    0x6D, 0x50, 0x07, 0x47, 0x98, 0x70, 0x07, 0x40, 0x18, 0x60, 0x07, 0x07,
    0xEC, 0x2B, 0x41, 0x2B, 0x10, 0x0C, 0x96, 0x53, 0x29, 0x73, 0x8D, 0x00,
    0x26, 0x05, 0x70, 0x96, 0x3B, 0x73, 0x5C, 0x20, 0x07, 0x8F, 0x30, 0x07,
    0x30, 0x91, 0x96, 0x07, 0x80, 0x00, 0x20, 0x91, 0x54, 0x8F, 0x32, 0x48,
    0x2C, 0x3F, 0x2D, 0x85, 0x32, 0x20, 0x07, 0x54, 0x39, 0x85, 0x93, 0x37,
    0xF5, 0x96, 0x73, 0x10, 0x4F, 0x70, 0x2D, 0x07, 0x4F, 0x10, 0x07, 0x22,
    0x96, 0x30, 0x20, 0x07, 0x28, 0x96, 0x73, 0x30, 0x07, 0x54, 0x10, 0x39,
    0x75, 0x2C, 0x07, 0xAA, 0x28, 0x70, 0x89, 0x43, 0x24, 0x79, 0x8D, 0x20,
    0x28, 0x29, 0x8D, 0x20, 0x18, 0x91, 0x78, 0x28, 0x32, 0x2C, 0x20, 0x20,
    0x34, 0x06, 0xE1, 0x3D, 0x82, 0x93, 0x3F, 0x93, 0x75, 0x20, 0x07, 0x47,
    0x0B, 0x37, 0x1B, 0x47, 0x4B, 0x00, 0x10, 0x47, 0x3C, 0xDF, 0x27, 0x6D,
    0x07, 0x38, 0x93, 0x10, 0x28, 0x17, 0x0B, 0x40, 0x17, 0x10, 0x15, 0x40,
    0x0A, 0xBF, 0x60, 0x07, 0x3D, 0x37, 0x60, 0x40, 0x07, 0x00, 0x5D, 0x10,
    0x38, 0x1F, 0x1C, 0x30, 0x07, 0xCB, 0x00, 0x5B, 0x10, 0x07, 0x43, 0x95,
    0x14, 0xE7, 0x22, 0x17, 0x50, 0x4E, 0x95, 0xDF, 0x10, 0x07, 0x07, 0x13,
    0x22, 0x27, 0x1E, 0x04, 0x9E, 0x54, 0xA6, 0x3E, 0xAF, 0x40, 0x07, 0xFE,
    0x0E, 0xCE, 0x60, 0x18, 0x55, 0xC2, 0x6F, 0x37, 0x50, 0x07, 0x40, 0x18,
    0x48, 0x41, 0x33, 0x4F, 0x95, 0x40, 0x07, 0x50, 0x93, 0x37, 0x79, 0x00,
    0x73, 0x40, 0x29, 0x27, 0x66, 0xFF, 0x17, 0x4F, 0x40, 0x07, 0x27, 0x6E,
    0x20, 0x07, 0x10, 0x08, 0x10, 0x07, 0x17, 0x62, 0x00, 0x1F, 0x64, 0x5A,
    0x0F, 0x1C, 0x10, 0x0F, 0x3B, 0x78, 0x00, 0x18, 0x33, 0x33, 0xFF, 0x1F,
    0x27, 0xF7, 0x70, 0xF0, 0x01, 0xF0, 0x01, 0xF7, 0xA5, 0x47, 0x4F, 0x0E,
    0xD3, 0x47, 0x5E, 0xF9, 0x20, 0x07, 0x17, 0x9B, 0xF0, 0x07, 0x20, 0x26,
    0x10, 0x07, 0x30, 0x7A, 0x3F, 0x2B, 0x60, 0x8F, 0x0E, 0xCC, 0x07, 0x4F,
    0x73, 0x34, 0x78, 0x53, 0x2D, 0x81, 0x00, 0x07, 0x4D, 0x53, 0x63, 0x63,
    0x6D, 0x63, 0x00, 0x21, 0x05, 0x53, 0x63, 0x78, 0x6D, 0x8F, 0x00, 0x07,
    0x34, 0x00, 0x07, 0x41, 0x34, 0x07, 0xD0, 0x34, 0x63, 0x3B, 0x6D, 0x53,
    0x1F, 0x6C, 0x60, 0x8F, 0x0F, 0x0D, 0x00, 0x07, 0x63, 0x8F, 0x3B, 0x89,
    0x89, 0x47, 0x73, 0x37, 0x67, 0x2D, 0x3B, 0x29, 0x27, 0x60, 0x00, 0x07,
    0x20, 0x10, 0x08, 0x89, 0x3B, 0x29, 0x30, 0x20, 0x07, 0x78, 0x29, 0x43,
    0x86, 0x17, 0x71, 0x89, 0x78, 0x4D, 0x4F, 0x10, 0x20, 0x10, 0x07, 0x29,
    0xFB, 0x20, 0x07, 0x0F, 0x66, 0x10, 0x20, 0x47, 0x66, 0x27, 0x4F, 0x78,
    0x01, 0x51, 0x10, 0x07, 0x75, 0x3B, 0x40, 0x07, 0x07, 0x6E, 0x20, 0x07,
    0x43, 0x30, 0x07, 0x89, 0x19, 0xE4, 0xEF, 0x07, 0xB0, 0x10, 0x2E, 0x10,
    0x07, 0x78, 0xF7, 0x7E, 0xF0, 0x01, 0xF0, 0x01, 0xF0, 0x01, 0xFF, 0xF0,
    0x01, 0xF0, 0x01, 0xF0, 0x01, 0xF0, 0x01, 0xF0, 0x01, 0xF0, 0x01, 0xF0,
    0x01, 0x62, 0x97, 0xF8, 0x07, 0xFD, 0x30, 0x07, 0x17, 0x60, 0xA0, 0x17,
    0x30, 0x07, 0x22, 0x50, 0x95, 0xB3, 0x37, 0xD7, 0x95, 0x02, 0x53, 0x58,
    0x2F, 0x36, 0x36, 0xF0, 0x01, 0xF0, 0x01, 0x1F, 0x36, 0x36, 0x3A, 0xF0,
    0x12, 0xF0, 0x01, 0xF0, 0x01, 0xF0, 0x01, 0xF0, 0x01, 0xFE, 0xF0, 0x6A,
    0xF0, 0x13, 0xF0, 0x01, 0xF0, 0x01, 0x40, 0x3D, 0x37, 0x57, 0xC0, 0x15,
    0x95, 0xA2, 0x40, 0x06, 0x89, 0x20, 0x06, 0x29, 0x89, 0x54, 0x00, 0x05,
    0x20, 0x06, 0x4D, 0x89, 0x54, 0x70, 0x93, 0x47, 0x47, 0x60, 0x07, 0x39,
    0x94, 0x30, 0x07, 0x4D, 0x34, 0x30, 0x07, 0x89, 0x40, 0x07, 0x2D, 0x8F,
    0xAB, 0x30, 0x07, 0x57, 0x40, 0x1F, 0x2B, 0x40, 0x07, 0x71, 0x07, 0x60,
    0x0E, 0xC9, 0x10, 0x8D, 0x2B, 0x73, 0x07, 0x89, 0x66, 0x5D, 0x79, 0x2B,
    0x00, 0x3B, 0x30, 0x3C, 0x66, 0x31, 0x31, 0x79, 0x28, 0x00, 0x5C, 0x37,
    0x4C, 0x31, 0x31, 0x31, 0x27, 0x28, 0x00, 0x2C, 0x29, 0x30, 0x31, 0x66,
    0x66, 0x44, 0x28, 0x00, 0x71, 0x4D, 0x43, 0x5D, 0x31, 0x31, 0x5A, 0x28,
    0x08, 0x59, 0x73, 0x43, 0x84, 0x10, 0x07, 0x2B, 0x3B, 0x7A, 0xBA, 0x00,
    0x20, 0x5D, 0xD6, 0x62, 0x2E, 0xFE, 0x06, 0x89, 0x71, 0x3D, 0xF3, 0x35,
    0x50, 0x2C, 0x46, 0x99, 0x79, 0x0F, 0x00, 0x56, 0x35, 0x59, 0x71, 0x80,
    0x07, 0xDA, 0x59, 0x2C, 0x48, 0x27, 0x44, 0x77, 0x77, 0x1E, 0x77, 0x27,
    0x44, 0x06, 0x80, 0xF6, 0xA4, 0xB6, 0xE1, 0x1E, 0x20, 0x64, 0x04, 0x8D,
    0x79, 0x27, 0x64, 0x27, 0x06, 0xB4, 0x5C, 0x3B, 0x21, 0x31, 0x7D, 0x00,
    0x33, 0x5D, 0x23, 0x23, 0x31, 0x0F, 0xB2, 0xE8, 0x00, 0xA6, 0x40, 0x7F,
    0x6E, 0x9F, 0x34, 0x00, 0x76, 0x34, 0x71, 0x8D, 0x00, 0x48, 0x77, 0x77,
    0x64, 0x79, 0x77, 0x77, 0x5E, 0xF8, 0x0F, 0xCD, 0x00, 0x63, 0x00, 0xB6,
    0x20, 0x2B, 0x10, 0x06, 0x49, 0x31, 0x23, 0x00, 0x31, 0x5D, 0x84, 0x4C,
    0x86, 0x86, 0x84, 0x61, 0x34, 0x4C, 0x4C, 0x1B, 0xCD, 0x00, 0x93, 0x2C,
    0x07, 0x0B, 0x32, 0x2C, 0x67, 0x79, 0x00, 0x2E, 0x07, 0x0F, 0x7D, 0x5A,
    0x00, 0x25, 0x08, 0x59, 0x00, 0x30, 0xE1, 0x10, 0x06, 0x00, 0x65, 0x0F,
    0xF8, 0x3C, 0x86, 0x43, 0x3C, 0x00, 0x03, 0x10, 0x30, 0x30, 0x37, 0x0C,
    0x01, 0x37, 0x29, 0x4D, 0x73, 0x40, 0x73, 0x04, 0xD2, 0x73, 0x5C, 0x5C,
    0x8D, 0x2C, 0x2C, 0xEC, 0x10, 0x33, 0x10, 0x27, 0x30, 0x01, 0x49, 0x18,
    0x9C, 0x10, 0x2E, 0x30, 0x3C, 0x26, 0x86, 0x5B, 0x0C, 0x11, 0x4D, 0x3B,
    0x00, 0x2E, 0x00, 0x2A, 0x3B, 0x11, 0x5C, 0x29, 0x73, 0x00, 0x04, 0x8D,
    0x8D, 0x8D, 0x10, 0x33, 0xC3, 0x1E, 0x9B, 0x4E, 0xBC, 0x8D, 0x24, 0x24,
    0x3C, 0x27, 0x58, 0x00, 0x33, 0x58, 0x32, 0x10, 0x18, 0x29, 0x05, 0x1B,
    0x10, 0x07, 0x78, 0x78, 0x3B, 0x41, 0x5F, 0x0E, 0xBF, 0x26, 0x5C, 0x27,
    0x27, 0x5F, 0x10, 0x18, 0x04, 0x8D, 0x79, 0x79, 0x32, 0x85, 0x0E, 0xD9,
    0x79, 0x79, 0x02, 0x8D, 0x44, 0x85, 0x5E, 0x8D, 0x2C, 0x00, 0x07, 0x79,
    0x1F, 0x5F, 0x5F, 0x79, 0x40, 0x47, 0xF0, 0x01, 0xF0, 0x01, 0xB0, 0x01,
    0x27, 0xC4, 0xFF, 0x07, 0x43, 0xC0, 0x16, 0x30, 0x0F, 0x06, 0xDA, 0x40,
    0x06, 0x30, 0x07, 0x07, 0x68, 0x00, 0x06, 0x7C, 0x59, 0x10, 0x35, 0x10,
    0x0B, 0x10, 0x0D, 0x27, 0x86, 0x47, 0x81, 0x54, 0x54, 0x21, 0x54, 0x34,
    0x10, 0x0E, 0x3E, 0x54, 0x54, 0x2D, 0x37, 0x5F, 0xC0, 0x2F, 0x4F, 0x00,
    0x0E, 0x54, 0x54, 0x2B, 0x26, 0x71, 0x2D, 0x84, 0x10, 0x07, 0x71, 0x59,
    0x2B, 0x57, 0x10, 0x07, 0x26, 0x26, 0x76, 0x71, 0x20, 0x07, 0x1E, 0xF7,
    0x10, 0x07, 0x32, 0x17, 0xBA, 0x07, 0x60, 0x5C, 0x4F, 0x79, 0x27, 0x81,
    0x91, 0x8F, 0x0F, 0xAA, 0x27, 0x58, 0x0F, 0x3B, 0x10, 0x10, 0x34, 0x89,
    0x5C, 0x00, 0xA9, 0x17, 0x9A, 0x5C, 0x2F, 0xDE, 0x28, 0x54, 0x62, 0x64,
    0x00, 0x18, 0x00, 0x10, 0x54, 0x34, 0x27, 0x2F, 0xF7, 0x4D, 0xA8, 0x47,
    0x41, 0x78, 0x40, 0x07, 0x34, 0x2E, 0x7E, 0x82, 0x82, 0x96, 0x92, 0x40,
    0x18, 0x54, 0x39, 0x30, 0x10, 0x54, 0x89, 0x30, 0x07, 0x70, 0x24, 0x54,
    0x3B, 0x40, 0x07, 0x89, 0x43, 0x6E, 0xCA, 0x30, 0x22, 0x7C, 0x22, 0x30,
    0x07, 0x07, 0x0F, 0x1E, 0xE3, 0x0E, 0x35, 0x00, 0x18, 0x52, 0x82, 0xDE,
    0x17, 0x1F, 0x00, 0x10, 0x43, 0x04, 0x7F, 0x10, 0x07, 0x00, 0x1E, 0x90,
    0x0F, 0x75, 0x7F, 0x75, 0x57, 0x47, 0x04, 0xA8, 0x2E, 0xA8, 0x07, 0x58,
    0x3C, 0xC0, 0x00, 0x18, 0x20, 0x10, 0xFF, 0x00, 0x18, 0x20, 0x10, 0x1E,
    0xA6, 0x10, 0x08, 0x24, 0xCA, 0x00, 0x19, 0x2E, 0xB6, 0x00, 0x10, 0xBF,
    0x14, 0xE1, 0x3D, 0x27, 0x47, 0x00, 0x0E, 0x40, 0x07, 0x30, 0x39, 0x40,
    0x30, 0x10, 0x07, 0xFF, 0x20, 0x10, 0x40, 0x30, 0x20, 0x07, 0x10, 0x10,
    0x20, 0x07, 0x20, 0x21, 0x37, 0x47, 0x00, 0x07, 0x3C, 0x78, 0x78, 0x06,
    0x54, 0x10, 0x07, 0x00, 0x10, 0x10, 0x07, 0x3B, 0x73, 0x84, 0x00, 0x18,
    0x33, 0x33, 0x29, 0x63, 0x00, 0x18, 0x3B, 0x33, 0x11, 0x33, 0x3B, 0x53,
    0x20, 0x07, 0x3D, 0x73, 0x89, 0x00, 0x20, 0x01, 0x4D, 0x33, 0x3D, 0x29,
    0x89, 0x8F, 0x4D, 0x27, 0xA2, 0xFF, 0xF0, 0x01, 0xFF, 0x00, 0xF0, 0x07,
    0xA7, 0x7D, 0x37, 0x4F, 0xF0, 0x07, 0x20, 0x07, 0x17, 0x6E, 0xF0, 0x80,
    0x07, 0x20, 0x16, 0x60, 0x07, 0x00, 0x01, 0x78, 0x34, 0x78, 0x34, 0x43,
    0x89, 0x00, 0x07, 0x73, 0x34, 0x63, 0x39, 0x10, 0x07, 0x17, 0x70, 0x71,
    0x2D, 0x10, 0x18, 0x07, 0x70, 0xA0, 0x07, 0x39, 0x63, 0x3B, 0x10, 0x1F,
    0x0C, 0x43, 0x29, 0x63, 0x39, 0x07, 0x8F, 0x00, 0x07, 0x89, 0x89, 0x65,
    0x8F, 0x00, 0xEA, 0x00, 0x40, 0x34, 0x34, 0x10, 0x07, 0x73, 0x00, 0x07,
    0x50, 0x63, 0x00, 0x07, 0x4F, 0x00, 0x07, 0x8F, 0x78, 0x5F, 0x43, 0x68,
    0x47, 0x17, 0x60, 0x07, 0x80, 0x43, 0x07, 0x79, 0x53, 0x78, 0x29, 0x66,
    0x30, 0x17, 0x79, 0x00, 0x07, 0x4D, 0x4D, 0x00, 0x20, 0x07, 0x98, 0x73,
    0x13, 0x3B, 0x29, 0x39, 0x0F, 0x31, 0x96, 0x73, 0x18, 0xD1, 0x00, 0x07,
    0x61, 0x29, 0x40, 0x07, 0x17, 0x6E, 0x33, 0x89, 0x2D, 0x2D, 0x20, 0x07,
    0x13, 0x34, 0x2D, 0x89, 0x28, 0xE8, 0x34, 0x2D, 0x27, 0x76, 0x00, 0x07,
    0x4F, 0x39, 0x30, 0x07, 0x89, 0x3B, 0x59, 0x00, 0xF0, 0x01, 0xF0, 0x01,
    0xF0, 0x01, 0xFF, 0xF0, 0x01, 0xF0, 0x01, 0xF0, 0x01, 0xF0, 0x01, 0xF0,
    0x01, 0xF0, 0x01, 0xF0, 0x01, 0xB0, 0x01, 0x5F, 0x22, 0x3F, 0x1F, 0x6A,
    0x37, 0x5F, 0x07, 0x60, 0x20, 0x06, 0x17, 0x68, 0x30, 0x16, 0xFE, 0x4F,
    0x93, 0xCF, 0x94, 0x22, 0xB8, 0xF6, 0xC0, 0xF0, 0x01, 0xF0, 0x01, 0x06,
    0xBC, 0x20, 0xFF, 0x30, 0x01, 0xF0, 0x19, 0xF0, 0x01, 0xF0, 0x01, 0xF0,
    0x3F, 0xF0, 0x01, 0xB0, 0x2E, 0x40, 0x07, 0x49, 0x29, 0x30, 0x06, 0x21,
    0x8F, 0x30, 0x3D, 0x75, 0x96, 0x47, 0x46, 0x04, 0x28, 0x36, 0x93, 0x3B,
    0x2D, 0x00, 0x06, 0x28, 0x36, 0x24, 0x4D, 0x91, 0x10, 0x06, 0x28, 0x30,
    0x20, 0x0D, 0x28, 0x28, 0x73, 0x8F, 0x30, 0x06, 0x0C, 0x44, 0x30, 0x07,
    0x54, 0x3E, 0x3C, 0x7F, 0x40, 0x0E, 0xFC, 0x67, 0x47, 0x60, 0x07, 0x47,
    0x67, 0xF0, 0x07, 0xF0, 0x07, 0x30, 0x41, 0x5C, 0x30, 0x57, 0x86, 0x06,
    0x69, 0x28, 0x07, 0x68, 0x43, 0x06, 0x3C, 0x07, 0x91, 0x17, 0x89, 0x81,
    0x00, 0x07, 0x2B, 0x73, 0x37, 0x3C, 0x24, 0x49, 0x10, 0x20, 0x0B, 0x4D,
    0x4C, 0x3C, 0x86, 0x1F, 0x43, 0x5C, 0x03, 0xAD, 0x2F, 0x4C, 0x10, 0x71,
    0x5C, 0x3B, 0x40, 0x7D, 0x2B, 0x7D, 0x7D, 0x3B, 0x5C, 0x23, 0x16, 0xA9,
    0x66, 0x06, 0xD8, 0x26, 0xB9, 0x06, 0xB8, 0x5D, 0x3C, 0x21, 0x5B, 0x52,
    0x16, 0x84, 0x47, 0x75, 0x75, 0x7A, 0x06, 0xB4, 0x08, 0x29, 0x29, 0x37,
    0x37, 0x36, 0xB4, 0x44, 0x27, 0x79, 0xBC, 0x06, 0xB4, 0x8D, 0x15, 0xFB,
    0x55, 0xF8, 0x00, 0x30, 0x17, 0x0F, 0x30, 0x3C, 0x12, 0x40, 0x5B, 0x43,
    0x00, 0x29, 0x4D, 0x75, 0x00, 0x05, 0x4D, 0x06, 0x73, 0x3B, 0x73, 0x7A,
    0x37, 0x00, 0x30, 0x05, 0x73, 0x29, 0x7B, 0x5E, 0x15, 0x80, 0x66, 0x2F,
    0xE0, 0x01, 0x10, 0x33, 0x73, 0x10, 0x5B, 0x00, 0x01, 0x00, 0x5E, 0x27,
    0x8D, 0x2C, 0x5C, 0x5E, 0x79, 0x8D, 0x82, 0x06, 0xAB, 0x44, 0x26, 0x27,
    0x79, 0x79, 0x00, 0x01, 0x8D, 0x2A, 0x26, 0x44, 0x20, 0x07, 0x79, 0xD0,
    0x07, 0x2C, 0x30, 0x1F, 0x79, 0xF6, 0x47, 0x0F, 0x60, 0x01, 0x16, 0xF3,
    0x10, 0x01, 0x44, 0x40, 0x15, 0x50, 0x07, 0x27, 0x15, 0x44, 0x2C, 0x2C,
    0x10, 0x01, 0x79, 0x30, 0x5F, 0x79, 0x00, 0x07, 0xEF, 0x30, 0x4F, 0x37,
    0x46, 0x20, 0x07, 0x2C, 0x00, 0x19, 0x30, 0x0D, 0x10, 0x17, 0x20, 0x06,
    0x7D, 0x79, 0x00, 0x31, 0x30, 0x88, 0x30, 0x06, 0x50, 0x01, 0x30, 0x85,
    0x27, 0x30, 0x44, 0x23, 0x32, 0x87, 0x10, 0x0E, 0x8D, 0x27, 0x5C, 0x07,
    0x50, 0x10, 0x15, 0x10, 0x2C, 0x79, 0x87, 0x00, 0x9D, 0x27, 0x8D, 0x26,
    0x2C, 0x08, 0x85, 0x85, 0x79, 0x27, 0x06, 0x90, 0x2C, 0x5E, 0x80, 0x44,
    0x27, 0x16, 0x6E, 0x8D, 0x27, 0x32, 0x10, 0x06, 0x2C, 0x79, 0xBE, 0x30,
    0xB4, 0x2C, 0x00, 0x0C, 0x57, 0x81, 0x00, 0x12, 0xC0, 0x07, 0x30, 0x18,
    0x44, 0xBB, 0x40, 0x10, 0x7E, 0x50, 0x07, 0x00, 0xBF, 0x20, 0x17, 0x7E,
    0x01, 0x2C, 0x57, 0x6C, 0xFE, 0x27, 0x67, 0x4E, 0xD7, 0x4F, 0x10, 0xDF,
    0x0F, 0xEF, 0x17, 0x50, 0x10, 0x07, 0x46, 0x70, 0x3F, 0x70, 0x70, 0x17,
    0x6F, 0x20, 0x0D, 0x40, 0x07, 0xF0, 0x01, 0xF0, 0x01, 0x32, 0xC7, 0x3C,
    0x96, 0x73, 0x22, 0x0E, 0x0F, 0x13, 0x10, 0x97, 0x00, 0x07, 0x96, 0x5E,
    0xDB, 0x10, 0x07, 0x00, 0x56, 0x8F, 0x10, 0x10, 0x07, 0xC5, 0x91, 0x18,
    0xA0, 0x10, 0x67, 0x6C, 0x34, 0x00, 0x10, 0x17, 0xD6, 0x91, 0x07, 0x82,
    0x20, 0x78, 0x89, 0x79, 0xED, 0x10, 0x1F, 0x27, 0x50, 0x00, 0x0E, 0x89,
    0x1E, 0x92, 0x10, 0x16, 0x29, 0x00, 0x07, 0x53, 0x2B, 0x00, 0x18, 0x34,
    0x20, 0x07, 0x70, 0x54, 0x0F, 0x56, 0x20, 0x07, 0x78, 0x54, 0x07, 0xA4,
    0x00, 0xB7, 0x00, 0x37, 0x2F, 0x67, 0x70, 0x54, 0x2D, 0x53, 0x73, 0x27,
    0x81, 0x52, 0x37, 0x67, 0x82, 0x52, 0x27, 0x77, 0x00, 0x10, 0xCF, 0x27,
    0x87, 0x00, 0x07, 0x43, 0x22, 0x30, 0x07, 0x07, 0x68, 0x37, 0xAB, 0x50,
    0x07, 0x5F, 0x95, 0x40, 0x07, 0x3D, 0x47, 0x0E, 0x17, 0x56, 0x17, 0x0E,
    0x17, 0x4F, 0x10, 0x08, 0xBD, 0x40, 0x07, 0x50, 0x30, 0x17, 0x70, 0x07,
    0x70, 0x01, 0xB0, 0x11, 0x95, 0x37, 0x4F, 0xF8, 0x07, 0x8C, 0x50, 0x10,
    0xE0, 0x30, 0xF0, 0x01, 0x20, 0x01, 0x33, 0x3D, 0x30, 0x08, 0x8F, 0x53,
    0x5A, 0x4D, 0x07, 0x57, 0x43, 0x78, 0x89, 0x04, 0x39, 0x29, 0x3B, 0x3D,
    0x93, 0x0E, 0x40, 0x8F, 0x29, 0x40, 0x73, 0x00, 0x07, 0x30, 0x63, 0x53,
    0x3B, 0x29, 0x95, 0xAD, 0x06, 0xA7, 0x3B, 0x06, 0x6C, 0x50, 0x16, 0xAF,
    0x00, 0x18, 0x50, 0x06, 0x8E, 0x02, 0x4F, 0x39, 0x89, 0x3B, 0x50, 0x22,
    0x26, 0xC0, 0x8F, 0xB2, 0x57, 0x80, 0x73, 0x47, 0x50, 0x5F, 0x12, 0x3B,
    0x4D, 0x30, 0x10, 0x3B, 0xF9, 0x1F, 0x3C, 0x00, 0x01, 0x2F, 0x44, 0x17,
    0x54, 0x57, 0xB2, 0x4D, 0x3B, 0x40, 0x08, 0xF1, 0xB7, 0x4F, 0xF0, 0x07,
    0xF0, 0x07, 0xC7, 0x7F, 0x43, 0x3B, 0x6D, 0x2E, 0xCF, 0x0F, 0x43, 0x78,
    0x6D, 0x6D, 0x27, 0x67, 0x00, 0x07, 0x0F, 0x07, 0x10, 0x07, 0xDD, 0x1F,
    0x17, 0x70, 0x07, 0x3B, 0x40, 0x07, 0x0E, 0xFE, 0x20, 0x07, 0x4D, 0x00,
    0x0F, 0x26, 0x89, 0x63, 0x14, 0x2D, 0x3B, 0x34, 0x00, 0x07, 0x08, 0x70,
    0x29, 0x64, 0x34, 0x0A, 0xBF, 0x00, 0x0F, 0x29, 0x8F, 0x07, 0x85, 0x73,
    0x3B, 0xD2, 0x0F, 0x14, 0x00, 0x07, 0x3B, 0x00, 0x07, 0x4D, 0x4C, 0x00,
    0x3E, 0x3B, 0xD1, 0x10, 0xB2, 0x30, 0x07, 0x4F, 0x50, 0x07, 0x34, 0x89,
    0x73, 0x37, 0x5F, 0x13, 0x89, 0x29, 0x82, 0x17, 0x7F, 0x34, 0x34, 0x02,
    0x3D, 0x00, 0x10, 0xD1, 0xA0, 0x07, 0x00, 0x18, 0x8F, 0x29, 0xD8, 0x3D,
    0x33, 0x3B, 0x40, 0x07, 0x2F, 0x73, 0x8F, 0x10, 0x07, 0x93, 0xF7, 0x82,
    0xF0, 0x01, 0xF0, 0x01, 0xF0, 0x01, 0xFF, 0xF0, 0x01, 0xF0, 0x01, 0xF0,
    0x01, 0xF0, 0x01, 0xF0, 0x01, 0xF0, 0x01, 0xD0, 0x01, 0x40, 0xC3, 0xFD,
    0x3A, 0x07, 0x70, 0x07, 0x11, 0x0D, 0x10, 0x0E, 0x40, 0x07, 0x48, 0x6D,
    0x3D, 0x4F, 0xF4, 0xE7, 0x21, 0x2C, 0x00, 0x01, 0x57, 0x07, 0x21, 0x21,
    0x30, 0x01, 0x50, 0x0F, 0xF0, 0x01, 0xFC, 0xF0, 0x01, 0x90, 0x01, 0xF0,
    0x3F, 0xF0, 0x01, 0xF0, 0x01, 0x50, 0x3C, 0x29, 0x54, 0x95, 0x30, 0x3D,
    0x3B, 0x54, 0x30, 0x0F, 0x78, 0xC0, 0x07, 0x39, 0x50, 0x07, 0x4F, 0x3E,
    0x30, 0x07, 0x8F, 0x70, 0x50, 0x07, 0x54, 0xB8, 0x47, 0x56, 0x64, 0xC0,
    0xF9, 0xF4, 0xC8, 0xF0, 0x01, 0xF7, 0x4F, 0x07, 0x1B, 0x4E, 0xEF, 0x59,
    0x34, 0x30, 0x51, 0x94, 0x50, 0x07, 0x71, 0x34, 0x37, 0xB1, 0x2C, 0x47,
    0xD0, 0x64, 0x5C, 0xFE, 0x25, 0x37, 0x50, 0x76, 0xF0, 0x01, 0xF0, 0x01,
    0x10, 0x95, 0x00, 0x3B, 0x00, 0x34, 0x54, 0x21, 0x57, 0x71, 0x1C, 0xDC,
    0x89, 0x64, 0x8D, 0x2C, 0x57, 0x47, 0x7F, 0x28, 0x40, 0x08, 0xF0, 0x07,
    0x4D, 0x58, 0x0D, 0x3D, 0xF7, 0x47, 0xC0, 0x01, 0x5D, 0xCD, 0x79, 0x2C,
    0x46, 0x1A, 0x00, 0x08, 0xC0, 0x19, 0xE0, 0x01, 0x79, 0x5C, 0x56, 0xD2,
    0xBF, 0x36, 0xE1, 0x27, 0x47, 0x57, 0x40, 0x06, 0x46, 0xE8, 0x70, 0x10,
    0x57, 0x77, 0x06, 0xD3, 0xCF, 0x40, 0x20, 0x17, 0x4E, 0x27, 0x44, 0x16,
    0xEE, 0x27, 0x40, 0x10, 0x07, 0x10, 0x57, 0xB6, 0x47, 0x78, 0x79, 0x16,
    0x0D, 0x70, 0x07, 0x2C, 0x07, 0xD9, 0x10, 0x8E, 0x44, 0x60, 0x44, 0x10,
    0x26, 0x00, 0x5D, 0x5E, 0x32, 0x5E, 0x5E, 0x44, 0xF8, 0x0E, 0x97, 0xC0,
    0xD7, 0x38, 0x33, 0x17, 0x97, 0x07, 0x80, 0x27, 0x27, 0x27, 0x57, 0x27,
    0x0F, 0x63, 0x27, 0x07, 0x13, 0x2C, 0x18, 0x23, 0x30, 0x1B, 0x70, 0xF5,
    0xFF, 0x07, 0x71, 0x27, 0xAE, 0x10, 0x53, 0x10, 0xC5, 0x10, 0x0E, 0x20,
    0x33, 0x17, 0xF7, 0x00, 0x35, 0xE3, 0xF0, 0xF5, 0x41, 0x0F, 0x00, 0x33,
    0x2C, 0x5F, 0x5E, 0x00, 0x7D, 0x00, 0x0A, 0x7F, 0x32, 0x10, 0x85, 0x10,
    0x07, 0x30, 0x30, 0x10, 0xDE, 0x10, 0x69, 0x20, 0xE6, 0x17, 0xBA, 0xFF,
    0x40, 0x07, 0x28, 0x37, 0x50, 0x07, 0x26, 0xF1, 0xB7, 0x4F, 0x77, 0x8F,
    0xD0, 0x07, 0x30, 0x08, 0xFC, 0x80, 0x07, 0x57, 0x8A, 0xF0, 0x01, 0xF0,
    0x01, 0xF0, 0x01, 0x82, 0x54, 0x54, 0x91, 0x22, 0x71, 0x2C, 0x27, 0x8B,
    0x54, 0x2D, 0x5C, 0x47, 0xD2, 0x59, 0xFC, 0x40, 0x19, 0x1F, 0x4F, 0x2F,
    0x4A, 0x50, 0x2A, 0xD3, 0x1E, 0x27, 0x47, 0x54, 0x8F, 0x44, 0x82, 0x37,
    0x99, 0x89, 0x29, 0x8D, 0x20, 0x10, 0x96, 0x3B, 0x21, 0x71, 0x2C, 0x1F,
    0x2C, 0x54, 0x39, 0x89, 0x64, 0x20, 0x18, 0x31, 0x34, 0x54, 0x10, 0x10,
    0x00, 0x18, 0x54, 0x96, 0x64, 0x20, 0x18, 0xB2, 0x07, 0xAE, 0x8D, 0x10,
    0x4F, 0x37, 0x47, 0x82, 0x22, 0x4F, 0x0B, 0x95, 0xAF, 0x40, 0x07, 0x33,
    0x40, 0x07, 0x93, 0x17, 0xCB, 0x1F, 0x1B, 0x2F, 0x4E, 0x00, 0x07, 0xBC,
    0x3F, 0x67, 0x75, 0x4F, 0x67, 0x00, 0x38, 0x0E, 0xF2, 0x27, 0x4F, 0x6A,
    0x50, 0xCF, 0x4E, 0xD4, 0x37, 0x85, 0x95, 0x33, 0x0C, 0x2D, 0x00, 0x19,
    0x24, 0xA6, 0x00, 0x10, 0xB1, 0x24, 0xBE, 0x3D, 0x07, 0xB7, 0x10, 0x07,
    0x93, 0x3D, 0x22, 0x24, 0xBF, 0x3F, 0x93, 0x93, 0x57, 0x77, 0xF7, 0x9B,
    0x90, 0x07, 0x40, 0x08, 0x67, 0xD6, 0x2F, 0x46, 0xB1, 0x00, 0x1E, 0x95,
    0x10, 0x72, 0x07, 0x61, 0x30, 0x39, 0x89, 0x00, 0x0E, 0x04, 0x30, 0x43,
    0x39, 0x78, 0x6D, 0x20, 0x10, 0x39, 0x89, 0x44, 0x63, 0x10, 0x1F, 0x30,
    0x3B, 0x2D, 0x10, 0x07, 0x50, 0x29, 0x12, 0x29, 0x89, 0x2D, 0x20, 0x30,
    0x30, 0x34, 0x10, 0x1F, 0x50, 0x30, 0x50, 0x30, 0x20, 0x27, 0x00, 0x29,
    0x29, 0x2D, 0x3B, 0x4D, 0x2D, 0x78, 0x73, 0x1E, 0xCC, 0x8F, 0x0F, 0x1B,
    0x1E, 0xA1, 0x89, 0x00, 0x07, 0x4D, 0x73, 0x00, 0x07, 0x8F, 0x3B, 0x10,
    0x10, 0x06, 0xFB, 0x30, 0x0F, 0x4F, 0x42, 0x73, 0x00, 0x0F, 0x29, 0x29,
    0x78, 0x3B, 0x06, 0xCD, 0x89, 0x11, 0x3B, 0x43, 0x5A, 0x10, 0x18, 0x6D,
    0x63, 0x30, 0x10, 0x10, 0x4F, 0x47, 0x67, 0x47, 0x30, 0x7A, 0x67, 0x4F,
    0xF0, 0x01, 0xF0, 0x01, 0x90, 0x01, 0x42, 0x29, 0x47, 0x57, 0x4F, 0x6D,
    0x89, 0x63, 0x10, 0x07, 0x47, 0x22, 0x89, 0x2D, 0x20, 0x07, 0x43, 0x63,
    0x6D, 0x30, 0x07, 0x3B, 0x3E, 0x6D, 0x8F, 0x30, 0x63, 0x37, 0xA7, 0x00,
    0x20, 0x2F, 0x07, 0x0F, 0x11, 0x6D, 0xC7, 0x00, 0xA2, 0x07, 0x67, 0x73,
    0x30, 0x4D, 0x07, 0x8E, 0x10, 0x07, 0x00, 0xAA, 0x48, 0x29, 0x00, 0x07,
    0x29, 0x3B, 0x50, 0x07, 0x30, 0x4F, 0x30, 0xD1, 0x00, 0x18, 0x08, 0x4F,
    0x73, 0x0F, 0xED, 0x3B, 0x29, 0x78, 0x10, 0xDF, 0xAA, 0x08, 0x65, 0x53,
    0x1F, 0x32, 0x29, 0x08, 0x54, 0x39, 0x21, 0xC8, 0x3D, 0x22, 0x4F, 0x3B,
    0x20, 0x07, 0x93, 0x97, 0x73, 0x20, 0x07, 0x82, 0x24, 0x47, 0x29, 0x30,
    0x07, 0x43, 0x43, 0x20, 0x06, 0x82, 0x43, 0x6B, 0x47, 0x40, 0x07, 0x50,
    0x0F, 0x43, 0x19, 0xED, 0x82, 0x46, 0x8D, 0xE6, 0xCC, 0xFF, 0x60, 0x07,
    0x5F, 0x24, 0x60, 0x07, 0x56, 0xCE, 0xFF, 0x3D, 0xF0, 0x01, 0xF0, 0x01,
    0xF7, 0x2A, 0xD9, 0xB0, 0x6E, 0x40, 0x5D, 0x33, 0x40, 0x97, 0x37, 0x2D,
    0x3D, 0x3D, 0x30, 0xA7, 0xCD, 0x00, 0x07, 0x20, 0x1F, 0x3D, 0x93, 0x40,
    0x07, 0x00, 0xEF, 0x75, 0x50, 0x97, 0xFF, 0xC0, 0x40, 0xF0, 0x9D, 0xF0,
    0x01, 0x10, 0x01, 0x57, 0x37, 0xF0, 0x01, 0xF0, 0x01, 0xF0, 0x01, 0xF1,
    0xF0, 0x01, 0xF0, 0x01, 0xF0, 0x01, 0xE0, 0x01, 0x52, 0x34, 0x70, 0x30,
    0x07, 0x39, 0x89, 0x28, 0xF0, 0x07, 0xF0, 0x07, 0x60, 0x07, 0x21, 0x34,
    0x5C, 0x45, 0xF8, 0xF0, 0x01, 0xC7, 0x66, 0x40, 0x06, 0x04, 0x33, 0x04,
    0x35, 0x59, 0x5C, 0x2C, 0x02, 0x2B, 0x2B, 0x2B, 0x57, 0x39, 0x71, 0x05,
    0xE1, 0x7D, 0x41, 0x91, 0x07, 0x09, 0x54, 0x54, 0x2C, 0x4F, 0x89, 0x10,
    0x06, 0x08, 0x96, 0x26, 0x85, 0x39, 0x04, 0xC6, 0x59, 0x71, 0x2B, 0x00,
    0x44, 0x73, 0x2D, 0x96, 0x59, 0x2B, 0x28, 0x2B, 0x33, 0x2C, 0x5E, 0x27,
    0x79, 0x05, 0x81, 0x71, 0x96, 0x04, 0xBD, 0x05, 0x36, 0x60, 0x5C, 0x1F,
    0x6F, 0x0D, 0xCA, 0x8D, 0x3B, 0x2D, 0x96, 0x57, 0xAF, 0x00, 0x2C, 0x64,
    0x1D, 0xB4, 0x57, 0x07, 0x4B, 0x97, 0x1F, 0xE7, 0x47, 0x25, 0x71, 0xFF,
    0x10, 0x07, 0x30, 0x10, 0x00, 0x7F, 0x2E, 0x0F, 0xF6, 0x1A, 0xF0, 0x01,
    0xF0, 0x01, 0x16, 0x7F, 0xFF, 0x00, 0x80, 0x3F, 0x0A, 0xF0, 0x01, 0xF0,
    0x01, 0xF0, 0x3F, 0x3E, 0x8E, 0x16, 0x49, 0x27, 0x51, 0xEE, 0x00, 0x12,
    0x16, 0x51, 0x17, 0x1D, 0x8D, 0x07, 0x4C, 0x0E, 0x34, 0x0D, 0xE3, 0x27,
    0xFE, 0x27, 0x25, 0x06, 0x6B, 0x46, 0xAE, 0x20, 0x15, 0x10, 0x21, 0x0E,
    0x5A, 0x2E, 0xCC, 0x27, 0x7F, 0x2C, 0x17, 0x66, 0x17, 0xEE, 0x67, 0xFA,
    0xF0, 0x6A, 0xF0, 0x01, 0xA0, 0x7F, 0xF0, 0x01, 0xFF, 0xF0, 0x01, 0x50,
    0x56, 0x38, 0x4F, 0x17, 0xE6, 0x10, 0xFE, 0x17, 0x98, 0x47, 0x46, 0x9F,
    0x37, 0xFF, 0x38, 0x27, 0x4F, 0x30, 0xCF, 0x37, 0x60, 0x01, 0x17, 0x9F,
    0x10, 0x01, 0x97, 0x4F, 0x28, 0x12, 0xF3, 0x00, 0x07, 0x10, 0x6C, 0x08,
    0x1A, 0x21, 0x5C, 0x79, 0x44, 0x17, 0xCD, 0xA0, 0x07, 0x9F, 0x20, 0x89,
    0x32, 0x44, 0x3F, 0xD0, 0x5F, 0x01, 0x90, 0x07, 0x1F, 0x03, 0x5F, 0x1A,
    0xAF, 0xB1, 0xFD, 0x2B, 0x40, 0x07, 0x26, 0x12, 0x3F, 0x20, 0x3E, 0xF2,
    0xAA, 0xF0, 0x01, 0xFF, 0xF0, 0x01, 0x02, 0x45, 0x02, 0x40, 0x10, 0x01,
    0xF0, 0x19, 0xF0, 0x01, 0xF0, 0x01, 0x80, 0x3F, 0x1E, 0x3E, 0x54, 0x71,
    0x17, 0x58, 0x17, 0x53, 0x07, 0xC4, 0x17, 0x9F, 0x54, 0x6F, 0x96, 0x00,
    0x15, 0x27, 0xAC, 0x96, 0x37, 0xAF, 0x07, 0xA0, 0x37, 0xB7, 0x00, 0x08,
    0xC5, 0x57, 0xC7, 0x30, 0x3D, 0x57, 0x2D, 0x96, 0x37, 0x60, 0x82, 0x3F,
    0x45, 0xBD, 0x00, 0x07, 0x34, 0x15, 0x60, 0x00, 0x07, 0x1F, 0x34, 0x00,
    0x01, 0x54, 0x10, 0x18, 0xD5, 0x05, 0x6A, 0x0F, 0x7D, 0x75, 0x30, 0x07,
    0x96, 0x20, 0x07, 0x96, 0x10, 0x39, 0xCB, 0x07, 0x8F, 0x24, 0xD9, 0x93,
    0x93, 0x04, 0xCA, 0x3D, 0x14, 0xD7, 0x14, 0xD2, 0xFF, 0x24, 0xD7, 0x15,
    0xD3, 0x00, 0x07, 0x25, 0xDB, 0x40, 0x07, 0x10, 0x24, 0x30, 0x08, 0x40,
    0x07, 0xCC, 0x10, 0x01, 0x07, 0x52, 0x22, 0x22, 0x07, 0xB2, 0x07, 0xAB,
    0x22, 0x95, 0x64, 0x22, 0x14, 0xD1, 0x07, 0x56, 0x95, 0x6A, 0x04, 0xFF,
    0x95, 0x22, 0xE2, 0x30, 0x07, 0x00, 0x08, 0x35, 0x17, 0x6A, 0x22, 0x95,
    0x35, 0xC7, 0x6A, 0xE4, 0x07, 0xDA, 0x55, 0xC7, 0x37, 0x90, 0x30, 0x63,
    0x37, 0xA2, 0x4D, 0x4F, 0xAF, 0x47, 0xA2, 0x43, 0x4F, 0x92, 0x29, 0x4F,
    0x92, 0x00, 0x42, 0x30, 0x10, 0x28, 0x0C, 0xC2, 0x20, 0x07, 0x30, 0x08,
    0x6D, 0x53, 0x4D, 0x30, 0x0E, 0x08, 0x30, 0x10, 0x2D, 0x2D, 0x78, 0x17,
    0x58, 0x4D, 0x78, 0x6D, 0x34, 0x82, 0x17, 0x69, 0x73, 0x4F, 0x8F, 0x53,
    0x73, 0x07, 0x79, 0x3B, 0x0C, 0x43, 0x29, 0x78, 0x63, 0x06, 0xB2, 0x07,
    0x79, 0x73, 0x53, 0x04, 0x63, 0x3B, 0x73, 0x73, 0x22, 0x1F, 0x5E, 0x78,
    0x29, 0x07, 0x4D, 0x22, 0x43, 0x29, 0x8F, 0x10, 0x07, 0xF7, 0x4D, 0x30,
    0x01, 0xF4, 0x07, 0xC2, 0xA0, 0x07, 0x67, 0x6B, 0x40, 0x07, 0x4D, 0xA0,
    0x18, 0x29, 0x6D, 0xB2, 0x40, 0x2D, 0x34, 0x47, 0xCC, 0x37, 0x77, 0x43,
    0x4D, 0x47, 0x67, 0x73, 0xF2, 0x2F, 0x17, 0x1E, 0xF9, 0x40, 0x17, 0x40,
    0x07, 0x30, 0x89, 0x0F, 0x32, 0x63, 0x42, 0x3B, 0x0F, 0x93, 0x6D, 0x89,
    0x2D, 0x8F, 0x07, 0x58, 0x30, 0x08, 0x89, 0x8F, 0x89, 0x34, 0x18, 0x2F,
    0x63, 0x78, 0x53, 0x21, 0x53, 0x78, 0x08, 0x48, 0x8F, 0x78, 0x53, 0x89,
    0x10, 0x07, 0x00, 0x34, 0x78, 0x53, 0x2D, 0x78, 0x73, 0x30, 0x43, 0x08,
    0x53, 0x78, 0x8F, 0x6D, 0x00, 0x07, 0x4F, 0x8F, 0x78, 0x0F, 0x39, 0x89,
    0x78, 0x4D, 0x18, 0x3B, 0x37, 0x47, 0x07, 0xD4, 0x40, 0x07, 0xFF, 0x37,
    0x60, 0x50, 0x18, 0xF0, 0x07, 0x30, 0x08, 0x50, 0x07, 0x2F, 0x1C, 0x27,
    0x4F, 0x37, 0x50, 0xFF, 0x30, 0x10, 0x31, 0xF2, 0x22, 0x11, 0x20, 0x10,
    0xF2, 0x09, 0x52, 0x09, 0x4E, 0x63, 0x5E, 0x73, 0xFF, 0x00, 0x32, 0x29,
    0xA0, 0x00, 0x43, 0x10, 0x4F, 0x02, 0x50, 0x01, 0xE9, 0x00, 0x14, 0x20,
    0x32, 0xF7, 0x20, 0x47, 0x10, 0x3A, 0x50, 0x47, 0x40, 0x3F, 0x93, 0x00,
    0x88, 0x47, 0x4F, 0x60, 0x07, 0xFF, 0x29, 0xEE, 0x80, 0x07, 0x10, 0xA5,
    0x20, 0x35, 0x50, 0x07, 0x00, 0x4C, 0x10, 0x9C, 0xF8, 0x3F, 0xE0, 0xF7,
    0xC8, 0xF8, 0x47, 0x62, 0x7F, 0x3D, 0x00, 0x00,
};
const u16 sCgTest1Palette[] APPEND_ASSET = {
    0x0000, 0x0000, 0x0000, 0x0000, 0x0000, 0x0000, 0x0000, 0x0000, 0x0000, 0x0000, 0x0000, 0x0000,
    0x0000, 0x0000, 0x0000, 0x0000, 0x0000, 0x0000, 0x0000, 0x0000, 0x0000, 0x0000, 0x0000, 0x0000,
    0x0000, 0x0000, 0x0000, 0x0000, 0x0000, 0x0000, 0x0000, 0x0000, 0x2420, 0x1800, 0x518B, 0x4E4B,
    0x35A0, 0x1A60, 0x3A78, 0x25D1, 0x533E, 0x2928, 0x6D80, 0x4ADB, 0x3656, 0x6B5A, 0x7220, 0x2633,
    0x24C6, 0x4626, 0x1D4C, 0x40E6, 0x56B5, 0x5B34, 0x3820, 0x24C9, 0x6940, 0x4631, 0x4441, 0x39CD,
    0x2921, 0x38A5, 0x67BE, 0x6601, 0x24A1, 0x59A0, 0x71C0, 0x18A5, 0x21AF, 0x373B, 0x5540, 0x1084,
    0x2634, 0x3541, 0x6ACB, 0x4521, 0x2925, 0x314A, 0x54A2, 0x18C6, 0x65CE, 0x4B5D, 0x0821, 0x66D5,
    0x77BE, 0x5FBE, 0x6756, 0x573A, 0x5AD1, 0x4AB6, 0x39AA, 0x1881, 0x35F1, 0x39A5, 0x214D, 0x18E9,
    0x6644, 0x3545, 0x4AB1, 0x5251, 0x3A32, 0x3D33, 0x41C2, 0x54C4, 0x45A5, 0x34C0, 0x4906, 0x36D7,
    0x5D23, 0x775A, 0x4C83, 0x4B3A, 0x637E, 0x4275, 0x59E4, 0x316C, 0x2600, 0x1843, 0x6E86, 0x1993,
    0x49EF, 0x2DF3, 0x1886, 0x0452, 0x2E97, 0x258A, 0x10A6, 0x6183, 0x0843, 0x049A, 0x2063, 0x770D,
    0x2D65, 0x10C6, 0x1CC4, 0x0C84, 0x77BB, 0x6718, 0x193B, 0x72C8, 0x34EF, 0x3214, 0x4C62, 0x5273,
    0x7160, 0x779C, 0x2DFE, 0x3063, 0x7260, 0x4908, 0x6F7B, 0x14A5, 0x0000, 0x0000, 0x0000, 0x0000,
    0x0000, 0x0000, 0x0000, 0x0000, 0x0000, 0x0000, 0x0000, 0x0000, 0x0000, 0x0000, 0x0000, 0x0000,
    0x0000, 0x0000, 0x0000, 0x0000, 0x0000, 0x0000, 0x0000, 0x0000, 0x0000, 0x0000, 0x0000, 0x0000,
    0x0000, 0x0000, 0x0000, 0x0000, 0x0000, 0x0000, 0x0000, 0x0000, 0x0000, 0x0000, 0x0000, 0x0000,
    0x0000, 0x0000, 0x0000, 0x0000, 0x0000, 0x0000, 0x0000, 0x0000, 0x0000, 0x0000, 0x0000, 0x0000,
    0x0000, 0x0000, 0x0000, 0x0000, 0x0000, 0x0000, 0x0000, 0x0000, 0x0000, 0x0000, 0x0000, 0x0000,
    0x0000, 0x0000, 0x0000, 0x0000, 0x0000, 0x0000, 0x0000, 0x0000, 0x0000, 0x0000, 0x0000, 0x0000,
    0x0000, 0x0000, 0x0000, 0x0000, 0x0000, 0x0000, 0x0000, 0x0000, 0x0000, 0x0000, 0x0000, 0x0000,
    0x0000, 0x0000, 0x0000, 0x0000, 0x0000, 0x0000, 0x0000, 0x0000, 0x0000, 0x0000, 0x0000, 0x0000,
    0x0000, 0x0000, 0x0000, 0x0000,
};

static void EventCg_GetAssetFromTable(u8 cgId, const u8 **tiles, const u16 **palette) {
  *tiles = NULL;
  *palette = NULL;
  switch (cgId) {
  case CG_TEST_1:
    *tiles = sCgTest1Tiles;
    *palette = sCgTest1Palette;
    break;
  default:
    break;
  }
}

const u8 gEventCgTableCount = EVENT_CG_COUNT;
