#ifndef POPUP_DARK_MAGICIAN_DATA_INC
#define POPUP_DARK_MAGICIAN_DATA_INC

#define POPUP_DARK_MAGICIAN_DURATION 120

static const u16 gPopupDark_MagicianPalette[256] = {
    (u16)0x7FFF,
    (u16)0x73D9,
    (u16)0x2B7F,
    (u16)0x6734,
    (u16)0x2AEA,
    (u16)0x668E,
    (u16)0x265A,
    (u16)0x1D78,
    (u16)0x560A,
    (u16)0x4966,
    (u16)0x09E5,
    (u16)0x154F,
    (u16)0x152E,
    (u16)0x10CA,
    (u16)0x0CC9,
    (u16)0x1CC7,
    (u16)0x04A7,
    (u16)0x1455,
    (u16)0x2482,
    (u16)0x000F,
    (u16)0x0409,
    (u16)0x0000,
    (u16)0x0000,
    (u16)0x0000,
    (u16)0x0000,
    (u16)0x0000,
    (u16)0x0000,
    (u16)0x0000,
    (u16)0x0000,
    (u16)0x0000,
    (u16)0x0000,
    (u16)0x0000,
    (u16)0x0000,
    (u16)0x0000,
    (u16)0x0000,
    (u16)0x0000,
    (u16)0x0000,
    (u16)0x0000,
    (u16)0x0000,
    (u16)0x0000,
    (u16)0x0000,
    (u16)0x0000,
    (u16)0x0000,
    (u16)0x0000,
    (u16)0x0000,
    (u16)0x0000,
    (u16)0x0000,
    (u16)0x0000,
    (u16)0x0000,
    (u16)0x0000,
    (u16)0x0000,
    (u16)0x0000,
    (u16)0x0000,
    (u16)0x0000,
    (u16)0x0000,
    (u16)0x0000,
    (u16)0x0000,
    (u16)0x0000,
    (u16)0x0000,
    (u16)0x0000,
    (u16)0x0000,
    (u16)0x0000,
    (u16)0x0000,
    (u16)0x0000,
    (u16)0x0000,
    (u16)0x0000,
    (u16)0x0000,
    (u16)0x0000,
    (u16)0x0000,
    (u16)0x0000,
    (u16)0x0000,
    (u16)0x0000,
    (u16)0x0000,
    (u16)0x0000,
    (u16)0x0000,
    (u16)0x0000,
    (u16)0x0000,
    (u16)0x0000,
    (u16)0x0000,
    (u16)0x0000,
    (u16)0x0000,
    (u16)0x0000,
    (u16)0x0000,
    (u16)0x0000,
    (u16)0x0000,
    (u16)0x0000,
    (u16)0x0000,
    (u16)0x0000,
    (u16)0x0000,
    (u16)0x0000,
    (u16)0x0000,
    (u16)0x0000,
    (u16)0x0000,
    (u16)0x0000,
    (u16)0x0000,
    (u16)0x0000,
    (u16)0x0000,
    (u16)0x0000,
    (u16)0x0000,
    (u16)0x0000,
    (u16)0x0000,
    (u16)0x0000,
    (u16)0x0000,
    (u16)0x0000,
    (u16)0x0000,
    (u16)0x0000,
    (u16)0x0000,
    (u16)0x0000,
    (u16)0x0000,
    (u16)0x0000,
    (u16)0x0000,
    (u16)0x0000,
    (u16)0x0000,
    (u16)0x0000,
    (u16)0x0000,
    (u16)0x0000,
    (u16)0x0000,
    (u16)0x0000,
    (u16)0x0000,
    (u16)0x0000,
    (u16)0x0000,
    (u16)0x0000,
    (u16)0x0000,
    (u16)0x0000,
    (u16)0x0000,
    (u16)0x0000,
    (u16)0x0000,
    (u16)0x0000,
    (u16)0x0000,
    (u16)0x0000,
    (u16)0x0000,
    (u16)0x0000,
    (u16)0x0000,
    (u16)0x0000,
    (u16)0x0000,
    (u16)0x0000,
    (u16)0x0000,
    (u16)0x0000,
    (u16)0x0000,
    (u16)0x0000,
    (u16)0x0000,
    (u16)0x0000,
    (u16)0x0000,
    (u16)0x0000,
    (u16)0x0000,
    (u16)0x0000,
    (u16)0x0000,
    (u16)0x0000,
    (u16)0x0000,
    (u16)0x0000,
    (u16)0x0000,
    (u16)0x0000,
    (u16)0x0000,
    (u16)0x0000,
    (u16)0x0000,
    (u16)0x0000,
    (u16)0x0000,
    (u16)0x0000,
    (u16)0x0000,
    (u16)0x0000,
    (u16)0x0000,
    (u16)0x0000,
    (u16)0x0000,
    (u16)0x0000,
    (u16)0x0000,
    (u16)0x0000,
    (u16)0x0000,
    (u16)0x0000,
    (u16)0x0000,
    (u16)0x0000,
    (u16)0x0000,
    (u16)0x0000,
    (u16)0x0000,
    (u16)0x0000,
    (u16)0x0000,
    (u16)0x0000,
    (u16)0x0000,
    (u16)0x0000,
    (u16)0x0000,
    (u16)0x0000,
    (u16)0x0000,
    (u16)0x0000,
    (u16)0x0000,
    (u16)0x0000,
    (u16)0x0000,
    (u16)0x0000,
    (u16)0x0000,
    (u16)0x0000,
    (u16)0x0000,
    (u16)0x0000,
    (u16)0x0000,
    (u16)0x0000,
    (u16)0x0000,
    (u16)0x0000,
    (u16)0x0000,
    (u16)0x0000,
    (u16)0x0000,
    (u16)0x0000,
    (u16)0x0000,
    (u16)0x0000,
    (u16)0x0000,
    (u16)0x0000,
    (u16)0x0000,
    (u16)0x0000,
    (u16)0x0000,
    (u16)0x0000,
    (u16)0x0000,
    (u16)0x0000,
    (u16)0x0000,
    (u16)0x0000,
    (u16)0x0000,
    (u16)0x0000,
    (u16)0x0000,
    (u16)0x0000,
    (u16)0x0000,
    (u16)0x0000,
    (u16)0x0000,
    (u16)0x0000,
    (u16)0x0000,
    (u16)0x0000,
    (u16)0x0000,
    (u16)0x0000,
    (u16)0x0000,
    (u16)0x0000,
    (u16)0x0000,
    (u16)0x0000,
    (u16)0x0000,
    (u16)0x0000,
    (u16)0x0000,
    (u16)0x0000,
    (u16)0x0000,
    (u16)0x0000,
    (u16)0x0000,
    (u16)0x0000,
    (u16)0x0000,
    (u16)0x0000,
    (u16)0x0000,
    (u16)0x0000,
    (u16)0x0000,
    (u16)0x0000,
    (u16)0x0000,
    (u16)0x0000,
    (u16)0x0000,
    (u16)0x0000,
    (u16)0x0000,
    (u16)0x0000,
    (u16)0x0000,
    (u16)0x0000,
    (u16)0x0000,
    (u16)0x0000,
    (u16)0x0000,
    (u16)0x0000,
    (u16)0x0000,
    (u16)0x0000,
    (u16)0x0000,
    (u16)0x0000
};

static const u8 gPopupDark_MagicianTiles[38400] = {
    0x15, 0x15, 0x15, 0x15, 0x15, 0x15, 0x15, 0x15, 0x15, 0x15, 0x15, 0x15, 0x15, 0x15, 0x15, 0x15,
    0x15, 0x15, 0x15, 0x15, 0x15, 0x15, 0x15, 0x15, 0x15, 0x15, 0x15, 0x15, 0x15, 0x15, 0x15, 0x15,
    0x15, 0x15, 0x15, 0x15, 0x15, 0x15, 0x15, 0x15, 0x15, 0x15, 0x15, 0x15, 0x15, 0x15, 0x15, 0x15,
    0x15, 0x15, 0x15, 0x15, 0x15, 0x15, 0x15, 0x15, 0x15, 0x15, 0x15, 0x15, 0x15, 0x15, 0x15, 0x15,
    0x15, 0x15, 0x15, 0x15, 0x15, 0x15, 0x15, 0x15, 0x15, 0x15, 0x15, 0x15, 0x15, 0x15, 0x15, 0x15,
    0x15, 0x15, 0x15, 0x15, 0x15, 0x15, 0x15, 0x15, 0x15, 0x15, 0x15, 0x15, 0x15, 0x15, 0x15, 0x15,
    0x15, 0x15, 0x15, 0x15, 0x15, 0x15, 0x15, 0x15, 0x15, 0x15, 0x15, 0x15, 0x15, 0x15, 0x15, 0x15,
    0x15, 0x15, 0x15, 0x15, 0x15, 0x15, 0x15, 0x15, 0x15, 0x15, 0x15, 0x15, 0x15, 0x15, 0x15, 0x15,
    0x15, 0x15, 0x15, 0x15, 0x15, 0x15, 0x15, 0x15, 0x15, 0x15, 0x15, 0x15, 0x15, 0x15, 0x15, 0x15,
    0x15, 0x15, 0x15, 0x15, 0x15, 0x15, 0x15, 0x15, 0x15, 0x15, 0x15, 0x15, 0x15, 0x15, 0x15, 0x15,
    0x15, 0x15, 0x15, 0x15, 0x15, 0x15, 0x15, 0x15, 0x15, 0x15, 0x15, 0x15, 0x15, 0x15, 0x15, 0x15,
    0x15, 0x15, 0x15, 0x15, 0x15, 0x15, 0x15, 0x15, 0x15, 0x15, 0x15, 0x15, 0x15, 0x15, 0x15, 0x15,
    0x15, 0x15, 0x15, 0x15, 0x15, 0x15, 0x15, 0x15, 0x15, 0x15, 0x15, 0x15, 0x15, 0x15, 0x15, 0x15,
    0x15, 0x15, 0x15, 0x15, 0x15, 0x15, 0x15, 0x15, 0x15, 0x15, 0x15, 0x15, 0x15, 0x15, 0x15, 0x15,
    0x15, 0x15, 0x15, 0x15, 0x15, 0x15, 0x15, 0x15, 0x15, 0x15, 0x15, 0x15, 0x15, 0x15, 0x15, 0x15,
    0x15, 0x15, 0x15, 0x15, 0x15, 0x15, 0x15, 0x15, 0x15, 0x15, 0x15, 0x15, 0x15, 0x15, 0x15, 0x15,
    0x15, 0x15, 0x15, 0x15, 0x15, 0x15, 0x15, 0x15, 0x15, 0x15, 0x15, 0x15, 0x15, 0x15, 0x15, 0x15,
    0x15, 0x15, 0x15, 0x15, 0x15, 0x15, 0x15, 0x15, 0x15, 0x15, 0x15, 0x15, 0x15, 0x15, 0x15, 0x15,
    0x15, 0x15, 0x15, 0x15, 0x15, 0x15, 0x15, 0x15, 0x15, 0x15, 0x15, 0x15, 0x15, 0x15, 0x15, 0x15,
    0x15, 0x15, 0x15, 0x15, 0x15, 0x15, 0x15, 0x15, 0x15, 0x15, 0x15, 0x15, 0x15, 0x15, 0x15, 0x15,
    0x15, 0x15, 0x15, 0x15, 0x15, 0x15, 0x15, 0x15, 0x15, 0x15, 0x15, 0x15, 0x15, 0x15, 0x15, 0x15,
    0x15, 0x15, 0x15, 0x15, 0x15, 0x15, 0x15, 0x15, 0x15, 0x15, 0x15, 0x15, 0x15, 0x15, 0x15, 0x11,
    0x15, 0x15, 0x15, 0x15, 0x15, 0x15, 0x11, 0x07, 0x15, 0x15, 0x15, 0x15, 0x15, 0x15, 0x11, 0x07,
    0x15, 0x15, 0x15, 0x15, 0x15, 0x11, 0x07, 0x11, 0x15, 0x15, 0x15, 0x15, 0x15, 0x11, 0x07, 0x14,
    0x08, 0x01, 0x01, 0x05, 0x09, 0x11, 0x07, 0x14, 0x08, 0x01, 0x01, 0x08, 0x12, 0x11, 0x07, 0x14,
    0x08, 0x01, 0x01, 0x08, 0x12, 0x11, 0x07, 0x14, 0x08, 0x01, 0x03, 0x09, 0x12, 0x11, 0x07, 0x14,
    0x08, 0x01, 0x05, 0x09, 0x12, 0x11, 0x07, 0x11, 0x08, 0x01, 0x05, 0x09, 0x12, 0x14, 0x07, 0x07,
    0x08, 0x01, 0x05, 0x09, 0x12, 0x12, 0x11, 0x07, 0x08, 0x01, 0x08, 0x09, 0x12, 0x12, 0x14, 0x07,
    0x14, 0x15, 0x15, 0x15, 0x15, 0x12, 0x12, 0x11, 0x14, 0x15, 0x15, 0x15, 0x15, 0x12, 0x12, 0x11,
    0x14, 0x15, 0x15, 0x15, 0x15, 0x12, 0x12, 0x11, 0x14, 0x15, 0x15, 0x15, 0x15, 0x15, 0x12, 0x11,
    0x14, 0x15, 0x15, 0x15, 0x15, 0x15, 0x12, 0x12, 0x14, 0x15, 0x15, 0x15, 0x15, 0x15, 0x12, 0x12,
    0x11, 0x14, 0x15, 0x15, 0x15, 0x15, 0x15, 0x12, 0x11, 0x14, 0x15, 0x15, 0x15, 0x15, 0x15, 0x15,
    0x14, 0x10, 0x10, 0x11, 0x07, 0x14, 0x15, 0x15, 0x14, 0x0D, 0x10, 0x14, 0x11, 0x14, 0x12, 0x15,
    0x14, 0x0C, 0x0E, 0x14, 0x11, 0x14, 0x15, 0x12, 0x14, 0x15, 0x0B, 0x14, 0x11, 0x14, 0x12, 0x15,
    0x11, 0x15, 0x14, 0x11, 0x11, 0x14, 0x12, 0x12, 0x11, 0x14, 0x15, 0x14, 0x11, 0x14, 0x12, 0x15,
    0x12, 0x11, 0x14, 0x15, 0x11, 0x14, 0x12, 0x12, 0x15, 0x07, 0x11, 0x15, 0x11, 0x12, 0x12, 0x15,
    0x15, 0x15, 0x15, 0x15, 0x15, 0x14, 0x07, 0x14, 0x15, 0x15, 0x15, 0x15, 0x15, 0x15, 0x07, 0x11,
    0x15, 0x15, 0x15, 0x15, 0x15, 0x15, 0x11, 0x07, 0x12, 0x15, 0x15, 0x15, 0x15, 0x15, 0x14, 0x07,
    0x15, 0x15, 0x15, 0x15, 0x15, 0x15, 0x15, 0x07, 0x12, 0x15, 0x15, 0x15, 0x15, 0x15, 0x15, 0x11,
    0x15, 0x12, 0x15, 0x15, 0x15, 0x15, 0x15, 0x14, 0x12, 0x15, 0x15, 0x15, 0x15, 0x15, 0x15, 0x15,
    0x09, 0x01, 0x05, 0x15, 0x15, 0x15, 0x15, 0x15, 0x14, 0x05, 0x01, 0x08, 0x15, 0x15, 0x15, 0x15,
    0x14, 0x09, 0x03, 0x08, 0x15, 0x15, 0x15, 0x15, 0x11, 0x15, 0x05, 0x05, 0x08, 0x15, 0x15, 0x15,
    0x07, 0x14, 0x12, 0x05, 0x08, 0x15, 0x15, 0x15, 0x07, 0x14, 0x15, 0x09, 0x05, 0x08, 0x15, 0x15,
    0x07, 0x11, 0x15, 0x12, 0x08, 0x05, 0x08, 0x15, 0x11, 0x07, 0x14, 0x15, 0x09, 0x05, 0x08, 0x15,
    0x15, 0x15, 0x15, 0x15, 0x15, 0x15, 0x15, 0x15, 0x15, 0x15, 0x15, 0x15, 0x15, 0x15, 0x15, 0x15,
    0x15, 0x15, 0x15, 0x15, 0x15, 0x15, 0x15, 0x15, 0x15, 0x15, 0x15, 0x15, 0x15, 0x15, 0x15, 0x15,
    0x15, 0x15, 0x15, 0x15, 0x15, 0x15, 0x15, 0x15, 0x15, 0x15, 0x15, 0x15, 0x15, 0x15, 0x15, 0x15,
    0x15, 0x15, 0x15, 0x15, 0x15, 0x15, 0x15, 0x15, 0x15, 0x15, 0x15, 0x15, 0x15, 0x15, 0x15, 0x15,
    0x15, 0x15, 0x15, 0x15, 0x15, 0x15, 0x15, 0x15, 0x15, 0x15, 0x15, 0x15, 0x15, 0x15, 0x15, 0x15,
    0x15, 0x15, 0x15, 0x15, 0x15, 0x15, 0x15, 0x15, 0x15, 0x15, 0x15, 0x15, 0x15, 0x15, 0x15, 0x15,
    0x15, 0x15, 0x15, 0x15, 0x15, 0x15, 0x15, 0x15, 0x15, 0x15, 0x15, 0x15, 0x15, 0x15, 0x15, 0x15,
    0x15, 0x15, 0x15, 0x15, 0x15, 0x15, 0x15, 0x15, 0x15, 0x15, 0x15, 0x15, 0x15, 0x15, 0x15, 0x15,
    0x15, 0x15, 0x15, 0x15, 0x15, 0x15, 0x15, 0x15, 0x15, 0x15, 0x15, 0x15, 0x15, 0x15, 0x15, 0x15,
    0x15, 0x15, 0x15, 0x15, 0x15, 0x15, 0x15, 0x15, 0x15, 0x15, 0x15, 0x15, 0x15, 0x15, 0x15, 0x15,
    0x15, 0x15, 0x15, 0x15, 0x15, 0x15, 0x15, 0x15, 0x15, 0x15, 0x15, 0x15, 0x15, 0x15, 0x15, 0x15,
    0x15, 0x15, 0x15, 0x15, 0x15, 0x15, 0x15, 0x15, 0x15, 0x15, 0x15, 0x15, 0x15, 0x15, 0x15, 0x15,
    0x15, 0x15, 0x15, 0x15, 0x15, 0x15, 0x15, 0x15, 0x15, 0x15, 0x15, 0x15, 0x15, 0x15, 0x15, 0x15,
    0x15, 0x15, 0x15, 0x15, 0x15, 0x15, 0x15, 0x15, 0x15, 0x15, 0x15, 0x15, 0x15, 0x15, 0x15, 0x15,
    0x15, 0x15, 0x15, 0x15, 0x15, 0x15, 0x15, 0x15, 0x15, 0x15, 0x15, 0x15, 0x15, 0x15, 0x15, 0x15,
    0x15, 0x15, 0x15, 0x15, 0x15, 0x15, 0x15, 0x15, 0x15, 0x15, 0x15, 0x15, 0x15, 0x15, 0x15, 0x15,
    0x15, 0x15, 0x15, 0x15, 0x15, 0x15, 0x15, 0x15, 0x15, 0x15, 0x15, 0x15, 0x15, 0x15, 0x15, 0x15,
    0x15, 0x15, 0x15, 0x15, 0x15, 0x15, 0x15, 0x15, 0x15, 0x15, 0x15, 0x15, 0x15, 0x15, 0x15, 0x15,
    0x15, 0x15, 0x15, 0x15, 0x15, 0x15, 0x15, 0x15, 0x15, 0x15, 0x15, 0x15, 0x15, 0x15, 0x15, 0x15,
    0x15, 0x15, 0x15, 0x15, 0x15, 0x15, 0x15, 0x15, 0x15, 0x15, 0x15, 0x15, 0x15, 0x15, 0x15, 0x15,
    0x15, 0x15, 0x15, 0x15, 0x15, 0x15, 0x15, 0x15, 0x15, 0x15, 0x15, 0x15, 0x15, 0x15, 0x15, 0x15,
    0x15, 0x15, 0x15, 0x15, 0x15, 0x15, 0x15, 0x15, 0x15, 0x15, 0x15, 0x15, 0x15, 0x15, 0x15, 0x15,
    0x15, 0x15, 0x15, 0x15, 0x15, 0x15, 0x15, 0x15, 0x15, 0x15, 0x15, 0x15, 0x15, 0x15, 0x15, 0x15,
    0x15, 0x15, 0x15, 0x15, 0x15, 0x15, 0x15, 0x15, 0x15, 0x15, 0x15, 0x15, 0x15, 0x15, 0x15, 0x15,
    0x15, 0x15, 0x15, 0x15, 0x15, 0x15, 0x15, 0x15, 0x15, 0x15, 0x15, 0x15, 0x15, 0x15, 0x15, 0x15,
    0x15, 0x15, 0x15, 0x15, 0x15, 0x15, 0x15, 0x15, 0x15, 0x15, 0x15, 0x15, 0x15, 0x15, 0x15, 0x15,
    0x15, 0x15, 0x15, 0x15, 0x15, 0x15, 0x15, 0x15, 0x15, 0x15, 0x15, 0x15, 0x15, 0x15, 0x15, 0x15,
    0x15, 0x15, 0x15, 0x15, 0x15, 0x15, 0x15, 0x15, 0x15, 0x15, 0x15, 0x15, 0x15, 0x15, 0x15, 0x15,
    0x15, 0x15, 0x15, 0x15, 0x15, 0x15, 0x15, 0x15, 0x15, 0x15, 0x15, 0x15, 0x15, 0x15, 0x15, 0x15,
    0x15, 0x15, 0x15, 0x15, 0x15, 0x15, 0x15, 0x15, 0x15, 0x15, 0x15, 0x15, 0x15, 0x15, 0x15, 0x15,
    0x15, 0x15, 0x15, 0x15, 0x15, 0x15, 0x15, 0x15, 0x15, 0x15, 0x15, 0x15, 0x15, 0x15, 0x15, 0x15,
    0x15, 0x15, 0x15, 0x15, 0x15, 0x15, 0x15, 0x15, 0x15, 0x15, 0x15, 0x15, 0x15, 0x15, 0x15, 0x15,
    0x15, 0x15, 0x15, 0x15, 0x15, 0x15, 0x15, 0x15, 0x15, 0x15, 0x15, 0x15, 0x15, 0x15, 0x15, 0x15,
    0x15, 0x15, 0x15, 0x15, 0x15, 0x15, 0x15, 0x15, 0x15, 0x15, 0x15, 0x15, 0x15, 0x15, 0x15, 0x15,
    0x15, 0x15, 0x15, 0x15, 0x15, 0x15, 0x15, 0x15, 0x15, 0x15, 0x15, 0x15, 0x15, 0x15, 0x15, 0x15,
    0x15, 0x15, 0x15, 0x15, 0x15, 0x15, 0x15, 0x15, 0x15, 0x15, 0x15, 0x15, 0x15, 0x15, 0x15, 0x15,
    0x15, 0x15, 0x15, 0x15, 0x15, 0x15, 0x15, 0x15, 0x15, 0x15, 0x15, 0x15, 0x15, 0x15, 0x15, 0x15,
    0x15, 0x15, 0x15, 0x15, 0x15, 0x15, 0x15, 0x15, 0x15, 0x15, 0x15, 0x15, 0x15, 0x15, 0x15, 0x15,
    0x15, 0x15, 0x15, 0x15, 0x15, 0x15, 0x15, 0x15, 0x15, 0x15, 0x15, 0x15, 0x15, 0x15, 0x15, 0x15,
    0x15, 0x15, 0x15, 0x15, 0x15, 0x15, 0x15, 0x15, 0x15, 0x15, 0x15, 0x15, 0x15, 0x15, 0x15, 0x15,
    0x15, 0x15, 0x15, 0x15, 0x15, 0x15, 0x15, 0x15, 0x15, 0x15, 0x15, 0x15, 0x15, 0x15, 0x15, 0x15,
    0x15, 0x15, 0x15, 0x15, 0x15, 0x15, 0x15, 0x15, 0x15, 0x15, 0x15, 0x15, 0x15, 0x15, 0x15, 0x15,
    0x15, 0x15, 0x15, 0x15, 0x15, 0x15, 0x15, 0x15, 0x15, 0x15, 0x15, 0x15, 0x15, 0x15, 0x15, 0x15,
    0x15, 0x15, 0x15, 0x15, 0x15, 0x15, 0x15, 0x15, 0x15, 0x15, 0x15, 0x15, 0x15, 0x15, 0x15, 0x15,
    0x15, 0x15, 0x15, 0x15, 0x15, 0x15, 0x15, 0x15, 0x15, 0x15, 0x15, 0x15, 0x15, 0x15, 0x15, 0x15,
    0x15, 0x15, 0x15, 0x15, 0x15, 0x15, 0x15, 0x15, 0x15, 0x15, 0x15, 0x15, 0x15, 0x15, 0x15, 0x15,
    0x15, 0x15, 0x15, 0x15, 0x15, 0x15, 0x15, 0x15, 0x15, 0x15, 0x15, 0x15, 0x15, 0x15, 0x15, 0x15,
    0x15, 0x15, 0x15, 0x15, 0x15, 0x15, 0x15, 0x15, 0x15, 0x15, 0x15, 0x15, 0x15, 0x15, 0x15, 0x15,
    0x15, 0x15, 0x15, 0x15, 0x15, 0x15, 0x15, 0x15, 0x15, 0x15, 0x15, 0x15, 0x15, 0x15, 0x15, 0x15,
    0x15, 0x15, 0x15, 0x15, 0x15, 0x15, 0x15, 0x15, 0x15, 0x15, 0x15, 0x15, 0x15, 0x15, 0x15, 0x15,
    0x15, 0x15, 0x15, 0x15, 0x15, 0x15, 0x15, 0x15, 0x15, 0x15, 0x15, 0x15, 0x15, 0x15, 0x15, 0x15,
    0x15, 0x15, 0x15, 0x15, 0x15, 0x15, 0x15, 0x15, 0x15, 0x15, 0x15, 0x15, 0x15, 0x15, 0x15, 0x15,
    0x15, 0x15, 0x15, 0x15, 0x15, 0x15, 0x15, 0x15, 0x15, 0x15, 0x15, 0x15, 0x15, 0x15, 0x15, 0x15,
    0x15, 0x15, 0x15, 0x15, 0x15, 0x15, 0x15, 0x15, 0x15, 0x15, 0x15, 0x15, 0x15, 0x15, 0x15, 0x15,
    0x15, 0x15, 0x15, 0x15, 0x15, 0x15, 0x15, 0x15, 0x15, 0x15, 0x15, 0x15, 0x15, 0x15, 0x15, 0x15,
    0x15, 0x15, 0x15, 0x15, 0x15, 0x15, 0x15, 0x15, 0x15, 0x15, 0x15, 0x15, 0x15, 0x15, 0x15, 0x15,
    0x15, 0x15, 0x15, 0x15, 0x15, 0x15, 0x15, 0x15, 0x15, 0x15, 0x15, 0x15, 0x15, 0x15, 0x15, 0x15,
    0x15, 0x15, 0x15, 0x15, 0x15, 0x15, 0x15, 0x15, 0x15, 0x15, 0x15, 0x15, 0x15, 0x15, 0x15, 0x15,
    0x15, 0x15, 0x15, 0x15, 0x15, 0x15, 0x15, 0x15, 0x15, 0x15, 0x15, 0x15, 0x15, 0x15, 0x15, 0x15,
    0x15, 0x15, 0x15, 0x15, 0x15, 0x15, 0x15, 0x15, 0x15, 0x15, 0x15, 0x15, 0x15, 0x15, 0x15, 0x15,
    0x15, 0x15, 0x15, 0x15, 0x15, 0x15, 0x15, 0x15, 0x15, 0x15, 0x15, 0x15, 0x15, 0x15, 0x15, 0x15,
    0x15, 0x15, 0x15, 0x15, 0x15, 0x15, 0x15, 0x15, 0x15, 0x15, 0x15, 0x15, 0x15, 0x15, 0x15, 0x15,
    0x15, 0x15, 0x15, 0x15, 0x15, 0x15, 0x15, 0x15, 0x15, 0x15, 0x15, 0x15, 0x15, 0x15, 0x15, 0x15,
    0x15, 0x15, 0x15, 0x15, 0x15, 0x15, 0x15, 0x15, 0x15, 0x15, 0x15, 0x15, 0x15, 0x15, 0x15, 0x15,
    0x15, 0x15, 0x15, 0x15, 0x15, 0x15, 0x15, 0x15, 0x15, 0x15, 0x15, 0x15, 0x15, 0x15, 0x15, 0x15,
    0x15, 0x15, 0x15, 0x15, 0x15, 0x15, 0x15, 0x15, 0x15, 0x15, 0x15, 0x15, 0x15, 0x15, 0x15, 0x15,
    0x15, 0x15, 0x15, 0x15, 0x15, 0x15, 0x15, 0x15, 0x15, 0x15, 0x15, 0x15, 0x15, 0x15, 0x15, 0x15,
    0x15, 0x15, 0x15, 0x15, 0x15, 0x15, 0x15, 0x15, 0x15, 0x15, 0x15, 0x15, 0x15, 0x15, 0x15, 0x15,
    0x15, 0x15, 0x15, 0x15, 0x15, 0x15, 0x15, 0x15, 0x15, 0x15, 0x15, 0x15, 0x15, 0x15, 0x15, 0x15,
    0x15, 0x15, 0x15, 0x15, 0x15, 0x15, 0x15, 0x15, 0x15, 0x15, 0x15, 0x15, 0x15, 0x15, 0x15, 0x15,
    0x15, 0x15, 0x15, 0x15, 0x15, 0x15, 0x15, 0x15, 0x15, 0x15, 0x15, 0x15, 0x15, 0x15, 0x15, 0x15,
    0x15, 0x15, 0x15, 0x15, 0x15, 0x15, 0x15, 0x15, 0x15, 0x15, 0x15, 0x15, 0x15, 0x15, 0x15, 0x15,
    0x15, 0x15, 0x15, 0x15, 0x15, 0x15, 0x15, 0x15, 0x15, 0x15, 0x15, 0x15, 0x15, 0x15, 0x15, 0x15,
    0x15, 0x15, 0x15, 0x15, 0x15, 0x15, 0x15, 0x15, 0x15, 0x15, 0x15, 0x15, 0x15, 0x15, 0x15, 0x15,
    0x15, 0x15, 0x15, 0x15, 0x15, 0x15, 0x15, 0x15, 0x15, 0x15, 0x15, 0x15, 0x15, 0x15, 0x15, 0x15,
    0x15, 0x15, 0x15, 0x15, 0x15, 0x15, 0x15, 0x15, 0x15, 0x15, 0x15, 0x15, 0x15, 0x15, 0x15, 0x15,
    0x15, 0x15, 0x15, 0x15, 0x15, 0x15, 0x15, 0x15, 0x15, 0x15, 0x15, 0x15, 0x15, 0x15, 0x15, 0x15,
    0x15, 0x15, 0x15, 0x15, 0x15, 0x15, 0x15, 0x15, 0x15, 0x15, 0x15, 0x15, 0x15, 0x15, 0x15, 0x15,
    0x15, 0x15, 0x15, 0x15, 0x15, 0x15, 0x15, 0x15, 0x15, 0x15, 0x15, 0x15, 0x15, 0x15, 0x15, 0x15,
    0x15, 0x15, 0x15, 0x15, 0x15, 0x15, 0x15, 0x15, 0x15, 0x15, 0x15, 0x15, 0x15, 0x15, 0x15, 0x15,
    0x15, 0x15, 0x15, 0x15, 0x15, 0x15, 0x15, 0x15, 0x15, 0x15, 0x15, 0x15, 0x15, 0x15, 0x15, 0x15,
    0x15, 0x15, 0x15, 0x15, 0x15, 0x15, 0x15, 0x15, 0x15, 0x15, 0x15, 0x15, 0x15, 0x15, 0x15, 0x15,
    0x15, 0x15, 0x15, 0x15, 0x15, 0x15, 0x15, 0x15, 0x15, 0x15, 0x15, 0x15, 0x15, 0x15, 0x15, 0x15,
    0x15, 0x15, 0x15, 0x15, 0x15, 0x15, 0x15, 0x15, 0x15, 0x15, 0x15, 0x15, 0x15, 0x15, 0x15, 0x15,
    0x15, 0x15, 0x15, 0x15, 0x15, 0x15, 0x15, 0x15, 0x15, 0x15, 0x15, 0x15, 0x15, 0x15, 0x15, 0x15,
    0x15, 0x15, 0x15, 0x15, 0x15, 0x15, 0x15, 0x15, 0x15, 0x15, 0x15, 0x15, 0x15, 0x15, 0x15, 0x15,
    0x15, 0x15, 0x15, 0x15, 0x15, 0x15, 0x15, 0x15, 0x15, 0x15, 0x15, 0x15, 0x15, 0x15, 0x15, 0x15,
    0x15, 0x15, 0x15, 0x15, 0x15, 0x15, 0x15, 0x15, 0x15, 0x15, 0x15, 0x15, 0x15, 0x15, 0x15, 0x15,
    0x15, 0x15, 0x15, 0x15, 0x15, 0x15, 0x15, 0x15, 0x15, 0x15, 0x15, 0x15, 0x15, 0x15, 0x15, 0x15,
    0x15, 0x15, 0x15, 0x15, 0x15, 0x15, 0x15, 0x15, 0x15, 0x15, 0x15, 0x15, 0x15, 0x15, 0x15, 0x15,
    0x15, 0x15, 0x15, 0x15, 0x15, 0x15, 0x15, 0x15, 0x15, 0x15, 0x15, 0x15, 0x15, 0x15, 0x15, 0x15,
    0x15, 0x15, 0x15, 0x15, 0x15, 0x15, 0x15, 0x15, 0x15, 0x15, 0x15, 0x15, 0x15, 0x15, 0x15, 0x15,
    0x15, 0x15, 0x15, 0x15, 0x15, 0x15, 0x15, 0x15, 0x15, 0x15, 0x15, 0x15, 0x15, 0x15, 0x15, 0x15,
    0x15, 0x15, 0x15, 0x15, 0x15, 0x15, 0x15, 0x15, 0x15, 0x15, 0x15, 0x15, 0x15, 0x15, 0x15, 0x15,
    0x15, 0x15, 0x15, 0x15, 0x15, 0x15, 0x15, 0x15, 0x15, 0x15, 0x15, 0x15, 0x15, 0x15, 0x15, 0x15,
    0x15, 0x15, 0x15, 0x15, 0x15, 0x15, 0x15, 0x15, 0x15, 0x15, 0x15, 0x15, 0x15, 0x15, 0x15, 0x15,
    0x15, 0x15, 0x15, 0x15, 0x15, 0x11, 0x07, 0x14, 0x15, 0x15, 0x15, 0x15, 0x15, 0x11, 0x07, 0x14,
    0x15, 0x15, 0x15, 0x15, 0x15, 0x11, 0x07, 0x14, 0x15, 0x15, 0x15, 0x15, 0x15, 0x11, 0x07, 0x11,
    0x15, 0x15, 0x15, 0x15, 0x15, 0x15, 0x11, 0x07, 0x15, 0x15, 0x15, 0x15, 0x15, 0x15, 0x11, 0x07,
    0x15, 0x15, 0x15, 0x15, 0x15, 0x15, 0x05, 0x07, 0x15, 0x15, 0x15, 0x15, 0x15, 0x15, 0x05, 0x11,
    0x08, 0x01, 0x08, 0x09, 0x12, 0x12, 0x12, 0x11, 0x08, 0x03, 0x09, 0x12, 0x12, 0x12, 0x09, 0x14,
    0x08, 0x05, 0x09, 0x12, 0x12, 0x12, 0x09, 0x09, 0x08, 0x05, 0x09, 0x12, 0x12, 0x09, 0x09, 0x08,
    0x09, 0x08, 0x09, 0x12, 0x12, 0x09, 0x09, 0x08, 0x14, 0x08, 0x12, 0x12, 0x12, 0x09, 0x09, 0x08,
    0x11, 0x09, 0x12, 0x12, 0x12, 0x09, 0x09, 0x08, 0x07, 0x14, 0x12, 0x12, 0x12, 0x09, 0x09, 0x08,
    0x07, 0x11, 0x14, 0x15, 0x15, 0x15, 0x15, 0x15, 0x11, 0x07, 0x11, 0x14, 0x15, 0x15, 0x15, 0x15,
    0x14, 0x11, 0x07, 0x11, 0x14, 0x15, 0x15, 0x15, 0x09, 0x14, 0x11, 0x07, 0x07, 0x14, 0x14, 0x14,
    0x05, 0x09, 0x14, 0x11, 0x11, 0x11, 0x11, 0x11, 0x03, 0x05, 0x09, 0x14, 0x14, 0x11, 0x11, 0x11,
    0x03, 0x03, 0x05, 0x12, 0x15, 0x14, 0x14, 0x14, 0x03, 0x01, 0x01, 0x09, 0x15, 0x15, 0x15, 0x15,
    0x15, 0x07, 0x11, 0x15, 0x14, 0x12, 0x12, 0x12, 0x15, 0x07, 0x11, 0x15, 0x14, 0x12, 0x12, 0x15,
    0x14, 0x07, 0x11, 0x15, 0x14, 0x12, 0x12, 0x12, 0x11, 0x11, 0x14, 0x15, 0x14, 0x12, 0x12, 0x15,
    0x11, 0x14, 0x15, 0x15, 0x14, 0x12, 0x12, 0x12, 0x14, 0x12, 0x09, 0x15, 0x14, 0x12, 0x12, 0x15,
    0x15, 0x05, 0x05, 0x15, 0x12, 0x12, 0x15, 0x12, 0x12, 0x08, 0x05, 0x15, 0x12, 0x15, 0x12, 0x15,
    0x15, 0x12, 0x15, 0x15, 0x15, 0x15, 0x15, 0x15, 0x12, 0x15, 0x15, 0x15, 0x15, 0x15, 0x15, 0x15,
    0x15, 0x12, 0x15, 0x15, 0x15, 0x15, 0x15, 0x15, 0x12, 0x15, 0x15, 0x15, 0x15, 0x15, 0x15, 0x15,
    0x15, 0x12, 0x15, 0x15, 0x15, 0x15, 0x15, 0x15, 0x12, 0x15, 0x15, 0x15, 0x15, 0x15, 0x15, 0x15,
    0x15, 0x12, 0x15, 0x15, 0x15, 0x15, 0x15, 0x15, 0x12, 0x15, 0x15, 0x15, 0x15, 0x15, 0x15, 0x15,
    0x14, 0x07, 0x14, 0x15, 0x09, 0x08, 0x05, 0x08, 0x15, 0x07, 0x11, 0x15, 0x12, 0x09, 0x05, 0x08,
    0x15, 0x11, 0x07, 0x14, 0x15, 0x09, 0x08, 0x05, 0x15, 0x14, 0x07, 0x14, 0x15, 0x12, 0x09, 0x05,
    0x15, 0x15, 0x11, 0x11, 0x15, 0x15, 0x09, 0x08, 0x15, 0x15, 0x11, 0x11, 0x14, 0x15, 0x12, 0x09,
    0x15, 0x15, 0x14, 0x11, 0x14, 0x15, 0x15, 0x09, 0x15, 0x15, 0x15, 0x11, 0x14, 0x15, 0x15, 0x09,
    0x15, 0x15, 0x15, 0x15, 0x15, 0x15, 0x15, 0x15, 0x15, 0x15, 0x15, 0x15, 0x15, 0x15, 0x15, 0x15,
    0x08, 0x15, 0x15, 0x15, 0x15, 0x15, 0x15, 0x15, 0x08, 0x15, 0x15, 0x15, 0x15, 0x15, 0x15, 0x15,
    0x05, 0x08, 0x15, 0x15, 0x15, 0x15, 0x15, 0x15, 0x05, 0x08, 0x15, 0x15, 0x15, 0x15, 0x15, 0x15,
    0x08, 0x05, 0x08, 0x15, 0x15, 0x15, 0x15, 0x15, 0x09, 0x05, 0x08, 0x15, 0x15, 0x15, 0x15, 0x15,
    0x15, 0x15, 0x15, 0x15, 0x15, 0x15, 0x15, 0x15, 0x15, 0x15, 0x15, 0x15, 0x15, 0x15, 0x15, 0x15,
    0x15, 0x15, 0x15, 0x15, 0x15, 0x15, 0x15, 0x15, 0x15, 0x15, 0x15, 0x15, 0x15, 0x15, 0x15, 0x15,
    0x15, 0x15, 0x15, 0x15, 0x15, 0x15, 0x15, 0x15, 0x15, 0x15, 0x15, 0x15, 0x15, 0x15, 0x15, 0x15,
    0x15, 0x15, 0x15, 0x15, 0x15, 0x15, 0x15, 0x15, 0x15, 0x15, 0x15, 0x15, 0x15, 0x15, 0x15, 0x15,
    0x15, 0x15, 0x15, 0x15, 0x15, 0x15, 0x15, 0x15, 0x15, 0x15, 0x15, 0x15, 0x15, 0x15, 0x15, 0x15,
    0x15, 0x15, 0x15, 0x15, 0x15, 0x15, 0x15, 0x15, 0x15, 0x15, 0x15, 0x15, 0x15, 0x15, 0x15, 0x15,
    0x15, 0x15, 0x15, 0x15, 0x15, 0x15, 0x15, 0x15, 0x15, 0x15, 0x15, 0x15, 0x15, 0x15, 0x15, 0x15,
    0x15, 0x15, 0x15, 0x15, 0x15, 0x15, 0x15, 0x15, 0x15, 0x15, 0x15, 0x15, 0x15, 0x15, 0x15, 0x15,
    0x15, 0x15, 0x15, 0x15, 0x15, 0x15, 0x15, 0x15, 0x15, 0x15, 0x15, 0x15, 0x15, 0x15, 0x15, 0x15,
    0x15, 0x15, 0x15, 0x15, 0x15, 0x15, 0x15, 0x15, 0x15, 0x15, 0x15, 0x15, 0x15, 0x15, 0x15, 0x15,
    0x15, 0x15, 0x15, 0x15, 0x15, 0x15, 0x15, 0x15, 0x15, 0x15, 0x15, 0x15, 0x15, 0x15, 0x15, 0x15,
    0x15, 0x15, 0x15, 0x15, 0x15, 0x15, 0x15, 0x15, 0x15, 0x15, 0x15, 0x15, 0x15, 0x15, 0x15, 0x15,
    0x15, 0x15, 0x15, 0x15, 0x15, 0x15, 0x15, 0x15, 0x15, 0x15, 0x15, 0x15, 0x15, 0x15, 0x15, 0x15,
    0x15, 0x15, 0x15, 0x15, 0x15, 0x15, 0x15, 0x15, 0x15, 0x15, 0x15, 0x15, 0x15, 0x15, 0x15, 0x15,
    0x15, 0x15, 0x15, 0x15, 0x15, 0x15, 0x15, 0x15, 0x15, 0x15, 0x15, 0x15, 0x15, 0x15, 0x15, 0x15,
    0x15, 0x15, 0x15, 0x15, 0x15, 0x15, 0x15, 0x15, 0x15, 0x15, 0x15, 0x15, 0x15, 0x15, 0x15, 0x15,
    0x15, 0x15, 0x15, 0x15, 0x15, 0x15, 0x15, 0x15, 0x15, 0x15, 0x15, 0x15, 0x15, 0x15, 0x15, 0x15,
    0x15, 0x15, 0x15, 0x15, 0x15, 0x15, 0x15, 0x15, 0x15, 0x15, 0x15, 0x15, 0x15, 0x15, 0x15, 0x15,
    0x15, 0x15, 0x15, 0x15, 0x15, 0x15, 0x15, 0x15, 0x15, 0x15, 0x15, 0x15, 0x15, 0x15, 0x15, 0x15,
    0x15, 0x15, 0x15, 0x15, 0x15, 0x15, 0x15, 0x15, 0x15, 0x15, 0x15, 0x15, 0x15, 0x15, 0x15, 0x15,
    0x15, 0x15, 0x15, 0x15, 0x15, 0x15, 0x15, 0x15, 0x15, 0x15, 0x15, 0x15, 0x15, 0x15, 0x15, 0x15,
    0x15, 0x15, 0x15, 0x15, 0x15, 0x15, 0x15, 0x15, 0x15, 0x15, 0x15, 0x15, 0x15, 0x15, 0x15, 0x15,
    0x15, 0x15, 0x15, 0x15, 0x15, 0x15, 0x15, 0x15, 0x15, 0x15, 0x15, 0x15, 0x15, 0x15, 0x15, 0x15,
    0x15, 0x15, 0x15, 0x15, 0x15, 0x15, 0x15, 0x15, 0x15, 0x15, 0x15, 0x15, 0x15, 0x15, 0x15, 0x15,
    0x15, 0x15, 0x15, 0x15, 0x15, 0x15, 0x15, 0x15, 0x15, 0x15, 0x15, 0x15, 0x15, 0x15, 0x15, 0x15,
    0x15, 0x15, 0x15, 0x15, 0x15, 0x15, 0x15, 0x15, 0x15, 0x15, 0x15, 0x15, 0x15, 0x15, 0x15, 0x15,
    0x15, 0x15, 0x15, 0x15, 0x15, 0x15, 0x15, 0x15, 0x15, 0x15, 0x15, 0x15, 0x15, 0x15, 0x15, 0x15,
    0x15, 0x15, 0x15, 0x15, 0x15, 0x15, 0x15, 0x15, 0x15, 0x15, 0x15, 0x15, 0x15, 0x15, 0x15, 0x15,
    0x15, 0x15, 0x15, 0x15, 0x15, 0x15, 0x15, 0x15, 0x15, 0x15, 0x15, 0x15, 0x15, 0x15, 0x15, 0x15,
    0x15, 0x15, 0x15, 0x15, 0x15, 0x15, 0x15, 0x15, 0x15, 0x15, 0x15, 0x15, 0x15, 0x15, 0x15, 0x15,
    0x15, 0x15, 0x15, 0x15, 0x15, 0x15, 0x15, 0x15, 0x15, 0x15, 0x15, 0x15, 0x15, 0x15, 0x15, 0x15,
    0x15, 0x15, 0x15, 0x15, 0x15, 0x15, 0x15, 0x15, 0x15, 0x15, 0x15, 0x15, 0x15, 0x15, 0x15, 0x15,
    0x15, 0x15, 0x15, 0x15, 0x15, 0x15, 0x15, 0x15, 0x15, 0x15, 0x15, 0x15, 0x15, 0x15, 0x15, 0x15,
    0x15, 0x15, 0x15, 0x15, 0x15, 0x15, 0x15, 0x15, 0x15, 0x15, 0x15, 0x15, 0x15, 0x15, 0x15, 0x15,
    0x15, 0x15, 0x15, 0x15, 0x15, 0x15, 0x15, 0x15, 0x15, 0x15, 0x15, 0x15, 0x15, 0x15, 0x15, 0x15,
    0x15, 0x15, 0x15, 0x15, 0x15, 0x15, 0x15, 0x15, 0x15, 0x15, 0x15, 0x15, 0x15, 0x15, 0x15, 0x15,
    0x15, 0x15, 0x15, 0x15, 0x15, 0x15, 0x15, 0x15, 0x15, 0x15, 0x15, 0x15, 0x15, 0x15, 0x15, 0x15,
    0x15, 0x15, 0x15, 0x15, 0x15, 0x15, 0x15, 0x15, 0x15, 0x15, 0x15, 0x15, 0x15, 0x15, 0x15, 0x15,
    0x15, 0x15, 0x15, 0x15, 0x15, 0x15, 0x15, 0x15, 0x15, 0x15, 0x15, 0x15, 0x15, 0x15, 0x15, 0x15,
    0x15, 0x15, 0x15, 0x15, 0x15, 0x15, 0x15, 0x15, 0x15, 0x15, 0x15, 0x15, 0x15, 0x15, 0x15, 0x15,
    0x15, 0x15, 0x15, 0x15, 0x15, 0x15, 0x15, 0x15, 0x15, 0x15, 0x15, 0x15, 0x15, 0x15, 0x15, 0x15,
    0x15, 0x15, 0x15, 0x15, 0x15, 0x15, 0x15, 0x15, 0x15, 0x15, 0x15, 0x15, 0x15, 0x15, 0x15, 0x15,
    0x15, 0x15, 0x15, 0x15, 0x15, 0x15, 0x15, 0x15, 0x15, 0x15, 0x15, 0x15, 0x15, 0x15, 0x15, 0x15,
    0x15, 0x15, 0x15, 0x15, 0x15, 0x15, 0x15, 0x15, 0x15, 0x15, 0x15, 0x15, 0x15, 0x15, 0x15, 0x15,
    0x15, 0x15, 0x15, 0x15, 0x15, 0x15, 0x15, 0x15, 0x15, 0x15, 0x15, 0x15, 0x15, 0x15, 0x15, 0x15,
    0x15, 0x15, 0x15, 0x15, 0x15, 0x15, 0x15, 0x15, 0x15, 0x15, 0x15, 0x15, 0x15, 0x15, 0x15, 0x15,
    0x15, 0x15, 0x15, 0x15, 0x15, 0x15, 0x15, 0x15, 0x15, 0x15, 0x15, 0x15, 0x15, 0x15, 0x15, 0x15,
    0x15, 0x15, 0x15, 0x15, 0x15, 0x15, 0x15, 0x15, 0x15, 0x15, 0x15, 0x15, 0x15, 0x15, 0x15, 0x15,
    0x15, 0x15, 0x15, 0x15, 0x15, 0x15, 0x15, 0x15, 0x15, 0x15, 0x15, 0x15, 0x15, 0x15, 0x15, 0x15,
    0x15, 0x15, 0x15, 0x15, 0x15, 0x15, 0x15, 0x15, 0x15, 0x15, 0x15, 0x15, 0x15, 0x15, 0x15, 0x15,
    0x15, 0x15, 0x15, 0x15, 0x15, 0x15, 0x15, 0x15, 0x15, 0x15, 0x15, 0x15, 0x15, 0x15, 0x15, 0x15,
    0x15, 0x15, 0x15, 0x15, 0x15, 0x15, 0x15, 0x15, 0x15, 0x15, 0x15, 0x15, 0x15, 0x15, 0x15, 0x15,
    0x15, 0x15, 0x15, 0x15, 0x15, 0x15, 0x15, 0x15, 0x15, 0x15, 0x15, 0x15, 0x15, 0x15, 0x15, 0x15,
    0x15, 0x15, 0x15, 0x15, 0x15, 0x15, 0x15, 0x15, 0x15, 0x15, 0x15, 0x15, 0x15, 0x15, 0x15, 0x15,
    0x15, 0x15, 0x15, 0x15, 0x15, 0x15, 0x15, 0x15, 0x15, 0x15, 0x15, 0x15, 0x15, 0x15, 0x15, 0x15,
    0x15, 0x15, 0x15, 0x15, 0x15, 0x15, 0x15, 0x15, 0x15, 0x15, 0x15, 0x15, 0x15, 0x15, 0x15, 0x15,
    0x15, 0x15, 0x15, 0x15, 0x15, 0x15, 0x15, 0x15, 0x15, 0x15, 0x15, 0x15, 0x15, 0x15, 0x15, 0x15,
    0x15, 0x15, 0x15, 0x15, 0x15, 0x15, 0x15, 0x15, 0x15, 0x15, 0x15, 0x15, 0x15, 0x15, 0x15, 0x15,
    0x15, 0x15, 0x15, 0x15, 0x15, 0x15, 0x15, 0x15, 0x15, 0x15, 0x15, 0x15, 0x15, 0x15, 0x15, 0x15,
    0x15, 0x15, 0x15, 0x15, 0x15, 0x15, 0x15, 0x15, 0x15, 0x15, 0x15, 0x15, 0x15, 0x15, 0x15, 0x15,
    0x15, 0x15, 0x15, 0x15, 0x15, 0x15, 0x15, 0x15, 0x15, 0x15, 0x15, 0x15, 0x15, 0x15, 0x15, 0x15,
    0x15, 0x15, 0x15, 0x15, 0x15, 0x15, 0x15, 0x15, 0x15, 0x15, 0x15, 0x15, 0x15, 0x15, 0x15, 0x15,
    0x15, 0x15, 0x15, 0x15, 0x15, 0x15, 0x15, 0x15, 0x15, 0x15, 0x15, 0x15, 0x15, 0x15, 0x15, 0x15,
    0x15, 0x15, 0x15, 0x15, 0x15, 0x15, 0x15, 0x15, 0x15, 0x15, 0x15, 0x15, 0x15, 0x15, 0x15, 0x15,
    0x15, 0x15, 0x15, 0x15, 0x15, 0x15, 0x15, 0x15, 0x15, 0x15, 0x15, 0x15, 0x15, 0x15, 0x15, 0x15,
    0x15, 0x15, 0x15, 0x15, 0x15, 0x15, 0x15, 0x15, 0x15, 0x15, 0x15, 0x15, 0x15, 0x15, 0x15, 0x15,
    0x15, 0x15, 0x15, 0x15, 0x15, 0x15, 0x15, 0x15, 0x15, 0x15, 0x15, 0x15, 0x15, 0x15, 0x15, 0x15,
    0x15, 0x15, 0x15, 0x15, 0x15, 0x15, 0x15, 0x15, 0x15, 0x15, 0x15, 0x15, 0x15, 0x15, 0x15, 0x15,
    0x15, 0x15, 0x15, 0x15, 0x15, 0x15, 0x15, 0x15, 0x15, 0x15, 0x15, 0x15, 0x15, 0x15, 0x15, 0x15,
    0x15, 0x15, 0x15, 0x15, 0x15, 0x15, 0x15, 0x15, 0x15, 0x15, 0x15, 0x15, 0x15, 0x15, 0x15, 0x15,
    0x15, 0x15, 0x15, 0x15, 0x15, 0x15, 0x15, 0x15, 0x15, 0x15, 0x15, 0x15, 0x15, 0x15, 0x15, 0x15,
    0x15, 0x15, 0x15, 0x15, 0x15, 0x15, 0x15, 0x15, 0x15, 0x15, 0x15, 0x15, 0x15, 0x15, 0x15, 0x15,
    0x15, 0x15, 0x15, 0x15, 0x15, 0x15, 0x15, 0x15, 0x15, 0x15, 0x15, 0x15, 0x15, 0x15, 0x15, 0x15,
    0x15, 0x15, 0x15, 0x15, 0x15, 0x15, 0x15, 0x15, 0x15, 0x15, 0x15, 0x15, 0x15, 0x15, 0x15, 0x15,
    0x15, 0x15, 0x15, 0x15, 0x15, 0x15, 0x15, 0x15, 0x15, 0x15, 0x15, 0x15, 0x15, 0x15, 0x15, 0x15,
    0x15, 0x15, 0x15, 0x15, 0x15, 0x15, 0x15, 0x15, 0x15, 0x15, 0x15, 0x15, 0x15, 0x15, 0x15, 0x15,
    0x15, 0x15, 0x15, 0x15, 0x15, 0x15, 0x15, 0x15, 0x15, 0x15, 0x15, 0x15, 0x15, 0x15, 0x15, 0x15,
    0x15, 0x15, 0x15, 0x15, 0x15, 0x15, 0x15, 0x15, 0x15, 0x15, 0x15, 0x15, 0x15, 0x15, 0x15, 0x15,
    0x15, 0x15, 0x15, 0x15, 0x15, 0x15, 0x15, 0x15, 0x15, 0x15, 0x15, 0x15, 0x15, 0x15, 0x15, 0x15,
    0x15, 0x15, 0x15, 0x15, 0x15, 0x15, 0x15, 0x15, 0x15, 0x15, 0x15, 0x15, 0x15, 0x15, 0x15, 0x15,
    0x15, 0x15, 0x15, 0x15, 0x15, 0x15, 0x15, 0x15, 0x15, 0x15, 0x15, 0x15, 0x15, 0x15, 0x15, 0x15,
    0x15, 0x15, 0x15, 0x15, 0x15, 0x15, 0x15, 0x15, 0x15, 0x15, 0x15, 0x15, 0x15, 0x15, 0x15, 0x15,
    0x15, 0x15, 0x15, 0x15, 0x15, 0x15, 0x15, 0x15, 0x15, 0x15, 0x15, 0x15, 0x15, 0x15, 0x15, 0x15,
    0x15, 0x15, 0x15, 0x15, 0x15, 0x15, 0x15, 0x15, 0x15, 0x15, 0x15, 0x15, 0x15, 0x15, 0x15, 0x15,
    0x15, 0x15, 0x15, 0x15, 0x15, 0x15, 0x15, 0x15, 0x15, 0x15, 0x15, 0x15, 0x15, 0x15, 0x15, 0x15,
    0x15, 0x15, 0x15, 0x15, 0x15, 0x15, 0x15, 0x15, 0x15, 0x15, 0x15, 0x15, 0x15, 0x15, 0x15, 0x15,
    0x15, 0x15, 0x15, 0x15, 0x15, 0x15, 0x15, 0x15, 0x15, 0x15, 0x15, 0x15, 0x15, 0x15, 0x15, 0x15,
    0x15, 0x15, 0x15, 0x15, 0x15, 0x15, 0x15, 0x15, 0x15, 0x15, 0x15, 0x15, 0x15, 0x15, 0x15, 0x15,
    0x15, 0x15, 0x15, 0x15, 0x15, 0x15, 0x15, 0x15, 0x15, 0x15, 0x15, 0x15, 0x15, 0x15, 0x15, 0x15,
    0x15, 0x15, 0x15, 0x15, 0x15, 0x15, 0x15, 0x15, 0x15, 0x15, 0x15, 0x15, 0x15, 0x15, 0x15, 0x15,
    0x15, 0x15, 0x15, 0x15, 0x15, 0x15, 0x15, 0x15, 0x15, 0x15, 0x15, 0x15, 0x15, 0x15, 0x15, 0x15,
    0x15, 0x15, 0x15, 0x15, 0x15, 0x15, 0x15, 0x15, 0x15, 0x15, 0x15, 0x15, 0x15, 0x15, 0x15, 0x15,
    0x15, 0x15, 0x15, 0x15, 0x15, 0x05, 0x01, 0x03, 0x15, 0x15, 0x15, 0x15, 0x15, 0x05, 0x00, 0x01,
    0x15, 0x15, 0x15, 0x15, 0x15, 0x05, 0x00, 0x01, 0x15, 0x15, 0x15, 0x15, 0x15, 0x05, 0x00, 0x01,
    0x15, 0x15, 0x15, 0x15, 0x15, 0x05, 0x00, 0x01, 0x15, 0x15, 0x15, 0x15, 0x15, 0x05, 0x00, 0x01,
    0x15, 0x15, 0x15, 0x15, 0x15, 0x05, 0x00, 0x01, 0x15, 0x15, 0x15, 0x15, 0x15, 0x05, 0x00, 0x01,
    0x07, 0x11, 0x12, 0x12, 0x09, 0x09, 0x09, 0x08, 0x11, 0x07, 0x14, 0x12, 0x09, 0x09, 0x09, 0x08,
    0x12, 0x11, 0x07, 0x14, 0x09, 0x09, 0x09, 0x08, 0x08, 0x14, 0x07, 0x11, 0x12, 0x09, 0x09, 0x08,
    0x08, 0x12, 0x11, 0x07, 0x11, 0x12, 0x09, 0x08, 0x08, 0x12, 0x14, 0x11, 0x11, 0x11, 0x14, 0x09,
    0x08, 0x12, 0x15, 0x14, 0x11, 0x11, 0x11, 0x14, 0x08, 0x12, 0x12, 0x15, 0x14, 0x11, 0x11, 0x11,
    0x03, 0x01, 0x00, 0x03, 0x15, 0x15, 0x15, 0x15, 0x03, 0x01, 0x00, 0x01, 0x15, 0x15, 0x15, 0x15,
    0x03, 0x01, 0x00, 0x00, 0x15, 0x15, 0x15, 0x15, 0x03, 0x01, 0x00, 0x00, 0x15, 0x15, 0x15, 0x15,
    0x05, 0x01, 0x00, 0x00, 0x12, 0x15, 0x15, 0x15, 0x05, 0x03, 0x00, 0x00, 0x09, 0x15, 0x15, 0x15,
    0x09, 0x05, 0x01, 0x00, 0x08, 0x15, 0x15, 0x15, 0x11, 0x14, 0x12, 0x12, 0x12, 0x15, 0x15, 0x14,
    0x12, 0x08, 0x05, 0x12, 0x15, 0x12, 0x15, 0x12, 0x12, 0x09, 0x05, 0x14, 0x12, 0x15, 0x12, 0x15,
    0x15, 0x09, 0x05, 0x14, 0x14, 0x12, 0x15, 0x12, 0x12, 0x12, 0x05, 0x11, 0x14, 0x15, 0x12, 0x15,
    0x15, 0x12, 0x08, 0x11, 0x14, 0x12, 0x15, 0x12, 0x15, 0x12, 0x14, 0x11, 0x14, 0x15, 0x12, 0x15,
    0x15, 0x14, 0x11, 0x11, 0x15, 0x12, 0x15, 0x15, 0x11, 0x07, 0x11, 0x14, 0x15, 0x15, 0x15, 0x15,
    0x15, 0x15, 0x15, 0x15, 0x15, 0x15, 0x15, 0x15, 0x12, 0x15, 0x15, 0x15, 0x15, 0x15, 0x15, 0x15,
    0x15, 0x15, 0x15, 0x15, 0x15, 0x15, 0x15, 0x15, 0x15, 0x15, 0x15, 0x15, 0x15, 0x15, 0x15, 0x15,
    0x15, 0x15, 0x15, 0x15, 0x15, 0x15, 0x15, 0x15, 0x15, 0x15, 0x15, 0x15, 0x15, 0x15, 0x15, 0x15,
    0x15, 0x15, 0x15, 0x15, 0x15, 0x15, 0x15, 0x15, 0x15, 0x15, 0x15, 0x15, 0x15, 0x15, 0x15, 0x15,
    0x15, 0x15, 0x15, 0x11, 0x11, 0x15, 0x15, 0x12, 0x15, 0x15, 0x15, 0x14, 0x11, 0x14, 0x15, 0x15,
    0x15, 0x15, 0x15, 0x14, 0x11, 0x14, 0x15, 0x15, 0x15, 0x15, 0x15, 0x15, 0x11, 0x14, 0x15, 0x15,
    0x15, 0x15, 0x15, 0x15, 0x11, 0x11, 0x15, 0x15, 0x15, 0x15, 0x15, 0x15, 0x11, 0x11, 0x14, 0x15,
    0x15, 0x15, 0x15, 0x15, 0x14, 0x11, 0x11, 0x15, 0x15, 0x15, 0x15, 0x15, 0x14, 0x07, 0x11, 0x15,
    0x09, 0x08, 0x05, 0x08, 0x15, 0x15, 0x15, 0x15, 0x09, 0x09, 0x05, 0x09, 0x08, 0x15, 0x15, 0x15,
    0x09, 0x09, 0x08, 0x12, 0x08, 0x15, 0x15, 0x15, 0x12, 0x09, 0x12, 0x12, 0x09, 0x08, 0x15, 0x15,
    0x15, 0x12, 0x12, 0x12, 0x08, 0x08, 0x15, 0x15, 0x15, 0x12, 0x12, 0x09, 0x08, 0x15, 0x15, 0x15,
    0x15, 0x15, 0x12, 0x08, 0x08, 0x15, 0x15, 0x15, 0x15, 0x15, 0x09, 0x09, 0x15, 0x15, 0x15, 0x15,
    0x15, 0x15, 0x15, 0x15, 0x15, 0x15, 0x15, 0x15, 0x15, 0x15, 0x15, 0x15, 0x15, 0x15, 0x15, 0x15,
    0x15, 0x15, 0x15, 0x15, 0x15, 0x15, 0x15, 0x15, 0x15, 0x15, 0x15, 0x15, 0x15, 0x15, 0x15, 0x15,
    0x15, 0x15, 0x15, 0x15, 0x15, 0x15, 0x15, 0x15, 0x15, 0x15, 0x15, 0x15, 0x15, 0x15, 0x15, 0x15,
    0x15, 0x15, 0x15, 0x15, 0x15, 0x15, 0x15, 0x15, 0x15, 0x15, 0x15, 0x15, 0x15, 0x15, 0x15, 0x15,
    0x15, 0x15, 0x15, 0x15, 0x15, 0x15, 0x15, 0x15, 0x15, 0x15, 0x15, 0x15, 0x15, 0x15, 0x15, 0x15,
    0x15, 0x15, 0x15, 0x15, 0x15, 0x15, 0x15, 0x15, 0x15, 0x15, 0x15, 0x15, 0x15, 0x15, 0x15, 0x15,
    0x15, 0x15, 0x15, 0x15, 0x15, 0x15, 0x15, 0x15, 0x15, 0x15, 0x15, 0x15, 0x15, 0x15, 0x15, 0x15,
    0x15, 0x15, 0x15, 0x15, 0x15, 0x15, 0x15, 0x15, 0x15, 0x15, 0x15, 0x15, 0x15, 0x15, 0x15, 0x15,
    0x15, 0x15, 0x15, 0x15, 0x15, 0x15, 0x15, 0x15, 0x15, 0x15, 0x15, 0x15, 0x15, 0x15, 0x15, 0x15,
    0x15, 0x15, 0x15, 0x15, 0x15, 0x15, 0x15, 0x15, 0x15, 0x15, 0x15, 0x15, 0x15, 0x15, 0x15, 0x15,
    0x15, 0x15, 0x15, 0x15, 0x15, 0x15, 0x15, 0x15, 0x15, 0x15, 0x15, 0x15, 0x15, 0x15, 0x15, 0x15,
    0x15, 0x15, 0x15, 0x15, 0x15, 0x15, 0x15, 0x15, 0x15, 0x15, 0x15, 0x15, 0x15, 0x15, 0x15, 0x15,
    0x15, 0x15, 0x15, 0x15, 0x15, 0x15, 0x15, 0x15, 0x15, 0x15, 0x15, 0x15, 0x15, 0x15, 0x15, 0x15,
    0x15, 0x15, 0x15, 0x15, 0x15, 0x15, 0x15, 0x15, 0x15, 0x15, 0x15, 0x15, 0x15, 0x15, 0x15, 0x15,
    0x15, 0x15, 0x15, 0x15, 0x15, 0x15, 0x15, 0x15, 0x15, 0x15, 0x15, 0x15, 0x15, 0x15, 0x15, 0x15,
    0x15, 0x15, 0x15, 0x15, 0x15, 0x15, 0x15, 0x15, 0x15, 0x15, 0x15, 0x15, 0x15, 0x15, 0x15, 0x15,
    0x15, 0x15, 0x15, 0x15, 0x15, 0x15, 0x15, 0x15, 0x15, 0x15, 0x15, 0x15, 0x15, 0x15, 0x15, 0x15,
    0x15, 0x15, 0x15, 0x15, 0x15, 0x15, 0x15, 0x15, 0x15, 0x15, 0x15, 0x15, 0x15, 0x15, 0x15, 0x15,
    0x15, 0x15, 0x15, 0x15, 0x15, 0x15, 0x15, 0x15, 0x15, 0x15, 0x15, 0x15, 0x15, 0x15, 0x15, 0x15,
    0x15, 0x15, 0x15, 0x15, 0x15, 0x15, 0x15, 0x15, 0x15, 0x15, 0x15, 0x15, 0x15, 0x15, 0x15, 0x15,
    0x15, 0x15, 0x15, 0x15, 0x15, 0x15, 0x15, 0x15, 0x15, 0x15, 0x15, 0x15, 0x15, 0x15, 0x15, 0x15,
    0x15, 0x15, 0x15, 0x15, 0x15, 0x15, 0x15, 0x15, 0x15, 0x15, 0x15, 0x15, 0x15, 0x15, 0x15, 0x15,
    0x15, 0x15, 0x15, 0x15, 0x15, 0x15, 0x15, 0x15, 0x15, 0x15, 0x15, 0x15, 0x15, 0x15, 0x15, 0x15,
    0x15, 0x15, 0x15, 0x15, 0x15, 0x15, 0x15, 0x15, 0x15, 0x15, 0x15, 0x15, 0x15, 0x15, 0x15, 0x15,
    0x15, 0x15, 0x15, 0x15, 0x15, 0x15, 0x15, 0x15, 0x15, 0x15, 0x15, 0x15, 0x15, 0x15, 0x15, 0x15,
    0x15, 0x15, 0x15, 0x15, 0x15, 0x15, 0x15, 0x15, 0x15, 0x15, 0x15, 0x15, 0x15, 0x15, 0x15, 0x15,
    0x15, 0x15, 0x15, 0x15, 0x15, 0x15, 0x15, 0x15, 0x15, 0x15, 0x15, 0x15, 0x15, 0x15, 0x15, 0x15,
    0x15, 0x15, 0x15, 0x15, 0x15, 0x15, 0x15, 0x15, 0x15, 0x15, 0x15, 0x15, 0x15, 0x15, 0x15, 0x15,
    0x15, 0x15, 0x15, 0x15, 0x15, 0x15, 0x15, 0x15, 0x15, 0x15, 0x15, 0x15, 0x15, 0x15, 0x15, 0x15,
    0x15, 0x15, 0x15, 0x15, 0x15, 0x15, 0x15, 0x15, 0x15, 0x15, 0x15, 0x15, 0x15, 0x15, 0x15, 0x15,
    0x15, 0x15, 0x15, 0x15, 0x15, 0x15, 0x15, 0x15, 0x15, 0x15, 0x15, 0x15, 0x15, 0x15, 0x15, 0x15,
    0x15, 0x15, 0x15, 0x15, 0x15, 0x15, 0x15, 0x15, 0x15, 0x15, 0x15, 0x15, 0x15, 0x15, 0x15, 0x15,
    0x15, 0x15, 0x15, 0x15, 0x15, 0x15, 0x15, 0x15, 0x15, 0x15, 0x15, 0x15, 0x15, 0x15, 0x15, 0x15,
    0x15, 0x15, 0x15, 0x15, 0x15, 0x15, 0x15, 0x15, 0x15, 0x15, 0x15, 0x15, 0x15, 0x15, 0x15, 0x15,
    0x15, 0x15, 0x15, 0x15, 0x15, 0x15, 0x15, 0x15, 0x15, 0x15, 0x15, 0x15, 0x15, 0x15, 0x15, 0x15,
    0x15, 0x15, 0x15, 0x15, 0x15, 0x15, 0x15, 0x15, 0x15, 0x15, 0x15, 0x15, 0x15, 0x15, 0x15, 0x15,
    0x15, 0x15, 0x15, 0x15, 0x15, 0x15, 0x15, 0x15, 0x15, 0x15, 0x15, 0x15, 0x15, 0x15, 0x15, 0x15,
    0x15, 0x15, 0x15, 0x15, 0x15, 0x15, 0x15, 0x15, 0x15, 0x15, 0x15, 0x15, 0x15, 0x15, 0x15, 0x15,
    0x15, 0x15, 0x15, 0x15, 0x15, 0x15, 0x15, 0x15, 0x15, 0x15, 0x15, 0x15, 0x15, 0x15, 0x15, 0x15,
    0x15, 0x15, 0x15, 0x15, 0x15, 0x15, 0x15, 0x15, 0x15, 0x15, 0x15, 0x15, 0x15, 0x15, 0x15, 0x15,
    0x15, 0x15, 0x15, 0x15, 0x15, 0x15, 0x15, 0x15, 0x15, 0x15, 0x15, 0x15, 0x15, 0x15, 0x15, 0x15,
    0x15, 0x15, 0x15, 0x15, 0x15, 0x15, 0x15, 0x15, 0x15, 0x15, 0x15, 0x15, 0x15, 0x15, 0x15, 0x15,
    0x15, 0x15, 0x15, 0x15, 0x15, 0x15, 0x15, 0x15, 0x15, 0x15, 0x15, 0x15, 0x15, 0x15, 0x15, 0x15,
    0x15, 0x15, 0x15, 0x15, 0x15, 0x15, 0x15, 0x15, 0x15, 0x15, 0x15, 0x15, 0x15, 0x15, 0x15, 0x15,
    0x15, 0x15, 0x15, 0x15, 0x15, 0x15, 0x15, 0x15, 0x15, 0x15, 0x15, 0x15, 0x15, 0x15, 0x15, 0x15,
    0x15, 0x15, 0x15, 0x15, 0x15, 0x15, 0x15, 0x15, 0x15, 0x15, 0x15, 0x15, 0x15, 0x15, 0x15, 0x15,
    0x15, 0x15, 0x15, 0x15, 0x15, 0x15, 0x15, 0x15, 0x15, 0x15, 0x15, 0x15, 0x15, 0x15, 0x15, 0x15,
    0x15, 0x15, 0x15, 0x15, 0x15, 0x15, 0x15, 0x15, 0x15, 0x15, 0x15, 0x15, 0x15, 0x15, 0x15, 0x15,
    0x15, 0x15, 0x15, 0x15, 0x15, 0x15, 0x15, 0x15, 0x15, 0x15, 0x15, 0x15, 0x15, 0x15, 0x15, 0x15,
    0x15, 0x15, 0x15, 0x15, 0x15, 0x15, 0x15, 0x15, 0x15, 0x15, 0x15, 0x15, 0x15, 0x15, 0x15, 0x15,
    0x15, 0x15, 0x15, 0x15, 0x15, 0x15, 0x15, 0x15, 0x15, 0x15, 0x15, 0x15, 0x15, 0x15, 0x15, 0x15,
    0x15, 0x15, 0x15, 0x15, 0x15, 0x15, 0x15, 0x15, 0x15, 0x15, 0x15, 0x15, 0x15, 0x15, 0x15, 0x15,
    0x15, 0x15, 0x15, 0x15, 0x15, 0x15, 0x15, 0x15, 0x15, 0x15, 0x15, 0x15, 0x15, 0x15, 0x15, 0x15,
    0x15, 0x15, 0x15, 0x15, 0x15, 0x15, 0x15, 0x15, 0x15, 0x15, 0x15, 0x15, 0x15, 0x15, 0x15, 0x15,
    0x15, 0x15, 0x15, 0x15, 0x15, 0x15, 0x15, 0x15, 0x15, 0x15, 0x15, 0x15, 0x15, 0x15, 0x15, 0x15,
    0x15, 0x15, 0x15, 0x15, 0x15, 0x15, 0x15, 0x15, 0x15, 0x15, 0x15, 0x15, 0x15, 0x15, 0x15, 0x15,
    0x15, 0x15, 0x15, 0x15, 0x15, 0x15, 0x15, 0x15, 0x15, 0x15, 0x15, 0x15, 0x15, 0x15, 0x15, 0x15,
    0x15, 0x15, 0x15, 0x15, 0x15, 0x15, 0x15, 0x15, 0x15, 0x15, 0x15, 0x15, 0x15, 0x15, 0x15, 0x15,
    0x15, 0x15, 0x15, 0x15, 0x15, 0x15, 0x15, 0x15, 0x15, 0x15, 0x15, 0x15, 0x15, 0x15, 0x15, 0x15,
    0x15, 0x15, 0x15, 0x15, 0x15, 0x15, 0x15, 0x15, 0x15, 0x15, 0x15, 0x15, 0x15, 0x15, 0x15, 0x15,
    0x15, 0x15, 0x15, 0x15, 0x15, 0x15, 0x15, 0x15, 0x15, 0x15, 0x15, 0x15, 0x15, 0x15, 0x15, 0x15,
    0x15, 0x15, 0x15, 0x15, 0x15, 0x15, 0x15, 0x15, 0x15, 0x15, 0x15, 0x15, 0x15, 0x15, 0x15, 0x15,
    0x15, 0x15, 0x15, 0x15, 0x15, 0x15, 0x15, 0x15, 0x15, 0x15, 0x15, 0x15, 0x15, 0x15, 0x15, 0x15,
    0x15, 0x15, 0x15, 0x15, 0x15, 0x15, 0x15, 0x15, 0x15, 0x15, 0x15, 0x15, 0x15, 0x15, 0x15, 0x15,
    0x15, 0x15, 0x15, 0x15, 0x15, 0x15, 0x15, 0x15, 0x15, 0x15, 0x15, 0x15, 0x15, 0x15, 0x15, 0x15,
    0x15, 0x15, 0x15, 0x15, 0x15, 0x15, 0x15, 0x15, 0x15, 0x15, 0x15, 0x15, 0x15, 0x15, 0x15, 0x15,
    0x15, 0x15, 0x15, 0x15, 0x15, 0x15, 0x15, 0x15, 0x15, 0x15, 0x15, 0x15, 0x15, 0x15, 0x15, 0x15,
    0x15, 0x15, 0x15, 0x15, 0x15, 0x15, 0x15, 0x15, 0x15, 0x15, 0x15, 0x15, 0x15, 0x15, 0x15, 0x15,
    0x15, 0x15, 0x15, 0x15, 0x15, 0x15, 0x15, 0x15, 0x15, 0x15, 0x15, 0x15, 0x15, 0x15, 0x15, 0x15,
    0x15, 0x15, 0x15, 0x15, 0x15, 0x15, 0x15, 0x15, 0x15, 0x15, 0x15, 0x15, 0x15, 0x15, 0x15, 0x15,
    0x15, 0x15, 0x15, 0x15, 0x15, 0x15, 0x15, 0x15, 0x15, 0x15, 0x15, 0x15, 0x15, 0x15, 0x15, 0x15,
    0x15, 0x15, 0x15, 0x15, 0x15, 0x15, 0x15, 0x15, 0x15, 0x15, 0x15, 0x15, 0x15, 0x15, 0x15, 0x15,
    0x15, 0x15, 0x15, 0x15, 0x15, 0x15, 0x15, 0x15, 0x15, 0x15, 0x15, 0x15, 0x15, 0x15, 0x15, 0x15,
    0x15, 0x15, 0x15, 0x15, 0x15, 0x15, 0x15, 0x15, 0x15, 0x15, 0x15, 0x15, 0x15, 0x15, 0x15, 0x15,
    0x15, 0x15, 0x15, 0x15, 0x15, 0x15, 0x15, 0x15, 0x15, 0x15, 0x15, 0x15, 0x15, 0x15, 0x15, 0x15,
    0x15, 0x15, 0x15, 0x15, 0x15, 0x15, 0x15, 0x15, 0x15, 0x15, 0x15, 0x15, 0x15, 0x15, 0x15, 0x15,
    0x15, 0x15, 0x15, 0x15, 0x15, 0x15, 0x15, 0x15, 0x15, 0x15, 0x15, 0x15, 0x15, 0x15, 0x15, 0x15,
    0x15, 0x15, 0x15, 0x15, 0x15, 0x15, 0x15, 0x15, 0x15, 0x15, 0x15, 0x15, 0x15, 0x15, 0x15, 0x15,
    0x15, 0x15, 0x15, 0x15, 0x15, 0x15, 0x15, 0x15, 0x15, 0x15, 0x15, 0x15, 0x15, 0x15, 0x15, 0x15,
    0x15, 0x15, 0x15, 0x15, 0x15, 0x15, 0x15, 0x15, 0x15, 0x15, 0x15, 0x15, 0x15, 0x15, 0x15, 0x15,
    0x15, 0x15, 0x15, 0x15, 0x15, 0x15, 0x15, 0x15, 0x15, 0x15, 0x15, 0x15, 0x15, 0x15, 0x15, 0x15,
    0x15, 0x15, 0x15, 0x15, 0x15, 0x15, 0x15, 0x15, 0x15, 0x15, 0x15, 0x15, 0x15, 0x15, 0x15, 0x15,
    0x15, 0x15, 0x15, 0x15, 0x15, 0x15, 0x15, 0x15, 0x15, 0x15, 0x15, 0x15, 0x15, 0x15, 0x15, 0x15,
    0x15, 0x15, 0x15, 0x15, 0x15, 0x15, 0x15, 0x15, 0x15, 0x15, 0x15, 0x15, 0x15, 0x15, 0x15, 0x15,
    0x15, 0x15, 0x15, 0x15, 0x15, 0x15, 0x15, 0x15, 0x15, 0x15, 0x15, 0x15, 0x15, 0x15, 0x15, 0x15,
    0x15, 0x15, 0x15, 0x15, 0x15, 0x15, 0x15, 0x15, 0x15, 0x15, 0x15, 0x15, 0x15, 0x15, 0x15, 0x15,
    0x15, 0x15, 0x15, 0x15, 0x15, 0x15, 0x15, 0x15, 0x15, 0x15, 0x15, 0x15, 0x15, 0x15, 0x15, 0x15,
    0x15, 0x15, 0x15, 0x15, 0x15, 0x15, 0x15, 0x15, 0x15, 0x15, 0x15, 0x15, 0x15, 0x15, 0x15, 0x15,
    0x15, 0x15, 0x15, 0x15, 0x15, 0x15, 0x15, 0x15, 0x15, 0x15, 0x15, 0x15, 0x15, 0x15, 0x15, 0x15,
    0x15, 0x15, 0x15, 0x15, 0x15, 0x15, 0x15, 0x15, 0x15, 0x15, 0x15, 0x15, 0x15, 0x15, 0x15, 0x15,
    0x15, 0x15, 0x15, 0x15, 0x15, 0x15, 0x15, 0x15, 0x15, 0x15, 0x15, 0x15, 0x15, 0x15, 0x15, 0x15,
    0x15, 0x15, 0x15, 0x15, 0x15, 0x15, 0x15, 0x15, 0x15, 0x15, 0x15, 0x15, 0x15, 0x15, 0x15, 0x15,
    0x15, 0x15, 0x15, 0x15, 0x15, 0x05, 0x00, 0x01, 0x15, 0x15, 0x15, 0x15, 0x15, 0x09, 0x01, 0x03,
    0x15, 0x15, 0x15, 0x15, 0x15, 0x14, 0x05, 0x03, 0x15, 0x15, 0x15, 0x15, 0x15, 0x14, 0x09, 0x05,
    0x15, 0x15, 0x15, 0x15, 0x11, 0x11, 0x14, 0x08, 0x15, 0x15, 0x15, 0x15, 0x11, 0x07, 0x11, 0x12,
    0x15, 0x15, 0x15, 0x15, 0x14, 0x07, 0x07, 0x14, 0x15, 0x15, 0x15, 0x15, 0x12, 0x11, 0x07, 0x11,
    0x08, 0x12, 0x12, 0x12, 0x12, 0x14, 0x14, 0x11, 0x08, 0x12, 0x12, 0x12, 0x08, 0x09, 0x15, 0x14,
    0x08, 0x12, 0x12, 0x12, 0x08, 0x05, 0x09, 0x12, 0x09, 0x12, 0x12, 0x12, 0x08, 0x03, 0x08, 0x09,
    0x09, 0x12, 0x12, 0x12, 0x08, 0x01, 0x05, 0x09, 0x09, 0x12, 0x12, 0x12, 0x05, 0x00, 0x03, 0x09,
    0x12, 0x12, 0x12, 0x12, 0x05, 0x00, 0x03, 0x09, 0x14, 0x12, 0x12, 0x12, 0x05, 0x00, 0x03, 0x09,
    0x07, 0x07, 0x11, 0x11, 0x11, 0x11, 0x11, 0x07, 0x11, 0x11, 0x07, 0x07, 0x07, 0x07, 0x07, 0x11,
    0x15, 0x14, 0x14, 0x14, 0x14, 0x14, 0x14, 0x15, 0x09, 0x08, 0x09, 0x12, 0x15, 0x15, 0x15, 0x15,
    0x09, 0x05, 0x03, 0x01, 0x15, 0x15, 0x15, 0x15, 0x09, 0x05, 0x03, 0x01, 0x15, 0x15, 0x15, 0x15,
    0x09, 0x05, 0x03, 0x01, 0x09, 0x15, 0x15, 0x15, 0x09, 0x05, 0x03, 0x01, 0x05, 0x15, 0x15, 0x15,
    0x07, 0x11, 0x15, 0x09, 0x08, 0x15, 0x15, 0x15, 0x14, 0x15, 0x15, 0x09, 0x05, 0x14, 0x15, 0x15,
    0x15, 0x15, 0x15, 0x12, 0x05, 0x14, 0x15, 0x15, 0x15, 0x15, 0x15, 0x12, 0x08, 0x12, 0x14, 0x15,
    0x15, 0x15, 0x15, 0x15, 0x09, 0x09, 0x14, 0x15, 0x15, 0x15, 0x15, 0x15, 0x12, 0x09, 0x14, 0x15,
    0x15, 0x15, 0x15, 0x15, 0x12, 0x14, 0x14, 0x15, 0x15, 0x15, 0x15, 0x15, 0x15, 0x11, 0x14, 0x12,
    0x15, 0x15, 0x15, 0x15, 0x15, 0x15, 0x15, 0x15, 0x15, 0x15, 0x15, 0x15, 0x15, 0x15, 0x15, 0x15,
    0x15, 0x15, 0x15, 0x15, 0x15, 0x15, 0x15, 0x15, 0x15, 0x15, 0x15, 0x15, 0x15, 0x15, 0x15, 0x15,
    0x15, 0x15, 0x15, 0x15, 0x15, 0x15, 0x15, 0x15, 0x15, 0x15, 0x15, 0x15, 0x15, 0x15, 0x15, 0x15,
    0x15, 0x15, 0x15, 0x15, 0x15, 0x15, 0x15, 0x15, 0x15, 0x15, 0x15, 0x15, 0x15, 0x15, 0x15, 0x15,
    0x15, 0x15, 0x15, 0x15, 0x14, 0x07, 0x11, 0x15, 0x15, 0x15, 0x15, 0x15, 0x11, 0x07, 0x11, 0x15,
    0x15, 0x15, 0x15, 0x15, 0x07, 0x11, 0x14, 0x15, 0x15, 0x15, 0x15, 0x14, 0x07, 0x11, 0x15, 0x15,
    0x15, 0x15, 0x15, 0x11, 0x07, 0x14, 0x15, 0x15, 0x15, 0x15, 0x15, 0x07, 0x11, 0x15, 0x15, 0x12,
    0x15, 0x15, 0x14, 0x07, 0x11, 0x15, 0x15, 0x12, 0x15, 0x15, 0x11, 0x07, 0x14, 0x15, 0x15, 0x09,
    0x15, 0x12, 0x08, 0x09, 0x15, 0x15, 0x15, 0x15, 0x15, 0x09, 0x09, 0x09, 0x15, 0x15, 0x15, 0x15,
    0x15, 0x08, 0x09, 0x15, 0x15, 0x15, 0x15, 0x15, 0x12, 0x08, 0x09, 0x15, 0x15, 0x15, 0x15, 0x15,
    0x09, 0x09, 0x15, 0x15, 0x15, 0x15, 0x15, 0x15, 0x09, 0x09, 0x15, 0x15, 0x15, 0x15, 0x15, 0x15,
    0x09, 0x09, 0x15, 0x15, 0x15, 0x15, 0x15, 0x15, 0x09, 0x09, 0x15, 0x15, 0x15, 0x15, 0x15, 0x15,
    0x15, 0x15, 0x15, 0x15, 0x15, 0x15, 0x15, 0x15, 0x15, 0x15, 0x15, 0x15, 0x15, 0x15, 0x15, 0x15,
    0x15, 0x15, 0x15, 0x15, 0x15, 0x15, 0x15, 0x15, 0x15, 0x15, 0x15, 0x15, 0x15, 0x15, 0x15, 0x15,
    0x15, 0x15, 0x15, 0x15, 0x15, 0x15, 0x15, 0x15, 0x15, 0x15, 0x15, 0x15, 0x15, 0x15, 0x15, 0x15,
    0x15, 0x15, 0x15, 0x15, 0x15, 0x15, 0x15, 0x15, 0x15, 0x15, 0x15, 0x15, 0x15, 0x15, 0x15, 0x15,
    0x15, 0x15, 0x15, 0x15, 0x15, 0x15, 0x15, 0x15, 0x15, 0x15, 0x15, 0x15, 0x15, 0x15, 0x15, 0x15,
    0x15, 0x15, 0x15, 0x15, 0x15, 0x15, 0x15, 0x15, 0x15, 0x15, 0x15, 0x15, 0x15, 0x15, 0x15, 0x15,
    0x15, 0x15, 0x15, 0x15, 0x15, 0x15, 0x15, 0x15, 0x15, 0x15, 0x15, 0x15, 0x15, 0x15, 0x15, 0x15,
    0x15, 0x15, 0x15, 0x15, 0x15, 0x15, 0x15, 0x15, 0x15, 0x15, 0x15, 0x15, 0x15, 0x15, 0x15, 0x15,
    0x15, 0x15, 0x15, 0x15, 0x15, 0x15, 0x15, 0x15, 0x15, 0x15, 0x15, 0x15, 0x15, 0x15, 0x15, 0x15,
    0x15, 0x15, 0x15, 0x15, 0x15, 0x15, 0x15, 0x15, 0x15, 0x15, 0x15, 0x15, 0x15, 0x15, 0x15, 0x15,
    0x15, 0x15, 0x15, 0x15, 0x15, 0x15, 0x15, 0x15, 0x15, 0x15, 0x15, 0x15, 0x15, 0x15, 0x15, 0x15,
    0x15, 0x15, 0x15, 0x15, 0x15, 0x15, 0x15, 0x15, 0x15, 0x15, 0x15, 0x15, 0x15, 0x15, 0x15, 0x15,
    0x15, 0x15, 0x15, 0x15, 0x15, 0x15, 0x15, 0x15, 0x15, 0x15, 0x15, 0x15, 0x15, 0x15, 0x15, 0x15,
    0x15, 0x15, 0x15, 0x15, 0x15, 0x15, 0x15, 0x15, 0x15, 0x15, 0x15, 0x15, 0x15, 0x15, 0x15, 0x15,
    0x15, 0x15, 0x15, 0x15, 0x15, 0x15, 0x15, 0x15, 0x15, 0x15, 0x15, 0x15, 0x15, 0x15, 0x15, 0x15,
    0x15, 0x15, 0x15, 0x15, 0x15, 0x15, 0x15, 0x15, 0x15, 0x15, 0x15, 0x15, 0x15, 0x15, 0x15, 0x15,
    0x15, 0x15, 0x15, 0x15, 0x15, 0x15, 0x15, 0x15, 0x15, 0x15, 0x15, 0x15, 0x15, 0x15, 0x15, 0x15,
    0x15, 0x15, 0x15, 0x15, 0x15, 0x15, 0x15, 0x15, 0x15, 0x15, 0x15, 0x15, 0x15, 0x15, 0x15, 0x15,
    0x15, 0x15, 0x15, 0x15, 0x15, 0x15, 0x15, 0x15, 0x15, 0x15, 0x15, 0x15, 0x15, 0x15, 0x15, 0x15,
    0x15, 0x15, 0x15, 0x15, 0x15, 0x15, 0x15, 0x15, 0x15, 0x15, 0x15, 0x15, 0x15, 0x15, 0x15, 0x15,
    0x15, 0x15, 0x15, 0x15, 0x15, 0x15, 0x15, 0x15, 0x15, 0x15, 0x15, 0x15, 0x15, 0x15, 0x15, 0x15,
    0x15, 0x15, 0x15, 0x15, 0x15, 0x15, 0x15, 0x15, 0x15, 0x15, 0x15, 0x15, 0x15, 0x15, 0x15, 0x15,
    0x15, 0x15, 0x15, 0x15, 0x15, 0x15, 0x15, 0x15, 0x15, 0x15, 0x15, 0x15, 0x15, 0x15, 0x15, 0x15,
    0x15, 0x15, 0x15, 0x15, 0x15, 0x15, 0x15, 0x15, 0x15, 0x15, 0x15, 0x15, 0x15, 0x15, 0x15, 0x15,
    0x15, 0x15, 0x15, 0x15, 0x15, 0x15, 0x15, 0x15, 0x15, 0x15, 0x15, 0x15, 0x15, 0x15, 0x15, 0x15,
    0x15, 0x15, 0x15, 0x15, 0x15, 0x15, 0x15, 0x15, 0x15, 0x15, 0x15, 0x15, 0x15, 0x15, 0x15, 0x15,
    0x15, 0x15, 0x15, 0x15, 0x15, 0x15, 0x15, 0x15, 0x15, 0x15, 0x15, 0x15, 0x15, 0x15, 0x15, 0x15,
    0x15, 0x15, 0x15, 0x15, 0x15, 0x15, 0x15, 0x15, 0x15, 0x15, 0x15, 0x15, 0x15, 0x15, 0x15, 0x15,
    0x15, 0x15, 0x15, 0x15, 0x15, 0x15, 0x15, 0x15, 0x15, 0x15, 0x15, 0x15, 0x15, 0x15, 0x15, 0x15,
    0x15, 0x15, 0x15, 0x15, 0x15, 0x15, 0x15, 0x15, 0x15, 0x15, 0x15, 0x15, 0x15, 0x15, 0x15, 0x15,
    0x15, 0x15, 0x15, 0x15, 0x15, 0x15, 0x15, 0x15, 0x15, 0x15, 0x15, 0x15, 0x15, 0x15, 0x15, 0x15,
    0x15, 0x15, 0x15, 0x15, 0x15, 0x15, 0x15, 0x15, 0x15, 0x15, 0x15, 0x15, 0x15, 0x15, 0x15, 0x15,
    0x15, 0x15, 0x15, 0x15, 0x15, 0x15, 0x15, 0x15, 0x15, 0x15, 0x15, 0x15, 0x15, 0x15, 0x15, 0x15,
    0x15, 0x15, 0x15, 0x15, 0x15, 0x15, 0x15, 0x15, 0x15, 0x15, 0x15, 0x15, 0x15, 0x15, 0x15, 0x15,
    0x15, 0x15, 0x15, 0x15, 0x15, 0x15, 0x15, 0x15, 0x15, 0x15, 0x15, 0x15, 0x15, 0x15, 0x15, 0x15,
    0x15, 0x15, 0x15, 0x15, 0x15, 0x15, 0x15, 0x15, 0x15, 0x15, 0x15, 0x15, 0x15, 0x15, 0x15, 0x15,
    0x15, 0x15, 0x15, 0x15, 0x15, 0x15, 0x15, 0x15, 0x15, 0x15, 0x15, 0x15, 0x15, 0x15, 0x15, 0x15,
    0x15, 0x15, 0x15, 0x15, 0x15, 0x15, 0x15, 0x15, 0x15, 0x15, 0x15, 0x15, 0x15, 0x15, 0x15, 0x15,
    0x15, 0x15, 0x15, 0x15, 0x15, 0x15, 0x15, 0x15, 0x15, 0x15, 0x15, 0x15, 0x15, 0x15, 0x15, 0x15,
    0x15, 0x15, 0x15, 0x15, 0x15, 0x15, 0x15, 0x15, 0x15, 0x15, 0x15, 0x15, 0x15, 0x15, 0x15, 0x15,
    0x15, 0x15, 0x15, 0x15, 0x15, 0x15, 0x15, 0x15, 0x15, 0x15, 0x15, 0x15, 0x15, 0x15, 0x15, 0x15,
    0x15, 0x15, 0x15, 0x15, 0x15, 0x15, 0x15, 0x15, 0x15, 0x15, 0x15, 0x15, 0x15, 0x15, 0x15, 0x15,
    0x15, 0x15, 0x15, 0x15, 0x15, 0x15, 0x15, 0x15, 0x15, 0x15, 0x15, 0x15, 0x15, 0x15, 0x15, 0x15,
    0x15, 0x15, 0x15, 0x15, 0x15, 0x15, 0x15, 0x15, 0x15, 0x15, 0x15, 0x15, 0x15, 0x15, 0x15, 0x15,
    0x15, 0x15, 0x15, 0x15, 0x15, 0x15, 0x15, 0x15, 0x15, 0x15, 0x15, 0x15, 0x15, 0x15, 0x15, 0x15,
    0x15, 0x15, 0x15, 0x15, 0x15, 0x15, 0x15, 0x15, 0x15, 0x15, 0x15, 0x15, 0x15, 0x15, 0x15, 0x15,
    0x15, 0x15, 0x15, 0x15, 0x15, 0x15, 0x15, 0x15, 0x15, 0x15, 0x15, 0x15, 0x15, 0x15, 0x15, 0x15,
    0x15, 0x15, 0x15, 0x15, 0x15, 0x15, 0x15, 0x15, 0x15, 0x15, 0x15, 0x15, 0x15, 0x15, 0x15, 0x15,
    0x15, 0x15, 0x15, 0x15, 0x15, 0x15, 0x15, 0x15, 0x15, 0x15, 0x15, 0x15, 0x15, 0x15, 0x15, 0x15,
    0x15, 0x15, 0x15, 0x15, 0x15, 0x15, 0x15, 0x15, 0x15, 0x15, 0x15, 0x15, 0x15, 0x15, 0x15, 0x15,
    0x15, 0x15, 0x15, 0x15, 0x15, 0x15, 0x15, 0x15, 0x15, 0x15, 0x15, 0x15, 0x15, 0x15, 0x15, 0x15,
    0x15, 0x15, 0x15, 0x15, 0x15, 0x15, 0x15, 0x15, 0x15, 0x15, 0x15, 0x15, 0x15, 0x15, 0x15, 0x15,
    0x15, 0x15, 0x15, 0x15, 0x15, 0x15, 0x15, 0x15, 0x15, 0x15, 0x15, 0x15, 0x15, 0x15, 0x15, 0x15,
    0x15, 0x15, 0x15, 0x15, 0x15, 0x15, 0x15, 0x15, 0x15, 0x15, 0x15, 0x15, 0x15, 0x15, 0x15, 0x15,
    0x15, 0x15, 0x15, 0x15, 0x15, 0x15, 0x15, 0x15, 0x15, 0x15, 0x15, 0x15, 0x15, 0x15, 0x15, 0x15,
    0x15, 0x15, 0x15, 0x15, 0x15, 0x15, 0x15, 0x15, 0x15, 0x15, 0x15, 0x15, 0x15, 0x15, 0x15, 0x15,
    0x15, 0x15, 0x15, 0x15, 0x15, 0x15, 0x15, 0x15, 0x15, 0x15, 0x15, 0x15, 0x15, 0x15, 0x15, 0x15,
    0x15, 0x15, 0x15, 0x15, 0x15, 0x15, 0x15, 0x15, 0x15, 0x15, 0x15, 0x15, 0x15, 0x15, 0x15, 0x15,
    0x15, 0x15, 0x15, 0x15, 0x15, 0x15, 0x15, 0x15, 0x15, 0x15, 0x15, 0x15, 0x15, 0x15, 0x15, 0x15,
    0x15, 0x15, 0x15, 0x15, 0x15, 0x15, 0x15, 0x15, 0x15, 0x15, 0x15, 0x15, 0x15, 0x15, 0x15, 0x15,
    0x15, 0x15, 0x15, 0x15, 0x15, 0x15, 0x15, 0x15, 0x15, 0x15, 0x15, 0x15, 0x15, 0x15, 0x15, 0x15,
    0x15, 0x15, 0x15, 0x15, 0x15, 0x15, 0x15, 0x15, 0x15, 0x15, 0x15, 0x15, 0x15, 0x15, 0x15, 0x15,
    0x15, 0x15, 0x15, 0x15, 0x15, 0x15, 0x15, 0x15, 0x15, 0x15, 0x15, 0x15, 0x15, 0x15, 0x15, 0x15,
    0x15, 0x15, 0x15, 0x15, 0x15, 0x15, 0x15, 0x15, 0x15, 0x15, 0x15, 0x15, 0x15, 0x15, 0x15, 0x15,
    0x15, 0x15, 0x15, 0x15, 0x15, 0x15, 0x15, 0x15, 0x15, 0x15, 0x15, 0x15, 0x15, 0x15, 0x15, 0x15,
    0x15, 0x15, 0x15, 0x15, 0x15, 0x15, 0x15, 0x15, 0x15, 0x15, 0x15, 0x15, 0x15, 0x15, 0x15, 0x15,
    0x15, 0x15, 0x15, 0x15, 0x15, 0x15, 0x15, 0x15, 0x15, 0x15, 0x15, 0x15, 0x15, 0x15, 0x15, 0x15,
    0x15, 0x15, 0x15, 0x15, 0x15, 0x15, 0x15, 0x15, 0x15, 0x15, 0x15, 0x15, 0x15, 0x15, 0x15, 0x15,
    0x15, 0x15, 0x15, 0x15, 0x15, 0x15, 0x15, 0x15, 0x15, 0x15, 0x15, 0x15, 0x15, 0x15, 0x15, 0x15,
    0x15, 0x15, 0x15, 0x15, 0x15, 0x15, 0x15, 0x15, 0x15, 0x15, 0x15, 0x15, 0x15, 0x15, 0x15, 0x15,
    0x15, 0x15, 0x15, 0x15, 0x15, 0x15, 0x15, 0x15, 0x15, 0x15, 0x15, 0x15, 0x15, 0x15, 0x15, 0x15,
    0x15, 0x15, 0x15, 0x15, 0x15, 0x15, 0x15, 0x15, 0x15, 0x15, 0x15, 0x15, 0x15, 0x15, 0x15, 0x15,
    0x15, 0x15, 0x15, 0x15, 0x15, 0x15, 0x15, 0x15, 0x15, 0x15, 0x15, 0x15, 0x15, 0x15, 0x15, 0x15,
    0x15, 0x15, 0x15, 0x15, 0x15, 0x15, 0x15, 0x15, 0x15, 0x15, 0x15, 0x15, 0x15, 0x15, 0x15, 0x15,
    0x15, 0x15, 0x15, 0x15, 0x15, 0x15, 0x15, 0x15, 0x15, 0x15, 0x15, 0x15, 0x15, 0x15, 0x15, 0x15,
    0x15, 0x15, 0x15, 0x15, 0x15, 0x15, 0x15, 0x15, 0x15, 0x15, 0x15, 0x15, 0x15, 0x15, 0x15, 0x15,
    0x15, 0x15, 0x15, 0x15, 0x15, 0x15, 0x15, 0x15, 0x15, 0x15, 0x15, 0x15, 0x15, 0x15, 0x15, 0x15,
    0x15, 0x15, 0x15, 0x15, 0x15, 0x15, 0x15, 0x15, 0x15, 0x15, 0x15, 0x15, 0x15, 0x15, 0x15, 0x15,
    0x15, 0x15, 0x15, 0x15, 0x15, 0x15, 0x15, 0x15, 0x15, 0x15, 0x15, 0x15, 0x15, 0x15, 0x15, 0x15,
    0x15, 0x15, 0x15, 0x15, 0x15, 0x15, 0x15, 0x15, 0x15, 0x15, 0x15, 0x15, 0x15, 0x15, 0x15, 0x15,
    0x15, 0x15, 0x15, 0x15, 0x13, 0x14, 0x14, 0x14, 0x11, 0x11, 0x11, 0x11, 0x11, 0x11, 0x11, 0x11,
    0x15, 0x11, 0x07, 0x07, 0x07, 0x07, 0x11, 0x11, 0x15, 0x15, 0x11, 0x07, 0x11, 0x12, 0x12, 0x12,
    0x15, 0x15, 0x15, 0x11, 0x07, 0x11, 0x12, 0x08, 0x15, 0x15, 0x15, 0x15, 0x11, 0x07, 0x11, 0x09,
    0x15, 0x15, 0x15, 0x15, 0x14, 0x11, 0x07, 0x11, 0x15, 0x15, 0x15, 0x15, 0x15, 0x14, 0x07, 0x11,
    0x14, 0x14, 0x14, 0x14, 0x14, 0x14, 0x14, 0x14, 0x11, 0x11, 0x11, 0x11, 0x11, 0x11, 0x11, 0x11,
    0x14, 0x14, 0x14, 0x09, 0x08, 0x05, 0x03, 0x01, 0x09, 0x09, 0x09, 0x09, 0x09, 0x09, 0x09, 0x09,
    0x08, 0x15, 0x15, 0x15, 0x15, 0x15, 0x15, 0x15, 0x05, 0x05, 0x05, 0x05, 0x05, 0x08, 0x09, 0x12,
    0x08, 0x03, 0x03, 0x03, 0x03, 0x03, 0x03, 0x03, 0x09, 0x03, 0x05, 0x09, 0x09, 0x09, 0x08, 0x05,
    0x14, 0x14, 0x14, 0x14, 0x14, 0x14, 0x14, 0x15, 0x11, 0x11, 0x11, 0x11, 0x11, 0x11, 0x14, 0x14,
    0x03, 0x05, 0x08, 0x09, 0x09, 0x12, 0x12, 0x12, 0x09, 0x09, 0x09, 0x09, 0x09, 0x09, 0x09, 0x09,
    0x15, 0x15, 0x15, 0x15, 0x15, 0x15, 0x15, 0x15, 0x15, 0x15, 0x15, 0x15, 0x15, 0x15, 0x15, 0x15,
    0x03, 0x05, 0x12, 0x15, 0x15, 0x15, 0x15, 0x15, 0x01, 0x00, 0x01, 0x03, 0x08, 0x12, 0x15, 0x15,
    0x15, 0x15, 0x15, 0x15, 0x15, 0x03, 0x11, 0x07, 0x14, 0x14, 0x15, 0x15, 0x15, 0x03, 0x05, 0x11,
    0x12, 0x14, 0x14, 0x14, 0x15, 0x03, 0x01, 0x12, 0x09, 0x12, 0x12, 0x15, 0x15, 0x03, 0x01, 0x05,
    0x12, 0x12, 0x12, 0x12, 0x15, 0x05, 0x01, 0x05, 0x15, 0x15, 0x15, 0x12, 0x12, 0x05, 0x01, 0x05,
    0x15, 0x15, 0x15, 0x15, 0x15, 0x08, 0x01, 0x05, 0x15, 0x15, 0x15, 0x15, 0x15, 0x09, 0x01, 0x05,
    0x11, 0x14, 0x12, 0x12, 0x05, 0x00, 0x03, 0x09, 0x07, 0x11, 0x14, 0x12, 0x05, 0x00, 0x03, 0x09,
    0x11, 0x07, 0x11, 0x14, 0x08, 0x01, 0x03, 0x09, 0x14, 0x11, 0x07, 0x11, 0x11, 0x08, 0x05, 0x09,
    0x09, 0x14, 0x11, 0x07, 0x07, 0x11, 0x11, 0x09, 0x08, 0x12, 0x14, 0x14, 0x11, 0x07, 0x07, 0x11,
    0x08, 0x09, 0x12, 0x15, 0x14, 0x11, 0x11, 0x11, 0x08, 0x09, 0x12, 0x15, 0x15, 0x15, 0x14, 0x14,
    0x09, 0x05, 0x03, 0x01, 0x03, 0x15, 0x15, 0x15, 0x09, 0x05, 0x03, 0x01, 0x00, 0x15, 0x15, 0x15,
    0x09, 0x05, 0x03, 0x01, 0x00, 0x15, 0x15, 0x15, 0x09, 0x05, 0x03, 0x01, 0x00, 0x09, 0x15, 0x15,
    0x09, 0x08, 0x03, 0x01, 0x00, 0x08, 0x15, 0x14, 0x14, 0x14, 0x14, 0x14, 0x14, 0x14, 0x14, 0x11,
    0x11, 0x11, 0x11, 0x11, 0x11, 0x11, 0x11, 0x11, 0x14, 0x14, 0x14, 0x14, 0x14, 0x14, 0x14, 0x14,
    0x15, 0x15, 0x15, 0x15, 0x14, 0x11, 0x14, 0x08, 0x15, 0x15, 0x15, 0x15, 0x11, 0x07, 0x12, 0x03,
    0x15, 0x15, 0x15, 0x11, 0x07, 0x14, 0x12, 0x03, 0x15, 0x15, 0x11, 0x07, 0x14, 0x15, 0x12, 0x05,
    0x14, 0x11, 0x07, 0x14, 0x15, 0x15, 0x12, 0x08, 0x07, 0x07, 0x14, 0x15, 0x15, 0x15, 0x15, 0x09,
    0x11, 0x14, 0x15, 0x15, 0x15, 0x15, 0x15, 0x09, 0x15, 0x15, 0x15, 0x15, 0x15, 0x15, 0x15, 0x12,
    0x15, 0x15, 0x15, 0x15, 0x15, 0x15, 0x15, 0x15, 0x12, 0x15, 0x15, 0x15, 0x15, 0x15, 0x15, 0x15,
    0x08, 0x15, 0x15, 0x15, 0x15, 0x15, 0x15, 0x15, 0x03, 0x12, 0x15, 0x15, 0x15, 0x15, 0x15, 0x15,
    0x03, 0x08, 0x15, 0x15, 0x15, 0x15, 0x15, 0x15, 0x05, 0x03, 0x15, 0x15, 0x15, 0x15, 0x15, 0x15,
    0x08, 0x03, 0x09, 0x15, 0x15, 0x15, 0x15, 0x15, 0x09, 0x03, 0x05, 0x15, 0x15, 0x15, 0x15, 0x15,
    0x15, 0x15, 0x07, 0x11, 0x15, 0x15, 0x15, 0x09, 0x15, 0x15, 0x07, 0x14, 0x15, 0x15, 0x15, 0x09,
    0x15, 0x14, 0x07, 0x14, 0x15, 0x15, 0x12, 0x09, 0x15, 0x14, 0x07, 0x14, 0x15, 0x15, 0x12, 0x09,
    0x15, 0x14, 0x07, 0x15, 0x15, 0x15, 0x12, 0x09, 0x15, 0x14, 0x11, 0x15, 0x15, 0x15, 0x12, 0x09,
    0x15, 0x14, 0x11, 0x15, 0x15, 0x15, 0x12, 0x09, 0x15, 0x14, 0x11, 0x15, 0x15, 0x15, 0x12, 0x09,
    0x09, 0x15, 0x15, 0x15, 0x15, 0x15, 0x15, 0x15, 0x09, 0x15, 0x15, 0x15, 0x15, 0x15, 0x15, 0x15,
    0x09, 0x15, 0x15, 0x15, 0x15, 0x15, 0x15, 0x15, 0x09, 0x15, 0x15, 0x15, 0x15, 0x15, 0x15, 0x15,
    0x09, 0x15, 0x15, 0x15, 0x15, 0x15, 0x15, 0x15, 0x09, 0x15, 0x15, 0x15, 0x15, 0x15, 0x15, 0x15,
    0x09, 0x15, 0x15, 0x15, 0x15, 0x15, 0x08, 0x08, 0x09, 0x15, 0x15, 0x15, 0x09, 0x09, 0x08, 0x08,
    0x15, 0x15, 0x15, 0x15, 0x15, 0x15, 0x15, 0x15, 0x15, 0x15, 0x15, 0x15, 0x15, 0x15, 0x15, 0x15,
    0x15, 0x15, 0x15, 0x15, 0x15, 0x15, 0x15, 0x15, 0x15, 0x15, 0x15, 0x15, 0x15, 0x15, 0x15, 0x15,
    0x15, 0x15, 0x15, 0x15, 0x15, 0x15, 0x15, 0x15, 0x15, 0x15, 0x15, 0x15, 0x15, 0x15, 0x15, 0x15,
    0x08, 0x08, 0x08, 0x08, 0x08, 0x08, 0x08, 0x08, 0x08, 0x08, 0x08, 0x05, 0x05, 0x05, 0x03, 0x03,
    0x15, 0x15, 0x15, 0x15, 0x15, 0x15, 0x15, 0x15, 0x15, 0x15, 0x15, 0x15, 0x15, 0x15, 0x15, 0x15,
    0x15, 0x15, 0x15, 0x15, 0x15, 0x15, 0x15, 0x15, 0x15, 0x15, 0x15, 0x15, 0x15, 0x15, 0x15, 0x15,
    0x15, 0x15, 0x15, 0x15, 0x15, 0x15, 0x15, 0x15, 0x15, 0x15, 0x15, 0x15, 0x15, 0x15, 0x15, 0x15,
    0x08, 0x08, 0x05, 0x05, 0x05, 0x15, 0x15, 0x15, 0x01, 0x01, 0x03, 0x03, 0x05, 0x05, 0x05, 0x05,
    0x15, 0x15, 0x15, 0x15, 0x15, 0x15, 0x15, 0x15, 0x15, 0x15, 0x15, 0x15, 0x15, 0x15, 0x15, 0x15,
    0x15, 0x15, 0x15, 0x15, 0x15, 0x15, 0x15, 0x15, 0x15, 0x15, 0x15, 0x15, 0x15, 0x15, 0x15, 0x15,
    0x15, 0x15, 0x15, 0x15, 0x15, 0x15, 0x15, 0x15, 0x15, 0x15, 0x15, 0x15, 0x15, 0x15, 0x15, 0x15,
    0x15, 0x15, 0x15, 0x15, 0x15, 0x15, 0x15, 0x15, 0x15, 0x15, 0x15, 0x15, 0x15, 0x15, 0x15, 0x15,
    0x15, 0x15, 0x15, 0x15, 0x15, 0x15, 0x15, 0x15, 0x15, 0x15, 0x15, 0x15, 0x15, 0x15, 0x15, 0x15,
    0x15, 0x15, 0x15, 0x15, 0x15, 0x15, 0x15, 0x15, 0x15, 0x15, 0x15, 0x15, 0x15, 0x15, 0x15, 0x15,
    0x15, 0x15, 0x15, 0x15, 0x15, 0x15, 0x15, 0x15, 0x15, 0x15, 0x15, 0x15, 0x15, 0x15, 0x15, 0x15,
    0x15, 0x15, 0x15, 0x15, 0x15, 0x15, 0x15, 0x15, 0x15, 0x15, 0x15, 0x15, 0x15, 0x15, 0x15, 0x15,
    0x15, 0x15, 0x15, 0x15, 0x15, 0x15, 0x15, 0x15, 0x15, 0x15, 0x15, 0x15, 0x15, 0x15, 0x15, 0x15,
    0x15, 0x15, 0x15, 0x15, 0x15, 0x15, 0x15, 0x15, 0x15, 0x15, 0x15, 0x15, 0x15, 0x15, 0x15, 0x15,
    0x15, 0x15, 0x15, 0x15, 0x15, 0x15, 0x15, 0x15, 0x15, 0x15, 0x15, 0x15, 0x15, 0x15, 0x15, 0x15,
    0x15, 0x15, 0x15, 0x15, 0x15, 0x15, 0x15, 0x15, 0x15, 0x15, 0x15, 0x15, 0x15, 0x15, 0x15, 0x15,
    0x15, 0x15, 0x15, 0x15, 0x15, 0x15, 0x15, 0x15, 0x15, 0x15, 0x15, 0x15, 0x15, 0x15, 0x15, 0x15,
    0x15, 0x15, 0x15, 0x15, 0x15, 0x15, 0x15, 0x15, 0x15, 0x15, 0x15, 0x15, 0x15, 0x15, 0x15, 0x15,
    0x15, 0x15, 0x15, 0x15, 0x15, 0x15, 0x15, 0x15, 0x15, 0x15, 0x15, 0x15, 0x15, 0x15, 0x15, 0x15,
    0x15, 0x15, 0x15, 0x15, 0x15, 0x15, 0x15, 0x15, 0x15, 0x15, 0x15, 0x15, 0x15, 0x15, 0x15, 0x15,
    0x15, 0x15, 0x15, 0x15, 0x15, 0x15, 0x15, 0x15, 0x15, 0x15, 0x15, 0x15, 0x15, 0x15, 0x15, 0x15,
    0x15, 0x15, 0x15, 0x15, 0x15, 0x15, 0x15, 0x15, 0x15, 0x15, 0x15, 0x15, 0x15, 0x15, 0x15, 0x15,
    0x15, 0x15, 0x15, 0x15, 0x15, 0x15, 0x15, 0x15, 0x15, 0x15, 0x15, 0x15, 0x15, 0x15, 0x15, 0x15,
    0x15, 0x15, 0x15, 0x15, 0x15, 0x15, 0x15, 0x15, 0x15, 0x15, 0x15, 0x15, 0x15, 0x15, 0x15, 0x15,
    0x15, 0x15, 0x15, 0x15, 0x15, 0x15, 0x15, 0x15, 0x15, 0x15, 0x15, 0x15, 0x15, 0x15, 0x15, 0x15,
    0x15, 0x15, 0x15, 0x15, 0x15, 0x15, 0x15, 0x15, 0x15, 0x15, 0x15, 0x15, 0x15, 0x15, 0x15, 0x15,
    0x15, 0x15, 0x15, 0x15, 0x15, 0x15, 0x15, 0x15, 0x15, 0x15, 0x15, 0x15, 0x15, 0x15, 0x15, 0x15,
    0x15, 0x15, 0x15, 0x15, 0x15, 0x15, 0x15, 0x15, 0x15, 0x15, 0x15, 0x15, 0x15, 0x15, 0x15, 0x15,
    0x15, 0x15, 0x15, 0x15, 0x15, 0x15, 0x15, 0x15, 0x15, 0x15, 0x15, 0x15, 0x15, 0x15, 0x15, 0x15,
    0x15, 0x15, 0x15, 0x15, 0x15, 0x15, 0x15, 0x15, 0x15, 0x15, 0x15, 0x15, 0x15, 0x15, 0x15, 0x15,
    0x15, 0x15, 0x15, 0x15, 0x15, 0x15, 0x15, 0x15, 0x15, 0x15, 0x15, 0x15, 0x15, 0x15, 0x15, 0x15,
    0x15, 0x15, 0x15, 0x15, 0x15, 0x15, 0x15, 0x15, 0x15, 0x15, 0x15, 0x15, 0x15, 0x15, 0x15, 0x15,
    0x15, 0x15, 0x15, 0x15, 0x15, 0x15, 0x15, 0x15, 0x15, 0x15, 0x15, 0x15, 0x15, 0x15, 0x15, 0x15,
    0x15, 0x15, 0x15, 0x15, 0x15, 0x15, 0x15, 0x15, 0x15, 0x15, 0x15, 0x15, 0x15, 0x15, 0x15, 0x15,
    0x15, 0x15, 0x15, 0x15, 0x15, 0x15, 0x15, 0x15, 0x15, 0x15, 0x15, 0x15, 0x15, 0x15, 0x15, 0x15,
    0x15, 0x15, 0x15, 0x15, 0x15, 0x15, 0x15, 0x15, 0x15, 0x15, 0x15, 0x15, 0x15, 0x15, 0x15, 0x15,
    0x15, 0x15, 0x15, 0x15, 0x15, 0x15, 0x15, 0x15, 0x15, 0x15, 0x15, 0x15, 0x15, 0x15, 0x15, 0x15,
    0x15, 0x15, 0x15, 0x15, 0x15, 0x15, 0x15, 0x15, 0x15, 0x15, 0x15, 0x15, 0x15, 0x15, 0x15, 0x15,
    0x15, 0x15, 0x15, 0x15, 0x15, 0x15, 0x15, 0x15, 0x15, 0x15, 0x15, 0x15, 0x15, 0x15, 0x15, 0x15,
    0x15, 0x15, 0x15, 0x15, 0x15, 0x15, 0x15, 0x15, 0x15, 0x15, 0x15, 0x15, 0x15, 0x15, 0x15, 0x15,
    0x15, 0x15, 0x15, 0x15, 0x15, 0x15, 0x15, 0x15, 0x15, 0x15, 0x15, 0x15, 0x15, 0x15, 0x15, 0x15,
    0x15, 0x15, 0x15, 0x15, 0x15, 0x15, 0x15, 0x15, 0x15, 0x15, 0x15, 0x15, 0x15, 0x15, 0x15, 0x15,
    0x15, 0x15, 0x15, 0x15, 0x15, 0x15, 0x15, 0x15, 0x15, 0x15, 0x15, 0x15, 0x15, 0x15, 0x15, 0x15,
    0x15, 0x15, 0x15, 0x15, 0x15, 0x15, 0x15, 0x15, 0x15, 0x15, 0x15, 0x15, 0x15, 0x15, 0x15, 0x15,
    0x15, 0x15, 0x15, 0x15, 0x15, 0x15, 0x15, 0x15, 0x15, 0x15, 0x15, 0x15, 0x15, 0x15, 0x15, 0x15,
    0x15, 0x15, 0x15, 0x15, 0x15, 0x15, 0x15, 0x15, 0x15, 0x15, 0x15, 0x15, 0x15, 0x15, 0x15, 0x15,
    0x15, 0x15, 0x15, 0x15, 0x15, 0x15, 0x15, 0x15, 0x15, 0x15, 0x15, 0x15, 0x15, 0x15, 0x15, 0x15,
    0x15, 0x15, 0x15, 0x15, 0x15, 0x15, 0x15, 0x15, 0x15, 0x15, 0x15, 0x15, 0x15, 0x15, 0x15, 0x15,
    0x15, 0x15, 0x15, 0x15, 0x15, 0x15, 0x15, 0x15, 0x15, 0x15, 0x15, 0x15, 0x15, 0x15, 0x15, 0x15,
    0x15, 0x15, 0x15, 0x15, 0x15, 0x15, 0x15, 0x15, 0x15, 0x15, 0x15, 0x15, 0x15, 0x15, 0x15, 0x15,
    0x15, 0x15, 0x15, 0x15, 0x15, 0x15, 0x15, 0x15, 0x15, 0x15, 0x15, 0x15, 0x15, 0x15, 0x15, 0x15,
    0x15, 0x15, 0x15, 0x15, 0x15, 0x15, 0x15, 0x15, 0x15, 0x15, 0x15, 0x15, 0x15, 0x15, 0x15, 0x15,
    0x15, 0x15, 0x15, 0x15, 0x15, 0x15, 0x15, 0x15, 0x15, 0x15, 0x15, 0x15, 0x15, 0x15, 0x15, 0x15,
    0x15, 0x15, 0x15, 0x15, 0x15, 0x15, 0x15, 0x15, 0x15, 0x15, 0x15, 0x15, 0x15, 0x15, 0x15, 0x15,
    0x15, 0x15, 0x15, 0x15, 0x15, 0x15, 0x15, 0x15, 0x15, 0x15, 0x15, 0x15, 0x15, 0x15, 0x15, 0x15,
    0x15, 0x15, 0x15, 0x15, 0x15, 0x15, 0x15, 0x15, 0x15, 0x15, 0x15, 0x15, 0x15, 0x15, 0x15, 0x15,
    0x15, 0x15, 0x15, 0x15, 0x15, 0x15, 0x15, 0x15, 0x15, 0x15, 0x15, 0x15, 0x15, 0x15, 0x15, 0x15,
    0x15, 0x15, 0x15, 0x15, 0x15, 0x15, 0x15, 0x15, 0x15, 0x15, 0x15, 0x15, 0x15, 0x15, 0x15, 0x15,
    0x15, 0x15, 0x15, 0x15, 0x15, 0x15, 0x15, 0x15, 0x15, 0x15, 0x15, 0x15, 0x15, 0x15, 0x15, 0x15,
    0x15, 0x15, 0x15, 0x15, 0x15, 0x15, 0x15, 0x15, 0x15, 0x15, 0x15, 0x15, 0x15, 0x15, 0x15, 0x15,
    0x15, 0x15, 0x15, 0x15, 0x15, 0x15, 0x15, 0x15, 0x15, 0x15, 0x15, 0x15, 0x15, 0x15, 0x15, 0x15,
    0x15, 0x15, 0x15, 0x15, 0x15, 0x15, 0x15, 0x15, 0x15, 0x15, 0x15, 0x15, 0x15, 0x15, 0x15, 0x15,
    0x15, 0x15, 0x15, 0x15, 0x15, 0x15, 0x15, 0x15, 0x15, 0x15, 0x15, 0x15, 0x15, 0x15, 0x15, 0x15,
    0x15, 0x15, 0x15, 0x15, 0x15, 0x15, 0x15, 0x15, 0x15, 0x15, 0x15, 0x15, 0x15, 0x15, 0x15, 0x15,
    0x15, 0x15, 0x15, 0x15, 0x15, 0x15, 0x15, 0x15, 0x15, 0x15, 0x15, 0x15, 0x15, 0x15, 0x15, 0x15,
    0x15, 0x15, 0x15, 0x15, 0x15, 0x15, 0x15, 0x15, 0x15, 0x15, 0x15, 0x15, 0x15, 0x15, 0x15, 0x15,
    0x15, 0x15, 0x15, 0x15, 0x15, 0x15, 0x15, 0x15, 0x15, 0x15, 0x15, 0x15, 0x15, 0x15, 0x15, 0x15,
    0x15, 0x15, 0x15, 0x15, 0x15, 0x15, 0x15, 0x15, 0x15, 0x15, 0x15, 0x15, 0x15, 0x15, 0x15, 0x15,
    0x15, 0x15, 0x15, 0x15, 0x15, 0x15, 0x15, 0x15, 0x15, 0x15, 0x15, 0x15, 0x15, 0x15, 0x15, 0x15,
    0x15, 0x15, 0x15, 0x15, 0x15, 0x15, 0x15, 0x15, 0x15, 0x15, 0x15, 0x15, 0x15, 0x15, 0x15, 0x15,
    0x15, 0x15, 0x15, 0x15, 0x15, 0x15, 0x15, 0x15, 0x15, 0x15, 0x15, 0x15, 0x15, 0x15, 0x15, 0x15,
    0x15, 0x15, 0x15, 0x15, 0x15, 0x15, 0x15, 0x15, 0x15, 0x15, 0x15, 0x15, 0x15, 0x15, 0x15, 0x15,
    0x15, 0x15, 0x15, 0x15, 0x15, 0x15, 0x15, 0x15, 0x15, 0x15, 0x15, 0x15, 0x15, 0x15, 0x15, 0x15,
    0x15, 0x15, 0x15, 0x15, 0x15, 0x15, 0x15, 0x15, 0x15, 0x15, 0x15, 0x15, 0x15, 0x15, 0x15, 0x15,
    0x15, 0x15, 0x15, 0x15, 0x15, 0x15, 0x15, 0x15, 0x15, 0x15, 0x15, 0x15, 0x15, 0x15, 0x15, 0x15,
    0x15, 0x15, 0x15, 0x15, 0x15, 0x15, 0x15, 0x15, 0x15, 0x15, 0x15, 0x15, 0x15, 0x15, 0x15, 0x15,
    0x15, 0x15, 0x15, 0x15, 0x15, 0x14, 0x11, 0x07, 0x15, 0x15, 0x15, 0x15, 0x15, 0x15, 0x14, 0x07,
    0x15, 0x15, 0x15, 0x15, 0x15, 0x15, 0x14, 0x11, 0x15, 0x15, 0x15, 0x15, 0x15, 0x15, 0x15, 0x14,
    0x15, 0x15, 0x15, 0x15, 0x15, 0x15, 0x15, 0x14, 0x15, 0x15, 0x15, 0x15, 0x15, 0x15, 0x15, 0x15,
    0x15, 0x15, 0x15, 0x15, 0x15, 0x15, 0x15, 0x15, 0x15, 0x15, 0x15, 0x15, 0x15, 0x15, 0x15, 0x15,
    0x14, 0x05, 0x01, 0x05, 0x09, 0x09, 0x09, 0x09, 0x11, 0x12, 0x03, 0x01, 0x05, 0x08, 0x09, 0x09,
    0x07, 0x14, 0x08, 0x01, 0x01, 0x05, 0x08, 0x09, 0x07, 0x11, 0x14, 0x03, 0x00, 0x01, 0x05, 0x08,
    0x11, 0x07, 0x14, 0x09, 0x01, 0x00, 0x01, 0x05, 0x14, 0x07, 0x11, 0x14, 0x03, 0x01, 0x00, 0x01,
    0x14, 0x11, 0x07, 0x11, 0x09, 0x01, 0x01, 0x00, 0x15, 0x14, 0x11, 0x11, 0x14, 0x03, 0x01, 0x01,
    0x08, 0x03, 0x01, 0x00, 0x00, 0x01, 0x08, 0x15, 0x09, 0x08, 0x05, 0x03, 0x01, 0x00, 0x00, 0x08,
    0x09, 0x09, 0x09, 0x08, 0x05, 0x01, 0x00, 0x00, 0x09, 0x09, 0x09, 0x09, 0x08, 0x05, 0x03, 0x00,
    0x08, 0x09, 0x09, 0x09, 0x09, 0x09, 0x08, 0x05, 0x05, 0x08, 0x09, 0x09, 0x09, 0x09, 0x09, 0x09,
    0x01, 0x05, 0x08, 0x09, 0x09, 0x09, 0x09, 0x09, 0x00, 0x01, 0x05, 0x08, 0x09, 0x09, 0x12, 0x15,
    0x15, 0x15, 0x15, 0x15, 0x15, 0x12, 0x01, 0x08, 0x15, 0x15, 0x15, 0x15, 0x15, 0x15, 0x01, 0x08,
    0x09, 0x15, 0x15, 0x15, 0x15, 0x15, 0x03, 0x05, 0x00, 0x09, 0x15, 0x15, 0x15, 0x15, 0x05, 0x03,
    0x03, 0x01, 0x12, 0x15, 0x15, 0x15, 0x08, 0x03, 0x08, 0x05, 0x12, 0x15, 0x15, 0x15, 0x09, 0x01,
    0x12, 0x15, 0x15, 0x15, 0x15, 0x15, 0x12, 0x01, 0x15, 0x15, 0x15, 0x15, 0x15, 0x15, 0x15, 0x03,
    0x08, 0x09, 0x12, 0x15, 0x15, 0x09, 0x03, 0x09, 0x09, 0x09, 0x12, 0x15, 0x15, 0x09, 0x01, 0x09,
    0x12, 0x09, 0x12, 0x15, 0x15, 0x09, 0x00, 0x09, 0x15, 0x12, 0x12, 0x15, 0x15, 0x09, 0x00, 0x08,
    0x15, 0x15, 0x12, 0x15, 0x15, 0x09, 0x00, 0x05, 0x15, 0x15, 0x15, 0x15, 0x15, 0x09, 0x00, 0x03,
    0x09, 0x15, 0x15, 0x15, 0x15, 0x12, 0x01, 0x03, 0x08, 0x09, 0x15, 0x15, 0x15, 0x15, 0x12, 0x05,
    0x09, 0x05, 0x03, 0x01, 0x00, 0x08, 0x12, 0x15, 0x09, 0x05, 0x03, 0x01, 0x00, 0x03, 0x09, 0x15,
    0x09, 0x08, 0x03, 0x01, 0x00, 0x01, 0x08, 0x15, 0x09, 0x09, 0x03, 0x01, 0x00, 0x00, 0x05, 0x15,
    0x09, 0x09, 0x05, 0x01, 0x00, 0x00, 0x03, 0x12, 0x09, 0x09, 0x08, 0x01, 0x00, 0x00, 0x01, 0x09,
    0x09, 0x09, 0x09, 0x03, 0x01, 0x00, 0x00, 0x08, 0x08, 0x09, 0x09, 0x05, 0x01, 0x00, 0x00, 0x05,
    0x15, 0x15, 0x15, 0x15, 0x15, 0x15, 0x15, 0x15, 0x15, 0x15, 0x15, 0x15, 0x15, 0x15, 0x15, 0x15,
    0x15, 0x15, 0x15, 0x15, 0x15, 0x15, 0x15, 0x15, 0x15, 0x15, 0x15, 0x15, 0x15, 0x15, 0x15, 0x15,
    0x15, 0x15, 0x15, 0x15, 0x15, 0x15, 0x15, 0x15, 0x15, 0x15, 0x15, 0x15, 0x15, 0x15, 0x15, 0x15,
    0x15, 0x15, 0x15, 0x15, 0x15, 0x15, 0x15, 0x15, 0x15, 0x15, 0x15, 0x15, 0x15, 0x15, 0x15, 0x15,
    0x09, 0x05, 0x03, 0x14, 0x14, 0x15, 0x15, 0x15, 0x09, 0x08, 0x03, 0x05, 0x11, 0x14, 0x15, 0x15,
    0x12, 0x09, 0x05, 0x03, 0x07, 0x11, 0x14, 0x15, 0x15, 0x09, 0x08, 0x03, 0x07, 0x11, 0x14, 0x15,
    0x15, 0x12, 0x09, 0x05, 0x07, 0x11, 0x14, 0x15, 0x15, 0x15, 0x09, 0x08, 0x11, 0x11, 0x14, 0x14,
    0x15, 0x15, 0x12, 0x09, 0x11, 0x11, 0x14, 0x14, 0x15, 0x15, 0x15, 0x12, 0x11, 0x14, 0x15, 0x14,
    0x15, 0x14, 0x11, 0x15, 0x15, 0x15, 0x12, 0x09, 0x15, 0x14, 0x11, 0x15, 0x15, 0x15, 0x12, 0x09,
    0x15, 0x14, 0x11, 0x15, 0x15, 0x15, 0x12, 0x09, 0x15, 0x14, 0x11, 0x15, 0x15, 0x15, 0x12, 0x09,
    0x15, 0x14, 0x11, 0x15, 0x15, 0x15, 0x09, 0x12, 0x15, 0x14, 0x11, 0x15, 0x15, 0x15, 0x09, 0x12,
    0x15, 0x14, 0x11, 0x15, 0x15, 0x12, 0x09, 0x12, 0x15, 0x14, 0x11, 0x15, 0x15, 0x12, 0x12, 0x09,
    0x09, 0x15, 0x09, 0x09, 0x08, 0x08, 0x08, 0x12, 0x09, 0x12, 0x09, 0x08, 0x08, 0x12, 0x12, 0x15,
    0x12, 0x09, 0x08, 0x08, 0x08, 0x05, 0x03, 0x03, 0x12, 0x08, 0x08, 0x05, 0x09, 0x09, 0x09, 0x09,
    0x09, 0x08, 0x05, 0x03, 0x08, 0x09, 0x12, 0x12, 0x08, 0x08, 0x03, 0x03, 0x03, 0x08, 0x09, 0x12,
    0x08, 0x08, 0x05, 0x03, 0x00, 0x03, 0x08, 0x09, 0x08, 0x08, 0x09, 0x05, 0x00, 0x00, 0x03, 0x08,
    0x12, 0x15, 0x15, 0x15, 0x15, 0x15, 0x15, 0x15, 0x15, 0x15, 0x15, 0x15, 0x15, 0x15, 0x15, 0x15,
    0x05, 0x08, 0x09, 0x12, 0x15, 0x15, 0x15, 0x15, 0x08, 0x05, 0x03, 0x03, 0x05, 0x08, 0x12, 0x15,
    0x09, 0x09, 0x08, 0x05, 0x03, 0x01, 0x01, 0x05, 0x12, 0x12, 0x09, 0x09, 0x08, 0x05, 0x05, 0x03,
    0x12, 0x12, 0x12, 0x12, 0x09, 0x09, 0x08, 0x05, 0x12, 0x12, 0x12, 0x12, 0x12, 0x12, 0x09, 0x09,
    0x12, 0x12, 0x09, 0x08, 0x05, 0x03, 0x01, 0x03, 0x15, 0x15, 0x15, 0x15, 0x15, 0x15, 0x12, 0x08,
    0x15, 0x15, 0x15, 0x15, 0x15, 0x15, 0x15, 0x15, 0x15, 0x15, 0x15, 0x15, 0x15, 0x15, 0x15, 0x15,
    0x08, 0x12, 0x15, 0x15, 0x15, 0x15, 0x15, 0x15, 0x01, 0x01, 0x05, 0x12, 0x15, 0x15, 0x15, 0x15,
    0x05, 0x03, 0x03, 0x03, 0x05, 0x09, 0x15, 0x15, 0x08, 0x08, 0x05, 0x05, 0x03, 0x03, 0x08, 0x15,
    0x05, 0x05, 0x15, 0x15, 0x15, 0x15, 0x15, 0x15, 0x03, 0x01, 0x05, 0x05, 0x15, 0x15, 0x15, 0x15,
    0x12, 0x05, 0x03, 0x01, 0x05, 0x05, 0x15, 0x15, 0x15, 0x15, 0x09, 0x05, 0x03, 0x01, 0x05, 0x15,
    0x15, 0x15, 0x15, 0x12, 0x08, 0x05, 0x03, 0x08, 0x15, 0x15, 0x15, 0x15, 0x15, 0x09, 0x08, 0x05,
    0x15, 0x15, 0x15, 0x15, 0x15, 0x15, 0x15, 0x09, 0x15, 0x15, 0x15, 0x15, 0x15, 0x15, 0x15, 0x15,
    0x15, 0x15, 0x15, 0x15, 0x15, 0x15, 0x15, 0x15, 0x15, 0x15, 0x15, 0x15, 0x15, 0x15, 0x15, 0x15,
    0x15, 0x15, 0x15, 0x15, 0x15, 0x15, 0x15, 0x15, 0x15, 0x15, 0x15, 0x15, 0x15, 0x15, 0x15, 0x15,
    0x08, 0x15, 0x15, 0x15, 0x15, 0x15, 0x15, 0x15, 0x05, 0x08, 0x15, 0x15, 0x15, 0x15, 0x15, 0x15,
    0x08, 0x05, 0x08, 0x15, 0x15, 0x15, 0x15, 0x15, 0x12, 0x08, 0x05, 0x08, 0x15, 0x15, 0x15, 0x15,
    0x15, 0x15, 0x15, 0x15, 0x15, 0x15, 0x15, 0x15, 0x15, 0x15, 0x15, 0x15, 0x15, 0x15, 0x15, 0x15,
    0x15, 0x15, 0x15, 0x15, 0x15, 0x15, 0x15, 0x15, 0x15, 0x15, 0x15, 0x15, 0x15, 0x15, 0x15, 0x15,
    0x15, 0x15, 0x15, 0x15, 0x15, 0x15, 0x15, 0x15, 0x15, 0x15, 0x15, 0x15, 0x15, 0x15, 0x15, 0x15,
    0x15, 0x15, 0x15, 0x15, 0x15, 0x15, 0x15, 0x15, 0x15, 0x15, 0x15, 0x15, 0x15, 0x15, 0x15, 0x15,
    0x15, 0x15, 0x15, 0x15, 0x15, 0x15, 0x15, 0x15, 0x15, 0x15, 0x15, 0x15, 0x15, 0x15, 0x15, 0x15,
    0x15, 0x15, 0x15, 0x15, 0x15, 0x15, 0x15, 0x15, 0x15, 0x15, 0x15, 0x15, 0x15, 0x15, 0x15, 0x15,
    0x15, 0x15, 0x15, 0x15, 0x15, 0x15, 0x15, 0x15, 0x15, 0x15, 0x15, 0x15, 0x15, 0x15, 0x15, 0x15,
    0x15, 0x15, 0x15, 0x15, 0x15, 0x15, 0x15, 0x15, 0x15, 0x15, 0x15, 0x15, 0x15, 0x15, 0x15, 0x15,
    0x15, 0x15, 0x15, 0x15, 0x15, 0x15, 0x15, 0x15, 0x15, 0x15, 0x15, 0x15, 0x15, 0x15, 0x15, 0x15,
    0x15, 0x15, 0x15, 0x15, 0x15, 0x15, 0x15, 0x15, 0x15, 0x15, 0x15, 0x15, 0x15, 0x15, 0x15, 0x15,
    0x15, 0x15, 0x15, 0x15, 0x15, 0x15, 0x15, 0x15, 0x15, 0x15, 0x15, 0x15, 0x15, 0x15, 0x15, 0x15,
    0x15, 0x15, 0x15, 0x15, 0x15, 0x15, 0x15, 0x15, 0x15, 0x15, 0x15, 0x15, 0x15, 0x15, 0x15, 0x15,
    0x15, 0x15, 0x15, 0x15, 0x15, 0x15, 0x15, 0x15, 0x15, 0x15, 0x15, 0x15, 0x15, 0x15, 0x15, 0x15,
    0x15, 0x15, 0x15, 0x15, 0x15, 0x15, 0x15, 0x15, 0x15, 0x15, 0x15, 0x15, 0x15, 0x15, 0x15, 0x15,
    0x15, 0x15, 0x15, 0x15, 0x15, 0x15, 0x15, 0x15, 0x15, 0x15, 0x15, 0x15, 0x15, 0x15, 0x15, 0x15,
    0x15, 0x15, 0x15, 0x15, 0x15, 0x15, 0x15, 0x15, 0x15, 0x15, 0x15, 0x15, 0x15, 0x15, 0x15, 0x15,
    0x15, 0x15, 0x15, 0x15, 0x15, 0x15, 0x15, 0x15, 0x15, 0x15, 0x15, 0x15, 0x15, 0x15, 0x15, 0x15,
    0x15, 0x15, 0x15, 0x15, 0x15, 0x15, 0x15, 0x15, 0x15, 0x15, 0x15, 0x15, 0x15, 0x15, 0x15, 0x15,
    0x15, 0x15, 0x15, 0x15, 0x15, 0x15, 0x15, 0x15, 0x15, 0x15, 0x15, 0x15, 0x15, 0x15, 0x15, 0x15,
    0x15, 0x15, 0x15, 0x15, 0x15, 0x15, 0x15, 0x15, 0x15, 0x15, 0x15, 0x15, 0x15, 0x15, 0x15, 0x15,
    0x15, 0x15, 0x15, 0x15, 0x15, 0x15, 0x15, 0x15, 0x15, 0x15, 0x15, 0x15, 0x15, 0x15, 0x15, 0x15,
    0x15, 0x15, 0x15, 0x15, 0x15, 0x15, 0x15, 0x15, 0x15, 0x15, 0x15, 0x15, 0x15, 0x15, 0x15, 0x15,
    0x15, 0x15, 0x15, 0x15, 0x15, 0x15, 0x15, 0x15, 0x15, 0x15, 0x15, 0x15, 0x15, 0x15, 0x15, 0x15,
    0x15, 0x15, 0x15, 0x15, 0x15, 0x15, 0x15, 0x15, 0x15, 0x15, 0x15, 0x15, 0x15, 0x15, 0x15, 0x15,
    0x15, 0x15, 0x15, 0x15, 0x15, 0x15, 0x15, 0x15, 0x15, 0x15, 0x15, 0x15, 0x15, 0x15, 0x15, 0x15,
    0x15, 0x15, 0x15, 0x15, 0x15, 0x15, 0x15, 0x15, 0x15, 0x15, 0x15, 0x15, 0x15, 0x15, 0x15, 0x15,
    0x15, 0x15, 0x15, 0x15, 0x15, 0x15, 0x15, 0x15, 0x15, 0x15, 0x15, 0x15, 0x15, 0x15, 0x15, 0x15,
    0x15, 0x15, 0x15, 0x15, 0x15, 0x15, 0x15, 0x15, 0x15, 0x15, 0x15, 0x15, 0x15, 0x15, 0x15, 0x15,
    0x15, 0x15, 0x15, 0x15, 0x15, 0x15, 0x15, 0x15, 0x15, 0x15, 0x15, 0x15, 0x15, 0x15, 0x15, 0x15,
    0x15, 0x15, 0x15, 0x15, 0x15, 0x15, 0x15, 0x15, 0x15, 0x15, 0x15, 0x15, 0x15, 0x15, 0x15, 0x15,
    0x15, 0x15, 0x15, 0x15, 0x15, 0x15, 0x15, 0x15, 0x15, 0x15, 0x15, 0x15, 0x15, 0x15, 0x15, 0x15,
    0x15, 0x15, 0x15, 0x15, 0x15, 0x15, 0x15, 0x15, 0x15, 0x15, 0x15, 0x15, 0x15, 0x15, 0x15, 0x15,
    0x15, 0x15, 0x15, 0x15, 0x15, 0x15, 0x15, 0x15, 0x15, 0x15, 0x15, 0x15, 0x15, 0x15, 0x15, 0x15,
    0x15, 0x15, 0x15, 0x15, 0x15, 0x15, 0x15, 0x15, 0x15, 0x15, 0x15, 0x15, 0x15, 0x15, 0x15, 0x15,
    0x15, 0x15, 0x15, 0x15, 0x15, 0x15, 0x15, 0x15, 0x15, 0x15, 0x15, 0x15, 0x15, 0x15, 0x15, 0x15,
    0x15, 0x15, 0x15, 0x15, 0x15, 0x15, 0x15, 0x15, 0x15, 0x15, 0x15, 0x15, 0x15, 0x15, 0x15, 0x15,
    0x15, 0x15, 0x15, 0x15, 0x15, 0x15, 0x15, 0x15, 0x15, 0x15, 0x15, 0x15, 0x15, 0x15, 0x15, 0x15,
    0x15, 0x15, 0x15, 0x15, 0x15, 0x15, 0x15, 0x15, 0x15, 0x15, 0x15, 0x15, 0x15, 0x15, 0x15, 0x15,
    0x15, 0x15, 0x15, 0x15, 0x15, 0x15, 0x15, 0x15, 0x15, 0x15, 0x15, 0x15, 0x15, 0x15, 0x15, 0x15,
    0x15, 0x15, 0x15, 0x15, 0x15, 0x15, 0x15, 0x15, 0x15, 0x15, 0x15, 0x15, 0x15, 0x15, 0x15, 0x15,
    0x15, 0x15, 0x15, 0x15, 0x15, 0x15, 0x15, 0x15, 0x15, 0x15, 0x15, 0x15, 0x15, 0x15, 0x15, 0x15,
    0x15, 0x15, 0x15, 0x15, 0x15, 0x15, 0x15, 0x15, 0x15, 0x15, 0x15, 0x15, 0x15, 0x15, 0x15, 0x15,
    0x15, 0x15, 0x15, 0x15, 0x15, 0x15, 0x15, 0x15, 0x15, 0x15, 0x15, 0x15, 0x15, 0x15, 0x15, 0x15,
    0x15, 0x15, 0x15, 0x15, 0x15, 0x15, 0x15, 0x15, 0x15, 0x15, 0x15, 0x15, 0x15, 0x15, 0x15, 0x15,
    0x15, 0x15, 0x15, 0x15, 0x15, 0x15, 0x15, 0x15, 0x15, 0x15, 0x15, 0x15, 0x15, 0x15, 0x15, 0x15,
    0x15, 0x15, 0x15, 0x15, 0x15, 0x15, 0x15, 0x15, 0x15, 0x15, 0x15, 0x15, 0x15, 0x15, 0x15, 0x15,
    0x15, 0x15, 0x15, 0x15, 0x15, 0x15, 0x15, 0x15, 0x15, 0x15, 0x15, 0x15, 0x15, 0x15, 0x15, 0x15,
    0x15, 0x15, 0x15, 0x15, 0x15, 0x15, 0x15, 0x15, 0x15, 0x15, 0x15, 0x15, 0x15, 0x15, 0x15, 0x15,
    0x15, 0x15, 0x15, 0x15, 0x15, 0x15, 0x15, 0x15, 0x15, 0x15, 0x15, 0x15, 0x15, 0x15, 0x15, 0x15,
    0x15, 0x15, 0x15, 0x15, 0x15, 0x15, 0x15, 0x15, 0x15, 0x15, 0x15, 0x15, 0x15, 0x15, 0x15, 0x15,
    0x15, 0x15, 0x15, 0x15, 0x15, 0x15, 0x15, 0x15, 0x15, 0x15, 0x15, 0x15, 0x15, 0x15, 0x15, 0x15,
    0x15, 0x15, 0x15, 0x15, 0x15, 0x15, 0x15, 0x15, 0x15, 0x15, 0x15, 0x15, 0x15, 0x15, 0x15, 0x15,
    0x15, 0x15, 0x15, 0x15, 0x15, 0x15, 0x15, 0x15, 0x15, 0x15, 0x15, 0x15, 0x15, 0x15, 0x15, 0x15,
    0x15, 0x15, 0x15, 0x15, 0x15, 0x15, 0x15, 0x15, 0x15, 0x15, 0x15, 0x15, 0x15, 0x15, 0x15, 0x15,
    0x15, 0x15, 0x15, 0x15, 0x15, 0x15, 0x15, 0x15, 0x15, 0x15, 0x15, 0x15, 0x15, 0x15, 0x15, 0x15,
    0x15, 0x15, 0x15, 0x15, 0x15, 0x15, 0x15, 0x15, 0x15, 0x15, 0x15, 0x15, 0x15, 0x15, 0x15, 0x15,
    0x15, 0x15, 0x15, 0x15, 0x15, 0x15, 0x15, 0x15, 0x15, 0x15, 0x15, 0x15, 0x15, 0x15, 0x15, 0x15,
    0x15, 0x15, 0x15, 0x15, 0x15, 0x15, 0x15, 0x15, 0x15, 0x15, 0x15, 0x15, 0x15, 0x15, 0x15, 0x15,
    0x15, 0x15, 0x15, 0x15, 0x15, 0x15, 0x15, 0x15, 0x15, 0x15, 0x15, 0x15, 0x15, 0x15, 0x15, 0x15,
    0x15, 0x15, 0x15, 0x15, 0x15, 0x15, 0x15, 0x15, 0x15, 0x15, 0x15, 0x15, 0x15, 0x15, 0x15, 0x15,
    0x15, 0x15, 0x15, 0x15, 0x15, 0x15, 0x15, 0x15, 0x15, 0x15, 0x15, 0x15, 0x15, 0x15, 0x15, 0x15,
    0x15, 0x15, 0x15, 0x15, 0x15, 0x15, 0x15, 0x15, 0x15, 0x15, 0x15, 0x15, 0x15, 0x15, 0x15, 0x15,
    0x15, 0x15, 0x15, 0x15, 0x15, 0x15, 0x15, 0x15, 0x15, 0x15, 0x15, 0x15, 0x15, 0x15, 0x15, 0x15,
    0x15, 0x15, 0x15, 0x15, 0x15, 0x15, 0x15, 0x15, 0x15, 0x15, 0x15, 0x15, 0x15, 0x15, 0x15, 0x15,
    0x15, 0x15, 0x15, 0x15, 0x15, 0x15, 0x15, 0x14, 0x15, 0x15, 0x15, 0x15, 0x15, 0x11, 0x11, 0x15,
    0x15, 0x15, 0x15, 0x11, 0x11, 0x15, 0x15, 0x15, 0x15, 0x11, 0x11, 0x11, 0x15, 0x15, 0x15, 0x15,
    0x14, 0x14, 0x14, 0x11, 0x07, 0x07, 0x11, 0x15, 0x15, 0x15, 0x15, 0x14, 0x14, 0x11, 0x07, 0x07,
    0x15, 0x15, 0x15, 0x15, 0x15, 0x14, 0x14, 0x11, 0x15, 0x15, 0x15, 0x15, 0x15, 0x15, 0x15, 0x14,
    0x14, 0x15, 0x14, 0x11, 0x11, 0x09, 0x03, 0x03, 0x15, 0x15, 0x15, 0x11, 0x11, 0x14, 0x08, 0x00,
    0x15, 0x15, 0x15, 0x14, 0x11, 0x11, 0x14, 0x03, 0x15, 0x15, 0x15, 0x15, 0x14, 0x11, 0x14, 0x09,
    0x15, 0x15, 0x15, 0x15, 0x15, 0x11, 0x11, 0x14, 0x11, 0x15, 0x15, 0x15, 0x15, 0x14, 0x11, 0x11,
    0x07, 0x07, 0x11, 0x15, 0x15, 0x15, 0x07, 0x11, 0x14, 0x11, 0x07, 0x11, 0x14, 0x15, 0x14, 0x07,
    0x01, 0x00, 0x01, 0x05, 0x08, 0x09, 0x15, 0x15, 0x03, 0x01, 0x00, 0x00, 0x05, 0x08, 0x15, 0x15,
    0x00, 0x03, 0x05, 0x03, 0x00, 0x05, 0x09, 0x15, 0x00, 0x01, 0x05, 0x08, 0x05, 0x01, 0x05, 0x09,
    0x05, 0x00, 0x03, 0x05, 0x08, 0x08, 0x08, 0x05, 0x12, 0x01, 0x00, 0x03, 0x08, 0x09, 0x08, 0x09,
    0x14, 0x08, 0x00, 0x01, 0x08, 0x09, 0x09, 0x12, 0x11, 0x14, 0x03, 0x00, 0x01, 0x08, 0x09, 0x09,
    0x15, 0x15, 0x15, 0x15, 0x15, 0x15, 0x15, 0x03, 0x15, 0x15, 0x15, 0x15, 0x15, 0x15, 0x15, 0x05,
    0x15, 0x15, 0x15, 0x15, 0x15, 0x15, 0x15, 0x09, 0x15, 0x15, 0x15, 0x15, 0x15, 0x15, 0x15, 0x12,
    0x09, 0x15, 0x15, 0x15, 0x15, 0x15, 0x15, 0x15, 0x05, 0x09, 0x15, 0x15, 0x15, 0x15, 0x15, 0x15,
    0x09, 0x05, 0x09, 0x15, 0x15, 0x15, 0x15, 0x15, 0x12, 0x09, 0x05, 0x05, 0x15, 0x15, 0x15, 0x15,
    0x05, 0x08, 0x12, 0x15, 0x15, 0x15, 0x15, 0x12, 0x05, 0x08, 0x09, 0x12, 0x15, 0x15, 0x15, 0x15,
    0x05, 0x08, 0x09, 0x12, 0x12, 0x15, 0x15, 0x15, 0x08, 0x09, 0x14, 0x11, 0x14, 0x12, 0x09, 0x09,
    0x09, 0x11, 0x07, 0x07, 0x07, 0x11, 0x11, 0x08, 0x09, 0x11, 0x07, 0x14, 0x14, 0x11, 0x11, 0x11,
    0x09, 0x11, 0x07, 0x15, 0x15, 0x15, 0x14, 0x11, 0x12, 0x11, 0x07, 0x11, 0x15, 0x14, 0x14, 0x14,
    0x05, 0x09, 0x09, 0x08, 0x03, 0x01, 0x00, 0x03, 0x12, 0x09, 0x09, 0x09, 0x05, 0x01, 0x00, 0x01,
    0x15, 0x12, 0x09, 0x09, 0x08, 0x03, 0x01, 0x03, 0x12, 0x12, 0x12, 0x12, 0x09, 0x09, 0x08, 0x09,
    0x05, 0x09, 0x12, 0x12, 0x12, 0x12, 0x12, 0x15, 0x11, 0x14, 0x12, 0x15, 0x15, 0x15, 0x15, 0x15,
    0x11, 0x11, 0x11, 0x11, 0x11, 0x11, 0x11, 0x11, 0x14, 0x14, 0x14, 0x11, 0x11, 0x11, 0x11, 0x11,
    0x12, 0x15, 0x15, 0x15, 0x15, 0x15, 0x15, 0x15, 0x09, 0x15, 0x15, 0x15, 0x15, 0x15, 0x15, 0x15,
    0x09, 0x15, 0x15, 0x15, 0x15, 0x15, 0x15, 0x15, 0x15, 0x15, 0x15, 0x15, 0x15, 0x15, 0x15, 0x15,
    0x15, 0x15, 0x15, 0x15, 0x15, 0x15, 0x14, 0x11, 0x15, 0x15, 0x15, 0x14, 0x14, 0x11, 0x11, 0x07,
    0x11, 0x11, 0x11, 0x07, 0x07, 0x07, 0x07, 0x11, 0x11, 0x11, 0x11, 0x11, 0x11, 0x11, 0x11, 0x06,
    0x15, 0x15, 0x15, 0x11, 0x11, 0x14, 0x15, 0x14, 0x15, 0x15, 0x14, 0x11, 0x14, 0x07, 0x15, 0x14,
    0x15, 0x14, 0x11, 0x14, 0x07, 0x06, 0x15, 0x15, 0x14, 0x11, 0x14, 0x12, 0x12, 0x06, 0x07, 0x15,
    0x07, 0x14, 0x12, 0x08, 0x09, 0x02, 0x06, 0x15, 0x11, 0x12, 0x08, 0x09, 0x03, 0x02, 0x06, 0x15,
    0x07, 0x09, 0x12, 0x03, 0x00, 0x09, 0x02, 0x07, 0x07, 0x01, 0x12, 0x00, 0x08, 0x12, 0x06, 0x02,
    0x15, 0x14, 0x07, 0x15, 0x15, 0x12, 0x12, 0x09, 0x14, 0x14, 0x07, 0x15, 0x15, 0x12, 0x14, 0x09,
    0x14, 0x14, 0x07, 0x15, 0x15, 0x12, 0x14, 0x09, 0x14, 0x14, 0x07, 0x15, 0x15, 0x15, 0x14, 0x09,
    0x14, 0x14, 0x07, 0x11, 0x15, 0x15, 0x11, 0x09, 0x14, 0x14, 0x11, 0x07, 0x15, 0x15, 0x11, 0x09,
    0x14, 0x15, 0x14, 0x07, 0x15, 0x15, 0x11, 0x09, 0x14, 0x15, 0x14, 0x07, 0x15, 0x12, 0x11, 0x14,
    0x08, 0x08, 0x09, 0x08, 0x01, 0x00, 0x00, 0x03, 0x05, 0x08, 0x09, 0x09, 0x03, 0x01, 0x00, 0x00,
    0x05, 0x08, 0x09, 0x09, 0x08, 0x03, 0x01, 0x00, 0x03, 0x08, 0x09, 0x12, 0x09, 0x08, 0x03, 0x01,
    0x01, 0x08, 0x09, 0x12, 0x12, 0x09, 0x08, 0x05, 0x00, 0x08, 0x09, 0x12, 0x12, 0x12, 0x09, 0x09,
    0x00, 0x05, 0x08, 0x12, 0x12, 0x12, 0x12, 0x12, 0x00, 0x03, 0x12, 0x09, 0x15, 0x12, 0x12, 0x12,
    0x08, 0x12, 0x12, 0x12, 0x12, 0x12, 0x12, 0x12, 0x03, 0x09, 0x12, 0x12, 0x12, 0x12, 0x12, 0x12,
    0x00, 0x05, 0x09, 0x12, 0x12, 0x12, 0x12, 0x12, 0x00, 0x01, 0x05, 0x09, 0x12, 0x12, 0x12, 0x12,
    0x03, 0x03, 0x01, 0x05, 0x09, 0x12, 0x15, 0x15, 0x08, 0x05, 0x03, 0x08, 0x12, 0x15, 0x15, 0x15,
    0x09, 0x09, 0x12, 0x15, 0x15, 0x15, 0x15, 0x15, 0x12, 0x15, 0x15, 0x15, 0x15, 0x15, 0x15, 0x15,
    0x09, 0x09, 0x08, 0x08, 0x08, 0x09, 0x12, 0x15, 0x12, 0x09, 0x09, 0x12, 0x15, 0x15, 0x15, 0x15,
    0x12, 0x12, 0x15, 0x15, 0x15, 0x15, 0x15, 0x15, 0x15, 0x15, 0x15, 0x15, 0x15, 0x15, 0x15, 0x15,
    0x15, 0x15, 0x15, 0x15, 0x15, 0x15, 0x15, 0x15, 0x15, 0x15, 0x15, 0x15, 0x15, 0x15, 0x15, 0x15,
    0x15, 0x15, 0x15, 0x15, 0x15, 0x15, 0x15, 0x15, 0x15, 0x15, 0x15, 0x15, 0x15, 0x15, 0x12, 0x09,
    0x15, 0x15, 0x15, 0x15, 0x15, 0x15, 0x15, 0x15, 0x15, 0x15, 0x15, 0x15, 0x15, 0x15, 0x15, 0x15,
    0x15, 0x15, 0x15, 0x15, 0x15, 0x15, 0x15, 0x15, 0x15, 0x15, 0x15, 0x15, 0x15, 0x15, 0x15, 0x15,
    0x15, 0x15, 0x15, 0x15, 0x15, 0x15, 0x15, 0x15, 0x15, 0x15, 0x15, 0x15, 0x15, 0x15, 0x15, 0x15,
    0x15, 0x12, 0x12, 0x09, 0x09, 0x12, 0x12, 0x14, 0x05, 0x05, 0x08, 0x09, 0x11, 0x11, 0x07, 0x07,
    0x15, 0x15, 0x12, 0x09, 0x12, 0x15, 0x15, 0x15, 0x15, 0x15, 0x15, 0x15, 0x15, 0x15, 0x15, 0x15,
    0x15, 0x15, 0x15, 0x15, 0x15, 0x15, 0x15, 0x15, 0x15, 0x15, 0x15, 0x15, 0x15, 0x15, 0x15, 0x15,
    0x15, 0x15, 0x15, 0x15, 0x15, 0x15, 0x14, 0x14, 0x15, 0x15, 0x14, 0x14, 0x11, 0x11, 0x11, 0x11,
    0x11, 0x11, 0x11, 0x11, 0x11, 0x11, 0x11, 0x11, 0x07, 0x11, 0x11, 0x11, 0x14, 0x14, 0x14, 0x14,
    0x15, 0x15, 0x15, 0x15, 0x15, 0x15, 0x15, 0x15, 0x14, 0x15, 0x15, 0x15, 0x15, 0x15, 0x15, 0x15,
    0x15, 0x14, 0x11, 0x15, 0x15, 0x15, 0x15, 0x15, 0x15, 0x15, 0x14, 0x11, 0x15, 0x15, 0x15, 0x15,
    0x14, 0x11, 0x07, 0x11, 0x11, 0x15, 0x15, 0x15, 0x07, 0x07, 0x07, 0x11, 0x11, 0x14, 0x15, 0x15,
    0x11, 0x11, 0x14, 0x14, 0x14, 0x14, 0x15, 0x15, 0x14, 0x14, 0x14, 0x14, 0x15, 0x15, 0x15, 0x15,
    0x15, 0x15, 0x15, 0x15, 0x15, 0x15, 0x15, 0x15, 0x15, 0x15, 0x15, 0x15, 0x15, 0x15, 0x15, 0x15,
    0x15, 0x15, 0x15, 0x15, 0x15, 0x15, 0x15, 0x15, 0x15, 0x15, 0x15, 0x15, 0x15, 0x15, 0x15, 0x15,
    0x15, 0x15, 0x15, 0x15, 0x15, 0x15, 0x15, 0x15, 0x15, 0x15, 0x15, 0x15, 0x15, 0x15, 0x15, 0x15,
    0x15, 0x15, 0x15, 0x15, 0x15, 0x15, 0x15, 0x15, 0x15, 0x15, 0x15, 0x15, 0x15, 0x15, 0x15, 0x15,
    0x15, 0x15, 0x15, 0x15, 0x15, 0x15, 0x15, 0x15, 0x15, 0x15, 0x15, 0x15, 0x15, 0x15, 0x15, 0x15,
    0x15, 0x15, 0x15, 0x15, 0x15, 0x15, 0x15, 0x15, 0x15, 0x15, 0x15, 0x15, 0x15, 0x15, 0x15, 0x15,
    0x15, 0x15, 0x15, 0x15, 0x15, 0x15, 0x15, 0x15, 0x15, 0x15, 0x15, 0x15, 0x15, 0x15, 0x15, 0x15,
    0x15, 0x15, 0x15, 0x15, 0x15, 0x15, 0x15, 0x15, 0x15, 0x15, 0x15, 0x15, 0x15, 0x15, 0x15, 0x15,
    0x15, 0x15, 0x15, 0x15, 0x15, 0x15, 0x15, 0x15, 0x15, 0x15, 0x15, 0x15, 0x15, 0x15, 0x15, 0x15,
    0x15, 0x15, 0x15, 0x15, 0x15, 0x15, 0x15, 0x15, 0x15, 0x15, 0x15, 0x15, 0x15, 0x15, 0x15, 0x15,
    0x15, 0x15, 0x15, 0x15, 0x15, 0x15, 0x15, 0x15, 0x15, 0x15, 0x15, 0x15, 0x15, 0x15, 0x15, 0x15,
    0x15, 0x15, 0x15, 0x15, 0x15, 0x15, 0x15, 0x15, 0x15, 0x15, 0x15, 0x15, 0x15, 0x15, 0x15, 0x15,
    0x15, 0x15, 0x15, 0x15, 0x15, 0x15, 0x15, 0x15, 0x15, 0x15, 0x15, 0x15, 0x15, 0x15, 0x15, 0x15,
    0x15, 0x15, 0x15, 0x15, 0x15, 0x15, 0x15, 0x15, 0x15, 0x15, 0x15, 0x15, 0x15, 0x15, 0x15, 0x15,
    0x15, 0x15, 0x15, 0x15, 0x15, 0x15, 0x15, 0x15, 0x15, 0x15, 0x15, 0x15, 0x15, 0x15, 0x15, 0x15,
    0x15, 0x15, 0x15, 0x15, 0x15, 0x15, 0x15, 0x15, 0x15, 0x15, 0x15, 0x15, 0x15, 0x15, 0x15, 0x15,
    0x15, 0x15, 0x15, 0x15, 0x15, 0x15, 0x15, 0x15, 0x15, 0x15, 0x15, 0x15, 0x15, 0x15, 0x15, 0x15,
    0x15, 0x15, 0x15, 0x15, 0x15, 0x15, 0x15, 0x15, 0x15, 0x15, 0x15, 0x15, 0x15, 0x15, 0x15, 0x15,
    0x15, 0x15, 0x15, 0x15, 0x15, 0x15, 0x15, 0x15, 0x15, 0x15, 0x15, 0x15, 0x15, 0x15, 0x15, 0x15,
    0x15, 0x15, 0x15, 0x15, 0x15, 0x15, 0x15, 0x15, 0x15, 0x15, 0x15, 0x15, 0x15, 0x15, 0x15, 0x15,
    0x15, 0x15, 0x15, 0x15, 0x15, 0x15, 0x15, 0x15, 0x15, 0x15, 0x15, 0x15, 0x15, 0x15, 0x15, 0x15,
    0x15, 0x15, 0x15, 0x15, 0x15, 0x15, 0x15, 0x15, 0x15, 0x15, 0x15, 0x15, 0x15, 0x15, 0x15, 0x15,
    0x15, 0x15, 0x15, 0x15, 0x15, 0x15, 0x15, 0x15, 0x15, 0x15, 0x15, 0x15, 0x15, 0x15, 0x15, 0x15,
    0x15, 0x15, 0x15, 0x15, 0x15, 0x15, 0x15, 0x15, 0x15, 0x15, 0x15, 0x15, 0x15, 0x15, 0x15, 0x15,
    0x15, 0x15, 0x15, 0x15, 0x15, 0x15, 0x15, 0x15, 0x15, 0x15, 0x15, 0x15, 0x15, 0x15, 0x15, 0x15,
    0x15, 0x15, 0x15, 0x15, 0x15, 0x15, 0x15, 0x15, 0x15, 0x15, 0x15, 0x15, 0x15, 0x15, 0x15, 0x15,
    0x15, 0x15, 0x15, 0x15, 0x15, 0x15, 0x15, 0x15, 0x15, 0x15, 0x15, 0x15, 0x15, 0x15, 0x15, 0x15,
    0x15, 0x15, 0x15, 0x15, 0x15, 0x15, 0x15, 0x15, 0x15, 0x15, 0x15, 0x15, 0x15, 0x15, 0x15, 0x15,
    0x15, 0x15, 0x15, 0x15, 0x15, 0x15, 0x15, 0x15, 0x15, 0x15, 0x15, 0x15, 0x15, 0x15, 0x15, 0x15,
    0x15, 0x15, 0x15, 0x15, 0x15, 0x15, 0x15, 0x15, 0x15, 0x15, 0x15, 0x15, 0x15, 0x15, 0x15, 0x15,
    0x15, 0x15, 0x15, 0x15, 0x15, 0x15, 0x15, 0x15, 0x15, 0x15, 0x15, 0x15, 0x15, 0x15, 0x15, 0x15,
    0x15, 0x15, 0x15, 0x15, 0x15, 0x15, 0x15, 0x15, 0x15, 0x15, 0x15, 0x15, 0x15, 0x15, 0x15, 0x15,
    0x15, 0x15, 0x15, 0x15, 0x15, 0x15, 0x15, 0x15, 0x15, 0x15, 0x15, 0x15, 0x15, 0x15, 0x15, 0x15,
    0x15, 0x15, 0x15, 0x15, 0x15, 0x15, 0x15, 0x15, 0x15, 0x15, 0x15, 0x15, 0x15, 0x15, 0x15, 0x15,
    0x15, 0x15, 0x15, 0x15, 0x15, 0x15, 0x15, 0x15, 0x15, 0x15, 0x15, 0x15, 0x15, 0x15, 0x15, 0x15,
    0x15, 0x15, 0x15, 0x15, 0x15, 0x15, 0x15, 0x15, 0x15, 0x15, 0x15, 0x15, 0x15, 0x15, 0x15, 0x15,
    0x15, 0x15, 0x15, 0x15, 0x15, 0x15, 0x15, 0x15, 0x15, 0x15, 0x15, 0x15, 0x15, 0x15, 0x15, 0x15,
    0x15, 0x15, 0x15, 0x15, 0x15, 0x15, 0x15, 0x15, 0x15, 0x15, 0x15, 0x15, 0x15, 0x15, 0x15, 0x15,
    0x15, 0x15, 0x15, 0x15, 0x15, 0x15, 0x15, 0x15, 0x15, 0x15, 0x15, 0x15, 0x15, 0x15, 0x15, 0x15,
    0x15, 0x15, 0x15, 0x15, 0x15, 0x15, 0x15, 0x15, 0x15, 0x15, 0x15, 0x15, 0x15, 0x15, 0x15, 0x15,
    0x15, 0x15, 0x15, 0x15, 0x15, 0x15, 0x15, 0x15, 0x15, 0x15, 0x15, 0x15, 0x15, 0x15, 0x15, 0x15,
    0x15, 0x15, 0x15, 0x15, 0x15, 0x15, 0x15, 0x15, 0x15, 0x15, 0x15, 0x15, 0x15, 0x15, 0x15, 0x15,
    0x15, 0x15, 0x15, 0x15, 0x15, 0x15, 0x15, 0x15, 0x15, 0x15, 0x15, 0x15, 0x15, 0x15, 0x15, 0x15,
    0x15, 0x15, 0x15, 0x15, 0x15, 0x15, 0x15, 0x15, 0x15, 0x15, 0x15, 0x15, 0x15, 0x15, 0x15, 0x15,
    0x15, 0x15, 0x15, 0x15, 0x15, 0x15, 0x15, 0x15, 0x15, 0x15, 0x15, 0x15, 0x15, 0x15, 0x15, 0x15,
    0x15, 0x15, 0x15, 0x15, 0x15, 0x15, 0x15, 0x15, 0x15, 0x15, 0x15, 0x15, 0x15, 0x15, 0x15, 0x15,
    0x15, 0x15, 0x15, 0x15, 0x15, 0x15, 0x15, 0x15, 0x15, 0x15, 0x15, 0x15, 0x15, 0x15, 0x15, 0x15,
    0x15, 0x15, 0x15, 0x15, 0x15, 0x15, 0x15, 0x15, 0x15, 0x15, 0x15, 0x15, 0x15, 0x15, 0x15, 0x15,
    0x15, 0x15, 0x15, 0x15, 0x15, 0x15, 0x15, 0x15, 0x15, 0x15, 0x15, 0x15, 0x15, 0x15, 0x15, 0x15,
    0x15, 0x15, 0x15, 0x15, 0x15, 0x15, 0x15, 0x15, 0x15, 0x15, 0x15, 0x15, 0x15, 0x15, 0x15, 0x15,
    0x15, 0x15, 0x15, 0x15, 0x15, 0x15, 0x15, 0x15, 0x15, 0x15, 0x15, 0x15, 0x15, 0x15, 0x15, 0x15,
    0x15, 0x15, 0x15, 0x15, 0x15, 0x15, 0x15, 0x15, 0x15, 0x15, 0x15, 0x15, 0x15, 0x15, 0x15, 0x15,
    0x15, 0x15, 0x15, 0x15, 0x15, 0x15, 0x15, 0x15, 0x15, 0x15, 0x15, 0x15, 0x15, 0x15, 0x15, 0x15,
    0x15, 0x15, 0x15, 0x15, 0x15, 0x15, 0x15, 0x15, 0x15, 0x15, 0x15, 0x15, 0x15, 0x15, 0x15, 0x15,
    0x15, 0x15, 0x15, 0x15, 0x15, 0x15, 0x15, 0x15, 0x15, 0x15, 0x15, 0x15, 0x15, 0x15, 0x15, 0x15,
    0x15, 0x15, 0x15, 0x15, 0x15, 0x15, 0x15, 0x15, 0x15, 0x15, 0x15, 0x15, 0x15, 0x15, 0x15, 0x15,
    0x15, 0x15, 0x15, 0x15, 0x15, 0x15, 0x15, 0x15, 0x15, 0x15, 0x15, 0x15, 0x15, 0x15, 0x15, 0x15,
    0x15, 0x15, 0x15, 0x15, 0x15, 0x15, 0x15, 0x15, 0x15, 0x15, 0x15, 0x15, 0x15, 0x15, 0x15, 0x15,
    0x15, 0x15, 0x15, 0x15, 0x15, 0x15, 0x15, 0x15, 0x15, 0x15, 0x15, 0x15, 0x15, 0x15, 0x15, 0x15,
    0x15, 0x15, 0x15, 0x15, 0x15, 0x15, 0x15, 0x15, 0x15, 0x15, 0x15, 0x15, 0x15, 0x15, 0x15, 0x15,
    0x15, 0x15, 0x15, 0x15, 0x15, 0x15, 0x15, 0x15, 0x15, 0x15, 0x15, 0x15, 0x15, 0x15, 0x15, 0x15,
    0x15, 0x15, 0x15, 0x15, 0x15, 0x15, 0x15, 0x15, 0x15, 0x15, 0x15, 0x15, 0x15, 0x15, 0x15, 0x15,
    0x15, 0x15, 0x15, 0x15, 0x15, 0x15, 0x15, 0x15, 0x15, 0x15, 0x15, 0x15, 0x15, 0x15, 0x15, 0x15,
    0x15, 0x15, 0x15, 0x15, 0x15, 0x15, 0x15, 0x15, 0x15, 0x15, 0x15, 0x15, 0x15, 0x15, 0x15, 0x15,
    0x15, 0x14, 0x14, 0x11, 0x11, 0x11, 0x14, 0x14, 0x15, 0x15, 0x15, 0x14, 0x14, 0x11, 0x11, 0x14,
    0x15, 0x15, 0x15, 0x15, 0x15, 0x14, 0x11, 0x11, 0x15, 0x15, 0x15, 0x15, 0x15, 0x15, 0x14, 0x14,
    0x15, 0x15, 0x15, 0x15, 0x15, 0x15, 0x15, 0x15, 0x15, 0x15, 0x15, 0x15, 0x15, 0x15, 0x15, 0x15,
    0x15, 0x15, 0x15, 0x15, 0x15, 0x15, 0x15, 0x15, 0x15, 0x15, 0x15, 0x15, 0x15, 0x15, 0x15, 0x15,
    0x07, 0x11, 0x14, 0x03, 0x00, 0x03, 0x08, 0x12, 0x14, 0x07, 0x11, 0x14, 0x03, 0x01, 0x03, 0x08,
    0x14, 0x14, 0x07, 0x11, 0x11, 0x05, 0x01, 0x03, 0x14, 0x14, 0x14, 0x07, 0x11, 0x11, 0x11, 0x05,
    0x14, 0x14, 0x14, 0x14, 0x14, 0x11, 0x11, 0x11, 0x15, 0x15, 0x14, 0x14, 0x14, 0x14, 0x14, 0x11,
    0x15, 0x15, 0x15, 0x15, 0x14, 0x14, 0x14, 0x14, 0x15, 0x15, 0x15, 0x15, 0x15, 0x15, 0x14, 0x14,
    0x09, 0x12, 0x09, 0x09, 0x15, 0x15, 0x15, 0x15, 0x12, 0x09, 0x12, 0x12, 0x15, 0x15, 0x15, 0x15,
    0x08, 0x12, 0x09, 0x09, 0x15, 0x15, 0x15, 0x15, 0x01, 0x03, 0x12, 0x12, 0x12, 0x15, 0x15, 0x15,
    0x11, 0x08, 0x03, 0x05, 0x09, 0x15, 0x15, 0x15, 0x11, 0x11, 0x11, 0x08, 0x08, 0x12, 0x15, 0x15,
    0x14, 0x11, 0x11, 0x11, 0x11, 0x11, 0x14, 0x14, 0x14, 0x14, 0x14, 0x11, 0x07, 0x07, 0x07, 0x07,
    0x15, 0x08, 0x11, 0x07, 0x15, 0x15, 0x11, 0x07, 0x15, 0x09, 0x11, 0x07, 0x14, 0x15, 0x11, 0x07,
    0x15, 0x12, 0x08, 0x11, 0x14, 0x15, 0x11, 0x07, 0x15, 0x15, 0x09, 0x11, 0x11, 0x14, 0x11, 0x07,
    0x15, 0x15, 0x12, 0x09, 0x11, 0x14, 0x14, 0x07, 0x15, 0x15, 0x15, 0x15, 0x11, 0x11, 0x14, 0x07,
    0x14, 0x14, 0x14, 0x14, 0x11, 0x11, 0x14, 0x14, 0x11, 0x11, 0x14, 0x14, 0x14, 0x11, 0x11, 0x14,
    0x07, 0x07, 0x09, 0x12, 0x14, 0x14, 0x14, 0x14, 0x06, 0x07, 0x08, 0x05, 0x03, 0x01, 0x01, 0x07,
    0x06, 0x07, 0x12, 0x12, 0x12, 0x09, 0x12, 0x00, 0x07, 0x06, 0x07, 0x03, 0x03, 0x08, 0x03, 0x12,
    0x07, 0x06, 0x07, 0x00, 0x00, 0x00, 0x09, 0x09, 0x06, 0x02, 0x06, 0x05, 0x09, 0x09, 0x05, 0x05,
    0x02, 0x06, 0x02, 0x07, 0x03, 0x01, 0x00, 0x00, 0x07, 0x06, 0x02, 0x06, 0x05, 0x03, 0x01, 0x00,
    0x14, 0x14, 0x14, 0x07, 0x02, 0x06, 0x07, 0x02, 0x06, 0x02, 0x02, 0x06, 0x06, 0x02, 0x07, 0x06,
    0x05, 0x12, 0x06, 0x02, 0x06, 0x02, 0x06, 0x07, 0x12, 0x09, 0x08, 0x05, 0x02, 0x06, 0x02, 0x07,
    0x09, 0x08, 0x01, 0x01, 0x03, 0x02, 0x06, 0x02, 0x03, 0x03, 0x01, 0x01, 0x01, 0x03, 0x05, 0x09,
    0x00, 0x00, 0x01, 0x01, 0x01, 0x01, 0x01, 0x01, 0x00, 0x01, 0x01, 0x01, 0x01, 0x01, 0x01, 0x01,
    0x07, 0x12, 0x09, 0x08, 0x08, 0x12, 0x06, 0x02, 0x09, 0x08, 0x05, 0x05, 0x08, 0x12, 0x07, 0x06,
    0x08, 0x05, 0x03, 0x03, 0x08, 0x12, 0x07, 0x06, 0x05, 0x03, 0x01, 0x03, 0x08, 0x12, 0x11, 0x06,
    0x03, 0x01, 0x01, 0x03, 0x08, 0x12, 0x11, 0x07, 0x08, 0x03, 0x03, 0x05, 0x08, 0x15, 0x14, 0x07,
    0x09, 0x05, 0x05, 0x05, 0x08, 0x15, 0x14, 0x11, 0x08, 0x05, 0x05, 0x05, 0x08, 0x15, 0x14, 0x11,
    0x06, 0x14, 0x14, 0x07, 0x15, 0x12, 0x11, 0x14, 0x02, 0x14, 0x14, 0x07, 0x15, 0x12, 0x11, 0x14,
    0x02, 0x06, 0x14, 0x11, 0x15, 0x12, 0x11, 0x11, 0x06, 0x02, 0x14, 0x11, 0x15, 0x09, 0x11, 0x07,
    0x06, 0x02, 0x06, 0x14, 0x15, 0x09, 0x14, 0x11, 0x06, 0x06, 0x02, 0x14, 0x15, 0x09, 0x08, 0x14,
    0x06, 0x06, 0x02, 0x06, 0x15, 0x12, 0x03, 0x14, 0x07, 0x06, 0x06, 0x02, 0x15, 0x12, 0x03, 0x11,
    0x03, 0x01, 0x08, 0x15, 0x09, 0x15, 0x12, 0x12, 0x09, 0x00, 0x05, 0x09, 0x15, 0x12, 0x15, 0x15,
    0x14, 0x03, 0x00, 0x05, 0x12, 0x15, 0x12, 0x15, 0x14, 0x09, 0x03, 0x00, 0x05, 0x12, 0x15, 0x12,
    0x07, 0x14, 0x09, 0x03, 0x00, 0x05, 0x09, 0x12, 0x11, 0x07, 0x14, 0x09, 0x03, 0x00, 0x05, 0x08,
    0x14, 0x11, 0x07, 0x11, 0x09, 0x08, 0x03, 0x03, 0x14, 0x14, 0x11, 0x07, 0x11, 0x11, 0x09, 0x09,
    0x15, 0x15, 0x15, 0x15, 0x15, 0x15, 0x15, 0x15, 0x15, 0x15, 0x15, 0x15, 0x15, 0x15, 0x15, 0x15,
    0x15, 0x15, 0x15, 0x15, 0x15, 0x15, 0x12, 0x08, 0x15, 0x15, 0x15, 0x15, 0x09, 0x08, 0x05, 0x03,
    0x12, 0x12, 0x09, 0x05, 0x03, 0x03, 0x08, 0x11, 0x08, 0x08, 0x05, 0x03, 0x08, 0x11, 0x07, 0x07,
    0x03, 0x05, 0x08, 0x11, 0x11, 0x11, 0x11, 0x11, 0x09, 0x11, 0x11, 0x11, 0x11, 0x11, 0x14, 0x15,
    0x15, 0x15, 0x15, 0x12, 0x09, 0x05, 0x03, 0x05, 0x12, 0x09, 0x05, 0x03, 0x05, 0x08, 0x09, 0x11,
    0x05, 0x03, 0x05, 0x09, 0x11, 0x07, 0x07, 0x07, 0x08, 0x11, 0x07, 0x07, 0x07, 0x11, 0x11, 0x14,
    0x07, 0x07, 0x11, 0x11, 0x14, 0x15, 0x15, 0x15, 0x11, 0x11, 0x14, 0x15, 0x15, 0x15, 0x15, 0x15,
    0x14, 0x15, 0x15, 0x15, 0x15, 0x15, 0x15, 0x15, 0x15, 0x15, 0x15, 0x15, 0x08, 0x09, 0x12, 0x15,
    0x09, 0x11, 0x11, 0x07, 0x07, 0x07, 0x11, 0x11, 0x07, 0x07, 0x07, 0x11, 0x11, 0x14, 0x14, 0x14,
    0x11, 0x11, 0x14, 0x14, 0x15, 0x15, 0x15, 0x15, 0x15, 0x15, 0x15, 0x15, 0x15, 0x15, 0x15, 0x15,
    0x15, 0x15, 0x15, 0x15, 0x12, 0x12, 0x12, 0x12, 0x15, 0x15, 0x12, 0x08, 0x03, 0x08, 0x12, 0x12,
    0x15, 0x15, 0x12, 0x09, 0x05, 0x03, 0x05, 0x12, 0x15, 0x15, 0x15, 0x12, 0x09, 0x05, 0x01, 0x05,
    0x14, 0x14, 0x14, 0x14, 0x15, 0x15, 0x15, 0x15, 0x15, 0x15, 0x15, 0x15, 0x15, 0x15, 0x15, 0x12,
    0x15, 0x15, 0x15, 0x15, 0x15, 0x15, 0x15, 0x15, 0x12, 0x12, 0x08, 0x08, 0x15, 0x15, 0x15, 0x15,
    0x12, 0x12, 0x05, 0x01, 0x01, 0x09, 0x15, 0x15, 0x12, 0x12, 0x12, 0x08, 0x01, 0x00, 0x05, 0x15,
    0x12, 0x12, 0x12, 0x12, 0x08, 0x03, 0x00, 0x03, 0x09, 0x12, 0x12, 0x12, 0x12, 0x09, 0x03, 0x00,
    0x15, 0x15, 0x15, 0x15, 0x15, 0x15, 0x15, 0x15, 0x05, 0x08, 0x15, 0x15, 0x15, 0x15, 0x15, 0x15,
    0x05, 0x01, 0x08, 0x15, 0x15, 0x15, 0x15, 0x15, 0x15, 0x05, 0x01, 0x08, 0x15, 0x15, 0x15, 0x15,
    0x15, 0x12, 0x05, 0x01, 0x08, 0x15, 0x15, 0x15, 0x15, 0x15, 0x12, 0x03, 0x01, 0x08, 0x15, 0x15,
    0x12, 0x15, 0x15, 0x09, 0x03, 0x01, 0x08, 0x15, 0x03, 0x08, 0x15, 0x15, 0x05, 0x03, 0x03, 0x08,
    0x15, 0x15, 0x15, 0x15, 0x15, 0x15, 0x15, 0x15, 0x15, 0x15, 0x15, 0x15, 0x15, 0x15, 0x15, 0x15,
    0x15, 0x15, 0x15, 0x15, 0x15, 0x15, 0x15, 0x15, 0x15, 0x15, 0x15, 0x15, 0x15, 0x15, 0x15, 0x15,
    0x15, 0x15, 0x15, 0x15, 0x15, 0x15, 0x15, 0x15, 0x15, 0x15, 0x15, 0x15, 0x15, 0x15, 0x15, 0x15,
    0x15, 0x15, 0x15, 0x15, 0x15, 0x15, 0x15, 0x15, 0x15, 0x15, 0x15, 0x15, 0x15, 0x15, 0x15, 0x15,
    0x15, 0x15, 0x15, 0x15, 0x15, 0x15, 0x15, 0x15, 0x15, 0x15, 0x15, 0x15, 0x15, 0x15, 0x15, 0x15,
    0x15, 0x15, 0x15, 0x15, 0x15, 0x15, 0x15, 0x15, 0x15, 0x15, 0x15, 0x15, 0x15, 0x15, 0x15, 0x15,
    0x15, 0x15, 0x15, 0x15, 0x15, 0x15, 0x15, 0x15, 0x15, 0x15, 0x15, 0x15, 0x15, 0x15, 0x15, 0x15,
    0x15, 0x15, 0x15, 0x15, 0x15, 0x15, 0x15, 0x15, 0x15, 0x15, 0x15, 0x15, 0x15, 0x15, 0x15, 0x15,
    0x15, 0x15, 0x15, 0x15, 0x15, 0x15, 0x15, 0x15, 0x15, 0x15, 0x15, 0x15, 0x15, 0x15, 0x15, 0x15,
    0x15, 0x15, 0x15, 0x15, 0x15, 0x15, 0x15, 0x15, 0x15, 0x15, 0x15, 0x15, 0x15, 0x15, 0x15, 0x15,
    0x15, 0x15, 0x15, 0x15, 0x15, 0x15, 0x15, 0x15, 0x15, 0x15, 0x15, 0x15, 0x15, 0x15, 0x15, 0x15,
    0x15, 0x15, 0x15, 0x15, 0x15, 0x15, 0x15, 0x15, 0x15, 0x15, 0x15, 0x15, 0x15, 0x15, 0x15, 0x15,
    0x15, 0x15, 0x15, 0x15, 0x15, 0x15, 0x15, 0x15, 0x15, 0x15, 0x15, 0x15, 0x15, 0x15, 0x15, 0x15,
    0x15, 0x15, 0x15, 0x15, 0x15, 0x15, 0x15, 0x15, 0x15, 0x15, 0x15, 0x15, 0x15, 0x15, 0x15, 0x15,
    0x15, 0x15, 0x15, 0x15, 0x15, 0x15, 0x15, 0x15, 0x15, 0x15, 0x15, 0x15, 0x15, 0x15, 0x15, 0x15,
    0x15, 0x15, 0x15, 0x15, 0x15, 0x15, 0x15, 0x15, 0x15, 0x15, 0x15, 0x15, 0x15, 0x15, 0x15, 0x15,
    0x15, 0x15, 0x15, 0x15, 0x15, 0x15, 0x15, 0x15, 0x15, 0x15, 0x15, 0x15, 0x15, 0x15, 0x15, 0x15,
    0x15, 0x15, 0x15, 0x15, 0x15, 0x15, 0x15, 0x15, 0x15, 0x15, 0x15, 0x15, 0x15, 0x15, 0x15, 0x15,
    0x15, 0x15, 0x15, 0x15, 0x15, 0x15, 0x15, 0x15, 0x15, 0x15, 0x15, 0x15, 0x15, 0x15, 0x15, 0x15,
    0x15, 0x15, 0x15, 0x15, 0x15, 0x15, 0x15, 0x15, 0x15, 0x15, 0x15, 0x15, 0x15, 0x15, 0x15, 0x15,
    0x15, 0x15, 0x15, 0x15, 0x15, 0x15, 0x15, 0x15, 0x15, 0x15, 0x15, 0x15, 0x15, 0x15, 0x15, 0x15,
    0x15, 0x15, 0x15, 0x15, 0x15, 0x15, 0x15, 0x15, 0x15, 0x15, 0x15, 0x15, 0x15, 0x15, 0x15, 0x15,
    0x15, 0x15, 0x15, 0x15, 0x15, 0x15, 0x15, 0x15, 0x15, 0x15, 0x15, 0x15, 0x15, 0x15, 0x15, 0x15,
    0x15, 0x15, 0x15, 0x15, 0x15, 0x15, 0x15, 0x15, 0x15, 0x15, 0x15, 0x15, 0x15, 0x15, 0x15, 0x15,
    0x15, 0x15, 0x15, 0x15, 0x15, 0x15, 0x15, 0x15, 0x15, 0x15, 0x15, 0x15, 0x15, 0x15, 0x15, 0x15,
    0x15, 0x15, 0x15, 0x15, 0x15, 0x15, 0x15, 0x15, 0x15, 0x15, 0x15, 0x15, 0x15, 0x15, 0x15, 0x15,
    0x15, 0x15, 0x15, 0x15, 0x15, 0x15, 0x15, 0x15, 0x15, 0x15, 0x15, 0x15, 0x15, 0x15, 0x15, 0x15,
    0x15, 0x15, 0x15, 0x15, 0x15, 0x15, 0x15, 0x15, 0x15, 0x15, 0x15, 0x15, 0x15, 0x15, 0x15, 0x15,
    0x15, 0x15, 0x15, 0x15, 0x15, 0x15, 0x15, 0x15, 0x15, 0x15, 0x15, 0x15, 0x15, 0x15, 0x15, 0x15,
    0x15, 0x15, 0x15, 0x15, 0x15, 0x15, 0x15, 0x15, 0x15, 0x15, 0x15, 0x15, 0x15, 0x15, 0x15, 0x15,
    0x15, 0x15, 0x15, 0x15, 0x15, 0x15, 0x15, 0x15, 0x15, 0x15, 0x15, 0x15, 0x15, 0x15, 0x15, 0x15,
    0x15, 0x15, 0x15, 0x15, 0x15, 0x15, 0x15, 0x15, 0x15, 0x15, 0x15, 0x15, 0x15, 0x15, 0x15, 0x15,
    0x15, 0x15, 0x15, 0x15, 0x15, 0x15, 0x15, 0x15, 0x15, 0x15, 0x15, 0x15, 0x15, 0x15, 0x15, 0x15,
    0x15, 0x15, 0x15, 0x15, 0x15, 0x15, 0x15, 0x15, 0x15, 0x15, 0x15, 0x15, 0x15, 0x15, 0x15, 0x15,
    0x15, 0x15, 0x15, 0x15, 0x15, 0x15, 0x15, 0x15, 0x15, 0x15, 0x15, 0x15, 0x15, 0x15, 0x15, 0x15,
    0x15, 0x15, 0x15, 0x15, 0x15, 0x15, 0x15, 0x15, 0x15, 0x15, 0x15, 0x15, 0x15, 0x15, 0x15, 0x15,
    0x15, 0x15, 0x15, 0x15, 0x15, 0x15, 0x15, 0x15, 0x15, 0x15, 0x15, 0x15, 0x15, 0x15, 0x15, 0x15,
    0x15, 0x15, 0x15, 0x15, 0x15, 0x15, 0x15, 0x15, 0x15, 0x15, 0x15, 0x15, 0x15, 0x15, 0x15, 0x15,
    0x15, 0x15, 0x15, 0x15, 0x15, 0x15, 0x15, 0x15, 0x15, 0x15, 0x15, 0x15, 0x15, 0x15, 0x15, 0x15,
    0x15, 0x15, 0x15, 0x15, 0x15, 0x15, 0x15, 0x15, 0x15, 0x15, 0x15, 0x15, 0x15, 0x15, 0x15, 0x15,
    0x15, 0x15, 0x15, 0x15, 0x15, 0x15, 0x15, 0x15, 0x15, 0x15, 0x15, 0x15, 0x15, 0x15, 0x15, 0x15,
    0x15, 0x15, 0x15, 0x15, 0x15, 0x15, 0x15, 0x15, 0x15, 0x15, 0x15, 0x15, 0x15, 0x15, 0x15, 0x15,
    0x15, 0x15, 0x15, 0x15, 0x15, 0x15, 0x15, 0x15, 0x15, 0x15, 0x15, 0x15, 0x15, 0x15, 0x15, 0x15,
    0x15, 0x15, 0x15, 0x15, 0x15, 0x15, 0x15, 0x15, 0x15, 0x15, 0x15, 0x15, 0x15, 0x15, 0x15, 0x15,
    0x15, 0x15, 0x15, 0x15, 0x15, 0x15, 0x15, 0x15, 0x15, 0x15, 0x15, 0x15, 0x15, 0x15, 0x15, 0x15,
    0x15, 0x15, 0x15, 0x15, 0x15, 0x15, 0x15, 0x15, 0x15, 0x15, 0x15, 0x15, 0x15, 0x15, 0x15, 0x15,
    0x15, 0x15, 0x15, 0x15, 0x15, 0x15, 0x15, 0x15, 0x15, 0x15, 0x15, 0x15, 0x15, 0x15, 0x15, 0x15,
    0x15, 0x15, 0x15, 0x15, 0x15, 0x15, 0x15, 0x15, 0x15, 0x15, 0x15, 0x15, 0x15, 0x15, 0x15, 0x15,
    0x15, 0x15, 0x15, 0x15, 0x15, 0x15, 0x15, 0x15, 0x15, 0x15, 0x15, 0x15, 0x15, 0x15, 0x15, 0x15,
    0x15, 0x15, 0x15, 0x15, 0x15, 0x15, 0x15, 0x15, 0x15, 0x15, 0x15, 0x15, 0x15, 0x15, 0x15, 0x15,
    0x15, 0x15, 0x15, 0x15, 0x15, 0x15, 0x15, 0x15, 0x15, 0x15, 0x15, 0x15, 0x15, 0x15, 0x15, 0x15,
    0x15, 0x15, 0x15, 0x15, 0x15, 0x15, 0x15, 0x15, 0x15, 0x15, 0x15, 0x15, 0x15, 0x15, 0x15, 0x15,
    0x15, 0x15, 0x15, 0x15, 0x15, 0x15, 0x15, 0x15, 0x15, 0x15, 0x15, 0x15, 0x15, 0x15, 0x15, 0x15,
    0x15, 0x15, 0x15, 0x15, 0x15, 0x15, 0x15, 0x15, 0x15, 0x15, 0x15, 0x15, 0x15, 0x15, 0x15, 0x15,
    0x15, 0x15, 0x15, 0x15, 0x15, 0x15, 0x15, 0x15, 0x15, 0x15, 0x15, 0x15, 0x15, 0x15, 0x15, 0x15,
    0x15, 0x15, 0x15, 0x15, 0x15, 0x15, 0x15, 0x15, 0x15, 0x15, 0x15, 0x15, 0x15, 0x15, 0x15, 0x15,
    0x15, 0x15, 0x15, 0x15, 0x15, 0x15, 0x15, 0x15, 0x15, 0x15, 0x15, 0x15, 0x15, 0x15, 0x15, 0x15,
    0x15, 0x15, 0x15, 0x15, 0x15, 0x15, 0x15, 0x15, 0x15, 0x15, 0x15, 0x15, 0x15, 0x15, 0x15, 0x15,
    0x15, 0x15, 0x15, 0x15, 0x15, 0x15, 0x15, 0x15, 0x15, 0x15, 0x15, 0x15, 0x15, 0x15, 0x15, 0x15,
    0x15, 0x15, 0x15, 0x15, 0x15, 0x15, 0x15, 0x15, 0x15, 0x15, 0x12, 0x15, 0x15, 0x15, 0x15, 0x15,
    0x15, 0x15, 0x15, 0x15, 0x15, 0x15, 0x15, 0x15, 0x15, 0x15, 0x15, 0x15, 0x15, 0x15, 0x15, 0x15,
    0x15, 0x15, 0x15, 0x15, 0x15, 0x15, 0x15, 0x15, 0x15, 0x15, 0x15, 0x15, 0x15, 0x15, 0x15, 0x15,
    0x15, 0x15, 0x15, 0x15, 0x15, 0x15, 0x15, 0x15, 0x15, 0x15, 0x15, 0x15, 0x15, 0x15, 0x15, 0x15,
    0x15, 0x15, 0x15, 0x15, 0x15, 0x15, 0x15, 0x15, 0x15, 0x15, 0x15, 0x15, 0x15, 0x15, 0x15, 0x15,
    0x15, 0x15, 0x15, 0x15, 0x15, 0x15, 0x15, 0x15, 0x15, 0x15, 0x15, 0x15, 0x15, 0x15, 0x15, 0x15,
    0x15, 0x15, 0x15, 0x15, 0x15, 0x15, 0x15, 0x15, 0x15, 0x15, 0x15, 0x15, 0x15, 0x15, 0x15, 0x15,
    0x15, 0x15, 0x15, 0x15, 0x15, 0x15, 0x15, 0x15, 0x15, 0x15, 0x15, 0x15, 0x15, 0x15, 0x15, 0x15,
    0x15, 0x15, 0x15, 0x15, 0x15, 0x15, 0x15, 0x15, 0x15, 0x15, 0x15, 0x15, 0x15, 0x15, 0x15, 0x15,
    0x15, 0x15, 0x15, 0x15, 0x15, 0x15, 0x11, 0x12, 0x15, 0x15, 0x15, 0x15, 0x15, 0x11, 0x11, 0x14,
    0x15, 0x15, 0x15, 0x15, 0x15, 0x11, 0x07, 0x11, 0x15, 0x15, 0x15, 0x15, 0x15, 0x15, 0x11, 0x07,
    0x15, 0x15, 0x15, 0x15, 0x15, 0x15, 0x09, 0x11, 0x15, 0x15, 0x15, 0x15, 0x15, 0x15, 0x09, 0x09,
    0x15, 0x15, 0x15, 0x15, 0x15, 0x15, 0x09, 0x08, 0x15, 0x15, 0x15, 0x15, 0x15, 0x15, 0x09, 0x08,
    0x09, 0x14, 0x14, 0x14, 0x14, 0x14, 0x14, 0x14, 0x05, 0x01, 0x09, 0x14, 0x14, 0x11, 0x11, 0x11,
    0x09, 0x05, 0x01, 0x12, 0x15, 0x14, 0x14, 0x11, 0x11, 0x09, 0x05, 0x12, 0x12, 0x12, 0x15, 0x15,
    0x07, 0x14, 0x12, 0x12, 0x15, 0x15, 0x15, 0x15, 0x11, 0x07, 0x14, 0x15, 0x15, 0x15, 0x15, 0x15,
    0x09, 0x11, 0x11, 0x14, 0x14, 0x14, 0x15, 0x15, 0x05, 0x09, 0x14, 0x14, 0x15, 0x15, 0x15, 0x15,
    0x14, 0x14, 0x15, 0x15, 0x15, 0x14, 0x11, 0x14, 0x14, 0x15, 0x15, 0x15, 0x15, 0x15, 0x14, 0x11,
    0x11, 0x11, 0x14, 0x15, 0x15, 0x15, 0x15, 0x11, 0x14, 0x11, 0x11, 0x14, 0x15, 0x15, 0x14, 0x14,
    0x15, 0x14, 0x14, 0x11, 0x11, 0x11, 0x14, 0x14, 0x15, 0x15, 0x15, 0x14, 0x11, 0x11, 0x11, 0x14,
    0x15, 0x15, 0x15, 0x12, 0x14, 0x14, 0x14, 0x15, 0x15, 0x15, 0x12, 0x09, 0x15, 0x15, 0x15, 0x15,
    0x14, 0x02, 0x06, 0x02, 0x07, 0x05, 0x03, 0x01, 0x14, 0x07, 0x06, 0x02, 0x06, 0x09, 0x05, 0x03,
    0x11, 0x14, 0x02, 0x06, 0x02, 0x07, 0x12, 0x05, 0x11, 0x11, 0x02, 0x06, 0x02, 0x06, 0x15, 0x12,
    0x14, 0x11, 0x07, 0x02, 0x06, 0x02, 0x07, 0x15, 0x15, 0x14, 0x14, 0x02, 0x06, 0x02, 0x06, 0x09,
    0x15, 0x14, 0x14, 0x07, 0x02, 0x06, 0x02, 0x07, 0x15, 0x14, 0x14, 0x14, 0x02, 0x06, 0x02, 0x06,
    0x00, 0x01, 0x01, 0x01, 0x01, 0x01, 0x01, 0x01, 0x01, 0x00, 0x01, 0x01, 0x01, 0x01, 0x01, 0x01,
    0x03, 0x01, 0x00, 0x01, 0x01, 0x01, 0x03, 0x03, 0x09, 0x05, 0x03, 0x00, 0x01, 0x01, 0x01, 0x00,
    0x15, 0x09, 0x08, 0x03, 0x01, 0x01, 0x01, 0x01, 0x15, 0x08, 0x05, 0x08, 0x08, 0x05, 0x03, 0x03,
    0x12, 0x12, 0x08, 0x03, 0x05, 0x08, 0x09, 0x12, 0x09, 0x12, 0x09, 0x09, 0x12, 0x12, 0x12, 0x12,
    0x05, 0x03, 0x05, 0x05, 0x09, 0x15, 0x12, 0x14, 0x03, 0x03, 0x05, 0x05, 0x12, 0x15, 0x12, 0x14,
    0x01, 0x01, 0x05, 0x08, 0x12, 0x12, 0x12, 0x14, 0x00, 0x01, 0x05, 0x08, 0x12, 0x09, 0x12, 0x11,
    0x01, 0x03, 0x05, 0x09, 0x09, 0x12, 0x12, 0x07, 0x03, 0x05, 0x09, 0x09, 0x12, 0x12, 0x14, 0x07,
    0x12, 0x12, 0x09, 0x12, 0x12, 0x15, 0x11, 0x07, 0x12, 0x12, 0x12, 0x12, 0x15, 0x15, 0x07, 0x11,
    0x07, 0x02, 0x06, 0x02, 0x06, 0x12, 0x08, 0x11, 0x07, 0x02, 0x06, 0x06, 0x02, 0x12, 0x09, 0x12,
    0x07, 0x06, 0x02, 0x06, 0x02, 0x06, 0x12, 0x15, 0x07, 0x06, 0x02, 0x06, 0x02, 0x02, 0x15, 0x15,
    0x11, 0x15, 0x02, 0x06, 0x06, 0x02, 0x15, 0x14, 0x14, 0x15, 0x06, 0x02, 0x12, 0x02, 0x07, 0x11,
    0x15, 0x15, 0x06, 0x02, 0x12, 0x06, 0x07, 0x11, 0x15, 0x15, 0x15, 0x02, 0x06, 0x15, 0x07, 0x14,
    0x11, 0x14, 0x14, 0x11, 0x11, 0x11, 0x11, 0x11, 0x11, 0x07, 0x14, 0x14, 0x14, 0x11, 0x11, 0x11,
    0x14, 0x11, 0x07, 0x11, 0x14, 0x14, 0x14, 0x14, 0x15, 0x15, 0x14, 0x07, 0x07, 0x14, 0x15, 0x15,
    0x15, 0x15, 0x15, 0x15, 0x07, 0x07, 0x14, 0x15, 0x15, 0x15, 0x15, 0x15, 0x15, 0x07, 0x11, 0x14,
    0x14, 0x15, 0x12, 0x15, 0x15, 0x14, 0x07, 0x11, 0x11, 0x15, 0x12, 0x09, 0x15, 0x12, 0x14, 0x07,
    0x11, 0x11, 0x11, 0x11, 0x14, 0x15, 0x15, 0x15, 0x11, 0x11, 0x14, 0x15, 0x15, 0x15, 0x15, 0x15,
    0x14, 0x14, 0x15, 0x15, 0x15, 0x15, 0x15, 0x15, 0x15, 0x15, 0x15, 0x15, 0x15, 0x15, 0x15, 0x15,
    0x15, 0x15, 0x15, 0x15, 0x15, 0x15, 0x14, 0x07, 0x15, 0x15, 0x15, 0x15, 0x15, 0x11, 0x07, 0x11,
    0x15, 0x15, 0x15, 0x14, 0x07, 0x07, 0x14, 0x14, 0x14, 0x14, 0x11, 0x07, 0x11, 0x14, 0x15, 0x15,
    0x15, 0x15, 0x15, 0x09, 0x00, 0x01, 0x09, 0x12, 0x15, 0x15, 0x15, 0x12, 0x09, 0x00, 0x03, 0x09,
    0x15, 0x15, 0x14, 0x14, 0x12, 0x09, 0x00, 0x03, 0x11, 0x11, 0x11, 0x11, 0x11, 0x11, 0x11, 0x11,
    0x07, 0x11, 0x14, 0x14, 0x14, 0x14, 0x14, 0x11, 0x14, 0x15, 0x15, 0x15, 0x15, 0x15, 0x15, 0x15,
    0x15, 0x15, 0x15, 0x14, 0x14, 0x11, 0x11, 0x11, 0x15, 0x14, 0x15, 0x15, 0x15, 0x15, 0x15, 0x15,
    0x15, 0x15, 0x15, 0x15, 0x12, 0x09, 0x05, 0x01, 0x12, 0x15, 0x15, 0x15, 0x15, 0x12, 0x09, 0x05,
    0x09, 0x12, 0x15, 0x15, 0x15, 0x15, 0x12, 0x09, 0x11, 0x11, 0x11, 0x11, 0x11, 0x11, 0x11, 0x11,
    0x11, 0x11, 0x11, 0x07, 0x07, 0x07, 0x07, 0x07, 0x15, 0x15, 0x14, 0x14, 0x14, 0x11, 0x11, 0x11,
    0x14, 0x15, 0x15, 0x15, 0x15, 0x15, 0x15, 0x15, 0x15, 0x15, 0x15, 0x15, 0x15, 0x15, 0x15, 0x15,
    0x03, 0x09, 0x12, 0x12, 0x12, 0x12, 0x09, 0x03, 0x01, 0x03, 0x09, 0x12, 0x12, 0x12, 0x12, 0x09,
    0x05, 0x01, 0x01, 0x05, 0x09, 0x12, 0x12, 0x12, 0x09, 0x08, 0x03, 0x01, 0x03, 0x05, 0x09, 0x09,
    0x11, 0x11, 0x11, 0x11, 0x11, 0x08, 0x05, 0x08, 0x07, 0x07, 0x07, 0x07, 0x07, 0x11, 0x11, 0x11,
    0x15, 0x15, 0x14, 0x14, 0x14, 0x11, 0x11, 0x11, 0x14, 0x14, 0x15, 0x15, 0x15, 0x15, 0x14, 0x14,
    0x00, 0x03, 0x09, 0x15, 0x12, 0x05, 0x03, 0x08, 0x05, 0x01, 0x03, 0x08, 0x15, 0x09, 0x03, 0x05,
    0x09, 0x05, 0x01, 0x03, 0x09, 0x15, 0x08, 0x03, 0x09, 0x09, 0x08, 0x05, 0x03, 0x09, 0x12, 0x05,
    0x09, 0x09, 0x09, 0x09, 0x08, 0x05, 0x12, 0x09, 0x11, 0x08, 0x09, 0x09, 0x09, 0x09, 0x08, 0x09,
    0x11, 0x11, 0x11, 0x11, 0x11, 0x09, 0x09, 0x09, 0x14, 0x14, 0x11, 0x11, 0x11, 0x11, 0x11, 0x11,
    0x15, 0x15, 0x15, 0x15, 0x15, 0x15, 0x15, 0x15, 0x08, 0x15, 0x15, 0x15, 0x15, 0x15, 0x15, 0x15,
    0x08, 0x15, 0x15, 0x15, 0x15, 0x15, 0x15, 0x15, 0x03, 0x09, 0x15, 0x15, 0x15, 0x15, 0x15, 0x15,
    0x05, 0x09, 0x15, 0x15, 0x15, 0x15, 0x15, 0x15, 0x09, 0x08, 0x09, 0x15, 0x15, 0x15, 0x15, 0x15,
    0x09, 0x09, 0x09, 0x15, 0x15, 0x15, 0x15, 0x15, 0x09, 0x09, 0x09, 0x11, 0x15, 0x15, 0x15, 0x15,
    0x15, 0x15, 0x15, 0x15, 0x15, 0x15, 0x15, 0x15, 0x15, 0x15, 0x15, 0x15, 0x15, 0x15, 0x15, 0x15,
    0x15, 0x15, 0x15, 0x15, 0x15, 0x15, 0x15, 0x15, 0x15, 0x15, 0x15, 0x15, 0x15, 0x15, 0x15, 0x15,
    0x15, 0x15, 0x15, 0x15, 0x15, 0x15, 0x15, 0x15, 0x15, 0x15, 0x15, 0x15, 0x15, 0x15, 0x15, 0x15,
    0x15, 0x15, 0x15, 0x15, 0x15, 0x15, 0x15, 0x15, 0x15, 0x15, 0x15, 0x15, 0x15, 0x15, 0x15, 0x15,
    0x15, 0x15, 0x15, 0x15, 0x15, 0x15, 0x15, 0x15, 0x15, 0x15, 0x15, 0x15, 0x15, 0x15, 0x15, 0x15,
    0x15, 0x15, 0x15, 0x15, 0x15, 0x15, 0x15, 0x15, 0x15, 0x15, 0x15, 0x15, 0x15, 0x15, 0x15, 0x15,
    0x15, 0x15, 0x15, 0x15, 0x15, 0x15, 0x15, 0x15, 0x15, 0x15, 0x15, 0x15, 0x15, 0x15, 0x15, 0x15,
    0x15, 0x15, 0x15, 0x15, 0x15, 0x15, 0x15, 0x15, 0x15, 0x15, 0x15, 0x15, 0x15, 0x15, 0x15, 0x15,
    0x15, 0x15, 0x15, 0x15, 0x15, 0x15, 0x15, 0x15, 0x15, 0x15, 0x15, 0x15, 0x15, 0x15, 0x15, 0x15,
    0x15, 0x15, 0x15, 0x15, 0x15, 0x15, 0x15, 0x15, 0x15, 0x15, 0x15, 0x15, 0x15, 0x15, 0x15, 0x15,
    0x15, 0x15, 0x15, 0x15, 0x15, 0x15, 0x15, 0x15, 0x15, 0x15, 0x15, 0x15, 0x15, 0x15, 0x15, 0x15,
    0x15, 0x15, 0x15, 0x15, 0x15, 0x15, 0x15, 0x15, 0x15, 0x15, 0x15, 0x15, 0x15, 0x15, 0x15, 0x15,
    0x15, 0x15, 0x15, 0x15, 0x15, 0x15, 0x15, 0x15, 0x15, 0x15, 0x15, 0x15, 0x15, 0x15, 0x15, 0x15,
    0x15, 0x15, 0x15, 0x15, 0x15, 0x15, 0x15, 0x15, 0x15, 0x15, 0x15, 0x15, 0x15, 0x15, 0x15, 0x15,
    0x15, 0x15, 0x15, 0x15, 0x15, 0x15, 0x15, 0x15, 0x15, 0x15, 0x15, 0x15, 0x15, 0x15, 0x15, 0x15,
    0x15, 0x15, 0x15, 0x15, 0x15, 0x15, 0x15, 0x15, 0x15, 0x15, 0x15, 0x15, 0x15, 0x15, 0x15, 0x15,
    0x15, 0x15, 0x15, 0x15, 0x15, 0x15, 0x15, 0x15, 0x15, 0x15, 0x15, 0x15, 0x15, 0x15, 0x15, 0x15,
    0x15, 0x15, 0x15, 0x15, 0x15, 0x15, 0x15, 0x15, 0x15, 0x15, 0x15, 0x15, 0x15, 0x15, 0x15, 0x15,
    0x15, 0x15, 0x15, 0x15, 0x15, 0x15, 0x15, 0x15, 0x15, 0x15, 0x15, 0x15, 0x15, 0x15, 0x15, 0x15,
    0x15, 0x15, 0x15, 0x15, 0x15, 0x15, 0x15, 0x15, 0x15, 0x15, 0x15, 0x15, 0x15, 0x15, 0x15, 0x15,
    0x15, 0x15, 0x15, 0x15, 0x15, 0x15, 0x15, 0x15, 0x15, 0x15, 0x15, 0x15, 0x15, 0x15, 0x15, 0x15,
    0x15, 0x15, 0x15, 0x15, 0x15, 0x15, 0x15, 0x15, 0x15, 0x15, 0x15, 0x15, 0x15, 0x15, 0x15, 0x15,
    0x15, 0x15, 0x15, 0x15, 0x15, 0x15, 0x15, 0x15, 0x15, 0x15, 0x15, 0x15, 0x15, 0x15, 0x15, 0x15,
    0x15, 0x15, 0x15, 0x15, 0x15, 0x15, 0x15, 0x15, 0x15, 0x15, 0x15, 0x15, 0x15, 0x15, 0x15, 0x15,
    0x15, 0x15, 0x15, 0x15, 0x15, 0x15, 0x15, 0x15, 0x15, 0x15, 0x15, 0x15, 0x15, 0x15, 0x15, 0x15,
    0x15, 0x15, 0x15, 0x15, 0x15, 0x15, 0x15, 0x15, 0x15, 0x15, 0x15, 0x15, 0x15, 0x15, 0x15, 0x15,
    0x15, 0x15, 0x15, 0x15, 0x15, 0x15, 0x15, 0x15, 0x15, 0x15, 0x15, 0x15, 0x15, 0x15, 0x15, 0x15,
    0x15, 0x15, 0x15, 0x15, 0x15, 0x15, 0x15, 0x15, 0x15, 0x15, 0x15, 0x15, 0x15, 0x15, 0x15, 0x15,
    0x15, 0x15, 0x15, 0x15, 0x15, 0x15, 0x15, 0x15, 0x15, 0x15, 0x15, 0x15, 0x15, 0x15, 0x15, 0x15,
    0x15, 0x15, 0x15, 0x15, 0x15, 0x15, 0x15, 0x15, 0x15, 0x15, 0x15, 0x15, 0x15, 0x15, 0x15, 0x15,
    0x15, 0x15, 0x15, 0x15, 0x15, 0x15, 0x15, 0x15, 0x15, 0x15, 0x15, 0x15, 0x15, 0x15, 0x15, 0x15,
    0x15, 0x15, 0x15, 0x15, 0x15, 0x15, 0x15, 0x15, 0x15, 0x15, 0x15, 0x15, 0x15, 0x15, 0x15, 0x15,
    0x15, 0x15, 0x15, 0x15, 0x15, 0x15, 0x15, 0x15, 0x15, 0x15, 0x15, 0x15, 0x15, 0x15, 0x15, 0x15,
    0x15, 0x15, 0x15, 0x15, 0x15, 0x15, 0x15, 0x15, 0x15, 0x15, 0x15, 0x15, 0x15, 0x15, 0x15, 0x15,
    0x15, 0x15, 0x15, 0x15, 0x15, 0x15, 0x15, 0x15, 0x15, 0x15, 0x15, 0x15, 0x15, 0x15, 0x15, 0x15,
    0x15, 0x15, 0x15, 0x15, 0x15, 0x15, 0x15, 0x15, 0x15, 0x15, 0x15, 0x15, 0x15, 0x15, 0x15, 0x15,
    0x15, 0x15, 0x15, 0x15, 0x15, 0x15, 0x15, 0x15, 0x15, 0x15, 0x15, 0x15, 0x15, 0x15, 0x15, 0x15,
    0x15, 0x15, 0x15, 0x15, 0x15, 0x15, 0x15, 0x15, 0x15, 0x15, 0x15, 0x15, 0x15, 0x15, 0x15, 0x15,
    0x15, 0x15, 0x15, 0x15, 0x15, 0x15, 0x15, 0x15, 0x15, 0x15, 0x15, 0x15, 0x15, 0x15, 0x15, 0x15,
    0x15, 0x15, 0x15, 0x15, 0x15, 0x15, 0x15, 0x15, 0x15, 0x15, 0x15, 0x15, 0x15, 0x15, 0x15, 0x15,
    0x15, 0x15, 0x15, 0x15, 0x15, 0x15, 0x15, 0x15, 0x15, 0x15, 0x15, 0x15, 0x15, 0x15, 0x15, 0x15,
    0x15, 0x15, 0x15, 0x15, 0x15, 0x15, 0x15, 0x15, 0x15, 0x15, 0x15, 0x15, 0x15, 0x15, 0x15, 0x15,
    0x15, 0x15, 0x15, 0x15, 0x15, 0x15, 0x15, 0x15, 0x15, 0x15, 0x15, 0x15, 0x15, 0x15, 0x15, 0x15,
    0x15, 0x15, 0x15, 0x15, 0x15, 0x15, 0x15, 0x15, 0x15, 0x15, 0x15, 0x15, 0x15, 0x15, 0x15, 0x15,
    0x15, 0x15, 0x15, 0x15, 0x15, 0x15, 0x15, 0x15, 0x15, 0x15, 0x15, 0x15, 0x15, 0x15, 0x15, 0x15,
    0x15, 0x15, 0x15, 0x15, 0x15, 0x15, 0x15, 0x15, 0x15, 0x15, 0x15, 0x15, 0x15, 0x15, 0x15, 0x15,
    0x15, 0x15, 0x15, 0x15, 0x15, 0x15, 0x15, 0x15, 0x15, 0x15, 0x15, 0x15, 0x15, 0x15, 0x15, 0x15,
    0x15, 0x15, 0x15, 0x15, 0x15, 0x15, 0x15, 0x15, 0x15, 0x15, 0x15, 0x15, 0x15, 0x15, 0x15, 0x15,
    0x15, 0x15, 0x15, 0x15, 0x15, 0x15, 0x15, 0x15, 0x15, 0x15, 0x15, 0x15, 0x15, 0x15, 0x15, 0x15,
    0x15, 0x15, 0x15, 0x15, 0x15, 0x15, 0x15, 0x15, 0x15, 0x15, 0x15, 0x15, 0x15, 0x15, 0x15, 0x15,
    0x15, 0x15, 0x15, 0x15, 0x15, 0x15, 0x15, 0x15, 0x15, 0x15, 0x15, 0x15, 0x15, 0x15, 0x15, 0x15,
    0x15, 0x15, 0x15, 0x15, 0x15, 0x15, 0x15, 0x15, 0x15, 0x15, 0x15, 0x15, 0x15, 0x15, 0x15, 0x15,
    0x15, 0x15, 0x12, 0x12, 0x15, 0x15, 0x15, 0x15, 0x15, 0x15, 0x12, 0x09, 0x12, 0x15, 0x15, 0x15,
    0x15, 0x15, 0x15, 0x12, 0x09, 0x12, 0x15, 0x15, 0x15, 0x15, 0x15, 0x12, 0x05, 0x09, 0x12, 0x15,
    0x15, 0x15, 0x15, 0x15, 0x15, 0x03, 0x05, 0x12, 0x15, 0x15, 0x15, 0x15, 0x15, 0x12, 0x00, 0x05,
    0x15, 0x15, 0x15, 0x15, 0x15, 0x15, 0x12, 0x00, 0x15, 0x15, 0x15, 0x15, 0x15, 0x15, 0x15, 0x09,
    0x15, 0x15, 0x15, 0x15, 0x15, 0x15, 0x15, 0x15, 0x15, 0x15, 0x15, 0x15, 0x15, 0x15, 0x15, 0x15,
    0x15, 0x15, 0x15, 0x15, 0x15, 0x15, 0x15, 0x15, 0x15, 0x15, 0x15, 0x15, 0x15, 0x15, 0x15, 0x15,
    0x15, 0x15, 0x15, 0x15, 0x15, 0x15, 0x15, 0x15, 0x12, 0x12, 0x15, 0x15, 0x15, 0x15, 0x15, 0x15,
    0x08, 0x12, 0x12, 0x15, 0x15, 0x15, 0x15, 0x15, 0x00, 0x09, 0x12, 0x12, 0x15, 0x15, 0x15, 0x15,
    0x15, 0x15, 0x15, 0x15, 0x15, 0x15, 0x15, 0x15, 0x15, 0x15, 0x15, 0x15, 0x15, 0x15, 0x15, 0x15,
    0x15, 0x15, 0x15, 0x15, 0x15, 0x15, 0x15, 0x15, 0x15, 0x15, 0x15, 0x15, 0x15, 0x15, 0x15, 0x15,
    0x15, 0x15, 0x15, 0x15, 0x15, 0x15, 0x15, 0x15, 0x15, 0x15, 0x15, 0x15, 0x15, 0x15, 0x15, 0x15,
    0x15, 0x15, 0x15, 0x15, 0x15, 0x15, 0x15, 0x15, 0x15, 0x15, 0x15, 0x15, 0x15, 0x15, 0x15, 0x15,
    0x15, 0x15, 0x15, 0x15, 0x15, 0x15, 0x09, 0x08, 0x15, 0x15, 0x15, 0x15, 0x15, 0x15, 0x09, 0x05,
    0x15, 0x15, 0x15, 0x15, 0x15, 0x15, 0x08, 0x05, 0x15, 0x15, 0x15, 0x15, 0x15, 0x15, 0x08, 0x05,
    0x15, 0x15, 0x15, 0x15, 0x15, 0x15, 0x08, 0x03, 0x15, 0x15, 0x15, 0x15, 0x15, 0x15, 0x08, 0x01,
    0x15, 0x15, 0x15, 0x15, 0x15, 0x15, 0x05, 0x00, 0x15, 0x15, 0x15, 0x15, 0x15, 0x08, 0x05, 0x00,
    0x03, 0x05, 0x09, 0x08, 0x05, 0x03, 0x12, 0x15, 0x01, 0x03, 0x08, 0x08, 0x03, 0x01, 0x12, 0x15,
    0x01, 0x03, 0x08, 0x08, 0x01, 0x08, 0x15, 0x15, 0x00, 0x03, 0x08, 0x05, 0x01, 0x12, 0x15, 0x15,
    0x00, 0x05, 0x08, 0x03, 0x05, 0x15, 0x15, 0x15, 0x00, 0x05, 0x08, 0x01, 0x09, 0x15, 0x15, 0x12,
    0x01, 0x08, 0x05, 0x03, 0x15, 0x15, 0x15, 0x09, 0x01, 0x08, 0x03, 0x05, 0x15, 0x15, 0x12, 0x09,
    0x15, 0x15, 0x09, 0x15, 0x15, 0x15, 0x15, 0x15, 0x15, 0x12, 0x09, 0x15, 0x15, 0x15, 0x15, 0x15,
    0x15, 0x09, 0x15, 0x15, 0x15, 0x15, 0x15, 0x15, 0x12, 0x09, 0x15, 0x15, 0x15, 0x15, 0x15, 0x15,
    0x09, 0x15, 0x15, 0x15, 0x15, 0x15, 0x15, 0x15, 0x09, 0x15, 0x15, 0x15, 0x15, 0x15, 0x15, 0x15,
    0x15, 0x15, 0x15, 0x15, 0x15, 0x15, 0x15, 0x15, 0x15, 0x15, 0x15, 0x15, 0x15, 0x15, 0x15, 0x15,
    0x15, 0x15, 0x14, 0x14, 0x07, 0x02, 0x06, 0x02, 0x15, 0x15, 0x14, 0x11, 0x14, 0x02, 0x06, 0x06,
    0x15, 0x15, 0x14, 0x11, 0x14, 0x07, 0x02, 0x07, 0x15, 0x15, 0x14, 0x11, 0x14, 0x15, 0x02, 0x06,
    0x15, 0x15, 0x11, 0x07, 0x14, 0x15, 0x14, 0x02, 0x15, 0x15, 0x11, 0x07, 0x14, 0x15, 0x15, 0x07,
    0x15, 0x15, 0x11, 0x07, 0x14, 0x15, 0x15, 0x15, 0x15, 0x15, 0x11, 0x07, 0x15, 0x15, 0x15, 0x15,
    0x06, 0x12, 0x12, 0x12, 0x09, 0x08, 0x08, 0x08, 0x02, 0x12, 0x15, 0x15, 0x12, 0x12, 0x12, 0x12,
    0x06, 0x02, 0x12, 0x15, 0x15, 0x15, 0x15, 0x15, 0x07, 0x06, 0x07, 0x12, 0x15, 0x15, 0x15, 0x15,
    0x14, 0x07, 0x06, 0x07, 0x15, 0x15, 0x15, 0x15, 0x06, 0x15, 0x07, 0x06, 0x07, 0x15, 0x15, 0x15,
    0x07, 0x15, 0x15, 0x07, 0x06, 0x14, 0x15, 0x15, 0x15, 0x07, 0x15, 0x15, 0x07, 0x07, 0x14, 0x15,
    0x08, 0x09, 0x12, 0x15, 0x15, 0x14, 0x07, 0x14, 0x12, 0x12, 0x15, 0x15, 0x15, 0x11, 0x11, 0x15,
    0x15, 0x15, 0x15, 0x15, 0x14, 0x11, 0x14, 0x15, 0x15, 0x15, 0x15, 0x15, 0x11, 0x11, 0x15, 0x15,
    0x15, 0x15, 0x15, 0x14, 0x11, 0x14, 0x15, 0x15, 0x15, 0x15, 0x15, 0x11, 0x11, 0x15, 0x15, 0x15,
    0x15, 0x15, 0x15, 0x11, 0x14, 0x15, 0x15, 0x15, 0x15, 0x15, 0x14, 0x11, 0x15, 0x15, 0x15, 0x15,
    0x15, 0x15, 0x15, 0x06, 0x02, 0x15, 0x07, 0x15, 0x15, 0x15, 0x15, 0x06, 0x02, 0x15, 0x15, 0x15,
    0x15, 0x15, 0x15, 0x12, 0x02, 0x14, 0x15, 0x15, 0x15, 0x15, 0x12, 0x12, 0x06, 0x07, 0x15, 0x15,
    0x15, 0x15, 0x09, 0x12, 0x06, 0x07, 0x15, 0x15, 0x15, 0x15, 0x09, 0x14, 0x06, 0x07, 0x15, 0x14,
    0x15, 0x15, 0x09, 0x14, 0x07, 0x11, 0x15, 0x11, 0x15, 0x12, 0x09, 0x14, 0x07, 0x11, 0x14, 0x11,
    0x11, 0x15, 0x15, 0x09, 0x09, 0x12, 0x12, 0x11, 0x11, 0x14, 0x15, 0x12, 0x09, 0x08, 0x12, 0x12,
    0x11, 0x11, 0x15, 0x15, 0x12, 0x09, 0x08, 0x12, 0x11, 0x11, 0x15, 0x15, 0x12, 0x12, 0x09, 0x05,
    0x11, 0x14, 0x15, 0x15, 0x12, 0x12, 0x12, 0x09, 0x11, 0x15, 0x15, 0x12, 0x12, 0x12, 0x09, 0x15,
    0x14, 0x15, 0x15, 0x12, 0x12, 0x12, 0x09, 0x09, 0x14, 0x15, 0x12, 0x12, 0x12, 0x12, 0x09, 0x08,
    0x11, 0x11, 0x11, 0x14, 0x15, 0x15, 0x15, 0x15, 0x11, 0x11, 0x14, 0x15, 0x15, 0x15, 0x15, 0x15,
    0x14, 0x14, 0x15, 0x15, 0x15, 0x15, 0x15, 0x15, 0x15, 0x15, 0x09, 0x12, 0x15, 0x15, 0x15, 0x15,
    0x03, 0x12, 0x12, 0x05, 0x05, 0x09, 0x15, 0x15, 0x09, 0x03, 0x12, 0x12, 0x08, 0x03, 0x05, 0x12,
    0x15, 0x09, 0x05, 0x09, 0x15, 0x12, 0x05, 0x03, 0x12, 0x15, 0x12, 0x08, 0x09, 0x12, 0x15, 0x12,
    0x14, 0x11, 0x14, 0x15, 0x15, 0x15, 0x15, 0x15, 0x15, 0x14, 0x11, 0x14, 0x14, 0x15, 0x15, 0x15,
    0x15, 0x15, 0x14, 0x11, 0x11, 0x07, 0x07, 0x07, 0x15, 0x15, 0x15, 0x14, 0x14, 0x11, 0x11, 0x11,
    0x15, 0x15, 0x15, 0x15, 0x15, 0x14, 0x14, 0x14, 0x15, 0x15, 0x15, 0x15, 0x15, 0x15, 0x15, 0x15,
    0x08, 0x15, 0x15, 0x15, 0x15, 0x15, 0x15, 0x15, 0x09, 0x09, 0x12, 0x15, 0x15, 0x15, 0x15, 0x15,
    0x15, 0x15, 0x15, 0x15, 0x15, 0x15, 0x14, 0x11, 0x15, 0x15, 0x15, 0x15, 0x14, 0x11, 0x11, 0x11,
    0x07, 0x07, 0x07, 0x07, 0x07, 0x11, 0x14, 0x14, 0x11, 0x11, 0x11, 0x11, 0x14, 0x14, 0x15, 0x15,
    0x14, 0x14, 0x14, 0x14, 0x15, 0x15, 0x15, 0x15, 0x15, 0x15, 0x15, 0x15, 0x15, 0x15, 0x15, 0x15,
    0x15, 0x15, 0x12, 0x12, 0x12, 0x15, 0x15, 0x15, 0x15, 0x12, 0x12, 0x09, 0x09, 0x09, 0x09, 0x09,
    0x11, 0x14, 0x15, 0x15, 0x15, 0x15, 0x15, 0x15, 0x14, 0x15, 0x15, 0x15, 0x15, 0x15, 0x15, 0x15,
    0x15, 0x15, 0x15, 0x15, 0x12, 0x12, 0x15, 0x15, 0x15, 0x15, 0x12, 0x12, 0x09, 0x09, 0x12, 0x12,
    0x15, 0x15, 0x09, 0x08, 0x09, 0x09, 0x09, 0x09, 0x15, 0x15, 0x15, 0x08, 0x05, 0x08, 0x09, 0x09,
    0x15, 0x15, 0x15, 0x15, 0x08, 0x03, 0x05, 0x09, 0x15, 0x15, 0x15, 0x15, 0x15, 0x08, 0x03, 0x03,
    0x15, 0x15, 0x15, 0x14, 0x14, 0x14, 0x14, 0x11, 0x15, 0x12, 0x12, 0x12, 0x12, 0x15, 0x15, 0x14,
    0x15, 0x15, 0x12, 0x09, 0x08, 0x09, 0x15, 0x15, 0x15, 0x15, 0x15, 0x12, 0x09, 0x08, 0x09, 0x15,
    0x12, 0x15, 0x15, 0x15, 0x15, 0x12, 0x08, 0x09, 0x09, 0x12, 0x12, 0x15, 0x15, 0x15, 0x12, 0x08,
    0x09, 0x09, 0x09, 0x12, 0x15, 0x15, 0x15, 0x12, 0x08, 0x09, 0x09, 0x09, 0x09, 0x12, 0x12, 0x12,
    0x11, 0x11, 0x11, 0x11, 0x15, 0x15, 0x15, 0x15, 0x14, 0x14, 0x14, 0x14, 0x15, 0x15, 0x15, 0x15,
    0x15, 0x15, 0x15, 0x15, 0x15, 0x15, 0x15, 0x15, 0x15, 0x15, 0x15, 0x15, 0x15, 0x15, 0x15, 0x15,
    0x09, 0x15, 0x15, 0x15, 0x15, 0x15, 0x15, 0x15, 0x05, 0x09, 0x09, 0x15, 0x15, 0x15, 0x15, 0x15,
    0x09, 0x08, 0x05, 0x09, 0x15, 0x15, 0x15, 0x15, 0x12, 0x09, 0x08, 0x05, 0x09, 0x09, 0x15, 0x15,
    0x15, 0x15, 0x15, 0x15, 0x15, 0x15, 0x15, 0x15, 0x15, 0x15, 0x15, 0x15, 0x15, 0x15, 0x15, 0x15,
    0x15, 0x15, 0x15, 0x15, 0x15, 0x15, 0x15, 0x15, 0x15, 0x15, 0x15, 0x15, 0x15, 0x15, 0x15, 0x15,
    0x15, 0x15, 0x15, 0x15, 0x15, 0x15, 0x15, 0x15, 0x15, 0x15, 0x15, 0x15, 0x15, 0x15, 0x15, 0x15,
    0x15, 0x15, 0x15, 0x15, 0x15, 0x15, 0x15, 0x15, 0x15, 0x15, 0x15, 0x15, 0x15, 0x15, 0x15, 0x15,
    0x15, 0x15, 0x15, 0x15, 0x15, 0x15, 0x15, 0x15, 0x15, 0x15, 0x15, 0x15, 0x15, 0x15, 0x15, 0x15,
    0x15, 0x15, 0x15, 0x15, 0x15, 0x15, 0x15, 0x15, 0x15, 0x15, 0x15, 0x15, 0x15, 0x15, 0x15, 0x15,
    0x15, 0x15, 0x15, 0x15, 0x15, 0x15, 0x15, 0x15, 0x15, 0x15, 0x15, 0x15, 0x15, 0x15, 0x15, 0x15,
    0x15, 0x15, 0x15, 0x15, 0x15, 0x15, 0x15, 0x15, 0x15, 0x15, 0x15, 0x15, 0x15, 0x15, 0x15, 0x15,
    0x15, 0x15, 0x15, 0x15, 0x15, 0x15, 0x15, 0x15, 0x15, 0x15, 0x15, 0x15, 0x15, 0x15, 0x15, 0x15,
    0x15, 0x15, 0x15, 0x15, 0x15, 0x15, 0x15, 0x15, 0x15, 0x15, 0x15, 0x15, 0x15, 0x15, 0x15, 0x15,
    0x15, 0x15, 0x15, 0x15, 0x15, 0x15, 0x15, 0x15, 0x15, 0x15, 0x15, 0x15, 0x15, 0x15, 0x15, 0x15,
    0x15, 0x15, 0x15, 0x15, 0x15, 0x15, 0x15, 0x15, 0x15, 0x15, 0x15, 0x15, 0x15, 0x15, 0x15, 0x15,
    0x15, 0x15, 0x15, 0x15, 0x15, 0x15, 0x15, 0x15, 0x15, 0x15, 0x15, 0x15, 0x15, 0x15, 0x15, 0x15,
    0x15, 0x15, 0x15, 0x15, 0x15, 0x15, 0x15, 0x15, 0x15, 0x15, 0x15, 0x15, 0x15, 0x15, 0x15, 0x15,
    0x15, 0x15, 0x15, 0x15, 0x15, 0x15, 0x15, 0x15, 0x15, 0x15, 0x15, 0x15, 0x15, 0x15, 0x15, 0x15,
    0x15, 0x15, 0x15, 0x15, 0x15, 0x15, 0x15, 0x15, 0x15, 0x15, 0x15, 0x15, 0x15, 0x15, 0x15, 0x15,
    0x15, 0x15, 0x15, 0x15, 0x15, 0x15, 0x15, 0x15, 0x15, 0x15, 0x15, 0x15, 0x15, 0x15, 0x15, 0x15,
    0x15, 0x15, 0x15, 0x15, 0x15, 0x15, 0x15, 0x15, 0x15, 0x15, 0x15, 0x15, 0x15, 0x15, 0x15, 0x15,
    0x15, 0x15, 0x15, 0x15, 0x15, 0x15, 0x15, 0x15, 0x15, 0x15, 0x15, 0x15, 0x15, 0x15, 0x15, 0x15,
    0x15, 0x15, 0x15, 0x15, 0x15, 0x15, 0x15, 0x15, 0x15, 0x15, 0x15, 0x15, 0x15, 0x15, 0x15, 0x15,
    0x15, 0x15, 0x15, 0x15, 0x15, 0x15, 0x15, 0x15, 0x15, 0x15, 0x15, 0x15, 0x15, 0x15, 0x15, 0x15,
    0x15, 0x15, 0x15, 0x15, 0x15, 0x15, 0x15, 0x15, 0x15, 0x15, 0x15, 0x15, 0x15, 0x15, 0x15, 0x15,
    0x15, 0x15, 0x15, 0x15, 0x15, 0x15, 0x15, 0x15, 0x15, 0x15, 0x15, 0x15, 0x15, 0x15, 0x15, 0x15,
    0x15, 0x15, 0x15, 0x15, 0x15, 0x15, 0x15, 0x15, 0x15, 0x15, 0x15, 0x15, 0x15, 0x15, 0x15, 0x15,
    0x15, 0x15, 0x15, 0x15, 0x15, 0x15, 0x15, 0x15, 0x15, 0x15, 0x15, 0x15, 0x15, 0x15, 0x15, 0x15,
    0x15, 0x15, 0x15, 0x15, 0x15, 0x15, 0x15, 0x15, 0x15, 0x15, 0x15, 0x15, 0x15, 0x15, 0x15, 0x15,
    0x15, 0x15, 0x15, 0x15, 0x15, 0x15, 0x15, 0x15, 0x15, 0x15, 0x15, 0x15, 0x15, 0x15, 0x15, 0x15,
    0x15, 0x15, 0x15, 0x15, 0x15, 0x15, 0x15, 0x15, 0x15, 0x15, 0x15, 0x15, 0x15, 0x15, 0x15, 0x15,
    0x15, 0x15, 0x15, 0x15, 0x15, 0x15, 0x15, 0x15, 0x15, 0x15, 0x15, 0x15, 0x15, 0x15, 0x15, 0x15,
    0x15, 0x15, 0x15, 0x15, 0x15, 0x15, 0x15, 0x15, 0x15, 0x15, 0x15, 0x15, 0x15, 0x15, 0x15, 0x15,
    0x15, 0x15, 0x15, 0x15, 0x15, 0x15, 0x15, 0x15, 0x15, 0x15, 0x15, 0x15, 0x15, 0x15, 0x15, 0x15,
    0x15, 0x15, 0x15, 0x15, 0x15, 0x15, 0x15, 0x15, 0x15, 0x15, 0x15, 0x15, 0x15, 0x15, 0x15, 0x15,
    0x15, 0x15, 0x15, 0x15, 0x15, 0x15, 0x15, 0x15, 0x15, 0x15, 0x15, 0x15, 0x15, 0x15, 0x15, 0x15,
    0x15, 0x15, 0x15, 0x15, 0x15, 0x15, 0x15, 0x15, 0x15, 0x15, 0x15, 0x15, 0x15, 0x15, 0x15, 0x15,
    0x15, 0x15, 0x15, 0x15, 0x15, 0x15, 0x15, 0x15, 0x15, 0x15, 0x15, 0x15, 0x15, 0x15, 0x15, 0x15,
    0x15, 0x15, 0x15, 0x15, 0x15, 0x15, 0x15, 0x15, 0x15, 0x15, 0x15, 0x15, 0x15, 0x15, 0x15, 0x15,
    0x15, 0x15, 0x15, 0x15, 0x15, 0x15, 0x15, 0x15, 0x15, 0x15, 0x15, 0x15, 0x15, 0x15, 0x15, 0x15,
    0x15, 0x15, 0x15, 0x15, 0x15, 0x15, 0x15, 0x15, 0x15, 0x15, 0x15, 0x15, 0x15, 0x15, 0x15, 0x15,
    0x15, 0x15, 0x15, 0x15, 0x15, 0x15, 0x15, 0x15, 0x15, 0x15, 0x15, 0x15, 0x15, 0x15, 0x15, 0x15,
    0x15, 0x15, 0x15, 0x15, 0x15, 0x15, 0x15, 0x15, 0x15, 0x15, 0x15, 0x15, 0x15, 0x15, 0x15, 0x15,
    0x15, 0x15, 0x15, 0x15, 0x15, 0x15, 0x15, 0x15, 0x15, 0x15, 0x15, 0x15, 0x15, 0x15, 0x15, 0x15,
    0x15, 0x15, 0x15, 0x15, 0x15, 0x15, 0x15, 0x15, 0x15, 0x15, 0x15, 0x15, 0x15, 0x15, 0x15, 0x15,
    0x15, 0x15, 0x15, 0x15, 0x15, 0x15, 0x15, 0x15, 0x15, 0x15, 0x15, 0x15, 0x15, 0x15, 0x15, 0x15,
    0x15, 0x15, 0x15, 0x15, 0x15, 0x15, 0x15, 0x15, 0x15, 0x15, 0x15, 0x15, 0x15, 0x15, 0x15, 0x15,
    0x15, 0x15, 0x15, 0x15, 0x15, 0x15, 0x15, 0x15, 0x15, 0x15, 0x15, 0x15, 0x15, 0x15, 0x15, 0x15,
    0x15, 0x15, 0x15, 0x15, 0x15, 0x15, 0x15, 0x15, 0x15, 0x15, 0x15, 0x15, 0x15, 0x15, 0x15, 0x15,
    0x15, 0x15, 0x15, 0x15, 0x15, 0x15, 0x15, 0x15, 0x15, 0x15, 0x15, 0x15, 0x15, 0x15, 0x15, 0x15,
    0x15, 0x15, 0x15, 0x15, 0x15, 0x15, 0x15, 0x15, 0x15, 0x15, 0x15, 0x15, 0x15, 0x15, 0x15, 0x15,
    0x15, 0x15, 0x15, 0x15, 0x15, 0x15, 0x15, 0x15, 0x15, 0x15, 0x15, 0x15, 0x15, 0x15, 0x15, 0x15,
    0x15, 0x15, 0x15, 0x15, 0x15, 0x15, 0x15, 0x15, 0x15, 0x15, 0x15, 0x15, 0x15, 0x15, 0x15, 0x15,
    0x15, 0x15, 0x15, 0x15, 0x15, 0x15, 0x15, 0x15, 0x15, 0x15, 0x15, 0x15, 0x15, 0x15, 0x15, 0x15,
    0x15, 0x15, 0x15, 0x15, 0x15, 0x15, 0x15, 0x15, 0x15, 0x15, 0x15, 0x15, 0x15, 0x15, 0x15, 0x15,
    0x15, 0x15, 0x15, 0x15, 0x15, 0x15, 0x15, 0x15, 0x15, 0x15, 0x15, 0x15, 0x15, 0x15, 0x15, 0x15,
    0x15, 0x15, 0x15, 0x15, 0x15, 0x15, 0x15, 0x15, 0x15, 0x15, 0x15, 0x15, 0x15, 0x15, 0x15, 0x15,
    0x15, 0x15, 0x15, 0x15, 0x15, 0x15, 0x15, 0x15, 0x15, 0x15, 0x15, 0x15, 0x15, 0x15, 0x15, 0x15,
    0x15, 0x15, 0x15, 0x15, 0x15, 0x15, 0x15, 0x15, 0x15, 0x15, 0x15, 0x15, 0x15, 0x15, 0x15, 0x15,
    0x09, 0x03, 0x09, 0x12, 0x12, 0x15, 0x15, 0x15, 0x15, 0x09, 0x03, 0x09, 0x12, 0x12, 0x12, 0x15,
    0x15, 0x15, 0x09, 0x03, 0x09, 0x12, 0x12, 0x12, 0x15, 0x15, 0x15, 0x09, 0x03, 0x09, 0x12, 0x09,
    0x15, 0x15, 0x15, 0x15, 0x09, 0x03, 0x08, 0x12, 0x15, 0x15, 0x15, 0x15, 0x15, 0x12, 0x03, 0x05,
    0x15, 0x15, 0x15, 0x15, 0x15, 0x15, 0x12, 0x05, 0x15, 0x15, 0x15, 0x15, 0x15, 0x15, 0x15, 0x12,
    0x15, 0x15, 0x15, 0x15, 0x15, 0x15, 0x15, 0x15, 0x15, 0x15, 0x15, 0x15, 0x15, 0x15, 0x15, 0x15,
    0x15, 0x15, 0x15, 0x15, 0x15, 0x15, 0x15, 0x15, 0x09, 0x15, 0x15, 0x15, 0x15, 0x15, 0x15, 0x15,
    0x09, 0x09, 0x09, 0x15, 0x15, 0x15, 0x15, 0x15, 0x12, 0x09, 0x08, 0x09, 0x09, 0x15, 0x15, 0x15,
    0x03, 0x12, 0x09, 0x08, 0x08, 0x09, 0x09, 0x15, 0x08, 0x03, 0x08, 0x09, 0x05, 0x01, 0x08, 0x09,
    0x15, 0x15, 0x15, 0x15, 0x15, 0x08, 0x03, 0x00, 0x15, 0x15, 0x15, 0x15, 0x15, 0x08, 0x01, 0x00,
    0x15, 0x15, 0x15, 0x15, 0x15, 0x08, 0x00, 0x01, 0x15, 0x15, 0x15, 0x15, 0x15, 0x08, 0x00, 0x03,
    0x15, 0x15, 0x15, 0x15, 0x15, 0x05, 0x00, 0x05, 0x15, 0x15, 0x15, 0x15, 0x08, 0x03, 0x00, 0x05,
    0x15, 0x15, 0x15, 0x15, 0x14, 0x11, 0x11, 0x09, 0x09, 0x15, 0x15, 0x14, 0x11, 0x07, 0x07, 0x07,
    0x03, 0x08, 0x03, 0x12, 0x15, 0x15, 0x09, 0x15, 0x05, 0x08, 0x03, 0x15, 0x15, 0x15, 0x09, 0x15,
    0x08, 0x05, 0x08, 0x15, 0x15, 0x12, 0x15, 0x15, 0x08, 0x03, 0x09, 0x15, 0x15, 0x09, 0x15, 0x15,
    0x08, 0x03, 0x12, 0x15, 0x12, 0x09, 0x15, 0x15, 0x09, 0x09, 0x15, 0x15, 0x09, 0x15, 0x15, 0x15,
    0x12, 0x12, 0x15, 0x12, 0x09, 0x15, 0x15, 0x15, 0x14, 0x15, 0x15, 0x12, 0x09, 0x15, 0x15, 0x15,
    0x15, 0x15, 0x15, 0x15, 0x15, 0x15, 0x15, 0x15, 0x15, 0x15, 0x15, 0x15, 0x15, 0x15, 0x15, 0x15,
    0x15, 0x15, 0x15, 0x15, 0x15, 0x15, 0x15, 0x15, 0x15, 0x15, 0x15, 0x15, 0x15, 0x15, 0x15, 0x15,
    0x15, 0x15, 0x15, 0x15, 0x15, 0x15, 0x15, 0x15, 0x15, 0x15, 0x15, 0x15, 0x15, 0x15, 0x15, 0x11,
    0x15, 0x15, 0x15, 0x15, 0x15, 0x15, 0x11, 0x11, 0x15, 0x15, 0x15, 0x15, 0x15, 0x07, 0x11, 0x14,
    0x15, 0x15, 0x11, 0x07, 0x15, 0x15, 0x15, 0x15, 0x15, 0x11, 0x07, 0x11, 0x15, 0x15, 0x15, 0x15,
    0x15, 0x11, 0x07, 0x15, 0x15, 0x15, 0x15, 0x15, 0x11, 0x07, 0x11, 0x15, 0x15, 0x15, 0x15, 0x15,
    0x11, 0x11, 0x15, 0x15, 0x15, 0x15, 0x15, 0x15, 0x11, 0x14, 0x15, 0x15, 0x15, 0x15, 0x15, 0x15,
    0x14, 0x15, 0x15, 0x15, 0x15, 0x15, 0x15, 0x14, 0x15, 0x15, 0x15, 0x15, 0x14, 0x14, 0x11, 0x11,
    0x15, 0x15, 0x07, 0x15, 0x15, 0x14, 0x07, 0x14, 0x15, 0x15, 0x15, 0x07, 0x15, 0x15, 0x14, 0x07,
    0x15, 0x15, 0x15, 0x15, 0x15, 0x15, 0x15, 0x14, 0x15, 0x15, 0x15, 0x15, 0x15, 0x15, 0x14, 0x14,
    0x15, 0x15, 0x15, 0x15, 0x14, 0x11, 0x11, 0x11, 0x15, 0x14, 0x14, 0x11, 0x11, 0x11, 0x14, 0x15,
    0x11, 0x11, 0x11, 0x14, 0x14, 0x15, 0x15, 0x15, 0x11, 0x14, 0x14, 0x15, 0x15, 0x15, 0x15, 0x15,
    0x15, 0x15, 0x11, 0x14, 0x15, 0x15, 0x15, 0x15, 0x14, 0x14, 0x11, 0x15, 0x15, 0x15, 0x15, 0x15,
    0x14, 0x11, 0x14, 0x15, 0x15, 0x15, 0x15, 0x15, 0x11, 0x14, 0x15, 0x15, 0x15, 0x15, 0x15, 0x15,
    0x14, 0x15, 0x15, 0x15, 0x15, 0x15, 0x15, 0x15, 0x15, 0x15, 0x15, 0x15, 0x15, 0x15, 0x15, 0x12,
    0x15, 0x15, 0x15, 0x15, 0x15, 0x15, 0x12, 0x08, 0x15, 0x15, 0x15, 0x12, 0x12, 0x05, 0x03, 0x03,
    0x15, 0x09, 0x09, 0x14, 0x07, 0x11, 0x11, 0x14, 0x15, 0x08, 0x12, 0x14, 0x12, 0x09, 0x11, 0x11,
    0x15, 0x05, 0x11, 0x14, 0x12, 0x08, 0x07, 0x11, 0x15, 0x03, 0x07, 0x14, 0x12, 0x03, 0x07, 0x11,
    0x12, 0x03, 0x07, 0x14, 0x12, 0x03, 0x07, 0x11, 0x08, 0x03, 0x07, 0x09, 0x12, 0x01, 0x07, 0x11,
    0x03, 0x11, 0x07, 0x08, 0x09, 0x01, 0x07, 0x11, 0x08, 0x14, 0x07, 0x03, 0x08, 0x01, 0x07, 0x15,
    0x15, 0x15, 0x12, 0x12, 0x12, 0x12, 0x09, 0x08, 0x15, 0x15, 0x15, 0x12, 0x12, 0x12, 0x09, 0x08,
    0x15, 0x15, 0x15, 0x12, 0x12, 0x12, 0x09, 0x08, 0x15, 0x15, 0x15, 0x12, 0x12, 0x09, 0x08, 0x09,
    0x15, 0x15, 0x12, 0x12, 0x12, 0x09, 0x09, 0x12, 0x15, 0x15, 0x12, 0x12, 0x09, 0x09, 0x12, 0x15,
    0x15, 0x12, 0x12, 0x12, 0x09, 0x12, 0x12, 0x12, 0x15, 0x12, 0x12, 0x09, 0x09, 0x12, 0x12, 0x12,
    0x09, 0x15, 0x15, 0x15, 0x12, 0x08, 0x09, 0x12, 0x09, 0x12, 0x15, 0x15, 0x15, 0x15, 0x12, 0x09,
    0x12, 0x15, 0x15, 0x15, 0x15, 0x15, 0x12, 0x09, 0x15, 0x15, 0x15, 0x15, 0x12, 0x12, 0x09, 0x08,
    0x15, 0x12, 0x12, 0x12, 0x12, 0x09, 0x08, 0x08, 0x12, 0x12, 0x12, 0x12, 0x09, 0x08, 0x08, 0x12,
    0x12, 0x12, 0x09, 0x09, 0x08, 0x05, 0x12, 0x12, 0x12, 0x09, 0x09, 0x08, 0x05, 0x09, 0x12, 0x08,
    0x09, 0x12, 0x15, 0x15, 0x15, 0x15, 0x15, 0x15, 0x12, 0x15, 0x15, 0x15, 0x15, 0x15, 0x15, 0x15,
    0x08, 0x12, 0x15, 0x15, 0x15, 0x15, 0x15, 0x15, 0x09, 0x12, 0x15, 0x09, 0x15, 0x15, 0x15, 0x15,
    0x12, 0x15, 0x15, 0x09, 0x15, 0x15, 0x15, 0x15, 0x12, 0x15, 0x15, 0x08, 0x09, 0x15, 0x15, 0x15,
    0x08, 0x15, 0x15, 0x08, 0x09, 0x15, 0x15, 0x15, 0x05, 0x15, 0x15, 0x09, 0x08, 0x09, 0x15, 0x15,
    0x15, 0x15, 0x12, 0x12, 0x09, 0x08, 0x05, 0x03, 0x15, 0x15, 0x15, 0x15, 0x09, 0x09, 0x08, 0x05,
    0x15, 0x15, 0x15, 0x15, 0x15, 0x15, 0x09, 0x09, 0x15, 0x15, 0x15, 0x15, 0x15, 0x15, 0x15, 0x15,
    0x15, 0x15, 0x15, 0x15, 0x15, 0x15, 0x15, 0x15, 0x15, 0x15, 0x15, 0x15, 0x15, 0x15, 0x15, 0x15,
    0x15, 0x15, 0x15, 0x15, 0x15, 0x15, 0x15, 0x15, 0x15, 0x15, 0x15, 0x15, 0x15, 0x15, 0x15, 0x15,
    0x05, 0x15, 0x15, 0x15, 0x15, 0x15, 0x09, 0x05, 0x03, 0x03, 0x09, 0x15, 0x15, 0x15, 0x15, 0x15,
    0x05, 0x03, 0x01, 0x05, 0x15, 0x15, 0x15, 0x15, 0x08, 0x08, 0x05, 0x01, 0x01, 0x09, 0x15, 0x15,
    0x15, 0x15, 0x08, 0x05, 0x03, 0x01, 0x08, 0x15, 0x15, 0x15, 0x15, 0x08, 0x08, 0x05, 0x01, 0x05,
    0x15, 0x15, 0x15, 0x15, 0x15, 0x08, 0x05, 0x01, 0x15, 0x15, 0x15, 0x15, 0x15, 0x15, 0x08, 0x05,
    0x01, 0x05, 0x08, 0x09, 0x09, 0x09, 0x12, 0x12, 0x05, 0x01, 0x00, 0x08, 0x09, 0x09, 0x09, 0x09,
    0x15, 0x09, 0x03, 0x01, 0x05, 0x09, 0x09, 0x09, 0x15, 0x15, 0x12, 0x08, 0x03, 0x05, 0x09, 0x12,
    0x15, 0x15, 0x15, 0x15, 0x12, 0x14, 0x11, 0x07, 0x12, 0x15, 0x15, 0x14, 0x11, 0x07, 0x07, 0x11,
    0x05, 0x12, 0x14, 0x11, 0x11, 0x14, 0x14, 0x14, 0x01, 0x14, 0x11, 0x14, 0x14, 0x14, 0x09, 0x08,
    0x12, 0x12, 0x12, 0x09, 0x05, 0x05, 0x09, 0x09, 0x12, 0x12, 0x12, 0x12, 0x09, 0x05, 0x05, 0x08,
    0x09, 0x12, 0x12, 0x12, 0x12, 0x09, 0x03, 0x01, 0x15, 0x15, 0x15, 0x15, 0x15, 0x12, 0x09, 0x05,
    0x07, 0x07, 0x07, 0x07, 0x07, 0x07, 0x11, 0x12, 0x11, 0x11, 0x11, 0x11, 0x11, 0x11, 0x07, 0x07,
    0x14, 0x14, 0x14, 0x14, 0x14, 0x14, 0x14, 0x11, 0x09, 0x09, 0x12, 0x12, 0x12, 0x12, 0x15, 0x14,
    0x15, 0x15, 0x15, 0x15, 0x15, 0x15, 0x15, 0x15, 0x09, 0x15, 0x15, 0x15, 0x15, 0x15, 0x15, 0x15,
    0x08, 0x09, 0x15, 0x15, 0x15, 0x15, 0x15, 0x15, 0x03, 0x08, 0x09, 0x15, 0x15, 0x15, 0x15, 0x15,
    0x05, 0x05, 0x09, 0x15, 0x15, 0x15, 0x15, 0x15, 0x14, 0x08, 0x09, 0x12, 0x15, 0x15, 0x15, 0x15,
    0x07, 0x11, 0x12, 0x12, 0x15, 0x15, 0x15, 0x15, 0x14, 0x11, 0x11, 0x12, 0x12, 0x15, 0x15, 0x15,
    0x15, 0x15, 0x15, 0x15, 0x15, 0x15, 0x15, 0x15, 0x15, 0x15, 0x15, 0x15, 0x15, 0x15, 0x15, 0x15,
    0x15, 0x15, 0x15, 0x15, 0x15, 0x15, 0x15, 0x15, 0x15, 0x15, 0x15, 0x15, 0x15, 0x15, 0x15, 0x15,
    0x15, 0x15, 0x15, 0x15, 0x15, 0x15, 0x15, 0x15, 0x15, 0x15, 0x15, 0x15, 0x15, 0x15, 0x15, 0x15,
    0x15, 0x15, 0x15, 0x15, 0x15, 0x15, 0x15, 0x15, 0x15, 0x15, 0x15, 0x15, 0x15, 0x15, 0x15, 0x15,
    0x15, 0x15, 0x15, 0x15, 0x15, 0x15, 0x15, 0x15, 0x15, 0x15, 0x15, 0x15, 0x15, 0x15, 0x15, 0x15,
    0x15, 0x15, 0x15, 0x15, 0x15, 0x15, 0x15, 0x15, 0x15, 0x15, 0x15, 0x15, 0x15, 0x15, 0x15, 0x15,
    0x15, 0x15, 0x15, 0x15, 0x15, 0x15, 0x15, 0x15, 0x15, 0x15, 0x15, 0x15, 0x15, 0x15, 0x15, 0x15,
    0x15, 0x15, 0x15, 0x15, 0x15, 0x15, 0x15, 0x15, 0x15, 0x15, 0x15, 0x15, 0x15, 0x15, 0x15, 0x15,
    0x15, 0x15, 0x15, 0x15, 0x15, 0x15, 0x15, 0x15, 0x15, 0x15, 0x15, 0x15, 0x15, 0x15, 0x15, 0x15,
    0x15, 0x15, 0x15, 0x15, 0x15, 0x15, 0x15, 0x15, 0x15, 0x15, 0x15, 0x15, 0x15, 0x15, 0x15, 0x15,
    0x15, 0x15, 0x15, 0x15, 0x15, 0x15, 0x15, 0x15, 0x15, 0x15, 0x15, 0x15, 0x15, 0x15, 0x15, 0x15,
    0x15, 0x15, 0x15, 0x15, 0x15, 0x15, 0x15, 0x15, 0x15, 0x15, 0x15, 0x15, 0x15, 0x15, 0x15, 0x15,
    0x15, 0x15, 0x15, 0x15, 0x15, 0x15, 0x15, 0x15, 0x15, 0x15, 0x15, 0x15, 0x15, 0x15, 0x15, 0x15,
    0x15, 0x15, 0x15, 0x15, 0x15, 0x15, 0x15, 0x15, 0x15, 0x15, 0x15, 0x15, 0x15, 0x15, 0x15, 0x15,
    0x15, 0x15, 0x15, 0x15, 0x15, 0x15, 0x15, 0x15, 0x15, 0x15, 0x15, 0x15, 0x15, 0x15, 0x15, 0x15,
    0x15, 0x15, 0x15, 0x15, 0x15, 0x15, 0x15, 0x15, 0x15, 0x15, 0x15, 0x15, 0x15, 0x15, 0x15, 0x15,
    0x15, 0x15, 0x15, 0x15, 0x15, 0x15, 0x15, 0x15, 0x15, 0x15, 0x15, 0x15, 0x15, 0x15, 0x15, 0x15,
    0x15, 0x15, 0x15, 0x15, 0x15, 0x15, 0x15, 0x15, 0x15, 0x15, 0x15, 0x15, 0x15, 0x15, 0x15, 0x15,
    0x15, 0x15, 0x15, 0x15, 0x15, 0x15, 0x15, 0x15, 0x15, 0x15, 0x15, 0x15, 0x15, 0x15, 0x15, 0x15,
    0x15, 0x15, 0x15, 0x15, 0x15, 0x15, 0x15, 0x15, 0x15, 0x15, 0x15, 0x15, 0x15, 0x15, 0x15, 0x15,
    0x15, 0x15, 0x15, 0x15, 0x15, 0x15, 0x15, 0x15, 0x15, 0x15, 0x15, 0x15, 0x15, 0x15, 0x15, 0x15,
    0x15, 0x15, 0x15, 0x15, 0x15, 0x15, 0x15, 0x15, 0x15, 0x15, 0x15, 0x15, 0x15, 0x15, 0x15, 0x15,
    0x15, 0x15, 0x15, 0x15, 0x15, 0x15, 0x15, 0x15, 0x15, 0x15, 0x15, 0x15, 0x15, 0x15, 0x15, 0x15,
    0x15, 0x15, 0x15, 0x15, 0x15, 0x15, 0x15, 0x15, 0x15, 0x15, 0x15, 0x15, 0x15, 0x15, 0x15, 0x15,
    0x15, 0x15, 0x15, 0x15, 0x15, 0x15, 0x15, 0x15, 0x15, 0x15, 0x15, 0x15, 0x15, 0x15, 0x15, 0x15,
    0x15, 0x15, 0x15, 0x15, 0x15, 0x15, 0x15, 0x15, 0x15, 0x15, 0x15, 0x15, 0x15, 0x15, 0x15, 0x15,
    0x15, 0x15, 0x15, 0x15, 0x15, 0x15, 0x15, 0x15, 0x15, 0x15, 0x15, 0x15, 0x15, 0x15, 0x15, 0x15,
    0x15, 0x15, 0x15, 0x15, 0x15, 0x15, 0x15, 0x15, 0x15, 0x15, 0x15, 0x15, 0x15, 0x15, 0x15, 0x15,
    0x15, 0x15, 0x15, 0x15, 0x15, 0x15, 0x15, 0x15, 0x15, 0x15, 0x15, 0x15, 0x15, 0x15, 0x15, 0x15,
    0x15, 0x15, 0x15, 0x15, 0x15, 0x15, 0x15, 0x15, 0x15, 0x15, 0x15, 0x15, 0x15, 0x15, 0x15, 0x15,
    0x15, 0x15, 0x15, 0x15, 0x15, 0x15, 0x15, 0x15, 0x15, 0x15, 0x15, 0x15, 0x15, 0x15, 0x15, 0x15,
    0x15, 0x15, 0x15, 0x15, 0x15, 0x15, 0x15, 0x15, 0x15, 0x15, 0x15, 0x15, 0x15, 0x15, 0x15, 0x15,
    0x15, 0x15, 0x15, 0x15, 0x15, 0x15, 0x15, 0x15, 0x15, 0x15, 0x15, 0x15, 0x15, 0x15, 0x15, 0x15,
    0x15, 0x15, 0x15, 0x15, 0x15, 0x15, 0x15, 0x15, 0x15, 0x15, 0x15, 0x15, 0x15, 0x15, 0x15, 0x15,
    0x15, 0x15, 0x15, 0x15, 0x15, 0x15, 0x15, 0x15, 0x15, 0x15, 0x15, 0x15, 0x15, 0x15, 0x15, 0x15,
    0x15, 0x15, 0x15, 0x15, 0x15, 0x15, 0x15, 0x15, 0x15, 0x15, 0x15, 0x15, 0x15, 0x15, 0x15, 0x15,
    0x15, 0x15, 0x15, 0x15, 0x15, 0x15, 0x15, 0x15, 0x15, 0x15, 0x15, 0x15, 0x15, 0x15, 0x15, 0x15,
    0x15, 0x15, 0x15, 0x15, 0x15, 0x15, 0x15, 0x15, 0x15, 0x15, 0x15, 0x15, 0x15, 0x15, 0x15, 0x15,
    0x15, 0x15, 0x15, 0x15, 0x15, 0x15, 0x15, 0x15, 0x15, 0x15, 0x15, 0x15, 0x15, 0x15, 0x15, 0x15,
    0x15, 0x15, 0x15, 0x15, 0x15, 0x15, 0x15, 0x15, 0x15, 0x15, 0x15, 0x15, 0x15, 0x15, 0x15, 0x15,
    0x15, 0x15, 0x15, 0x15, 0x15, 0x15, 0x15, 0x15, 0x15, 0x15, 0x15, 0x15, 0x15, 0x15, 0x15, 0x15,
    0x15, 0x15, 0x15, 0x15, 0x15, 0x15, 0x15, 0x15, 0x15, 0x15, 0x15, 0x15, 0x15, 0x15, 0x15, 0x15,
    0x15, 0x15, 0x15, 0x15, 0x15, 0x15, 0x15, 0x15, 0x15, 0x15, 0x15, 0x15, 0x15, 0x15, 0x15, 0x15,
    0x15, 0x15, 0x15, 0x15, 0x15, 0x15, 0x15, 0x15, 0x15, 0x15, 0x15, 0x15, 0x15, 0x15, 0x15, 0x15,
    0x15, 0x15, 0x15, 0x15, 0x15, 0x15, 0x15, 0x15, 0x15, 0x15, 0x15, 0x15, 0x15, 0x15, 0x15, 0x15,
    0x15, 0x15, 0x15, 0x15, 0x15, 0x15, 0x15, 0x15, 0x15, 0x15, 0x15, 0x15, 0x15, 0x15, 0x15, 0x15,
    0x15, 0x15, 0x15, 0x15, 0x15, 0x15, 0x15, 0x15, 0x15, 0x15, 0x15, 0x15, 0x15, 0x15, 0x15, 0x15,
    0x15, 0x15, 0x15, 0x15, 0x15, 0x15, 0x15, 0x15, 0x15, 0x15, 0x15, 0x15, 0x15, 0x15, 0x15, 0x15,
    0x15, 0x15, 0x15, 0x15, 0x15, 0x15, 0x15, 0x15, 0x15, 0x15, 0x15, 0x15, 0x15, 0x15, 0x15, 0x15,
    0x15, 0x15, 0x15, 0x15, 0x15, 0x15, 0x15, 0x15, 0x15, 0x15, 0x15, 0x15, 0x15, 0x15, 0x15, 0x15,
    0x15, 0x15, 0x15, 0x15, 0x15, 0x15, 0x15, 0x15, 0x15, 0x15, 0x15, 0x15, 0x15, 0x15, 0x15, 0x15,
    0x15, 0x15, 0x15, 0x15, 0x15, 0x15, 0x15, 0x15, 0x15, 0x15, 0x15, 0x15, 0x15, 0x15, 0x15, 0x15,
    0x15, 0x15, 0x15, 0x15, 0x15, 0x15, 0x15, 0x15, 0x15, 0x15, 0x15, 0x15, 0x15, 0x08, 0x08, 0x08,
    0x15, 0x15, 0x15, 0x15, 0x08, 0x05, 0x05, 0x05, 0x15, 0x15, 0x15, 0x08, 0x05, 0x03, 0x03, 0x03,
    0x15, 0x15, 0x15, 0x05, 0x03, 0x01, 0x01, 0x01, 0x15, 0x15, 0x15, 0x15, 0x05, 0x05, 0x05, 0x05,
    0x15, 0x15, 0x15, 0x15, 0x15, 0x15, 0x15, 0x15, 0x15, 0x15, 0x15, 0x15, 0x15, 0x15, 0x15, 0x15,
    0x12, 0x12, 0x12, 0x15, 0x09, 0x05, 0x01, 0x05, 0x08, 0x08, 0x15, 0x15, 0x15, 0x09, 0x09, 0x01,
    0x05, 0x05, 0x08, 0x08, 0x15, 0x15, 0x15, 0x09, 0x03, 0x03, 0x05, 0x08, 0x08, 0x08, 0x15, 0x15,
    0x01, 0x01, 0x05, 0x05, 0x05, 0x05, 0x09, 0x12, 0x03, 0x03, 0x01, 0x01, 0x01, 0x00, 0x03, 0x09,
    0x05, 0x05, 0x05, 0x05, 0x03, 0x01, 0x00, 0x03, 0x15, 0x15, 0x15, 0x15, 0x09, 0x03, 0x01, 0x00,
    0x09, 0x15, 0x14, 0x14, 0x12, 0x12, 0x14, 0x11, 0x05, 0x09, 0x11, 0x14, 0x12, 0x05, 0x01, 0x12,
    0x09, 0x11, 0x12, 0x12, 0x09, 0x09, 0x05, 0x01, 0x15, 0x14, 0x05, 0x03, 0x09, 0x12, 0x09, 0x09,
    0x12, 0x12, 0x12, 0x05, 0x01, 0x08, 0x12, 0x12, 0x12, 0x12, 0x12, 0x12, 0x08, 0x03, 0x05, 0x09,
    0x08, 0x12, 0x12, 0x09, 0x09, 0x09, 0x03, 0x05, 0x03, 0x08, 0x12, 0x09, 0x09, 0x09, 0x09, 0x12,
    0x07, 0x14, 0x15, 0x12, 0x15, 0x15, 0x15, 0x15, 0x14, 0x11, 0x14, 0x12, 0x15, 0x15, 0x15, 0x15,
    0x12, 0x14, 0x11, 0x15, 0x15, 0x15, 0x15, 0x15, 0x08, 0x12, 0x14, 0x15, 0x15, 0x15, 0x15, 0x12,
    0x09, 0x12, 0x14, 0x15, 0x15, 0x15, 0x15, 0x15, 0x12, 0x11, 0x11, 0x12, 0x15, 0x15, 0x15, 0x15,
    0x07, 0x11, 0x12, 0x09, 0x09, 0x12, 0x15, 0x15, 0x11, 0x05, 0x05, 0x12, 0x09, 0x08, 0x09, 0x12,
    0x15, 0x15, 0x15, 0x15, 0x07, 0x11, 0x15, 0x15, 0x15, 0x15, 0x15, 0x07, 0x11, 0x11, 0x11, 0x11,
    0x15, 0x11, 0x11, 0x11, 0x11, 0x11, 0x11, 0x14, 0x12, 0x12, 0x12, 0x12, 0x12, 0x12, 0x12, 0x12,
    0x15, 0x15, 0x15, 0x15, 0x15, 0x15, 0x15, 0x15, 0x15, 0x15, 0x15, 0x15, 0x15, 0x15, 0x15, 0x15,
    0x15, 0x15, 0x15, 0x15, 0x15, 0x15, 0x15, 0x15, 0x15, 0x15, 0x15, 0x15, 0x15, 0x15, 0x15, 0x15,
    0x15, 0x14, 0x11, 0x11, 0x11, 0x11, 0x14, 0x14, 0x11, 0x11, 0x14, 0x14, 0x14, 0x15, 0x15, 0x15,
    0x14, 0x12, 0x09, 0x09, 0x09, 0x09, 0x09, 0x09, 0x09, 0x09, 0x09, 0x09, 0x09, 0x09, 0x15, 0x15,
    0x15, 0x15, 0x15, 0x15, 0x15, 0x15, 0x15, 0x15, 0x15, 0x15, 0x15, 0x15, 0x15, 0x15, 0x15, 0x15,
    0x15, 0x15, 0x15, 0x15, 0x15, 0x15, 0x15, 0x15, 0x15, 0x15, 0x15, 0x15, 0x15, 0x15, 0x15, 0x15,
    0x15, 0x15, 0x15, 0x15, 0x15, 0x15, 0x15, 0x12, 0x15, 0x12, 0x09, 0x08, 0x05, 0x03, 0x03, 0x05,
    0x09, 0x09, 0x08, 0x08, 0x08, 0x08, 0x08, 0x08, 0x15, 0x15, 0x15, 0x15, 0x15, 0x15, 0x15, 0x15,
    0x15, 0x15, 0x15, 0x15, 0x15, 0x15, 0x15, 0x15, 0x15, 0x15, 0x15, 0x15, 0x15, 0x15, 0x15, 0x15,
    0x15, 0x15, 0x15, 0x15, 0x15, 0x15, 0x15, 0x15, 0x15, 0x15, 0x15, 0x15, 0x15, 0x15, 0x15, 0x15,
    0x05, 0x03, 0x03, 0x03, 0x05, 0x08, 0x08, 0x08, 0x08, 0x08, 0x08, 0x08, 0x08, 0x15, 0x15, 0x15,
    0x15, 0x15, 0x15, 0x15, 0x15, 0x15, 0x15, 0x15, 0x15, 0x15, 0x15, 0x15, 0x15, 0x15, 0x15, 0x15,
    0x15, 0x15, 0x15, 0x15, 0x15, 0x15, 0x15, 0x15, 0x15, 0x15, 0x15, 0x15, 0x15, 0x15, 0x15, 0x15,
    0x15, 0x15, 0x15, 0x15, 0x15, 0x15, 0x15, 0x15, 0x15, 0x15, 0x15, 0x15, 0x15, 0x15, 0x15, 0x15,
    0x15, 0x14, 0x11, 0x07, 0x03, 0x01, 0x07, 0x15, 0x15, 0x15, 0x14, 0x11, 0x07, 0x03, 0x07, 0x15,
    0x15, 0x15, 0x12, 0x14, 0x11, 0x07, 0x07, 0x12, 0x15, 0x15, 0x12, 0x09, 0x14, 0x11, 0x07, 0x12,
    0x15, 0x15, 0x15, 0x12, 0x08, 0x14, 0x11, 0x09, 0x15, 0x09, 0x09, 0x15, 0x12, 0x08, 0x14, 0x12,
    0x15, 0x09, 0x03, 0x09, 0x12, 0x15, 0x09, 0x08, 0x15, 0x15, 0x09, 0x03, 0x09, 0x12, 0x12, 0x09,
    0x15, 0x12, 0x09, 0x09, 0x12, 0x12, 0x12, 0x12, 0x15, 0x12, 0x09, 0x12, 0x12, 0x12, 0x12, 0x09,
    0x15, 0x12, 0x12, 0x12, 0x12, 0x12, 0x09, 0x09, 0x09, 0x12, 0x12, 0x12, 0x12, 0x09, 0x09, 0x08,
    0x03, 0x05, 0x08, 0x09, 0x09, 0x09, 0x08, 0x03, 0x05, 0x01, 0x03, 0x05, 0x05, 0x05, 0x03, 0x01,
    0x12, 0x08, 0x01, 0x00, 0x00, 0x00, 0x01, 0x05, 0x08, 0x15, 0x12, 0x08, 0x01, 0x01, 0x05, 0x12,
    0x09, 0x09, 0x08, 0x05, 0x08, 0x15, 0x08, 0x01, 0x09, 0x08, 0x03, 0x05, 0x12, 0x12, 0x01, 0x09,
    0x08, 0x05, 0x05, 0x12, 0x15, 0x08, 0x05, 0x15, 0x05, 0x03, 0x09, 0x15, 0x08, 0x05, 0x15, 0x15,
    0x03, 0x09, 0x15, 0x12, 0x05, 0x12, 0x15, 0x15, 0x08, 0x15, 0x15, 0x08, 0x08, 0x15, 0x15, 0x15,
    0x12, 0x15, 0x09, 0x05, 0x15, 0x15, 0x15, 0x12, 0x15, 0x12, 0x05, 0x12, 0x15, 0x15, 0x12, 0x09,
    0x12, 0x15, 0x15, 0x12, 0x08, 0x09, 0x15, 0x15, 0x15, 0x15, 0x15, 0x15, 0x09, 0x08, 0x09, 0x15,
    0x15, 0x15, 0x15, 0x15, 0x12, 0x08, 0x09, 0x15, 0x15, 0x12, 0x15, 0x15, 0x15, 0x09, 0x08, 0x09,
    0x15, 0x12, 0x12, 0x15, 0x15, 0x12, 0x08, 0x09, 0x15, 0x09, 0x12, 0x15, 0x15, 0x15, 0x09, 0x08,
    0x09, 0x09, 0x12, 0x15, 0x15, 0x15, 0x12, 0x08, 0x12, 0x12, 0x09, 0x15, 0x15, 0x15, 0x15, 0x09,
    0x15, 0x15, 0x15, 0x15, 0x15, 0x15, 0x15, 0x15, 0x15, 0x15, 0x15, 0x15, 0x15, 0x15, 0x15, 0x15,
    0x15, 0x15, 0x15, 0x15, 0x15, 0x15, 0x15, 0x15, 0x15, 0x15, 0x15, 0x15, 0x15, 0x15, 0x15, 0x15,
    0x15, 0x15, 0x15, 0x15, 0x15, 0x15, 0x15, 0x15, 0x12, 0x15, 0x15, 0x15, 0x15, 0x15, 0x15, 0x15,
    0x09, 0x12, 0x15, 0x15, 0x15, 0x15, 0x15, 0x15, 0x08, 0x12, 0x15, 0x15, 0x15, 0x15, 0x15, 0x15,
    0x15, 0x15, 0x15, 0x15, 0x15, 0x15, 0x15, 0x08, 0x15, 0x15, 0x15, 0x15, 0x15, 0x15, 0x15, 0x15,
    0x15, 0x15, 0x15, 0x15, 0x15, 0x15, 0x15, 0x15, 0x15, 0x15, 0x15, 0x15, 0x15, 0x15, 0x15, 0x15,
    0x15, 0x15, 0x15, 0x15, 0x15, 0x15, 0x15, 0x15, 0x15, 0x15, 0x15, 0x15, 0x15, 0x15, 0x15, 0x15,
    0x15, 0x15, 0x15, 0x15, 0x15, 0x15, 0x15, 0x15, 0x15, 0x15, 0x15, 0x15, 0x15, 0x15, 0x15, 0x05,
    0x14, 0x11, 0x14, 0x14, 0x08, 0x08, 0x08, 0x09, 0x14, 0x14, 0x14, 0x08, 0x03, 0x05, 0x09, 0x09,
    0x15, 0x14, 0x08, 0x03, 0x08, 0x09, 0x09, 0x09, 0x15, 0x08, 0x03, 0x08, 0x09, 0x09, 0x09, 0x09,
    0x05, 0x03, 0x08, 0x09, 0x09, 0x09, 0x08, 0x09, 0x05, 0x03, 0x09, 0x09, 0x09, 0x08, 0x08, 0x09,
    0x05, 0x03, 0x09, 0x09, 0x08, 0x05, 0x08, 0x09, 0x03, 0x08, 0x09, 0x08, 0x05, 0x05, 0x09, 0x09,
    0x09, 0x12, 0x12, 0x12, 0x12, 0x08, 0x12, 0x15, 0x09, 0x12, 0x12, 0x12, 0x09, 0x08, 0x08, 0x15,
    0x09, 0x12, 0x12, 0x09, 0x09, 0x05, 0x03, 0x12, 0x12, 0x12, 0x12, 0x09, 0x08, 0x05, 0x01, 0x09,
    0x12, 0x12, 0x09, 0x09, 0x05, 0x03, 0x01, 0x12, 0x12, 0x12, 0x09, 0x08, 0x05, 0x01, 0x08, 0x15,
    0x12, 0x09, 0x09, 0x05, 0x01, 0x03, 0x15, 0x15, 0x12, 0x09, 0x08, 0x03, 0x01, 0x09, 0x15, 0x15,
    0x15, 0x14, 0x11, 0x11, 0x12, 0x15, 0x15, 0x15, 0x15, 0x15, 0x14, 0x11, 0x14, 0x15, 0x15, 0x15,
    0x15, 0x15, 0x15, 0x14, 0x11, 0x14, 0x15, 0x15, 0x15, 0x15, 0x15, 0x14, 0x11, 0x14, 0x15, 0x15,
    0x15, 0x15, 0x15, 0x14, 0x14, 0x14, 0x15, 0x15, 0x15, 0x15, 0x15, 0x15, 0x14, 0x14, 0x15, 0x15,
    0x15, 0x15, 0x15, 0x15, 0x14, 0x14, 0x15, 0x15, 0x15, 0x15, 0x15, 0x15, 0x14, 0x14, 0x15, 0x15,
    0x15, 0x15, 0x15, 0x15, 0x15, 0x15, 0x15, 0x15, 0x15, 0x15, 0x15, 0x15, 0x15, 0x15, 0x15, 0x15,
    0x15, 0x15, 0x15, 0x15, 0x15, 0x15, 0x15, 0x15, 0x15, 0x15, 0x15, 0x15, 0x15, 0x15, 0x15, 0x15,
    0x15, 0x15, 0x15, 0x15, 0x15, 0x15, 0x15, 0x15, 0x15, 0x15, 0x15, 0x15, 0x15, 0x15, 0x15, 0x15,
    0x15, 0x15, 0x15, 0x15, 0x15, 0x15, 0x15, 0x15, 0x15, 0x15, 0x15, 0x15, 0x15, 0x15, 0x15, 0x15,
    0x15, 0x15, 0x15, 0x15, 0x15, 0x15, 0x15, 0x15, 0x15, 0x15, 0x15, 0x15, 0x15, 0x15, 0x15, 0x15,
    0x15, 0x15, 0x15, 0x15, 0x15, 0x15, 0x15, 0x15, 0x15, 0x15, 0x15, 0x15, 0x15, 0x15, 0x15, 0x15,
    0x15, 0x15, 0x15, 0x15, 0x15, 0x15, 0x15, 0x15, 0x15, 0x15, 0x15, 0x15, 0x15, 0x15, 0x15, 0x15,
    0x15, 0x15, 0x15, 0x15, 0x15, 0x15, 0x15, 0x15, 0x15, 0x15, 0x15, 0x15, 0x15, 0x15, 0x15, 0x15,
    0x15, 0x15, 0x15, 0x15, 0x15, 0x15, 0x15, 0x15, 0x15, 0x15, 0x15, 0x15, 0x15, 0x15, 0x15, 0x15,
    0x15, 0x15, 0x15, 0x15, 0x15, 0x15, 0x15, 0x15, 0x15, 0x15, 0x15, 0x15, 0x15, 0x15, 0x15, 0x15,
    0x15, 0x15, 0x15, 0x15, 0x15, 0x15, 0x15, 0x15, 0x15, 0x15, 0x15, 0x15, 0x15, 0x15, 0x15, 0x15,
    0x15, 0x15, 0x15, 0x15, 0x15, 0x15, 0x15, 0x15, 0x15, 0x15, 0x15, 0x15, 0x15, 0x15, 0x15, 0x15,
    0x15, 0x15, 0x15, 0x15, 0x15, 0x15, 0x15, 0x15, 0x15, 0x15, 0x15, 0x15, 0x15, 0x15, 0x15, 0x15,
    0x15, 0x15, 0x15, 0x15, 0x15, 0x15, 0x15, 0x15, 0x15, 0x15, 0x15, 0x15, 0x15, 0x15, 0x15, 0x15,
    0x15, 0x15, 0x15, 0x15, 0x15, 0x15, 0x15, 0x15, 0x15, 0x15, 0x15, 0x15, 0x15, 0x15, 0x15, 0x15,
    0x15, 0x15, 0x15, 0x15, 0x15, 0x15, 0x15, 0x15, 0x15, 0x15, 0x15, 0x15, 0x15, 0x15, 0x15, 0x15,
    0x15, 0x15, 0x15, 0x15, 0x15, 0x15, 0x15, 0x15, 0x15, 0x15, 0x15, 0x15, 0x15, 0x15, 0x15, 0x15,
    0x15, 0x15, 0x15, 0x15, 0x15, 0x15, 0x15, 0x15, 0x15, 0x15, 0x15, 0x15, 0x15, 0x15, 0x15, 0x15,
    0x15, 0x15, 0x15, 0x15, 0x15, 0x15, 0x15, 0x15, 0x15, 0x15, 0x15, 0x15, 0x15, 0x15, 0x15, 0x15,
    0x15, 0x15, 0x15, 0x15, 0x15, 0x15, 0x15, 0x15, 0x15, 0x15, 0x15, 0x15, 0x15, 0x15, 0x15, 0x15,
    0x15, 0x15, 0x15, 0x15, 0x15, 0x15, 0x15, 0x15, 0x15, 0x15, 0x15, 0x15, 0x15, 0x15, 0x15, 0x15,
    0x15, 0x15, 0x15, 0x15, 0x15, 0x15, 0x15, 0x15, 0x15, 0x15, 0x15, 0x15, 0x15, 0x15, 0x15, 0x15,
    0x15, 0x15, 0x15, 0x15, 0x15, 0x15, 0x15, 0x15, 0x15, 0x15, 0x15, 0x15, 0x15, 0x15, 0x15, 0x15,
    0x15, 0x15, 0x15, 0x15, 0x15, 0x15, 0x15, 0x15, 0x15, 0x15, 0x15, 0x15, 0x15, 0x15, 0x15, 0x15,
    0x15, 0x15, 0x15, 0x15, 0x15, 0x15, 0x15, 0x15, 0x15, 0x15, 0x15, 0x15, 0x15, 0x15, 0x15, 0x15,
    0x15, 0x15, 0x15, 0x15, 0x15, 0x15, 0x15, 0x15, 0x15, 0x15, 0x15, 0x15, 0x15, 0x15, 0x15, 0x15,
    0x15, 0x15, 0x15, 0x15, 0x15, 0x15, 0x15, 0x15, 0x15, 0x15, 0x15, 0x15, 0x15, 0x15, 0x15, 0x15,
    0x15, 0x15, 0x15, 0x15, 0x15, 0x15, 0x15, 0x15, 0x15, 0x15, 0x15, 0x15, 0x15, 0x15, 0x15, 0x15,
    0x15, 0x15, 0x15, 0x15, 0x15, 0x15, 0x15, 0x15, 0x15, 0x15, 0x15, 0x15, 0x15, 0x15, 0x15, 0x15,
    0x15, 0x15, 0x15, 0x15, 0x15, 0x15, 0x15, 0x15, 0x15, 0x15, 0x15, 0x15, 0x15, 0x15, 0x15, 0x15,
    0x15, 0x15, 0x15, 0x15, 0x15, 0x15, 0x15, 0x15, 0x15, 0x15, 0x15, 0x15, 0x15, 0x15, 0x15, 0x15,
    0x15, 0x15, 0x15, 0x15, 0x15, 0x15, 0x15, 0x15, 0x15, 0x15, 0x15, 0x15, 0x15, 0x15, 0x15, 0x15,
    0x15, 0x15, 0x15, 0x15, 0x15, 0x15, 0x15, 0x15, 0x15, 0x15, 0x15, 0x15, 0x15, 0x15, 0x15, 0x15,
    0x15, 0x15, 0x15, 0x15, 0x15, 0x15, 0x15, 0x15, 0x15, 0x15, 0x15, 0x15, 0x15, 0x15, 0x15, 0x15,
    0x15, 0x15, 0x15, 0x15, 0x15, 0x15, 0x15, 0x15, 0x15, 0x15, 0x15, 0x15, 0x15, 0x15, 0x15, 0x15,
    0x15, 0x15, 0x15, 0x15, 0x15, 0x15, 0x15, 0x15, 0x15, 0x15, 0x15, 0x15, 0x15, 0x15, 0x15, 0x15,
    0x15, 0x15, 0x15, 0x15, 0x15, 0x15, 0x15, 0x15, 0x15, 0x15, 0x15, 0x15, 0x15, 0x15, 0x15, 0x15,
    0x15, 0x15, 0x15, 0x15, 0x15, 0x15, 0x15, 0x15, 0x15, 0x15, 0x15, 0x15, 0x15, 0x15, 0x15, 0x15,
    0x15, 0x15, 0x15, 0x15, 0x15, 0x15, 0x15, 0x15, 0x15, 0x15, 0x15, 0x15, 0x15, 0x15, 0x15, 0x15,
    0x15, 0x15, 0x15, 0x15, 0x15, 0x15, 0x15, 0x15, 0x15, 0x15, 0x15, 0x15, 0x15, 0x15, 0x15, 0x15,
    0x15, 0x15, 0x15, 0x15, 0x15, 0x15, 0x15, 0x15, 0x15, 0x15, 0x15, 0x15, 0x15, 0x15, 0x15, 0x15,
    0x15, 0x15, 0x15, 0x15, 0x15, 0x15, 0x15, 0x15, 0x15, 0x15, 0x15, 0x15, 0x15, 0x15, 0x15, 0x15,
    0x15, 0x15, 0x15, 0x15, 0x15, 0x15, 0x15, 0x15, 0x15, 0x15, 0x15, 0x15, 0x15, 0x15, 0x15, 0x15,
    0x15, 0x15, 0x15, 0x15, 0x15, 0x15, 0x15, 0x15, 0x15, 0x15, 0x15, 0x15, 0x15, 0x15, 0x15, 0x15,
    0x15, 0x15, 0x15, 0x15, 0x15, 0x15, 0x15, 0x15, 0x15, 0x15, 0x15, 0x15, 0x15, 0x15, 0x15, 0x15,
    0x15, 0x15, 0x15, 0x15, 0x15, 0x15, 0x15, 0x15, 0x15, 0x15, 0x15, 0x15, 0x15, 0x15, 0x15, 0x15,
    0x15, 0x15, 0x15, 0x15, 0x15, 0x15, 0x15, 0x15, 0x15, 0x15, 0x15, 0x15, 0x15, 0x15, 0x15, 0x15,
    0x15, 0x15, 0x15, 0x15, 0x15, 0x15, 0x15, 0x15, 0x15, 0x15, 0x15, 0x15, 0x15, 0x15, 0x15, 0x15,
    0x15, 0x15, 0x15, 0x15, 0x15, 0x15, 0x15, 0x15, 0x15, 0x15, 0x15, 0x15, 0x15, 0x15, 0x15, 0x15,
    0x15, 0x15, 0x15, 0x15, 0x15, 0x15, 0x15, 0x15, 0x15, 0x15, 0x15, 0x15, 0x15, 0x15, 0x15, 0x15,
    0x15, 0x15, 0x15, 0x15, 0x15, 0x15, 0x15, 0x15, 0x15, 0x15, 0x15, 0x15, 0x15, 0x15, 0x15, 0x15,
    0x15, 0x15, 0x15, 0x15, 0x15, 0x15, 0x15, 0x15, 0x15, 0x15, 0x15, 0x15, 0x15, 0x15, 0x15, 0x15,
    0x15, 0x15, 0x15, 0x15, 0x15, 0x15, 0x15, 0x15, 0x15, 0x15, 0x15, 0x15, 0x15, 0x15, 0x15, 0x15,
    0x15, 0x15, 0x15, 0x15, 0x15, 0x15, 0x15, 0x15, 0x15, 0x15, 0x15, 0x15, 0x15, 0x15, 0x15, 0x15,
    0x15, 0x15, 0x15, 0x15, 0x15, 0x15, 0x15, 0x15, 0x15, 0x15, 0x15, 0x15, 0x15, 0x15, 0x15, 0x15,
    0x15, 0x15, 0x15, 0x15, 0x15, 0x15, 0x15, 0x15, 0x15, 0x15, 0x15, 0x15, 0x15, 0x15, 0x15, 0x15,
    0x15, 0x15, 0x15, 0x15, 0x15, 0x09, 0x03, 0x01, 0x15, 0x15, 0x15, 0x15, 0x15, 0x15, 0x09, 0x03,
    0x15, 0x15, 0x15, 0x15, 0x15, 0x15, 0x15, 0x08, 0x15, 0x15, 0x15, 0x15, 0x15, 0x15, 0x15, 0x08,
    0x15, 0x15, 0x15, 0x15, 0x15, 0x15, 0x15, 0x08, 0x15, 0x15, 0x15, 0x15, 0x15, 0x15, 0x15, 0x15,
    0x15, 0x15, 0x15, 0x15, 0x15, 0x15, 0x15, 0x15, 0x15, 0x15, 0x15, 0x15, 0x15, 0x15, 0x15, 0x15,
    0x00, 0x05, 0x09, 0x09, 0x09, 0x09, 0x08, 0x05, 0x00, 0x01, 0x08, 0x09, 0x09, 0x09, 0x08, 0x08,
    0x00, 0x00, 0x05, 0x09, 0x09, 0x09, 0x09, 0x09, 0x01, 0x00, 0x05, 0x09, 0x09, 0x09, 0x09, 0x09,
    0x03, 0x00, 0x03, 0x08, 0x09, 0x09, 0x09, 0x09, 0x05, 0x00, 0x03, 0x05, 0x09, 0x09, 0x08, 0x08,
    0x08, 0x01, 0x00, 0x05, 0x09, 0x09, 0x09, 0x09, 0x08, 0x03, 0x00, 0x03, 0x09, 0x09, 0x09, 0x09,
    0x14, 0x12, 0x05, 0x03, 0x09, 0x12, 0x09, 0x08, 0x08, 0x09, 0x12, 0x12, 0x08, 0x08, 0x09, 0x12,
    0x09, 0x09, 0x09, 0x09, 0x12, 0x09, 0x09, 0x09, 0x09, 0x09, 0x08, 0x05, 0x05, 0x12, 0x12, 0x09,
    0x08, 0x05, 0x05, 0x03, 0x08, 0x09, 0x09, 0x12, 0x05, 0x03, 0x03, 0x08, 0x09, 0x09, 0x08, 0x05,
    0x08, 0x08, 0x09, 0x09, 0x09, 0x08, 0x05, 0x01, 0x09, 0x09, 0x05, 0x08, 0x09, 0x09, 0x09, 0x05,
    0x09, 0x12, 0x15, 0x15, 0x15, 0x15, 0x15, 0x15, 0x09, 0x08, 0x15, 0x14, 0x15, 0x15, 0x15, 0x15,
    0x12, 0x12, 0x11, 0x11, 0x14, 0x14, 0x15, 0x15, 0x12, 0x11, 0x11, 0x12, 0x09, 0x09, 0x09, 0x15,
    0x12, 0x11, 0x09, 0x08, 0x12, 0x12, 0x09, 0x09, 0x09, 0x14, 0x12, 0x03, 0x05, 0x09, 0x12, 0x09,
    0x03, 0x09, 0x15, 0x09, 0x05, 0x03, 0x08, 0x12, 0x00, 0x03, 0x08, 0x09, 0x09, 0x09, 0x08, 0x05,
    0x15, 0x15, 0x15, 0x15, 0x15, 0x15, 0x15, 0x15, 0x15, 0x15, 0x15, 0x15, 0x15, 0x15, 0x15, 0x15,
    0x15, 0x15, 0x15, 0x15, 0x15, 0x15, 0x15, 0x15, 0x15, 0x15, 0x15, 0x15, 0x15, 0x15, 0x15, 0x15,
    0x09, 0x15, 0x15, 0x15, 0x15, 0x15, 0x15, 0x15, 0x08, 0x09, 0x09, 0x15, 0x15, 0x15, 0x15, 0x15,
    0x12, 0x09, 0x05, 0x09, 0x09, 0x15, 0x15, 0x15, 0x09, 0x12, 0x12, 0x08, 0x05, 0x09, 0x09, 0x15,
    0x15, 0x15, 0x15, 0x15, 0x15, 0x15, 0x15, 0x15, 0x15, 0x15, 0x15, 0x15, 0x15, 0x15, 0x15, 0x15,
    0x15, 0x15, 0x15, 0x15, 0x15, 0x15, 0x15, 0x15, 0x15, 0x15, 0x15, 0x15, 0x15, 0x15, 0x15, 0x15,
    0x15, 0x15, 0x15, 0x15, 0x15, 0x15, 0x15, 0x15, 0x15, 0x15, 0x15, 0x15, 0x15, 0x15, 0x15, 0x15,
    0x15, 0x15, 0x15, 0x15, 0x15, 0x15, 0x15, 0x15, 0x15, 0x15, 0x15, 0x15, 0x15, 0x15, 0x15, 0x15,
    0x15, 0x15, 0x15, 0x15, 0x15, 0x15, 0x15, 0x15, 0x15, 0x15, 0x15, 0x15, 0x15, 0x15, 0x15, 0x15,
    0x15, 0x15, 0x15, 0x15, 0x15, 0x15, 0x15, 0x15, 0x15, 0x15, 0x15, 0x15, 0x15, 0x15, 0x15, 0x15,
    0x15, 0x15, 0x15, 0x15, 0x15, 0x15, 0x15, 0x15, 0x15, 0x15, 0x15, 0x15, 0x15, 0x15, 0x15, 0x15,
    0x15, 0x15, 0x15, 0x15, 0x15, 0x15, 0x15, 0x15, 0x15, 0x15, 0x15, 0x15, 0x15, 0x15, 0x15, 0x15,
    0x15, 0x15, 0x15, 0x05, 0x03, 0x09, 0x09, 0x12, 0x15, 0x15, 0x15, 0x12, 0x03, 0x05, 0x09, 0x09,
    0x15, 0x15, 0x15, 0x12, 0x09, 0x01, 0x08, 0x12, 0x15, 0x15, 0x09, 0x09, 0x12, 0x05, 0x03, 0x09,
    0x15, 0x15, 0x09, 0x08, 0x09, 0x12, 0x01, 0x05, 0x15, 0x15, 0x09, 0x03, 0x09, 0x12, 0x12, 0x01,
    0x15, 0x08, 0x09, 0x01, 0x08, 0x09, 0x12, 0x03, 0x15, 0x08, 0x09, 0x01, 0x08, 0x09, 0x12, 0x12,
    0x09, 0x08, 0x15, 0x15, 0x15, 0x12, 0x12, 0x15, 0x12, 0x09, 0x08, 0x15, 0x15, 0x15, 0x15, 0x15,
    0x09, 0x09, 0x09, 0x08, 0x15, 0x15, 0x15, 0x15, 0x12, 0x08, 0x09, 0x09, 0x09, 0x15, 0x15, 0x12,
    0x12, 0x09, 0x08, 0x08, 0x09, 0x09, 0x12, 0x09, 0x09, 0x12, 0x09, 0x05, 0x08, 0x08, 0x09, 0x08,
    0x03, 0x12, 0x12, 0x09, 0x05, 0x05, 0x05, 0x05, 0x01, 0x08, 0x12, 0x12, 0x09, 0x08, 0x08, 0x09,
    0x15, 0x08, 0x09, 0x15, 0x15, 0x09, 0x09, 0x12, 0x12, 0x09, 0x15, 0x12, 0x09, 0x09, 0x12, 0x15,
    0x09, 0x15, 0x12, 0x08, 0x09, 0x12, 0x15, 0x15, 0x09, 0x09, 0x08, 0x09, 0x12, 0x15, 0x15, 0x15,
    0x09, 0x08, 0x09, 0x12, 0x15, 0x15, 0x15, 0x15, 0x05, 0x09, 0x12, 0x15, 0x15, 0x15, 0x15, 0x08,
    0x09, 0x12, 0x15, 0x15, 0x15, 0x15, 0x08, 0x05, 0x12, 0x15, 0x15, 0x15, 0x15, 0x05, 0x05, 0x09,
    0x15, 0x09, 0x09, 0x15, 0x15, 0x15, 0x15, 0x09, 0x15, 0x09, 0x09, 0x15, 0x15, 0x15, 0x15, 0x12,
    0x15, 0x09, 0x12, 0x15, 0x15, 0x15, 0x15, 0x15, 0x12, 0x09, 0x12, 0x15, 0x15, 0x12, 0x15, 0x15,
    0x08, 0x09, 0x12, 0x15, 0x15, 0x12, 0x15, 0x15, 0x08, 0x09, 0x12, 0x15, 0x15, 0x12, 0x15, 0x15,
    0x09, 0x12, 0x12, 0x09, 0x15, 0x12, 0x15, 0x15, 0x12, 0x12, 0x12, 0x08, 0x09, 0x15, 0x12, 0x15,
    0x08, 0x12, 0x15, 0x15, 0x15, 0x15, 0x15, 0x15, 0x08, 0x09, 0x15, 0x15, 0x15, 0x15, 0x15, 0x15,
    0x08, 0x09, 0x15, 0x15, 0x15, 0x15, 0x15, 0x15, 0x08, 0x09, 0x15, 0x15, 0x15, 0x15, 0x15, 0x15,
    0x08, 0x09, 0x15, 0x15, 0x15, 0x15, 0x15, 0x15, 0x08, 0x09, 0x15, 0x15, 0x15, 0x15, 0x15, 0x15,
    0x08, 0x08, 0x09, 0x15, 0x15, 0x15, 0x15, 0x15, 0x09, 0x08, 0x09, 0x15, 0x15, 0x15, 0x15, 0x15,
    0x15, 0x15, 0x15, 0x15, 0x15, 0x15, 0x15, 0x05, 0x15, 0x15, 0x15, 0x15, 0x15, 0x15, 0x05, 0x03,
    0x15, 0x15, 0x15, 0x15, 0x15, 0x15, 0x05, 0x03, 0x15, 0x15, 0x15, 0x15, 0x15, 0x05, 0x01, 0x08,
    0x15, 0x15, 0x15, 0x15, 0x15, 0x05, 0x03, 0x09, 0x15, 0x15, 0x15, 0x15, 0x05, 0x01, 0x09, 0x09,
    0x15, 0x15, 0x15, 0x15, 0x05, 0x03, 0x09, 0x09, 0x15, 0x15, 0x15, 0x05, 0x01, 0x09, 0x09, 0x05,
    0x03, 0x09, 0x09, 0x05, 0x03, 0x05, 0x09, 0x09, 0x08, 0x09, 0x08, 0x03, 0x01, 0x08, 0x09, 0x09,
    0x09, 0x09, 0x05, 0x01, 0x03, 0x09, 0x09, 0x09, 0x09, 0x05, 0x01, 0x00, 0x05, 0x09, 0x09, 0x09,
    0x08, 0x01, 0x00, 0x01, 0x08, 0x09, 0x09, 0x08, 0x05, 0x00, 0x00, 0x03, 0x09, 0x09, 0x08, 0x03,
    0x03, 0x00, 0x00, 0x05, 0x09, 0x09, 0x05, 0x01, 0x00, 0x00, 0x03, 0x08, 0x09, 0x08, 0x01, 0x00,
    0x09, 0x09, 0x05, 0x01, 0x03, 0x15, 0x15, 0x15, 0x09, 0x05, 0x01, 0x01, 0x12, 0x15, 0x15, 0x15,
    0x08, 0x03, 0x00, 0x08, 0x15, 0x15, 0x15, 0x15, 0x05, 0x00, 0x03, 0x15, 0x15, 0x15, 0x15, 0x15,
    0x01, 0x00, 0x12, 0x15, 0x15, 0x15, 0x15, 0x12, 0x00, 0x05, 0x15, 0x15, 0x15, 0x15, 0x12, 0x08,
    0x01, 0x15, 0x15, 0x15, 0x15, 0x15, 0x09, 0x08, 0x09, 0x15, 0x15, 0x15, 0x15, 0x12, 0x08, 0x09,
    0x15, 0x15, 0x15, 0x15, 0x14, 0x14, 0x15, 0x15, 0x15, 0x12, 0x12, 0x15, 0x14, 0x14, 0x15, 0x15,
    0x12, 0x09, 0x12, 0x14, 0x14, 0x15, 0x15, 0x15, 0x09, 0x08, 0x12, 0x14, 0x15, 0x15, 0x15, 0x15,
    0x05, 0x09, 0x09, 0x15, 0x15, 0x15, 0x15, 0x15, 0x09, 0x09, 0x15, 0x15, 0x15, 0x15, 0x15, 0x15,
    0x09, 0x15, 0x15, 0x15, 0x15, 0x15, 0x15, 0x15, 0x09, 0x15, 0x15, 0x15, 0x15, 0x15, 0x15, 0x15,
    0x15, 0x15, 0x15, 0x15, 0x15, 0x15, 0x15, 0x15, 0x15, 0x15, 0x15, 0x15, 0x15, 0x15, 0x15, 0x15,
    0x15, 0x15, 0x15, 0x15, 0x15, 0x15, 0x15, 0x15, 0x15, 0x15, 0x15, 0x15, 0x15, 0x15, 0x15, 0x15,
    0x15, 0x15, 0x15, 0x15, 0x15, 0x15, 0x15, 0x15, 0x15, 0x15, 0x15, 0x15, 0x15, 0x15, 0x15, 0x15,
    0x15, 0x15, 0x15, 0x15, 0x15, 0x15, 0x15, 0x15, 0x15, 0x15, 0x15, 0x15, 0x15, 0x15, 0x15, 0x15,
    0x15, 0x15, 0x15, 0x15, 0x15, 0x15, 0x15, 0x15, 0x15, 0x15, 0x15, 0x15, 0x15, 0x15, 0x15, 0x15,
    0x15, 0x15, 0x15, 0x15, 0x15, 0x15, 0x15, 0x15, 0x15, 0x15, 0x15, 0x15, 0x15, 0x15, 0x15, 0x15,
    0x15, 0x15, 0x15, 0x15, 0x15, 0x15, 0x15, 0x15, 0x15, 0x15, 0x15, 0x15, 0x15, 0x15, 0x15, 0x15,
    0x15, 0x15, 0x15, 0x15, 0x15, 0x15, 0x15, 0x15, 0x15, 0x15, 0x15, 0x15, 0x15, 0x15, 0x15, 0x15,
    0x15, 0x15, 0x15, 0x15, 0x15, 0x15, 0x15, 0x15, 0x15, 0x15, 0x15, 0x15, 0x15, 0x15, 0x15, 0x15,
    0x15, 0x15, 0x15, 0x15, 0x15, 0x15, 0x15, 0x15, 0x15, 0x15, 0x15, 0x15, 0x15, 0x15, 0x15, 0x15,
    0x15, 0x15, 0x15, 0x15, 0x15, 0x15, 0x15, 0x15, 0x15, 0x15, 0x15, 0x15, 0x15, 0x15, 0x15, 0x15,
    0x15, 0x15, 0x15, 0x15, 0x15, 0x15, 0x15, 0x15, 0x15, 0x15, 0x15, 0x15, 0x15, 0x15, 0x15, 0x15,
    0x15, 0x15, 0x15, 0x15, 0x15, 0x15, 0x15, 0x15, 0x15, 0x15, 0x15, 0x15, 0x15, 0x15, 0x15, 0x15,
    0x15, 0x15, 0x15, 0x15, 0x15, 0x15, 0x15, 0x15, 0x15, 0x15, 0x15, 0x15, 0x15, 0x15, 0x15, 0x15,
    0x15, 0x15, 0x15, 0x15, 0x15, 0x15, 0x15, 0x15, 0x15, 0x15, 0x15, 0x15, 0x15, 0x15, 0x15, 0x15,
    0x15, 0x15, 0x15, 0x15, 0x15, 0x15, 0x15, 0x15, 0x15, 0x15, 0x15, 0x15, 0x15, 0x15, 0x15, 0x15,
    0x15, 0x15, 0x15, 0x15, 0x15, 0x15, 0x15, 0x15, 0x15, 0x15, 0x15, 0x15, 0x15, 0x15, 0x15, 0x15,
    0x15, 0x15, 0x15, 0x15, 0x15, 0x15, 0x15, 0x15, 0x15, 0x15, 0x15, 0x15, 0x15, 0x15, 0x15, 0x15,
    0x15, 0x15, 0x15, 0x15, 0x15, 0x15, 0x15, 0x15, 0x15, 0x15, 0x15, 0x15, 0x15, 0x15, 0x15, 0x15,
    0x15, 0x15, 0x15, 0x15, 0x15, 0x15, 0x15, 0x15, 0x15, 0x15, 0x15, 0x15, 0x15, 0x15, 0x15, 0x15,
    0x15, 0x15, 0x15, 0x15, 0x15, 0x15, 0x15, 0x15, 0x15, 0x15, 0x15, 0x15, 0x15, 0x15, 0x15, 0x15,
    0x15, 0x15, 0x15, 0x15, 0x15, 0x15, 0x15, 0x15, 0x15, 0x15, 0x15, 0x15, 0x15, 0x15, 0x15, 0x15,
    0x15, 0x15, 0x15, 0x15, 0x15, 0x15, 0x15, 0x15, 0x15, 0x15, 0x15, 0x15, 0x15, 0x15, 0x15, 0x15,
    0x15, 0x15, 0x15, 0x15, 0x15, 0x15, 0x15, 0x15, 0x15, 0x15, 0x15, 0x15, 0x15, 0x15, 0x15, 0x15,
    0x15, 0x15, 0x15, 0x15, 0x15, 0x15, 0x15, 0x15, 0x15, 0x15, 0x15, 0x15, 0x15, 0x15, 0x15, 0x15,
    0x15, 0x15, 0x15, 0x15, 0x15, 0x15, 0x15, 0x15, 0x15, 0x15, 0x15, 0x15, 0x15, 0x15, 0x15, 0x15,
    0x15, 0x15, 0x15, 0x15, 0x15, 0x15, 0x15, 0x15, 0x15, 0x15, 0x15, 0x15, 0x15, 0x15, 0x15, 0x15,
    0x15, 0x15, 0x15, 0x15, 0x15, 0x15, 0x15, 0x15, 0x15, 0x15, 0x15, 0x15, 0x15, 0x15, 0x15, 0x15,
    0x15, 0x15, 0x15, 0x15, 0x15, 0x15, 0x15, 0x15, 0x15, 0x15, 0x15, 0x15, 0x15, 0x15, 0x15, 0x15,
    0x15, 0x15, 0x15, 0x15, 0x15, 0x15, 0x15, 0x15, 0x15, 0x15, 0x15, 0x15, 0x15, 0x15, 0x15, 0x15,
    0x15, 0x15, 0x15, 0x15, 0x15, 0x15, 0x15, 0x15, 0x15, 0x15, 0x15, 0x15, 0x15, 0x15, 0x15, 0x15,
    0x15, 0x15, 0x15, 0x15, 0x15, 0x15, 0x15, 0x15, 0x15, 0x15, 0x15, 0x15, 0x15, 0x15, 0x15, 0x15,
    0x15, 0x15, 0x15, 0x15, 0x15, 0x15, 0x15, 0x15, 0x15, 0x15, 0x15, 0x15, 0x15, 0x15, 0x15, 0x15,
    0x15, 0x15, 0x15, 0x15, 0x15, 0x15, 0x15, 0x15, 0x15, 0x15, 0x15, 0x15, 0x15, 0x15, 0x15, 0x15,
    0x15, 0x15, 0x15, 0x15, 0x15, 0x15, 0x15, 0x15, 0x15, 0x15, 0x15, 0x15, 0x15, 0x15, 0x15, 0x15,
    0x15, 0x15, 0x15, 0x15, 0x15, 0x15, 0x15, 0x15, 0x15, 0x15, 0x15, 0x15, 0x15, 0x15, 0x15, 0x15,
    0x15, 0x15, 0x15, 0x15, 0x15, 0x15, 0x15, 0x15, 0x15, 0x15, 0x15, 0x15, 0x15, 0x15, 0x15, 0x15,
    0x15, 0x15, 0x15, 0x15, 0x15, 0x15, 0x15, 0x15, 0x15, 0x15, 0x15, 0x15, 0x15, 0x15, 0x15, 0x15,
    0x15, 0x15, 0x15, 0x15, 0x15, 0x15, 0x15, 0x15, 0x15, 0x15, 0x15, 0x15, 0x15, 0x15, 0x15, 0x15,
    0x15, 0x15, 0x15, 0x15, 0x15, 0x15, 0x15, 0x15, 0x15, 0x15, 0x15, 0x15, 0x15, 0x15, 0x15, 0x15,
    0x15, 0x15, 0x15, 0x15, 0x15, 0x15, 0x15, 0x15, 0x15, 0x15, 0x15, 0x15, 0x15, 0x15, 0x15, 0x15,
    0x15, 0x15, 0x15, 0x15, 0x15, 0x15, 0x15, 0x15, 0x15, 0x15, 0x15, 0x15, 0x15, 0x15, 0x15, 0x15,
    0x15, 0x15, 0x15, 0x15, 0x15, 0x15, 0x15, 0x15, 0x15, 0x15, 0x15, 0x15, 0x15, 0x15, 0x15, 0x15,
    0x15, 0x15, 0x15, 0x15, 0x15, 0x15, 0x15, 0x15, 0x15, 0x15, 0x15, 0x15, 0x15, 0x15, 0x15, 0x15,
    0x15, 0x15, 0x15, 0x15, 0x15, 0x15, 0x15, 0x15, 0x15, 0x15, 0x15, 0x15, 0x15, 0x15, 0x15, 0x15,
    0x15, 0x15, 0x15, 0x15, 0x15, 0x15, 0x15, 0x15, 0x15, 0x15, 0x15, 0x15, 0x15, 0x15, 0x15, 0x15,
    0x15, 0x15, 0x15, 0x15, 0x15, 0x15, 0x15, 0x15, 0x15, 0x15, 0x15, 0x15, 0x15, 0x15, 0x15, 0x15,
    0x15, 0x15, 0x15, 0x15, 0x15, 0x15, 0x15, 0x15, 0x15, 0x15, 0x15, 0x15, 0x15, 0x15, 0x15, 0x15,
    0x15, 0x15, 0x15, 0x15, 0x15, 0x15, 0x15, 0x15, 0x15, 0x15, 0x15, 0x15, 0x15, 0x15, 0x15, 0x15,
    0x15, 0x15, 0x15, 0x15, 0x15, 0x15, 0x15, 0x15, 0x15, 0x15, 0x15, 0x15, 0x15, 0x15, 0x15, 0x15,
    0x15, 0x15, 0x15, 0x15, 0x15, 0x15, 0x15, 0x15, 0x15, 0x15, 0x15, 0x15, 0x15, 0x15, 0x15, 0x15,
    0x15, 0x15, 0x15, 0x15, 0x15, 0x15, 0x15, 0x15, 0x15, 0x15, 0x15, 0x15, 0x15, 0x15, 0x15, 0x15,
    0x15, 0x15, 0x15, 0x15, 0x15, 0x15, 0x15, 0x15, 0x15, 0x15, 0x15, 0x15, 0x15, 0x15, 0x15, 0x15,
    0x15, 0x15, 0x15, 0x15, 0x15, 0x15, 0x15, 0x15, 0x15, 0x15, 0x15, 0x15, 0x15, 0x15, 0x15, 0x15,
    0x15, 0x15, 0x15, 0x15, 0x15, 0x15, 0x15, 0x15, 0x15, 0x15, 0x15, 0x15, 0x15, 0x15, 0x15, 0x15,
    0x15, 0x15, 0x15, 0x15, 0x15, 0x15, 0x15, 0x15, 0x15, 0x15, 0x15, 0x15, 0x15, 0x15, 0x15, 0x15,
    0x15, 0x15, 0x15, 0x15, 0x15, 0x15, 0x15, 0x15, 0x15, 0x15, 0x15, 0x15, 0x15, 0x15, 0x15, 0x15,
    0x15, 0x15, 0x15, 0x15, 0x15, 0x15, 0x15, 0x15, 0x15, 0x15, 0x15, 0x15, 0x15, 0x15, 0x15, 0x15,
    0x15, 0x15, 0x15, 0x15, 0x15, 0x15, 0x15, 0x15, 0x15, 0x15, 0x15, 0x15, 0x15, 0x15, 0x15, 0x15,
    0x15, 0x15, 0x15, 0x15, 0x15, 0x15, 0x15, 0x15, 0x15, 0x15, 0x15, 0x15, 0x15, 0x15, 0x15, 0x15,
    0x08, 0x05, 0x00, 0x03, 0x08, 0x09, 0x09, 0x08, 0x15, 0x08, 0x00, 0x01, 0x05, 0x09, 0x09, 0x05,
    0x15, 0x08, 0x01, 0x00, 0x05, 0x09, 0x09, 0x05, 0x15, 0x08, 0x03, 0x00, 0x03, 0x09, 0x15, 0x08,
    0x15, 0x08, 0x05, 0x00, 0x03, 0x08, 0x15, 0x08, 0x15, 0x15, 0x08, 0x00, 0x01, 0x05, 0x08, 0x15,
    0x15, 0x15, 0x08, 0x01, 0x01, 0x05, 0x08, 0x15, 0x15, 0x15, 0x08, 0x03, 0x01, 0x05, 0x08, 0x15,
    0x09, 0x09, 0x08, 0x03, 0x08, 0x15, 0x15, 0x08, 0x08, 0x09, 0x09, 0x05, 0x05, 0x09, 0x15, 0x15,
    0x03, 0x05, 0x09, 0x08, 0x05, 0x08, 0x09, 0x15, 0x01, 0x05, 0x08, 0x09, 0x08, 0x05, 0x05, 0x09,
    0x05, 0x03, 0x05, 0x09, 0x08, 0x03, 0x05, 0x08, 0x08, 0x01, 0x03, 0x08, 0x09, 0x05, 0x03, 0x05,
    0x08, 0x05, 0x01, 0x05, 0x08, 0x09, 0x05, 0x03, 0x15, 0x08, 0x01, 0x03, 0x08, 0x09, 0x08, 0x01,
    0x08, 0x00, 0x01, 0x03, 0x05, 0x09, 0x12, 0x09, 0x15, 0x08, 0x08, 0x01, 0x01, 0x03, 0x08, 0x12,
    0x15, 0x15, 0x15, 0x08, 0x08, 0x01, 0x03, 0x05, 0x15, 0x15, 0x15, 0x15, 0x15, 0x08, 0x01, 0x00,
    0x09, 0x15, 0x15, 0x15, 0x15, 0x15, 0x08, 0x08, 0x08, 0x09, 0x15, 0x15, 0x15, 0x15, 0x15, 0x15,
    0x05, 0x08, 0x09, 0x15, 0x15, 0x15, 0x15, 0x15, 0x03, 0x05, 0x08, 0x09, 0x15, 0x15, 0x15, 0x15,
    0x08, 0x05, 0x09, 0x12, 0x09, 0x08, 0x05, 0x09, 0x12, 0x09, 0x05, 0x05, 0x09, 0x12, 0x12, 0x08,
    0x09, 0x12, 0x12, 0x08, 0x05, 0x05, 0x09, 0x12, 0x03, 0x08, 0x12, 0x12, 0x09, 0x08, 0x03, 0x05,
    0x03, 0x03, 0x08, 0x12, 0x12, 0x12, 0x09, 0x05, 0x08, 0x05, 0x05, 0x08, 0x09, 0x09, 0x12, 0x12,
    0x15, 0x08, 0x08, 0x15, 0x15, 0x15, 0x09, 0x09, 0x15, 0x15, 0x15, 0x15, 0x15, 0x15, 0x15, 0x15,
    0x09, 0x15, 0x15, 0x15, 0x15, 0x15, 0x15, 0x15, 0x05, 0x09, 0x09, 0x15, 0x15, 0x15, 0x15, 0x15,
    0x09, 0x08, 0x05, 0x09, 0x09, 0x15, 0x15, 0x15, 0x09, 0x12, 0x09, 0x05, 0x05, 0x09, 0x09, 0x15,
    0x03, 0x08, 0x12, 0x12, 0x09, 0x05, 0x05, 0x09, 0x09, 0x05, 0x08, 0x09, 0x12, 0x12, 0x08, 0x05,
    0x12, 0x12, 0x09, 0x08, 0x08, 0x09, 0x12, 0x12, 0x09, 0x09, 0x12, 0x12, 0x09, 0x05, 0x09, 0x12,
    0x15, 0x09, 0x09, 0x15, 0x15, 0x15, 0x15, 0x15, 0x09, 0x01, 0x01, 0x09, 0x15, 0x15, 0x15, 0x15,
    0x09, 0x03, 0x03, 0x01, 0x09, 0x15, 0x15, 0x08, 0x09, 0x05, 0x05, 0x03, 0x01, 0x09, 0x08, 0x08,
    0x12, 0x08, 0x08, 0x05, 0x03, 0x01, 0x09, 0x08, 0x08, 0x09, 0x09, 0x08, 0x08, 0x05, 0x01, 0x09,
    0x08, 0x05, 0x08, 0x09, 0x09, 0x08, 0x05, 0x01, 0x12, 0x09, 0x05, 0x03, 0x08, 0x09, 0x09, 0x05,
    0x08, 0x09, 0x05, 0x01, 0x08, 0x09, 0x12, 0x15, 0x08, 0x09, 0x03, 0x01, 0x08, 0x09, 0x12, 0x15,
    0x08, 0x09, 0x01, 0x03, 0x08, 0x09, 0x12, 0x12, 0x09, 0x05, 0x01, 0x05, 0x08, 0x09, 0x12, 0x12,
    0x09, 0x03, 0x03, 0x05, 0x08, 0x09, 0x12, 0x12, 0x09, 0x03, 0x05, 0x08, 0x09, 0x09, 0x12, 0x12,
    0x03, 0x08, 0x08, 0x09, 0x09, 0x12, 0x12, 0x12, 0x01, 0x01, 0x03, 0x08, 0x12, 0x12, 0x12, 0x12,
    0x08, 0x03, 0x09, 0x12, 0x12, 0x12, 0x12, 0x12, 0x15, 0x03, 0x05, 0x12, 0x12, 0x12, 0x12, 0x15,
    0x15, 0x09, 0x03, 0x09, 0x09, 0x12, 0x12, 0x15, 0x12, 0x15, 0x05, 0x05, 0x09, 0x12, 0x15, 0x15,
    0x12, 0x15, 0x12, 0x05, 0x09, 0x15, 0x15, 0x15, 0x12, 0x12, 0x15, 0x09, 0x12, 0x15, 0x15, 0x12,
    0x12, 0x12, 0x15, 0x15, 0x15, 0x15, 0x15, 0x03, 0x12, 0x12, 0x15, 0x15, 0x15, 0x15, 0x08, 0x00,
    0x12, 0x15, 0x15, 0x15, 0x05, 0x03, 0x09, 0x12, 0x15, 0x15, 0x15, 0x03, 0x03, 0x09, 0x12, 0x09,
    0x15, 0x15, 0x03, 0x01, 0x08, 0x12, 0x09, 0x08, 0x15, 0x05, 0x01, 0x08, 0x09, 0x09, 0x05, 0x09,
    0x08, 0x01, 0x05, 0x09, 0x12, 0x05, 0x08, 0x12, 0x01, 0x03, 0x09, 0x12, 0x09, 0x05, 0x09, 0x12,
    0x01, 0x08, 0x09, 0x12, 0x05, 0x08, 0x12, 0x12, 0x05, 0x09, 0x12, 0x09, 0x03, 0x09, 0x12, 0x09,
    0x09, 0x08, 0x05, 0x09, 0x12, 0x15, 0x12, 0x15, 0x08, 0x05, 0x03, 0x12, 0x15, 0x15, 0x12, 0x15,
    0x09, 0x03, 0x09, 0x15, 0x15, 0x09, 0x09, 0x15, 0x09, 0x01, 0x12, 0x15, 0x15, 0x12, 0x05, 0x15,
    0x08, 0x01, 0x12, 0x15, 0x15, 0x15, 0x09, 0x15, 0x05, 0x01, 0x15, 0x15, 0x15, 0x15, 0x12, 0x15,
    0x01, 0x03, 0x15, 0x15, 0x15, 0x15, 0x08, 0x15, 0x00, 0x05, 0x15, 0x15, 0x15, 0x12, 0x03, 0x15,
    0x12, 0x08, 0x09, 0x15, 0x15, 0x15, 0x15, 0x15, 0x15, 0x08, 0x09, 0x15, 0x15, 0x15, 0x15, 0x15,
    0x15, 0x08, 0x09, 0x15, 0x15, 0x15, 0x15, 0x15, 0x15, 0x09, 0x08, 0x09, 0x15, 0x15, 0x15, 0x15,
    0x15, 0x12, 0x08, 0x09, 0x15, 0x15, 0x15, 0x15, 0x15, 0x15, 0x08, 0x09, 0x15, 0x15, 0x15, 0x09,
    0x15, 0x15, 0x08, 0x09, 0x12, 0x15, 0x09, 0x08, 0x15, 0x15, 0x08, 0x09, 0x12, 0x15, 0x09, 0x05,
    0x15, 0x15, 0x15, 0x05, 0x03, 0x09, 0x09, 0x03, 0x15, 0x15, 0x05, 0x01, 0x09, 0x09, 0x08, 0x01,
    0x15, 0x15, 0x05, 0x03, 0x09, 0x09, 0x05, 0x00, 0x15, 0x05, 0x03, 0x08, 0x09, 0x09, 0x03, 0x01,
    0x08, 0x03, 0x08, 0x09, 0x09, 0x05, 0x01, 0x03, 0x03, 0x05, 0x09, 0x09, 0x09, 0x03, 0x01, 0x05,
    0x05, 0x09, 0x09, 0x09, 0x08, 0x01, 0x03, 0x05, 0x09, 0x09, 0x09, 0x09, 0x05, 0x01, 0x05, 0x08,
    0x00, 0x00, 0x05, 0x08, 0x08, 0x03, 0x00, 0x05, 0x00, 0x03, 0x08, 0x08, 0x05, 0x01, 0x03, 0x15,
    0x01, 0x05, 0x08, 0x08, 0x03, 0x00, 0x12, 0x15, 0x03, 0x08, 0x08, 0x05, 0x01, 0x08, 0x15, 0x15,
    0x05, 0x08, 0x05, 0x01, 0x03, 0x15, 0x15, 0x15, 0x08, 0x08, 0x05, 0x01, 0x12, 0x15, 0x15, 0x15,
    0x08, 0x05, 0x03, 0x09, 0x15, 0x15, 0x15, 0x15, 0x08, 0x03, 0x05, 0x15, 0x15, 0x15, 0x15, 0x12,
    0x15, 0x15, 0x15, 0x15, 0x15, 0x09, 0x09, 0x12, 0x15, 0x15, 0x15, 0x15, 0x09, 0x09, 0x12, 0x15,
    0x15, 0x15, 0x15, 0x12, 0x09, 0x12, 0x15, 0x15, 0x15, 0x15, 0x12, 0x08, 0x12, 0x12, 0x15, 0x15,
    0x15, 0x12, 0x09, 0x12, 0x12, 0x15, 0x15, 0x15, 0x15, 0x09, 0x12, 0x12, 0x15, 0x15, 0x15, 0x15,
    0x12, 0x12, 0x12, 0x15, 0x15, 0x15, 0x15, 0x15, 0x12, 0x12, 0x15, 0x15, 0x15, 0x15, 0x15, 0x15,
    0x15, 0x15, 0x15, 0x15, 0x15, 0x15, 0x15, 0x15, 0x15, 0x15, 0x15, 0x15, 0x15, 0x15, 0x15, 0x15,
    0x15, 0x15, 0x15, 0x15, 0x15, 0x15, 0x15, 0x15, 0x15, 0x15, 0x15, 0x15, 0x15, 0x15, 0x15, 0x15,
    0x15, 0x15, 0x15, 0x15, 0x15, 0x15, 0x15, 0x15, 0x15, 0x15, 0x15, 0x15, 0x15, 0x15, 0x15, 0x15,
    0x15, 0x15, 0x15, 0x15, 0x15, 0x15, 0x15, 0x15, 0x15, 0x15, 0x15, 0x15, 0x15, 0x15, 0x15, 0x15,
    0x15, 0x15, 0x15, 0x15, 0x15, 0x15, 0x15, 0x15, 0x15, 0x15, 0x15, 0x15, 0x15, 0x15, 0x15, 0x15,
    0x15, 0x15, 0x15, 0x15, 0x15, 0x15, 0x15, 0x15, 0x15, 0x15, 0x15, 0x15, 0x15, 0x15, 0x15, 0x15,
    0x15, 0x15, 0x15, 0x15, 0x15, 0x15, 0x15, 0x15, 0x15, 0x15, 0x15, 0x15, 0x15, 0x15, 0x15, 0x15,
    0x15, 0x15, 0x15, 0x15, 0x15, 0x15, 0x15, 0x15, 0x15, 0x15, 0x15, 0x15, 0x15, 0x15, 0x15, 0x15,
    0x15, 0x15, 0x15, 0x15, 0x15, 0x15, 0x15, 0x15, 0x15, 0x15, 0x15, 0x15, 0x15, 0x15, 0x15, 0x15,
    0x15, 0x15, 0x15, 0x15, 0x15, 0x15, 0x15, 0x15, 0x15, 0x15, 0x15, 0x15, 0x15, 0x15, 0x15, 0x15,
    0x15, 0x15, 0x15, 0x15, 0x15, 0x15, 0x15, 0x15, 0x15, 0x15, 0x15, 0x15, 0x15, 0x15, 0x15, 0x15,
    0x15, 0x15, 0x15, 0x15, 0x15, 0x15, 0x15, 0x15, 0x15, 0x15, 0x15, 0x15, 0x15, 0x15, 0x15, 0x15,
    0x15, 0x15, 0x15, 0x15, 0x15, 0x15, 0x15, 0x15, 0x15, 0x15, 0x15, 0x15, 0x15, 0x15, 0x15, 0x15,
    0x15, 0x15, 0x15, 0x15, 0x15, 0x15, 0x15, 0x15, 0x15, 0x15, 0x15, 0x15, 0x15, 0x15, 0x15, 0x15,
    0x15, 0x15, 0x15, 0x15, 0x15, 0x15, 0x15, 0x15, 0x15, 0x15, 0x15, 0x15, 0x15, 0x15, 0x15, 0x15,
    0x15, 0x15, 0x15, 0x15, 0x15, 0x15, 0x15, 0x15, 0x15, 0x15, 0x15, 0x15, 0x15, 0x15, 0x15, 0x15,
    0x15, 0x15, 0x15, 0x15, 0x15, 0x15, 0x15, 0x15, 0x15, 0x15, 0x15, 0x15, 0x15, 0x15, 0x15, 0x15,
    0x15, 0x15, 0x15, 0x15, 0x15, 0x15, 0x15, 0x15, 0x15, 0x15, 0x15, 0x15, 0x15, 0x15, 0x15, 0x15,
    0x15, 0x15, 0x15, 0x15, 0x15, 0x15, 0x15, 0x15, 0x15, 0x15, 0x15, 0x15, 0x15, 0x15, 0x15, 0x15,
    0x15, 0x15, 0x15, 0x15, 0x15, 0x15, 0x15, 0x15, 0x15, 0x15, 0x15, 0x15, 0x15, 0x15, 0x15, 0x15,
    0x15, 0x15, 0x15, 0x15, 0x15, 0x15, 0x15, 0x15, 0x15, 0x15, 0x15, 0x15, 0x15, 0x15, 0x15, 0x15,
    0x15, 0x15, 0x15, 0x15, 0x15, 0x15, 0x15, 0x15, 0x15, 0x15, 0x15, 0x15, 0x15, 0x15, 0x15, 0x15,
    0x15, 0x15, 0x15, 0x15, 0x15, 0x15, 0x15, 0x15, 0x15, 0x15, 0x15, 0x15, 0x15, 0x15, 0x15, 0x15,
    0x15, 0x15, 0x15, 0x15, 0x15, 0x15, 0x15, 0x15, 0x15, 0x15, 0x15, 0x15, 0x15, 0x15, 0x15, 0x15,
    0x15, 0x15, 0x15, 0x15, 0x15, 0x15, 0x15, 0x15, 0x15, 0x15, 0x15, 0x15, 0x15, 0x15, 0x15, 0x15,
    0x15, 0x15, 0x15, 0x15, 0x15, 0x15, 0x15, 0x15, 0x15, 0x15, 0x15, 0x15, 0x15, 0x15, 0x15, 0x15,
    0x15, 0x15, 0x15, 0x15, 0x15, 0x15, 0x15, 0x15, 0x15, 0x15, 0x15, 0x15, 0x15, 0x15, 0x15, 0x15,
    0x15, 0x15, 0x15, 0x15, 0x15, 0x15, 0x15, 0x15, 0x15, 0x15, 0x15, 0x15, 0x15, 0x15, 0x15, 0x15,
    0x15, 0x15, 0x15, 0x15, 0x15, 0x15, 0x15, 0x15, 0x15, 0x15, 0x15, 0x15, 0x15, 0x15, 0x15, 0x15,
    0x15, 0x15, 0x15, 0x15, 0x15, 0x15, 0x15, 0x15, 0x15, 0x15, 0x15, 0x15, 0x15, 0x15, 0x15, 0x15,
    0x15, 0x15, 0x15, 0x15, 0x15, 0x15, 0x15, 0x15, 0x15, 0x15, 0x15, 0x15, 0x15, 0x15, 0x15, 0x15,
    0x15, 0x15, 0x15, 0x15, 0x15, 0x15, 0x15, 0x15, 0x15, 0x15, 0x15, 0x15, 0x15, 0x15, 0x15, 0x15,
    0x15, 0x15, 0x15, 0x15, 0x15, 0x15, 0x15, 0x15, 0x15, 0x15, 0x15, 0x15, 0x15, 0x15, 0x15, 0x15,
    0x15, 0x15, 0x15, 0x15, 0x15, 0x15, 0x15, 0x15, 0x15, 0x15, 0x15, 0x15, 0x15, 0x15, 0x15, 0x15,
    0x15, 0x15, 0x15, 0x15, 0x15, 0x15, 0x15, 0x15, 0x15, 0x15, 0x15, 0x15, 0x15, 0x15, 0x15, 0x15,
    0x15, 0x15, 0x15, 0x15, 0x15, 0x15, 0x15, 0x15, 0x15, 0x15, 0x15, 0x15, 0x15, 0x15, 0x15, 0x15,
    0x15, 0x15, 0x15, 0x15, 0x15, 0x15, 0x15, 0x15, 0x15, 0x15, 0x15, 0x15, 0x15, 0x15, 0x15, 0x15,
    0x15, 0x15, 0x15, 0x15, 0x15, 0x15, 0x15, 0x15, 0x15, 0x15, 0x15, 0x15, 0x15, 0x15, 0x15, 0x15,
    0x15, 0x15, 0x15, 0x15, 0x15, 0x15, 0x15, 0x15, 0x15, 0x15, 0x15, 0x15, 0x15, 0x15, 0x15, 0x15,
    0x15, 0x15, 0x15, 0x15, 0x15, 0x15, 0x15, 0x15, 0x15, 0x15, 0x15, 0x15, 0x15, 0x15, 0x15, 0x15,
    0x15, 0x15, 0x15, 0x15, 0x15, 0x15, 0x15, 0x15, 0x15, 0x15, 0x15, 0x15, 0x15, 0x15, 0x15, 0x15,
    0x15, 0x15, 0x15, 0x15, 0x15, 0x15, 0x15, 0x15, 0x15, 0x15, 0x15, 0x15, 0x15, 0x15, 0x15, 0x15,
    0x15, 0x15, 0x15, 0x15, 0x15, 0x15, 0x15, 0x15, 0x15, 0x15, 0x15, 0x15, 0x15, 0x15, 0x15, 0x15,
    0x15, 0x15, 0x15, 0x15, 0x15, 0x15, 0x15, 0x15, 0x15, 0x15, 0x15, 0x15, 0x15, 0x15, 0x15, 0x15,
    0x15, 0x15, 0x15, 0x15, 0x15, 0x15, 0x15, 0x15, 0x15, 0x15, 0x15, 0x15, 0x15, 0x15, 0x15, 0x15,
    0x15, 0x15, 0x15, 0x15, 0x15, 0x15, 0x15, 0x15, 0x15, 0x15, 0x15, 0x15, 0x15, 0x15, 0x15, 0x15,
    0x15, 0x15, 0x15, 0x15, 0x15, 0x15, 0x15, 0x15, 0x15, 0x15, 0x15, 0x15, 0x15, 0x15, 0x15, 0x15,
    0x15, 0x15, 0x15, 0x15, 0x15, 0x15, 0x15, 0x15, 0x15, 0x15, 0x15, 0x15, 0x15, 0x15, 0x15, 0x15,
    0x15, 0x15, 0x15, 0x15, 0x15, 0x15, 0x15, 0x15, 0x15, 0x15, 0x15, 0x15, 0x15, 0x15, 0x15, 0x15,
    0x15, 0x15, 0x15, 0x15, 0x15, 0x15, 0x15, 0x15, 0x15, 0x15, 0x15, 0x15, 0x15, 0x15, 0x15, 0x15,
    0x15, 0x15, 0x15, 0x15, 0x15, 0x15, 0x15, 0x15, 0x15, 0x15, 0x15, 0x15, 0x15, 0x15, 0x15, 0x15,
    0x15, 0x15, 0x15, 0x15, 0x15, 0x15, 0x15, 0x15, 0x15, 0x15, 0x15, 0x15, 0x15, 0x15, 0x15, 0x15,
    0x15, 0x15, 0x15, 0x15, 0x15, 0x15, 0x15, 0x15, 0x15, 0x15, 0x15, 0x15, 0x15, 0x15, 0x15, 0x15,
    0x15, 0x15, 0x15, 0x15, 0x15, 0x15, 0x15, 0x15, 0x15, 0x15, 0x15, 0x15, 0x15, 0x15, 0x15, 0x15,
    0x15, 0x15, 0x15, 0x15, 0x15, 0x15, 0x15, 0x15, 0x15, 0x15, 0x15, 0x15, 0x15, 0x15, 0x15, 0x15,
    0x15, 0x15, 0x15, 0x15, 0x15, 0x15, 0x15, 0x15, 0x15, 0x15, 0x15, 0x15, 0x15, 0x15, 0x15, 0x15,
    0x15, 0x15, 0x15, 0x15, 0x15, 0x15, 0x15, 0x15, 0x15, 0x15, 0x15, 0x15, 0x15, 0x15, 0x15, 0x15,
    0x15, 0x15, 0x15, 0x15, 0x15, 0x15, 0x15, 0x15, 0x15, 0x15, 0x15, 0x15, 0x15, 0x15, 0x15, 0x15,
    0x15, 0x15, 0x15, 0x15, 0x15, 0x15, 0x15, 0x15, 0x15, 0x15, 0x15, 0x15, 0x15, 0x15, 0x15, 0x15,
    0x15, 0x15, 0x15, 0x15, 0x15, 0x15, 0x15, 0x15, 0x15, 0x15, 0x15, 0x15, 0x15, 0x15, 0x15, 0x15,
    0x15, 0x15, 0x15, 0x15, 0x15, 0x15, 0x15, 0x15, 0x15, 0x15, 0x15, 0x15, 0x15, 0x15, 0x15, 0x15,
    0x15, 0x15, 0x15, 0x15, 0x15, 0x15, 0x15, 0x15, 0x15, 0x15, 0x15, 0x15, 0x15, 0x15, 0x15, 0x15,
    0x15, 0x15, 0x15, 0x15, 0x15, 0x15, 0x15, 0x15, 0x15, 0x15, 0x15, 0x15, 0x15, 0x15, 0x15, 0x15,
    0x15, 0x15, 0x15, 0x15, 0x15, 0x15, 0x15, 0x15, 0x15, 0x15, 0x15, 0x15, 0x15, 0x15, 0x15, 0x15,
    0x15, 0x15, 0x08, 0x05, 0x01, 0x03, 0x05, 0x08, 0x15, 0x15, 0x15, 0x08, 0x01, 0x01, 0x05, 0x08,
    0x15, 0x15, 0x15, 0x08, 0x03, 0x01, 0x05, 0x08, 0x15, 0x15, 0x15, 0x08, 0x05, 0x01, 0x03, 0x05,
    0x15, 0x15, 0x15, 0x15, 0x08, 0x03, 0x01, 0x05, 0x15, 0x15, 0x15, 0x15, 0x08, 0x05, 0x01, 0x05,
    0x15, 0x15, 0x15, 0x15, 0x15, 0x09, 0x03, 0x05, 0x15, 0x15, 0x15, 0x15, 0x15, 0x09, 0x05, 0x05,
    0x15, 0x08, 0x05, 0x01, 0x05, 0x08, 0x09, 0x05, 0x15, 0x15, 0x08, 0x01, 0x03, 0x08, 0x09, 0x09,
    0x15, 0x15, 0x08, 0x03, 0x01, 0x05, 0x08, 0x09, 0x09, 0x15, 0x08, 0x05, 0x01, 0x05, 0x08, 0x09,
    0x09, 0x15, 0x15, 0x09, 0x03, 0x03, 0x05, 0x08, 0x09, 0x15, 0x15, 0x09, 0x05, 0x03, 0x05, 0x08,
    0x09, 0x15, 0x15, 0x15, 0x09, 0x03, 0x05, 0x08, 0x09, 0x15, 0x15, 0x15, 0x09, 0x08, 0x05, 0x08,
    0x01, 0x03, 0x05, 0x09, 0x15, 0x15, 0x15, 0x15, 0x05, 0x01, 0x03, 0x08, 0x09, 0x15, 0x15, 0x15,
    0x09, 0x05, 0x01, 0x05, 0x09, 0x15, 0x15, 0x15, 0x15, 0x09, 0x05, 0x08, 0x09, 0x15, 0x15, 0x15,
    0x09, 0x15, 0x09, 0x09, 0x15, 0x15, 0x15, 0x15, 0x09, 0x15, 0x15, 0x15, 0x15, 0x15, 0x15, 0x15,
    0x09, 0x15, 0x15, 0x15, 0x15, 0x15, 0x15, 0x15, 0x09, 0x15, 0x15, 0x15, 0x15, 0x15, 0x15, 0x15,
    0x15, 0x15, 0x15, 0x15, 0x15, 0x15, 0x15, 0x15, 0x15, 0x15, 0x15, 0x15, 0x15, 0x15, 0x15, 0x15,
    0x15, 0x15, 0x15, 0x15, 0x15, 0x15, 0x15, 0x15, 0x15, 0x15, 0x15, 0x15, 0x15, 0x15, 0x15, 0x15,
    0x15, 0x15, 0x15, 0x15, 0x15, 0x15, 0x15, 0x15, 0x15, 0x15, 0x15, 0x15, 0x15, 0x15, 0x15, 0x15,
    0x15, 0x15, 0x15, 0x15, 0x15, 0x15, 0x15, 0x15, 0x15, 0x15, 0x15, 0x15, 0x15, 0x15, 0x15, 0x15,
    0x15, 0x15, 0x09, 0x09, 0x12, 0x12, 0x08, 0x08, 0x15, 0x15, 0x15, 0x15, 0x09, 0x09, 0x12, 0x09,
    0x15, 0x15, 0x15, 0x15, 0x15, 0x15, 0x09, 0x12, 0x15, 0x15, 0x15, 0x15, 0x15, 0x15, 0x15, 0x09,
    0x15, 0x15, 0x15, 0x15, 0x15, 0x15, 0x15, 0x12, 0x15, 0x15, 0x15, 0x15, 0x15, 0x15, 0x08, 0x09,
    0x15, 0x15, 0x15, 0x15, 0x15, 0x08, 0x03, 0x12, 0x15, 0x15, 0x15, 0x15, 0x08, 0x03, 0x12, 0x15,
    0x09, 0x12, 0x12, 0x09, 0x05, 0x03, 0x08, 0x09, 0x08, 0x08, 0x09, 0x12, 0x12, 0x09, 0x05, 0x05,
    0x12, 0x09, 0x08, 0x08, 0x09, 0x12, 0x12, 0x08, 0x09, 0x12, 0x12, 0x08, 0x05, 0x08, 0x12, 0x12,
    0x12, 0x09, 0x09, 0x12, 0x12, 0x05, 0x05, 0x08, 0x12, 0x15, 0x12, 0x09, 0x09, 0x12, 0x12, 0x09,
    0x15, 0x12, 0x09, 0x12, 0x12, 0x09, 0x09, 0x12, 0x15, 0x03, 0x01, 0x03, 0x09, 0x12, 0x12, 0x12,
    0x08, 0x05, 0x01, 0x00, 0x01, 0x05, 0x09, 0x12, 0x08, 0x08, 0x05, 0x03, 0x01, 0x01, 0x03, 0x03,
    0x05, 0x05, 0x08, 0x05, 0x03, 0x03, 0x03, 0x03, 0x12, 0x08, 0x05, 0x09, 0x12, 0x09, 0x09, 0x05,
    0x12, 0x12, 0x12, 0x08, 0x03, 0x01, 0x01, 0x00, 0x12, 0x08, 0x03, 0x01, 0x00, 0x00, 0x00, 0x01,
    0x09, 0x03, 0x01, 0x00, 0x01, 0x01, 0x01, 0x01, 0x08, 0x01, 0x00, 0x01, 0x01, 0x01, 0x01, 0x01,
    0x12, 0x12, 0x15, 0x15, 0x15, 0x15, 0x01, 0x03, 0x08, 0x12, 0x15, 0x15, 0x15, 0x05, 0x01, 0x08,
    0x03, 0x03, 0x08, 0x12, 0x12, 0x01, 0x03, 0x09, 0x03, 0x03, 0x03, 0x05, 0x09, 0x08, 0x09, 0x12,
    0x00, 0x00, 0x00, 0x01, 0x01, 0x05, 0x08, 0x05, 0x01, 0x01, 0x01, 0x01, 0x01, 0x01, 0x01, 0x00,
    0x01, 0x03, 0x05, 0x05, 0x05, 0x03, 0x01, 0x01, 0x03, 0x03, 0x03, 0x03, 0x03, 0x03, 0x03, 0x01,
    0x09, 0x12, 0x12, 0x08, 0x03, 0x09, 0x12, 0x09, 0x09, 0x12, 0x12, 0x03, 0x08, 0x12, 0x12, 0x08,
    0x12, 0x12, 0x09, 0x01, 0x09, 0x12, 0x09, 0x05, 0x12, 0x12, 0x09, 0x05, 0x09, 0x12, 0x09, 0x05,
    0x03, 0x05, 0x08, 0x08, 0x12, 0x12, 0x12, 0x12, 0x01, 0x00, 0x00, 0x01, 0x03, 0x05, 0x05, 0x05,
    0x00, 0x01, 0x00, 0x00, 0x00, 0x00, 0x00, 0x00, 0x01, 0x00, 0x01, 0x00, 0x01, 0x00, 0x01, 0x00,
    0x00, 0x08, 0x15, 0x15, 0x15, 0x12, 0x08, 0x15, 0x00, 0x08, 0x15, 0x15, 0x15, 0x12, 0x09, 0x15,
    0x00, 0x08, 0x15, 0x15, 0x15, 0x12, 0x15, 0x15, 0x01, 0x09, 0x15, 0x15, 0x15, 0x12, 0x15, 0x15,
    0x12, 0x12, 0x15, 0x15, 0x12, 0x08, 0x05, 0x03, 0x05, 0x05, 0x03, 0x01, 0x00, 0x00, 0x00, 0x00,
    0x00, 0x00, 0x00, 0x00, 0x00, 0x00, 0x00, 0x01, 0x01, 0x00, 0x01, 0x00, 0x01, 0x00, 0x01, 0x00,
    0x15, 0x15, 0x15, 0x15, 0x14, 0x14, 0x14, 0x14, 0x15, 0x15, 0x14, 0x11, 0x07, 0x07, 0x07, 0x07,
    0x15, 0x14, 0x11, 0x11, 0x11, 0x11, 0x11, 0x11, 0x15, 0x14, 0x14, 0x14, 0x14, 0x14, 0x14, 0x14,
    0x05, 0x08, 0x08, 0x03, 0x05, 0x08, 0x09, 0x09, 0x01, 0x00, 0x01, 0x00, 0x01, 0x01, 0x01, 0x03,
    0x00, 0x01, 0x00, 0x01, 0x00, 0x01, 0x01, 0x01, 0x01, 0x00, 0x01, 0x00, 0x01, 0x01, 0x01, 0x01,
    0x14, 0x12, 0x09, 0x09, 0x05, 0x03, 0x08, 0x08, 0x07, 0x11, 0x14, 0x12, 0x08, 0x08, 0x08, 0x05,
    0x11, 0x07, 0x07, 0x11, 0x14, 0x09, 0x08, 0x05, 0x14, 0x11, 0x11, 0x07, 0x11, 0x14, 0x12, 0x12,
    0x14, 0x14, 0x14, 0x11, 0x07, 0x11, 0x14, 0x15, 0x08, 0x09, 0x14, 0x14, 0x11, 0x07, 0x11, 0x15,
    0x03, 0x03, 0x09, 0x14, 0x14, 0x11, 0x07, 0x14, 0x01, 0x03, 0x03, 0x09, 0x14, 0x14, 0x07, 0x11,
    0x05, 0x05, 0x15, 0x15, 0x15, 0x15, 0x12, 0x12, 0x05, 0x12, 0x15, 0x15, 0x15, 0x15, 0x12, 0x12,
    0x09, 0x15, 0x15, 0x15, 0x15, 0x12, 0x12, 0x12, 0x15, 0x15, 0x15, 0x15, 0x12, 0x12, 0x12, 0x15,
    0x15, 0x15, 0x15, 0x15, 0x12, 0x12, 0x15, 0x15, 0x15, 0x15, 0x15, 0x12, 0x12, 0x12, 0x15, 0x15,
    0x15, 0x15, 0x12, 0x12, 0x12, 0x15, 0x15, 0x15, 0x15, 0x15, 0x12, 0x12, 0x15, 0x15, 0x15, 0x15,
    0x12, 0x15, 0x15, 0x15, 0x15, 0x15, 0x15, 0x15, 0x12, 0x15, 0x15, 0x15, 0x15, 0x15, 0x15, 0x15,
    0x15, 0x15, 0x15, 0x15, 0x15, 0x15, 0x15, 0x15, 0x15, 0x15, 0x15, 0x15, 0x15, 0x15, 0x15, 0x15,
    0x15, 0x15, 0x15, 0x15, 0x15, 0x15, 0x15, 0x15, 0x15, 0x15, 0x15, 0x15, 0x15, 0x15, 0x15, 0x15,
    0x15, 0x15, 0x15, 0x15, 0x15, 0x15, 0x15, 0x15, 0x15, 0x15, 0x15, 0x15, 0x15, 0x15, 0x15, 0x15,
    0x15, 0x15, 0x15, 0x15, 0x15, 0x15, 0x15, 0x15, 0x15, 0x15, 0x15, 0x15, 0x15, 0x15, 0x15, 0x15,
    0x15, 0x15, 0x15, 0x15, 0x15, 0x15, 0x15, 0x15, 0x15, 0x15, 0x15, 0x15, 0x15, 0x15, 0x15, 0x15,
    0x15, 0x15, 0x15, 0x15, 0x15, 0x15, 0x15, 0x15, 0x15, 0x15, 0x15, 0x15, 0x15, 0x15, 0x15, 0x15,
    0x15, 0x15, 0x15, 0x15, 0x15, 0x15, 0x15, 0x15, 0x15, 0x15, 0x15, 0x15, 0x15, 0x15, 0x15, 0x15,
    0x15, 0x15, 0x15, 0x15, 0x15, 0x15, 0x15, 0x15, 0x15, 0x15, 0x15, 0x15, 0x15, 0x15, 0x15, 0x15,
    0x15, 0x15, 0x15, 0x15, 0x15, 0x15, 0x15, 0x15, 0x15, 0x15, 0x15, 0x15, 0x15, 0x15, 0x15, 0x15,
    0x15, 0x15, 0x15, 0x15, 0x15, 0x15, 0x15, 0x15, 0x15, 0x15, 0x15, 0x15, 0x15, 0x15, 0x15, 0x15,
    0x15, 0x15, 0x15, 0x15, 0x15, 0x15, 0x15, 0x15, 0x15, 0x15, 0x15, 0x15, 0x15, 0x15, 0x15, 0x15,
    0x15, 0x15, 0x15, 0x15, 0x15, 0x15, 0x15, 0x15, 0x15, 0x15, 0x15, 0x15, 0x15, 0x15, 0x15, 0x15,
    0x15, 0x15, 0x15, 0x15, 0x15, 0x15, 0x15, 0x15, 0x15, 0x15, 0x15, 0x15, 0x15, 0x15, 0x15, 0x15,
    0x15, 0x15, 0x15, 0x15, 0x15, 0x15, 0x15, 0x15, 0x15, 0x15, 0x15, 0x15, 0x15, 0x15, 0x15, 0x15,
    0x15, 0x15, 0x15, 0x15, 0x15, 0x15, 0x15, 0x15, 0x15, 0x15, 0x15, 0x15, 0x15, 0x15, 0x15, 0x15,
    0x15, 0x15, 0x15, 0x15, 0x15, 0x15, 0x15, 0x15, 0x15, 0x15, 0x15, 0x15, 0x15, 0x15, 0x15, 0x15,
    0x15, 0x15, 0x15, 0x15, 0x15, 0x15, 0x15, 0x15, 0x15, 0x15, 0x15, 0x15, 0x15, 0x15, 0x15, 0x15,
    0x15, 0x15, 0x15, 0x15, 0x15, 0x15, 0x15, 0x15, 0x15, 0x15, 0x15, 0x15, 0x15, 0x15, 0x15, 0x15,
    0x15, 0x15, 0x15, 0x15, 0x15, 0x15, 0x15, 0x15, 0x15, 0x15, 0x15, 0x15, 0x15, 0x15, 0x15, 0x15,
    0x15, 0x15, 0x15, 0x15, 0x15, 0x15, 0x15, 0x15, 0x15, 0x15, 0x15, 0x15, 0x15, 0x15, 0x15, 0x15,
    0x15, 0x15, 0x15, 0x15, 0x15, 0x15, 0x15, 0x15, 0x15, 0x15, 0x15, 0x15, 0x15, 0x15, 0x15, 0x15,
    0x15, 0x15, 0x15, 0x15, 0x15, 0x15, 0x15, 0x15, 0x15, 0x15, 0x15, 0x15, 0x15, 0x15, 0x15, 0x15,
    0x15, 0x15, 0x15, 0x15, 0x15, 0x15, 0x15, 0x15, 0x15, 0x15, 0x15, 0x15, 0x15, 0x15, 0x15, 0x15,
    0x15, 0x15, 0x15, 0x15, 0x15, 0x15, 0x15, 0x15, 0x15, 0x15, 0x15, 0x15, 0x15, 0x15, 0x15, 0x15,
    0x15, 0x15, 0x15, 0x15, 0x15, 0x15, 0x15, 0x15, 0x15, 0x15, 0x15, 0x15, 0x15, 0x15, 0x15, 0x15,
    0x15, 0x15, 0x15, 0x15, 0x15, 0x15, 0x15, 0x15, 0x15, 0x15, 0x15, 0x15, 0x15, 0x15, 0x15, 0x15,
    0x15, 0x15, 0x15, 0x15, 0x15, 0x15, 0x15, 0x15, 0x15, 0x15, 0x15, 0x15, 0x15, 0x15, 0x15, 0x15,
    0x15, 0x15, 0x15, 0x15, 0x15, 0x15, 0x15, 0x15, 0x15, 0x15, 0x15, 0x15, 0x15, 0x15, 0x15, 0x15,
    0x15, 0x15, 0x15, 0x15, 0x15, 0x15, 0x15, 0x15, 0x15, 0x15, 0x15, 0x15, 0x15, 0x15, 0x15, 0x15,
    0x15, 0x15, 0x15, 0x15, 0x15, 0x15, 0x15, 0x15, 0x15, 0x15, 0x15, 0x15, 0x15, 0x15, 0x15, 0x15,
    0x15, 0x15, 0x15, 0x15, 0x15, 0x15, 0x15, 0x15, 0x15, 0x15, 0x15, 0x15, 0x15, 0x15, 0x15, 0x15,
    0x15, 0x15, 0x15, 0x15, 0x15, 0x15, 0x15, 0x15, 0x15, 0x15, 0x15, 0x15, 0x15, 0x15, 0x15, 0x15,
    0x15, 0x15, 0x15, 0x15, 0x15, 0x15, 0x15, 0x15, 0x15, 0x15, 0x15, 0x15, 0x15, 0x15, 0x15, 0x15,
    0x15, 0x15, 0x15, 0x15, 0x15, 0x15, 0x15, 0x15, 0x15, 0x15, 0x15, 0x15, 0x15, 0x15, 0x15, 0x15,
    0x15, 0x15, 0x15, 0x15, 0x15, 0x15, 0x15, 0x15, 0x15, 0x15, 0x15, 0x15, 0x15, 0x15, 0x15, 0x15,
    0x15, 0x15, 0x15, 0x15, 0x15, 0x15, 0x15, 0x15, 0x15, 0x15, 0x15, 0x15, 0x15, 0x15, 0x15, 0x15,
    0x15, 0x15, 0x15, 0x15, 0x15, 0x15, 0x15, 0x15, 0x15, 0x15, 0x15, 0x15, 0x15, 0x15, 0x15, 0x15,
    0x15, 0x15, 0x15, 0x15, 0x15, 0x15, 0x15, 0x15, 0x15, 0x15, 0x15, 0x15, 0x15, 0x15, 0x15, 0x15,
    0x15, 0x15, 0x15, 0x15, 0x15, 0x15, 0x15, 0x15, 0x15, 0x15, 0x15, 0x15, 0x15, 0x15, 0x15, 0x15,
    0x15, 0x15, 0x15, 0x15, 0x15, 0x15, 0x15, 0x15, 0x15, 0x15, 0x15, 0x15, 0x15, 0x15, 0x15, 0x15,
    0x15, 0x15, 0x15, 0x15, 0x15, 0x15, 0x15, 0x15, 0x15, 0x15, 0x15, 0x15, 0x15, 0x15, 0x15, 0x15,
    0x15, 0x15, 0x15, 0x15, 0x15, 0x15, 0x15, 0x15, 0x15, 0x15, 0x15, 0x15, 0x15, 0x15, 0x15, 0x15,
    0x15, 0x15, 0x15, 0x15, 0x15, 0x15, 0x15, 0x15, 0x15, 0x15, 0x15, 0x15, 0x15, 0x15, 0x15, 0x15,
    0x15, 0x15, 0x15, 0x15, 0x15, 0x15, 0x15, 0x15, 0x15, 0x15, 0x15, 0x15, 0x15, 0x15, 0x15, 0x15,
    0x15, 0x15, 0x15, 0x15, 0x15, 0x15, 0x15, 0x15, 0x15, 0x15, 0x15, 0x15, 0x15, 0x15, 0x15, 0x15,
    0x15, 0x15, 0x15, 0x15, 0x15, 0x15, 0x15, 0x15, 0x15, 0x15, 0x15, 0x15, 0x15, 0x15, 0x15, 0x15,
    0x15, 0x15, 0x15, 0x15, 0x15, 0x15, 0x15, 0x15, 0x15, 0x15, 0x15, 0x15, 0x15, 0x15, 0x15, 0x15,
    0x15, 0x15, 0x15, 0x15, 0x15, 0x15, 0x15, 0x15, 0x15, 0x15, 0x15, 0x15, 0x15, 0x15, 0x15, 0x15,
    0x15, 0x15, 0x15, 0x15, 0x15, 0x15, 0x15, 0x15, 0x15, 0x15, 0x15, 0x15, 0x15, 0x15, 0x15, 0x15,
    0x15, 0x15, 0x15, 0x15, 0x15, 0x15, 0x15, 0x15, 0x15, 0x15, 0x15, 0x15, 0x15, 0x15, 0x15, 0x15,
    0x15, 0x15, 0x15, 0x15, 0x15, 0x15, 0x15, 0x15, 0x15, 0x15, 0x15, 0x15, 0x15, 0x15, 0x15, 0x15,
    0x15, 0x15, 0x15, 0x15, 0x15, 0x15, 0x15, 0x15, 0x15, 0x15, 0x15, 0x15, 0x15, 0x15, 0x15, 0x15,
    0x15, 0x15, 0x15, 0x15, 0x15, 0x15, 0x15, 0x15, 0x15, 0x15, 0x15, 0x15, 0x15, 0x15, 0x15, 0x15,
    0x15, 0x15, 0x15, 0x15, 0x15, 0x15, 0x15, 0x15, 0x15, 0x15, 0x15, 0x15, 0x15, 0x15, 0x15, 0x15,
    0x15, 0x15, 0x15, 0x15, 0x15, 0x15, 0x15, 0x15, 0x15, 0x15, 0x15, 0x15, 0x15, 0x15, 0x15, 0x15,
    0x15, 0x15, 0x15, 0x15, 0x15, 0x15, 0x15, 0x15, 0x15, 0x15, 0x15, 0x15, 0x15, 0x15, 0x15, 0x15,
    0x15, 0x15, 0x15, 0x15, 0x15, 0x15, 0x15, 0x15, 0x15, 0x15, 0x15, 0x15, 0x15, 0x15, 0x15, 0x15,
    0x15, 0x15, 0x15, 0x15, 0x15, 0x15, 0x15, 0x15, 0x15, 0x15, 0x15, 0x15, 0x15, 0x15, 0x15, 0x15,
    0x15, 0x15, 0x15, 0x15, 0x15, 0x15, 0x15, 0x15, 0x15, 0x15, 0x15, 0x15, 0x15, 0x15, 0x15, 0x15,
    0x15, 0x15, 0x15, 0x15, 0x15, 0x15, 0x15, 0x15, 0x15, 0x15, 0x15, 0x15, 0x15, 0x15, 0x15, 0x15,
    0x15, 0x15, 0x15, 0x15, 0x15, 0x15, 0x15, 0x15, 0x15, 0x15, 0x15, 0x15, 0x15, 0x15, 0x15, 0x15,
    0x15, 0x15, 0x15, 0x15, 0x15, 0x15, 0x15, 0x15, 0x15, 0x15, 0x15, 0x15, 0x15, 0x15, 0x15, 0x15,
    0x15, 0x15, 0x15, 0x15, 0x15, 0x15, 0x15, 0x15, 0x15, 0x15, 0x15, 0x15, 0x15, 0x15, 0x15, 0x15,
    0x15, 0x15, 0x15, 0x15, 0x15, 0x15, 0x15, 0x15, 0x15, 0x15, 0x15, 0x15, 0x15, 0x15, 0x15, 0x15,
    0x15, 0x15, 0x15, 0x15, 0x15, 0x15, 0x15, 0x15, 0x15, 0x15, 0x15, 0x15, 0x15, 0x15, 0x15, 0x15,
    0x15, 0x15, 0x15, 0x15, 0x15, 0x15, 0x15, 0x15, 0x15, 0x15, 0x15, 0x15, 0x15, 0x15, 0x15, 0x15,
    0x15, 0x15, 0x15, 0x15, 0x15, 0x15, 0x15, 0x15, 0x15, 0x15, 0x15, 0x15, 0x15, 0x15, 0x15, 0x15,
    0x15, 0x15, 0x15, 0x15, 0x15, 0x15, 0x09, 0x09, 0x15, 0x15, 0x15, 0x15, 0x15, 0x15, 0x15, 0x15,
    0x15, 0x15, 0x15, 0x15, 0x15, 0x15, 0x15, 0x15, 0x15, 0x15, 0x15, 0x15, 0x15, 0x15, 0x15, 0x15,
    0x15, 0x15, 0x15, 0x15, 0x15, 0x15, 0x15, 0x15, 0x15, 0x15, 0x15, 0x15, 0x15, 0x15, 0x15, 0x15,
    0x15, 0x15, 0x15, 0x15, 0x15, 0x15, 0x15, 0x15, 0x15, 0x15, 0x15, 0x15, 0x15, 0x15, 0x15, 0x15,
    0x15, 0x15, 0x15, 0x15, 0x15, 0x09, 0x09, 0x09, 0x15, 0x15, 0x15, 0x15, 0x15, 0x15, 0x15, 0x15,
    0x15, 0x15, 0x15, 0x15, 0x15, 0x15, 0x15, 0x15, 0x15, 0x15, 0x15, 0x15, 0x15, 0x15, 0x15, 0x15,
    0x15, 0x15, 0x15, 0x15, 0x15, 0x15, 0x15, 0x15, 0x15, 0x15, 0x15, 0x15, 0x15, 0x15, 0x15, 0x15,
    0x15, 0x15, 0x15, 0x15, 0x15, 0x15, 0x15, 0x15, 0x15, 0x15, 0x15, 0x15, 0x15, 0x15, 0x15, 0x15,
    0x15, 0x15, 0x15, 0x15, 0x15, 0x15, 0x15, 0x15, 0x15, 0x15, 0x15, 0x15, 0x15, 0x15, 0x15, 0x15,
    0x15, 0x15, 0x15, 0x15, 0x15, 0x15, 0x15, 0x15, 0x15, 0x15, 0x15, 0x15, 0x15, 0x15, 0x15, 0x15,
    0x15, 0x15, 0x15, 0x15, 0x15, 0x15, 0x15, 0x15, 0x15, 0x15, 0x15, 0x15, 0x15, 0x15, 0x15, 0x15,
    0x15, 0x15, 0x15, 0x15, 0x15, 0x15, 0x15, 0x15, 0x15, 0x15, 0x15, 0x15, 0x15, 0x15, 0x15, 0x15,
    0x15, 0x15, 0x15, 0x15, 0x15, 0x15, 0x15, 0x15, 0x15, 0x15, 0x15, 0x15, 0x15, 0x15, 0x15, 0x15,
    0x15, 0x15, 0x15, 0x15, 0x15, 0x15, 0x15, 0x15, 0x15, 0x15, 0x15, 0x15, 0x15, 0x15, 0x15, 0x15,
    0x15, 0x15, 0x15, 0x15, 0x15, 0x15, 0x15, 0x15, 0x15, 0x15, 0x15, 0x15, 0x15, 0x15, 0x15, 0x08,
    0x15, 0x15, 0x15, 0x15, 0x15, 0x15, 0x08, 0x03, 0x15, 0x15, 0x15, 0x15, 0x15, 0x09, 0x05, 0x05,
    0x15, 0x15, 0x15, 0x08, 0x01, 0x12, 0x15, 0x15, 0x15, 0x15, 0x08, 0x01, 0x09, 0x15, 0x15, 0x05,
    0x15, 0x08, 0x01, 0x08, 0x15, 0x15, 0x08, 0x00, 0x15, 0x08, 0x03, 0x15, 0x15, 0x09, 0x00, 0x01,
    0x08, 0x03, 0x12, 0x15, 0x12, 0x01, 0x00, 0x03, 0x03, 0x12, 0x15, 0x15, 0x03, 0x00, 0x01, 0x03,
    0x08, 0x15, 0x15, 0x08, 0x00, 0x01, 0x03, 0x05, 0x12, 0x15, 0x12, 0x00, 0x00, 0x01, 0x03, 0x05,
    0x03, 0x00, 0x03, 0x05, 0x05, 0x08, 0x12, 0x12, 0x00, 0x01, 0x05, 0x05, 0x08, 0x09, 0x09, 0x12,
    0x01, 0x03, 0x05, 0x08, 0x08, 0x09, 0x12, 0x08, 0x03, 0x05, 0x05, 0x08, 0x09, 0x09, 0x12, 0x05,
    0x05, 0x05, 0x08, 0x08, 0x09, 0x09, 0x12, 0x01, 0x05, 0x08, 0x08, 0x09, 0x09, 0x12, 0x09, 0x01,
    0x05, 0x08, 0x08, 0x09, 0x09, 0x12, 0x05, 0x00, 0x08, 0x08, 0x09, 0x09, 0x09, 0x12, 0x01, 0x00,
    0x03, 0x00, 0x00, 0x01, 0x01, 0x01, 0x01, 0x01, 0x01, 0x00, 0x01, 0x01, 0x01, 0x01, 0x01, 0x01,
    0x01, 0x00, 0x01, 0x01, 0x01, 0x05, 0x03, 0x00, 0x00, 0x00, 0x01, 0x01, 0x03, 0x08, 0x03, 0x00,
    0x00, 0x00, 0x01, 0x03, 0x05, 0x09, 0x01, 0x00, 0x00, 0x01, 0x01, 0x03, 0x08, 0x09, 0x00, 0x00,
    0x00, 0x01, 0x01, 0x03, 0x08, 0x09, 0x00, 0x00, 0x00, 0x01, 0x01, 0x03, 0x08, 0x09, 0x00, 0x00,
    0x01, 0x01, 0x00, 0x00, 0x00, 0x00, 0x01, 0x01, 0x00, 0x00, 0x00, 0x00, 0x01, 0x01, 0x01, 0x01,
    0x00, 0x00, 0x01, 0x01, 0x01, 0x01, 0x01, 0x01, 0x00, 0x01, 0x01, 0x01, 0x01, 0x01, 0x01, 0x01,
    0x01, 0x01, 0x01, 0x01, 0x01, 0x01, 0x01, 0x01, 0x01, 0x01, 0x01, 0x01, 0x01, 0x01, 0x01, 0x01,
    0x01, 0x01, 0x01, 0x01, 0x01, 0x03, 0x01, 0x00, 0x01, 0x01, 0x01, 0x01, 0x03, 0x03, 0x01, 0x00,
    0x01, 0x01, 0x00, 0x01, 0x00, 0x01, 0x00, 0x01, 0x01, 0x01, 0x01, 0x01, 0x01, 0x00, 0x01, 0x00,
    0x01, 0x01, 0x01, 0x01, 0x01, 0x01, 0x01, 0x01, 0x01, 0x03, 0x05, 0x05, 0x05, 0x05, 0x03, 0x01,
    0x03, 0x03, 0x03, 0x03, 0x03, 0x03, 0x03, 0x03, 0x00, 0x00, 0x00, 0x00, 0x00, 0x00, 0x01, 0x01,
    0x00, 0x01, 0x01, 0x01, 0x01, 0x01, 0x01, 0x01, 0x01, 0x01, 0x01, 0x01, 0x01, 0x01, 0x01, 0x01,
    0x00, 0x01, 0x00, 0x01, 0x00, 0x01, 0x00, 0x01, 0x01, 0x00, 0x01, 0x00, 0x01, 0x00, 0x01, 0x00,
    0x01, 0x01, 0x01, 0x01, 0x01, 0x01, 0x01, 0x01, 0x01, 0x01, 0x01, 0x01, 0x01, 0x01, 0x01, 0x01,
    0x01, 0x01, 0x01, 0x01, 0x01, 0x01, 0x01, 0x01, 0x01, 0x01, 0x01, 0x01, 0x01, 0x01, 0x01, 0x01,
    0x01, 0x01, 0x01, 0x01, 0x01, 0x01, 0x01, 0x01, 0x01, 0x01, 0x01, 0x01, 0x01, 0x01, 0x01, 0x01,
    0x00, 0x01, 0x00, 0x01, 0x01, 0x01, 0x01, 0x01, 0x01, 0x01, 0x01, 0x01, 0x01, 0x01, 0x01, 0x01,
    0x01, 0x01, 0x01, 0x01, 0x01, 0x01, 0x01, 0x01, 0x01, 0x01, 0x01, 0x01, 0x01, 0x01, 0x01, 0x01,
    0x01, 0x01, 0x01, 0x01, 0x01, 0x01, 0x01, 0x03, 0x01, 0x01, 0x01, 0x01, 0x01, 0x01, 0x03, 0x01,
    0x01, 0x01, 0x01, 0x01, 0x01, 0x03, 0x01, 0x03, 0x03, 0x01, 0x03, 0x01, 0x03, 0x01, 0x03, 0x03,
    0x01, 0x03, 0x03, 0x08, 0x14, 0x14, 0x11, 0x11, 0x01, 0x01, 0x03, 0x05, 0x09, 0x14, 0x14, 0x11,
    0x01, 0x03, 0x01, 0x03, 0x08, 0x14, 0x14, 0x11, 0x03, 0x01, 0x03, 0x03, 0x08, 0x14, 0x14, 0x11,
    0x01, 0x03, 0x03, 0x05, 0x08, 0x14, 0x14, 0x14, 0x03, 0x03, 0x03, 0x05, 0x09, 0x14, 0x14, 0x14,
    0x03, 0x03, 0x05, 0x08, 0x09, 0x14, 0x14, 0x14, 0x03, 0x05, 0x08, 0x08, 0x12, 0x14, 0x14, 0x15,
    0x14, 0x12, 0x12, 0x15, 0x15, 0x15, 0x15, 0x15, 0x14, 0x12, 0x15, 0x15, 0x15, 0x15, 0x15, 0x15,
    0x14, 0x12, 0x15, 0x15, 0x15, 0x15, 0x15, 0x15, 0x14, 0x15, 0x15, 0x15, 0x15, 0x15, 0x15, 0x15,
    0x14, 0x15, 0x15, 0x15, 0x15, 0x15, 0x15, 0x15, 0x15, 0x15, 0x15, 0x15, 0x15, 0x15, 0x15, 0x15,
    0x15, 0x15, 0x15, 0x15, 0x15, 0x15, 0x15, 0x15, 0x15, 0x15, 0x15, 0x15, 0x15, 0x15, 0x15, 0x15,
    0x15, 0x15, 0x15, 0x15, 0x15, 0x15, 0x15, 0x15, 0x15, 0x15, 0x15, 0x15, 0x15, 0x15, 0x15, 0x15,
    0x15, 0x15, 0x15, 0x15, 0x15, 0x15, 0x15, 0x15, 0x15, 0x15, 0x15, 0x15, 0x15, 0x15, 0x15, 0x15,
    0x15, 0x15, 0x15, 0x15, 0x15, 0x15, 0x15, 0x15, 0x15, 0x15, 0x15, 0x15, 0x15, 0x15, 0x15, 0x15,
    0x15, 0x15, 0x15, 0x15, 0x15, 0x15, 0x15, 0x15, 0x15, 0x15, 0x15, 0x15, 0x15, 0x15, 0x15, 0x15,
    0x15, 0x15, 0x15, 0x15, 0x15, 0x15, 0x15, 0x15, 0x15, 0x15, 0x15, 0x15, 0x15, 0x15, 0x15, 0x15,
    0x15, 0x15, 0x15, 0x15, 0x15, 0x15, 0x15, 0x15, 0x15, 0x15, 0x15, 0x15, 0x15, 0x15, 0x15, 0x15,
    0x15, 0x15, 0x15, 0x15, 0x15, 0x15, 0x15, 0x15, 0x15, 0x15, 0x15, 0x15, 0x15, 0x15, 0x15, 0x15,
    0x15, 0x15, 0x15, 0x15, 0x15, 0x15, 0x15, 0x15, 0x15, 0x15, 0x15, 0x15, 0x15, 0x15, 0x15, 0x15,
    0x15, 0x15, 0x15, 0x15, 0x15, 0x15, 0x15, 0x15, 0x15, 0x15, 0x15, 0x15, 0x15, 0x15, 0x15, 0x15,
    0x15, 0x15, 0x15, 0x15, 0x15, 0x15, 0x15, 0x15, 0x15, 0x15, 0x15, 0x15, 0x15, 0x15, 0x15, 0x15,
    0x15, 0x15, 0x15, 0x15, 0x15, 0x15, 0x15, 0x15, 0x15, 0x15, 0x15, 0x15, 0x15, 0x15, 0x15, 0x15,
    0x15, 0x15, 0x15, 0x15, 0x15, 0x15, 0x15, 0x15, 0x15, 0x15, 0x15, 0x15, 0x15, 0x15, 0x15, 0x15,
    0x15, 0x15, 0x15, 0x15, 0x15, 0x15, 0x15, 0x15, 0x15, 0x15, 0x15, 0x15, 0x15, 0x15, 0x15, 0x15,
    0x15, 0x15, 0x15, 0x15, 0x15, 0x15, 0x15, 0x15, 0x15, 0x15, 0x15, 0x15, 0x15, 0x15, 0x15, 0x15,
    0x15, 0x15, 0x15, 0x15, 0x15, 0x15, 0x15, 0x15, 0x15, 0x15, 0x15, 0x15, 0x15, 0x15, 0x15, 0x15,
    0x15, 0x15, 0x15, 0x15, 0x15, 0x15, 0x15, 0x15, 0x15, 0x15, 0x15, 0x15, 0x15, 0x15, 0x15, 0x15,
    0x15, 0x15, 0x15, 0x15, 0x15, 0x15, 0x15, 0x15, 0x15, 0x15, 0x15, 0x15, 0x15, 0x15, 0x15, 0x15,
    0x15, 0x15, 0x15, 0x15, 0x15, 0x15, 0x15, 0x15, 0x15, 0x15, 0x15, 0x15, 0x15, 0x15, 0x15, 0x15,
    0x15, 0x15, 0x15, 0x15, 0x15, 0x15, 0x15, 0x15, 0x15, 0x15, 0x15, 0x15, 0x15, 0x15, 0x15, 0x15,
    0x15, 0x15, 0x15, 0x15, 0x15, 0x15, 0x15, 0x15, 0x15, 0x15, 0x15, 0x15, 0x15, 0x15, 0x15, 0x15,
    0x15, 0x15, 0x15, 0x15, 0x15, 0x15, 0x15, 0x15, 0x15, 0x15, 0x15, 0x15, 0x15, 0x15, 0x15, 0x15,
    0x15, 0x15, 0x15, 0x15, 0x15, 0x15, 0x15, 0x15, 0x15, 0x15, 0x15, 0x15, 0x15, 0x15, 0x15, 0x15,
    0x15, 0x15, 0x15, 0x15, 0x15, 0x15, 0x15, 0x15, 0x15, 0x15, 0x15, 0x15, 0x15, 0x15, 0x15, 0x15,
    0x15, 0x15, 0x15, 0x15, 0x15, 0x15, 0x15, 0x15, 0x15, 0x15, 0x15, 0x15, 0x15, 0x15, 0x15, 0x15,
    0x15, 0x15, 0x15, 0x15, 0x15, 0x15, 0x15, 0x15, 0x15, 0x15, 0x15, 0x15, 0x15, 0x15, 0x15, 0x15,
    0x15, 0x15, 0x15, 0x15, 0x15, 0x15, 0x15, 0x15, 0x15, 0x15, 0x15, 0x15, 0x15, 0x15, 0x15, 0x15,
    0x15, 0x15, 0x15, 0x15, 0x15, 0x15, 0x15, 0x15, 0x15, 0x15, 0x15, 0x15, 0x15, 0x15, 0x15, 0x15,
    0x15, 0x15, 0x15, 0x15, 0x15, 0x15, 0x15, 0x15, 0x15, 0x15, 0x15, 0x15, 0x15, 0x15, 0x15, 0x15,
    0x15, 0x15, 0x15, 0x15, 0x15, 0x15, 0x15, 0x15, 0x15, 0x15, 0x15, 0x15, 0x15, 0x15, 0x15, 0x15,
    0x15, 0x15, 0x15, 0x15, 0x15, 0x15, 0x15, 0x15, 0x15, 0x15, 0x15, 0x15, 0x15, 0x15, 0x15, 0x15,
    0x15, 0x15, 0x15, 0x15, 0x15, 0x15, 0x15, 0x15, 0x15, 0x15, 0x15, 0x15, 0x15, 0x15, 0x15, 0x15,
    0x15, 0x15, 0x15, 0x15, 0x15, 0x15, 0x15, 0x15, 0x15, 0x15, 0x15, 0x15, 0x15, 0x15, 0x15, 0x15,
    0x15, 0x15, 0x15, 0x15, 0x15, 0x15, 0x15, 0x15, 0x15, 0x15, 0x15, 0x15, 0x15, 0x15, 0x15, 0x15,
    0x15, 0x15, 0x15, 0x15, 0x15, 0x15, 0x15, 0x15, 0x15, 0x15, 0x15, 0x15, 0x15, 0x15, 0x15, 0x15,
    0x15, 0x15, 0x15, 0x15, 0x15, 0x15, 0x15, 0x15, 0x15, 0x15, 0x15, 0x15, 0x15, 0x15, 0x15, 0x15,
    0x15, 0x15, 0x15, 0x15, 0x15, 0x15, 0x15, 0x15, 0x15, 0x15, 0x15, 0x15, 0x15, 0x15, 0x15, 0x15,
    0x15, 0x15, 0x15, 0x15, 0x15, 0x15, 0x15, 0x15, 0x15, 0x15, 0x15, 0x15, 0x15, 0x15, 0x15, 0x15,
    0x15, 0x15, 0x15, 0x15, 0x15, 0x15, 0x15, 0x15, 0x15, 0x15, 0x15, 0x15, 0x15, 0x15, 0x15, 0x15,
    0x15, 0x15, 0x15, 0x15, 0x15, 0x15, 0x15, 0x15, 0x15, 0x15, 0x15, 0x15, 0x15, 0x15, 0x15, 0x15,
    0x15, 0x15, 0x15, 0x15, 0x15, 0x15, 0x15, 0x15, 0x15, 0x15, 0x15, 0x15, 0x15, 0x15, 0x15, 0x15,
    0x15, 0x15, 0x15, 0x15, 0x15, 0x15, 0x15, 0x15, 0x15, 0x15, 0x15, 0x15, 0x15, 0x15, 0x15, 0x15,
    0x15, 0x15, 0x15, 0x15, 0x15, 0x15, 0x15, 0x15, 0x15, 0x15, 0x15, 0x15, 0x15, 0x15, 0x15, 0x15,
    0x15, 0x15, 0x15, 0x15, 0x15, 0x15, 0x15, 0x15, 0x15, 0x15, 0x15, 0x15, 0x15, 0x15, 0x15, 0x15,
    0x15, 0x15, 0x15, 0x15, 0x15, 0x15, 0x15, 0x15, 0x15, 0x15, 0x15, 0x15, 0x15, 0x15, 0x15, 0x15,
    0x15, 0x15, 0x15, 0x15, 0x15, 0x15, 0x15, 0x15, 0x15, 0x15, 0x15, 0x15, 0x15, 0x15, 0x15, 0x15,
    0x15, 0x15, 0x15, 0x15, 0x15, 0x15, 0x15, 0x15, 0x15, 0x15, 0x15, 0x15, 0x15, 0x15, 0x15, 0x15,
    0x15, 0x15, 0x15, 0x15, 0x15, 0x15, 0x15, 0x15, 0x15, 0x15, 0x15, 0x15, 0x15, 0x15, 0x15, 0x15,
    0x15, 0x15, 0x15, 0x15, 0x15, 0x15, 0x15, 0x15, 0x15, 0x15, 0x15, 0x15, 0x15, 0x15, 0x15, 0x15,
    0x15, 0x15, 0x15, 0x15, 0x15, 0x15, 0x15, 0x15, 0x15, 0x15, 0x15, 0x15, 0x15, 0x15, 0x15, 0x15,
    0x15, 0x15, 0x15, 0x15, 0x15, 0x15, 0x15, 0x15, 0x15, 0x15, 0x15, 0x15, 0x15, 0x15, 0x15, 0x15,
    0x15, 0x15, 0x15, 0x15, 0x15, 0x15, 0x15, 0x15, 0x15, 0x15, 0x15, 0x15, 0x15, 0x15, 0x15, 0x15,
    0x15, 0x15, 0x15, 0x15, 0x15, 0x15, 0x15, 0x15, 0x15, 0x15, 0x15, 0x15, 0x15, 0x15, 0x15, 0x15,
    0x15, 0x15, 0x15, 0x15, 0x15, 0x15, 0x15, 0x15, 0x15, 0x15, 0x15, 0x15, 0x15, 0x15, 0x15, 0x15,
    0x15, 0x15, 0x15, 0x15, 0x15, 0x15, 0x15, 0x15, 0x15, 0x15, 0x15, 0x15, 0x15, 0x15, 0x15, 0x15,
    0x15, 0x15, 0x15, 0x15, 0x15, 0x15, 0x15, 0x15, 0x15, 0x15, 0x15, 0x15, 0x15, 0x15, 0x15, 0x15,
    0x15, 0x15, 0x15, 0x15, 0x15, 0x15, 0x15, 0x15, 0x15, 0x15, 0x15, 0x15, 0x15, 0x15, 0x15, 0x15,
    0x15, 0x15, 0x15, 0x15, 0x15, 0x15, 0x15, 0x15, 0x15, 0x15, 0x15, 0x15, 0x15, 0x15, 0x15, 0x15,
    0x15, 0x15, 0x15, 0x15, 0x15, 0x15, 0x15, 0x15, 0x15, 0x15, 0x15, 0x15, 0x15, 0x15, 0x15, 0x15,
    0x15, 0x15, 0x15, 0x15, 0x15, 0x15, 0x15, 0x15, 0x15, 0x15, 0x15, 0x15, 0x15, 0x15, 0x15, 0x15,
    0x15, 0x15, 0x15, 0x15, 0x15, 0x15, 0x15, 0x15, 0x15, 0x15, 0x15, 0x15, 0x15, 0x15, 0x15, 0x15,
    0x15, 0x15, 0x15, 0x15, 0x15, 0x15, 0x15, 0x15, 0x15, 0x15, 0x15, 0x15, 0x15, 0x15, 0x15, 0x15,
    0x15, 0x15, 0x15, 0x15, 0x15, 0x15, 0x15, 0x15, 0x15, 0x15, 0x15, 0x15, 0x15, 0x15, 0x15, 0x15,
    0x15, 0x15, 0x15, 0x15, 0x15, 0x15, 0x15, 0x15, 0x15, 0x15, 0x15, 0x15, 0x15, 0x15, 0x15, 0x15,
    0x15, 0x15, 0x15, 0x15, 0x15, 0x15, 0x15, 0x15, 0x15, 0x15, 0x15, 0x15, 0x15, 0x15, 0x15, 0x15,
    0x15, 0x15, 0x15, 0x15, 0x15, 0x15, 0x15, 0x15, 0x15, 0x15, 0x15, 0x15, 0x15, 0x15, 0x15, 0x15,
    0x15, 0x15, 0x15, 0x15, 0x15, 0x15, 0x15, 0x15, 0x15, 0x15, 0x15, 0x15, 0x15, 0x15, 0x15, 0x15,
    0x15, 0x15, 0x15, 0x15, 0x15, 0x15, 0x15, 0x15, 0x15, 0x15, 0x15, 0x15, 0x15, 0x15, 0x15, 0x15,
    0x15, 0x15, 0x15, 0x15, 0x15, 0x15, 0x15, 0x15, 0x15, 0x15, 0x15, 0x15, 0x15, 0x15, 0x15, 0x15,
    0x15, 0x15, 0x15, 0x15, 0x15, 0x15, 0x15, 0x15, 0x15, 0x15, 0x15, 0x15, 0x15, 0x15, 0x15, 0x15,
    0x15, 0x15, 0x15, 0x15, 0x15, 0x15, 0x15, 0x15, 0x15, 0x15, 0x15, 0x15, 0x15, 0x15, 0x15, 0x15,
    0x15, 0x15, 0x15, 0x15, 0x15, 0x15, 0x15, 0x15, 0x15, 0x15, 0x15, 0x15, 0x15, 0x15, 0x15, 0x15,
    0x15, 0x15, 0x15, 0x15, 0x15, 0x15, 0x15, 0x15, 0x15, 0x15, 0x15, 0x15, 0x15, 0x15, 0x15, 0x15,
    0x15, 0x15, 0x15, 0x15, 0x15, 0x15, 0x15, 0x15, 0x15, 0x15, 0x15, 0x15, 0x15, 0x15, 0x15, 0x15,
    0x15, 0x15, 0x15, 0x15, 0x15, 0x15, 0x15, 0x15, 0x15, 0x15, 0x15, 0x15, 0x15, 0x15, 0x15, 0x15,
    0x15, 0x15, 0x15, 0x15, 0x15, 0x15, 0x15, 0x15, 0x15, 0x15, 0x15, 0x15, 0x15, 0x15, 0x15, 0x15,
    0x15, 0x15, 0x15, 0x15, 0x15, 0x15, 0x15, 0x15, 0x15, 0x15, 0x15, 0x15, 0x15, 0x15, 0x15, 0x15,
    0x15, 0x15, 0x15, 0x15, 0x15, 0x15, 0x15, 0x15, 0x15, 0x15, 0x15, 0x15, 0x15, 0x15, 0x15, 0x15,
    0x15, 0x15, 0x15, 0x15, 0x15, 0x15, 0x15, 0x15, 0x15, 0x15, 0x15, 0x15, 0x15, 0x15, 0x15, 0x15,
    0x15, 0x15, 0x15, 0x15, 0x15, 0x15, 0x15, 0x15, 0x15, 0x15, 0x15, 0x15, 0x15, 0x15, 0x15, 0x15,
    0x15, 0x15, 0x15, 0x15, 0x15, 0x15, 0x15, 0x15, 0x15, 0x15, 0x15, 0x15, 0x15, 0x15, 0x15, 0x15,
    0x15, 0x15, 0x15, 0x15, 0x11, 0x08, 0x05, 0x09, 0x15, 0x15, 0x15, 0x11, 0x14, 0x05, 0x08, 0x12,
    0x15, 0x15, 0x11, 0x11, 0x14, 0x08, 0x09, 0x15, 0x15, 0x15, 0x14, 0x11, 0x14, 0x09, 0x15, 0x15,
    0x15, 0x15, 0x14, 0x11, 0x14, 0x09, 0x15, 0x12, 0x15, 0x15, 0x14, 0x11, 0x14, 0x15, 0x15, 0x05,
    0x15, 0x15, 0x14, 0x11, 0x14, 0x15, 0x12, 0x00, 0x15, 0x15, 0x14, 0x11, 0x14, 0x15, 0x05, 0x00,
    0x15, 0x15, 0x03, 0x00, 0x01, 0x03, 0x05, 0x05, 0x15, 0x08, 0x00, 0x01, 0x03, 0x03, 0x05, 0x08,
    0x12, 0x01, 0x00, 0x01, 0x03, 0x05, 0x05, 0x08, 0x05, 0x00, 0x01, 0x03, 0x03, 0x05, 0x08, 0x08,
    0x00, 0x00, 0x01, 0x03, 0x05, 0x05, 0x08, 0x08, 0x00, 0x01, 0x03, 0x03, 0x05, 0x08, 0x08, 0x08,
    0x01, 0x01, 0x03, 0x05, 0x05, 0x08, 0x08, 0x09, 0x01, 0x03, 0x03, 0x05, 0x08, 0x08, 0x08, 0x09,
    0x08, 0x08, 0x09, 0x09, 0x12, 0x09, 0x01, 0x00, 0x08, 0x09, 0x09, 0x09, 0x12, 0x05, 0x00, 0x00,
    0x08, 0x09, 0x09, 0x09, 0x12, 0x01, 0x00, 0x00, 0x09, 0x09, 0x09, 0x12, 0x09, 0x01, 0x00, 0x00,
    0x09, 0x09, 0x09, 0x12, 0x08, 0x01, 0x00, 0x01, 0x09, 0x09, 0x09, 0x12, 0x03, 0x00, 0x00, 0x01,
    0x09, 0x09, 0x12, 0x12, 0x01, 0x00, 0x00, 0x01, 0x09, 0x09, 0x12, 0x09, 0x01, 0x00, 0x00, 0x01,
    0x01, 0x01, 0x03, 0x05, 0x08, 0x09, 0x00, 0x00, 0x01, 0x01, 0x03, 0x05, 0x09, 0x08, 0x00, 0x00,
    0x01, 0x01, 0x03, 0x08, 0x12, 0x05, 0x00, 0x00, 0x01, 0x03, 0x05, 0x08, 0x12, 0x03, 0x00, 0x00,
    0x01, 0x03, 0x05, 0x08, 0x12, 0x01, 0x00, 0x00, 0x01, 0x03, 0x05, 0x08, 0x12, 0x01, 0x00, 0x00,
    0x01, 0x03, 0x05, 0x08, 0x12, 0x01, 0x00, 0x00, 0x03, 0x05, 0x08, 0x09, 0x12, 0x01, 0x00, 0x00,
    0x01, 0x01, 0x01, 0x01, 0x03, 0x05, 0x01, 0x00, 0x01, 0x01, 0x01, 0x01, 0x03, 0x08, 0x01, 0x00,
    0x01, 0x01, 0x01, 0x01, 0x03, 0x08, 0x01, 0x00, 0x01, 0x01, 0x01, 0x01, 0x03, 0x08, 0x01, 0x00,
    0x01, 0x01, 0x01, 0x03, 0x03, 0x08, 0x00, 0x00, 0x01, 0x01, 0x01, 0x03, 0x05, 0x08, 0x00, 0x00,
    0x01, 0x01, 0x01, 0x03, 0x08, 0x05, 0x00, 0x00, 0x01, 0x01, 0x01, 0x03, 0x08, 0x03, 0x00, 0x00,
    0x01, 0x01, 0x01, 0x01, 0x01, 0x01, 0x01, 0x01, 0x01, 0x01, 0x01, 0x01, 0x01, 0x01, 0x01, 0x00,
    0x01, 0x01, 0x01, 0x01, 0x01, 0x03, 0x01, 0x00, 0x01, 0x01, 0x01, 0x01, 0x01, 0x05, 0x01, 0x00,
    0x01, 0x01, 0x01, 0x01, 0x03, 0x08, 0x01, 0x00, 0x01, 0x01, 0x01, 0x01, 0x03, 0x08, 0x01, 0x00,
    0x01, 0x01, 0x01, 0x01, 0x03, 0x08, 0x00, 0x00, 0x01, 0x01, 0x01, 0x01, 0x05, 0x05, 0x00, 0x00,
    0x00, 0x00, 0x01, 0x01, 0x01, 0x01, 0x01, 0x03, 0x00, 0x01, 0x01, 0x01, 0x01, 0x01, 0x03, 0x01,
    0x01, 0x01, 0x01, 0x01, 0x01, 0x01, 0x03, 0x03, 0x01, 0x01, 0x01, 0x01, 0x01, 0x01, 0x03, 0x05,
    0x01, 0x01, 0x01, 0x01, 0x01, 0x01, 0x03, 0x08, 0x01, 0x01, 0x01, 0x01, 0x01, 0x01, 0x03, 0x08,
    0x01, 0x01, 0x01, 0x03, 0x01, 0x03, 0x05, 0x08, 0x01, 0x01, 0x03, 0x05, 0x03, 0x05, 0x08, 0x12,
    0x01, 0x03, 0x01, 0x03, 0x01, 0x03, 0x03, 0x03, 0x03, 0x01, 0x03, 0x01, 0x03, 0x03, 0x03, 0x05,
    0x05, 0x03, 0x03, 0x03, 0x03, 0x05, 0x05, 0x08, 0x08, 0x05, 0x05, 0x05, 0x05, 0x08, 0x08, 0x09,
    0x09, 0x08, 0x08, 0x08, 0x08, 0x09, 0x12, 0x12, 0x12, 0x12, 0x12, 0x12, 0x12, 0x12, 0x12, 0x12,
    0x12, 0x09, 0x09, 0x09, 0x09, 0x12, 0x12, 0x12, 0x09, 0x05, 0x08, 0x09, 0x09, 0x09, 0x09, 0x12,
    0x05, 0x08, 0x08, 0x09, 0x12, 0x15, 0x15, 0x15, 0x08, 0x08, 0x09, 0x12, 0x12, 0x15, 0x15, 0x11,
    0x08, 0x12, 0x15, 0x12, 0x12, 0x14, 0x11, 0x07, 0x12, 0x08, 0x05, 0x09, 0x14, 0x11, 0x07, 0x11,
    0x08, 0x05, 0x03, 0x12, 0x11, 0x07, 0x11, 0x14, 0x12, 0x09, 0x08, 0x14, 0x07, 0x11, 0x14, 0x08,
    0x12, 0x12, 0x12, 0x11, 0x07, 0x14, 0x12, 0x05, 0x12, 0x12, 0x12, 0x11, 0x07, 0x15, 0x12, 0x09,
    0x15, 0x15, 0x15, 0x15, 0x15, 0x15, 0x15, 0x15, 0x11, 0x11, 0x11, 0x15, 0x15, 0x15, 0x15, 0x15,
    0x07, 0x07, 0x07, 0x11, 0x11, 0x15, 0x15, 0x15, 0x11, 0x11, 0x11, 0x11, 0x11, 0x11, 0x11, 0x15,
    0x14, 0x14, 0x14, 0x14, 0x11, 0x11, 0x11, 0x11, 0x05, 0x09, 0x12, 0x15, 0x15, 0x14, 0x14, 0x11,
    0x03, 0x01, 0x01, 0x05, 0x09, 0x12, 0x15, 0x15, 0x08, 0x05, 0x03, 0x01, 0x00, 0x01, 0x03, 0x08,
    0x15, 0x15, 0x15, 0x15, 0x15, 0x15, 0x15, 0x15, 0x15, 0x15, 0x15, 0x15, 0x15, 0x15, 0x15, 0x15,
    0x15, 0x15, 0x15, 0x15, 0x15, 0x15, 0x15, 0x15, 0x15, 0x15, 0x15, 0x15, 0x15, 0x15, 0x15, 0x15,
    0x11, 0x15, 0x15, 0x15, 0x15, 0x15, 0x15, 0x15, 0x11, 0x11, 0x11, 0x15, 0x15, 0x15, 0x15, 0x15,
    0x14, 0x14, 0x11, 0x11, 0x11, 0x15, 0x15, 0x15, 0x09, 0x12, 0x15, 0x15, 0x14, 0x14, 0x15, 0x14,
    0x15, 0x15, 0x15, 0x15, 0x15, 0x15, 0x15, 0x15, 0x15, 0x15, 0x15, 0x15, 0x15, 0x15, 0x15, 0x15,
    0x15, 0x15, 0x15, 0x15, 0x15, 0x15, 0x15, 0x15, 0x15, 0x15, 0x15, 0x15, 0x15, 0x15, 0x15, 0x15,
    0x15, 0x15, 0x15, 0x15, 0x15, 0x15, 0x15, 0x15, 0x15, 0x15, 0x15, 0x15, 0x15, 0x15, 0x15, 0x15,
    0x15, 0x11, 0x11, 0x11, 0x15, 0x15, 0x15, 0x15, 0x11, 0x07, 0x07, 0x07, 0x11, 0x11, 0x15, 0x15,
    0x15, 0x15, 0x15, 0x15, 0x15, 0x15, 0x15, 0x15, 0x15, 0x15, 0x15, 0x15, 0x15, 0x15, 0x15, 0x15,
    0x15, 0x15, 0x15, 0x15, 0x15, 0x15, 0x15, 0x15, 0x15, 0x15, 0x15, 0x15, 0x15, 0x15, 0x15, 0x15,
    0x15, 0x15, 0x15, 0x15, 0x15, 0x15, 0x15, 0x15, 0x15, 0x15, 0x15, 0x15, 0x15, 0x15, 0x15, 0x15,
    0x15, 0x15, 0x15, 0x15, 0x15, 0x15, 0x15, 0x15, 0x15, 0x15, 0x15, 0x15, 0x15, 0x15, 0x15, 0x15,
    0x15, 0x15, 0x15, 0x15, 0x15, 0x15, 0x15, 0x15, 0x15, 0x15, 0x15, 0x15, 0x15, 0x15, 0x15, 0x15,
    0x15, 0x15, 0x15, 0x15, 0x15, 0x15, 0x15, 0x15, 0x15, 0x15, 0x15, 0x15, 0x15, 0x15, 0x15, 0x15,
    0x15, 0x15, 0x15, 0x15, 0x15, 0x15, 0x15, 0x15, 0x15, 0x15, 0x15, 0x15, 0x15, 0x15, 0x15, 0x15,
    0x15, 0x15, 0x15, 0x15, 0x15, 0x15, 0x15, 0x15, 0x15, 0x15, 0x15, 0x15, 0x15, 0x15, 0x15, 0x15,
    0x15, 0x15, 0x15, 0x15, 0x15, 0x15, 0x15, 0x15, 0x15, 0x15, 0x15, 0x15, 0x15, 0x15, 0x15, 0x15,
    0x15, 0x15, 0x15, 0x15, 0x15, 0x15, 0x15, 0x15, 0x15, 0x15, 0x15, 0x15, 0x15, 0x15, 0x15, 0x15,
    0x15, 0x15, 0x15, 0x15, 0x15, 0x15, 0x15, 0x15, 0x15, 0x15, 0x15, 0x15, 0x15, 0x15, 0x15, 0x15,
    0x15, 0x15, 0x15, 0x15, 0x15, 0x15, 0x15, 0x15, 0x15, 0x15, 0x15, 0x15, 0x15, 0x15, 0x15, 0x15,
    0x15, 0x15, 0x15, 0x15, 0x15, 0x15, 0x15, 0x15, 0x15, 0x15, 0x15, 0x15, 0x15, 0x15, 0x15, 0x15,
    0x15, 0x15, 0x15, 0x15, 0x15, 0x15, 0x15, 0x15, 0x15, 0x15, 0x15, 0x15, 0x15, 0x15, 0x15, 0x15,
    0x15, 0x15, 0x15, 0x15, 0x15, 0x15, 0x15, 0x15, 0x15, 0x15, 0x15, 0x15, 0x15, 0x15, 0x15, 0x15,
    0x15, 0x15, 0x15, 0x15, 0x15, 0x15, 0x15, 0x15, 0x15, 0x15, 0x15, 0x15, 0x15, 0x15, 0x15, 0x15,
    0x15, 0x15, 0x15, 0x15, 0x15, 0x15, 0x15, 0x15, 0x15, 0x15, 0x15, 0x15, 0x15, 0x15, 0x15, 0x15,
    0x15, 0x15, 0x15, 0x15, 0x15, 0x15, 0x15, 0x15, 0x15, 0x15, 0x15, 0x15, 0x15, 0x15, 0x15, 0x15,
    0x15, 0x15, 0x15, 0x15, 0x15, 0x15, 0x15, 0x15, 0x15, 0x15, 0x15, 0x15, 0x15, 0x15, 0x15, 0x15,
    0x15, 0x15, 0x15, 0x15, 0x15, 0x15, 0x15, 0x15, 0x15, 0x15, 0x15, 0x15, 0x15, 0x15, 0x15, 0x15,
    0x15, 0x15, 0x15, 0x15, 0x15, 0x15, 0x15, 0x15, 0x15, 0x15, 0x15, 0x15, 0x15, 0x15, 0x15, 0x15,
    0x15, 0x15, 0x15, 0x15, 0x15, 0x15, 0x15, 0x15, 0x15, 0x15, 0x15, 0x15, 0x15, 0x15, 0x15, 0x15,
    0x15, 0x15, 0x15, 0x15, 0x15, 0x15, 0x15, 0x15, 0x15, 0x15, 0x15, 0x15, 0x15, 0x15, 0x15, 0x15,
    0x15, 0x15, 0x15, 0x15, 0x15, 0x15, 0x15, 0x15, 0x15, 0x15, 0x15, 0x15, 0x15, 0x15, 0x15, 0x15,
    0x15, 0x15, 0x15, 0x15, 0x15, 0x15, 0x15, 0x15, 0x15, 0x15, 0x15, 0x15, 0x15, 0x15, 0x15, 0x15,
    0x15, 0x15, 0x15, 0x15, 0x15, 0x15, 0x15, 0x15, 0x15, 0x15, 0x15, 0x15, 0x15, 0x15, 0x15, 0x15,
    0x15, 0x15, 0x15, 0x15, 0x15, 0x15, 0x15, 0x15, 0x15, 0x15, 0x15, 0x15, 0x15, 0x15, 0x15, 0x15,
    0x15, 0x15, 0x15, 0x15, 0x15, 0x15, 0x15, 0x15, 0x15, 0x15, 0x15, 0x15, 0x15, 0x15, 0x15, 0x15,
    0x15, 0x15, 0x15, 0x15, 0x15, 0x15, 0x15, 0x15, 0x15, 0x15, 0x15, 0x15, 0x15, 0x15, 0x15, 0x15,
    0x15, 0x15, 0x15, 0x15, 0x15, 0x15, 0x15, 0x15, 0x15, 0x15, 0x15, 0x15, 0x15, 0x15, 0x15, 0x15,
    0x15, 0x15, 0x15, 0x15, 0x15, 0x15, 0x15, 0x15, 0x15, 0x15, 0x15, 0x15, 0x15, 0x15, 0x15, 0x15,
    0x15, 0x15, 0x15, 0x15, 0x15, 0x15, 0x15, 0x15, 0x15, 0x15, 0x15, 0x15, 0x15, 0x15, 0x15, 0x15,
    0x15, 0x15, 0x15, 0x15, 0x15, 0x15, 0x15, 0x15, 0x15, 0x15, 0x15, 0x15, 0x15, 0x15, 0x15, 0x15,
    0x15, 0x15, 0x15, 0x15, 0x15, 0x15, 0x15, 0x15, 0x15, 0x15, 0x15, 0x15, 0x15, 0x15, 0x15, 0x15,
    0x15, 0x15, 0x15, 0x15, 0x15, 0x15, 0x15, 0x15, 0x15, 0x15, 0x15, 0x15, 0x15, 0x15, 0x15, 0x15,
    0x15, 0x15, 0x15, 0x15, 0x15, 0x15, 0x15, 0x15, 0x15, 0x15, 0x15, 0x15, 0x15, 0x15, 0x15, 0x15,
    0x15, 0x15, 0x15, 0x15, 0x15, 0x15, 0x15, 0x15, 0x15, 0x15, 0x15, 0x15, 0x15, 0x15, 0x15, 0x15,
    0x15, 0x15, 0x15, 0x15, 0x15, 0x15, 0x15, 0x15, 0x15, 0x15, 0x15, 0x15, 0x15, 0x15, 0x15, 0x15,
    0x15, 0x15, 0x15, 0x15, 0x15, 0x15, 0x15, 0x15, 0x15, 0x15, 0x15, 0x15, 0x15, 0x15, 0x15, 0x15,
    0x15, 0x15, 0x15, 0x15, 0x15, 0x15, 0x15, 0x15, 0x15, 0x15, 0x15, 0x15, 0x15, 0x15, 0x15, 0x15,
    0x15, 0x15, 0x15, 0x15, 0x15, 0x15, 0x15, 0x15, 0x15, 0x15, 0x15, 0x15, 0x15, 0x15, 0x15, 0x15,
    0x15, 0x15, 0x15, 0x15, 0x15, 0x15, 0x15, 0x15, 0x15, 0x15, 0x15, 0x15, 0x15, 0x15, 0x15, 0x15,
    0x15, 0x15, 0x15, 0x15, 0x15, 0x15, 0x15, 0x15, 0x15, 0x15, 0x15, 0x15, 0x15, 0x15, 0x15, 0x15,
    0x15, 0x15, 0x15, 0x15, 0x15, 0x15, 0x15, 0x15, 0x15, 0x15, 0x15, 0x15, 0x15, 0x15, 0x15, 0x15,
    0x15, 0x15, 0x15, 0x15, 0x15, 0x15, 0x15, 0x15, 0x15, 0x15, 0x15, 0x15, 0x15, 0x15, 0x15, 0x15,
    0x15, 0x15, 0x15, 0x15, 0x15, 0x15, 0x15, 0x15, 0x15, 0x15, 0x15, 0x15, 0x15, 0x15, 0x15, 0x15,
    0x15, 0x15, 0x15, 0x15, 0x15, 0x15, 0x15, 0x15, 0x15, 0x15, 0x15, 0x15, 0x15, 0x15, 0x15, 0x15,
    0x15, 0x15, 0x15, 0x15, 0x15, 0x15, 0x15, 0x15, 0x15, 0x15, 0x15, 0x15, 0x15, 0x15, 0x15, 0x15,
    0x15, 0x15, 0x15, 0x15, 0x15, 0x15, 0x15, 0x15, 0x15, 0x15, 0x15, 0x15, 0x15, 0x15, 0x15, 0x15,
    0x15, 0x15, 0x15, 0x15, 0x15, 0x15, 0x15, 0x15, 0x15, 0x15, 0x15, 0x15, 0x15, 0x15, 0x15, 0x15,
    0x15, 0x15, 0x15, 0x15, 0x15, 0x15, 0x15, 0x15, 0x15, 0x15, 0x15, 0x15, 0x15, 0x15, 0x15, 0x15,
    0x15, 0x15, 0x15, 0x15, 0x15, 0x15, 0x15, 0x15, 0x15, 0x15, 0x15, 0x15, 0x15, 0x15, 0x15, 0x15,
    0x15, 0x15, 0x15, 0x15, 0x15, 0x15, 0x15, 0x15, 0x15, 0x15, 0x15, 0x15, 0x15, 0x15, 0x15, 0x15,
    0x15, 0x15, 0x15, 0x15, 0x15, 0x15, 0x15, 0x15, 0x15, 0x15, 0x15, 0x15, 0x15, 0x15, 0x15, 0x15,
    0x15, 0x15, 0x15, 0x15, 0x15, 0x15, 0x15, 0x15, 0x15, 0x15, 0x15, 0x15, 0x15, 0x15, 0x15, 0x15,
    0x15, 0x15, 0x15, 0x15, 0x15, 0x15, 0x15, 0x15, 0x15, 0x15, 0x15, 0x15, 0x15, 0x15, 0x15, 0x15,
    0x15, 0x15, 0x15, 0x15, 0x15, 0x15, 0x15, 0x15, 0x15, 0x15, 0x15, 0x15, 0x15, 0x15, 0x15, 0x15,
    0x15, 0x15, 0x15, 0x15, 0x15, 0x15, 0x15, 0x15, 0x15, 0x15, 0x15, 0x15, 0x15, 0x15, 0x15, 0x15,
    0x15, 0x15, 0x15, 0x15, 0x15, 0x15, 0x15, 0x15, 0x15, 0x15, 0x15, 0x15, 0x15, 0x15, 0x15, 0x15,
    0x15, 0x15, 0x15, 0x15, 0x15, 0x15, 0x15, 0x15, 0x15, 0x15, 0x15, 0x15, 0x15, 0x15, 0x15, 0x15,
    0x15, 0x15, 0x15, 0x15, 0x15, 0x15, 0x15, 0x15, 0x15, 0x15, 0x15, 0x15, 0x15, 0x15, 0x15, 0x15,
    0x15, 0x15, 0x15, 0x15, 0x15, 0x15, 0x15, 0x15, 0x15, 0x15, 0x15, 0x15, 0x15, 0x15, 0x15, 0x15,
    0x15, 0x15, 0x15, 0x15, 0x15, 0x15, 0x15, 0x15, 0x15, 0x15, 0x15, 0x15, 0x15, 0x15, 0x15, 0x15,
    0x15, 0x15, 0x15, 0x15, 0x15, 0x15, 0x15, 0x15, 0x15, 0x15, 0x15, 0x15, 0x15, 0x15, 0x15, 0x15,
    0x15, 0x15, 0x15, 0x15, 0x15, 0x15, 0x15, 0x15, 0x15, 0x15, 0x15, 0x15, 0x15, 0x15, 0x15, 0x15,
    0x15, 0x15, 0x15, 0x15, 0x15, 0x15, 0x15, 0x15, 0x15, 0x15, 0x15, 0x15, 0x15, 0x15, 0x15, 0x15,
    0x15, 0x15, 0x15, 0x15, 0x15, 0x15, 0x15, 0x15, 0x15, 0x15, 0x15, 0x15, 0x15, 0x15, 0x15, 0x15,
    0x15, 0x15, 0x15, 0x15, 0x15, 0x15, 0x15, 0x15, 0x15, 0x15, 0x15, 0x15, 0x15, 0x15, 0x15, 0x15,
    0x15, 0x15, 0x15, 0x15, 0x15, 0x15, 0x15, 0x15, 0x15, 0x15, 0x15, 0x15, 0x15, 0x15, 0x15, 0x15,
    0x15, 0x15, 0x15, 0x15, 0x15, 0x15, 0x15, 0x15, 0x15, 0x15, 0x15, 0x15, 0x15, 0x15, 0x15, 0x15,
    0x15, 0x15, 0x15, 0x15, 0x15, 0x15, 0x15, 0x15, 0x15, 0x15, 0x15, 0x15, 0x15, 0x15, 0x15, 0x15,
    0x15, 0x15, 0x15, 0x15, 0x15, 0x15, 0x15, 0x15, 0x15, 0x15, 0x15, 0x15, 0x15, 0x15, 0x15, 0x15,
    0x15, 0x15, 0x14, 0x14, 0x11, 0x09, 0x01, 0x01, 0x15, 0x15, 0x15, 0x14, 0x14, 0x03, 0x01, 0x01,
    0x15, 0x15, 0x15, 0x09, 0x05, 0x01, 0x01, 0x01, 0x15, 0x15, 0x15, 0x09, 0x03, 0x01, 0x01, 0x03,
    0x15, 0x15, 0x09, 0x05, 0x01, 0x01, 0x01, 0x03, 0x15, 0x15, 0x09, 0x03, 0x01, 0x01, 0x03, 0x03,
    0x15, 0x15, 0x09, 0x01, 0x01, 0x01, 0x03, 0x05, 0x15, 0x09, 0x05, 0x01, 0x01, 0x03, 0x03, 0x05,
    0x01, 0x03, 0x05, 0x05, 0x08, 0x08, 0x08, 0x09, 0x03, 0x03, 0x05, 0x05, 0x08, 0x08, 0x09, 0x09,
    0x03, 0x05, 0x05, 0x08, 0x08, 0x08, 0x09, 0x09, 0x03, 0x05, 0x05, 0x08, 0x08, 0x08, 0x09, 0x09,
    0x05, 0x05, 0x05, 0x08, 0x08, 0x09, 0x09, 0x09, 0x05, 0x05, 0x08, 0x08, 0x08, 0x09, 0x09, 0x09,
    0x05, 0x05, 0x08, 0x08, 0x08, 0x09, 0x09, 0x09, 0x05, 0x05, 0x08, 0x08, 0x09, 0x09, 0x09, 0x09,
    0x09, 0x09, 0x12, 0x08, 0x01, 0x01, 0x01, 0x01, 0x09, 0x12, 0x12, 0x05, 0x03, 0x03, 0x03, 0x03,
    0x09, 0x12, 0x12, 0x08, 0x05, 0x05, 0x05, 0x05, 0x09, 0x12, 0x15, 0x09, 0x08, 0x08, 0x08, 0x08,
    0x12, 0x12, 0x15, 0x15, 0x09, 0x09, 0x09, 0x09, 0x12, 0x12, 0x12, 0x15, 0x15, 0x12, 0x09, 0x09,
    0x12, 0x12, 0x12, 0x12, 0x12, 0x15, 0x12, 0x08, 0x12, 0x12, 0x12, 0x12, 0x12, 0x12, 0x15, 0x12,
    0x03, 0x05, 0x08, 0x12, 0x12, 0x01, 0x00, 0x00, 0x05, 0x08, 0x09, 0x12, 0x12, 0x01, 0x00, 0x00,
    0x08, 0x08, 0x12, 0x12, 0x12, 0x01, 0x00, 0x00, 0x08, 0x09, 0x09, 0x12, 0x12, 0x01, 0x00, 0x01,
    0x09, 0x09, 0x09, 0x09, 0x12, 0x01, 0x00, 0x01, 0x08, 0x08, 0x08, 0x09, 0x12, 0x01, 0x01, 0x01,
    0x05, 0x08, 0x08, 0x08, 0x12, 0x03, 0x01, 0x01, 0x03, 0x05, 0x08, 0x08, 0x12, 0x05, 0x03, 0x03,
    0x01, 0x01, 0x01, 0x03, 0x08, 0x03, 0x00, 0x00, 0x01, 0x01, 0x01, 0x03, 0x08, 0x01, 0x00, 0x00,
    0x01, 0x01, 0x01, 0x03, 0x09, 0x01, 0x00, 0x00, 0x01, 0x01, 0x03, 0x03, 0x09, 0x01, 0x00, 0x00,
    0x01, 0x01, 0x03, 0x05, 0x09, 0x01, 0x00, 0x00, 0x01, 0x03, 0x03, 0x05, 0x09, 0x01, 0x00, 0x00,
    0x03, 0x03, 0x05, 0x08, 0x09, 0x01, 0x00, 0x00, 0x03, 0x05, 0x08, 0x08, 0x09, 0x01, 0x00, 0x01,
    0x01, 0x01, 0x01, 0x01, 0x08, 0x03, 0x00, 0x01, 0x01, 0x01, 0x01, 0x03, 0x08, 0x03, 0x00, 0x01,
    0x01, 0x01, 0x01, 0x03, 0x08, 0x03, 0x00, 0x01, 0x01, 0x01, 0x01, 0x05, 0x08, 0x03, 0x01, 0x01,
    0x01, 0x01, 0x01, 0x08, 0x05, 0x03, 0x01, 0x01, 0x01, 0x01, 0x03, 0x08, 0x05, 0x03, 0x03, 0x03,
    0x01, 0x01, 0x03, 0x08, 0x03, 0x03, 0x03, 0x03, 0x01, 0x01, 0x03, 0x08, 0x03, 0x03, 0x01, 0x01,
    0x01, 0x01, 0x03, 0x09, 0x05, 0x08, 0x09, 0x15, 0x01, 0x01, 0x03, 0x09, 0x08, 0x09, 0x15, 0x15,
    0x01, 0x03, 0x05, 0x09, 0x09, 0x14, 0x14, 0x15, 0x01, 0x03, 0x05, 0x09, 0x12, 0x11, 0x14, 0x14,
    0x03, 0x03, 0x05, 0x09, 0x15, 0x11, 0x11, 0x14, 0x03, 0x05, 0x08, 0x09, 0x12, 0x14, 0x11, 0x14,
    0x03, 0x03, 0x05, 0x08, 0x09, 0x15, 0x11, 0x14, 0x01, 0x03, 0x03, 0x05, 0x08, 0x12, 0x14, 0x14,
    0x08, 0x01, 0x03, 0x08, 0x09, 0x09, 0x09, 0x09, 0x09, 0x05, 0x01, 0x01, 0x05, 0x09, 0x09, 0x09,
    0x15, 0x12, 0x08, 0x03, 0x01, 0x01, 0x05, 0x09, 0x15, 0x15, 0x15, 0x09, 0x05, 0x03, 0x01, 0x03,
    0x09, 0x12, 0x15, 0x15, 0x12, 0x08, 0x03, 0x01, 0x08, 0x05, 0x12, 0x15, 0x15, 0x15, 0x09, 0x05,
    0x15, 0x08, 0x05, 0x09, 0x15, 0x15, 0x15, 0x15, 0x14, 0x15, 0x09, 0x05, 0x08, 0x12, 0x15, 0x15,
    0x09, 0x12, 0x12, 0x11, 0x07, 0x15, 0x12, 0x12, 0x09, 0x09, 0x09, 0x11, 0x07, 0x15, 0x12, 0x12,
    0x09, 0x09, 0x09, 0x11, 0x07, 0x14, 0x12, 0x12, 0x05, 0x09, 0x09, 0x09, 0x11, 0x11, 0x12, 0x09,
    0x01, 0x03, 0x05, 0x09, 0x11, 0x11, 0x14, 0x08, 0x03, 0x00, 0x01, 0x03, 0x09, 0x11, 0x14, 0x08,
    0x09, 0x05, 0x01, 0x00, 0x03, 0x11, 0x11, 0x12, 0x15, 0x15, 0x12, 0x05, 0x03, 0x09, 0x11, 0x14,
    0x12, 0x12, 0x09, 0x08, 0x05, 0x03, 0x01, 0x00, 0x12, 0x12, 0x12, 0x12, 0x12, 0x09, 0x08, 0x05,
    0x12, 0x12, 0x12, 0x12, 0x12, 0x12, 0x12, 0x12, 0x12, 0x12, 0x12, 0x12, 0x12, 0x12, 0x12, 0x12,
    0x09, 0x12, 0x12, 0x12, 0x12, 0x12, 0x12, 0x12, 0x05, 0x08, 0x09, 0x12, 0x12, 0x12, 0x12, 0x12,
    0x08, 0x03, 0x03, 0x05, 0x09, 0x12, 0x12, 0x12, 0x12, 0x09, 0x05, 0x01, 0x03, 0x05, 0x08, 0x09,
    0x01, 0x03, 0x05, 0x08, 0x09, 0x09, 0x14, 0x11, 0x03, 0x01, 0x00, 0x00, 0x01, 0x05, 0x11, 0x07,
    0x12, 0x09, 0x08, 0x05, 0x08, 0x11, 0x07, 0x11, 0x12, 0x12, 0x12, 0x12, 0x11, 0x07, 0x11, 0x14,
    0x12, 0x12, 0x12, 0x12, 0x11, 0x07, 0x14, 0x15, 0x12, 0x12, 0x12, 0x12, 0x07, 0x11, 0x14, 0x15,
    0x12, 0x12, 0x12, 0x11, 0x07, 0x14, 0x15, 0x15, 0x12, 0x12, 0x12, 0x11, 0x07, 0x14, 0x15, 0x15,
    0x07, 0x11, 0x11, 0x11, 0x14, 0x14, 0x14, 0x14, 0x11, 0x14, 0x14, 0x14, 0x15, 0x15, 0x15, 0x03,
    0x14, 0x15, 0x15, 0x15, 0x15, 0x03, 0x01, 0x00, 0x15, 0x15, 0x15, 0x15, 0x03, 0x01, 0x00, 0x00,
    0x15, 0x15, 0x15, 0x09, 0x03, 0x01, 0x00, 0x00, 0x15, 0x15, 0x09, 0x04, 0x03, 0x01, 0x00, 0x00,
    0x15, 0x12, 0x0A, 0x04, 0x03, 0x01, 0x00, 0x00, 0x15, 0x0A, 0x0A, 0x04, 0x03, 0x01, 0x00, 0x00,
    0x14, 0x04, 0x04, 0x04, 0x04, 0x04, 0x04, 0x15, 0x01, 0x00, 0x00, 0x00, 0x00, 0x01, 0x01, 0x04,
    0x00, 0x00, 0x00, 0x01, 0x01, 0x01, 0x01, 0x01, 0x00, 0x00, 0x00, 0x01, 0x03, 0x04, 0x04, 0x04,
    0x00, 0x00, 0x01, 0x03, 0x04, 0x04, 0x0A, 0x04, 0x00, 0x00, 0x01, 0x03, 0x04, 0x0A, 0x04, 0x0A,
    0x00, 0x00, 0x01, 0x03, 0x04, 0x04, 0x0A, 0x04, 0x00, 0x00, 0x01, 0x03, 0x0A, 0x0A, 0x04, 0x0A,
    0x15, 0x15, 0x15, 0x15, 0x15, 0x15, 0x15, 0x15, 0x04, 0x04, 0x15, 0x15, 0x15, 0x15, 0x15, 0x15,
    0x01, 0x01, 0x04, 0x04, 0x15, 0x15, 0x15, 0x15, 0x03, 0x01, 0x01, 0x01, 0x04, 0x15, 0x15, 0x15,
    0x0A, 0x04, 0x01, 0x01, 0x01, 0x04, 0x15, 0x15, 0x04, 0x0A, 0x04, 0x03, 0x01, 0x01, 0x04, 0x15,
    0x0A, 0x04, 0x0A, 0x04, 0x03, 0x01, 0x01, 0x04, 0x04, 0x0A, 0x04, 0x0A, 0x04, 0x03, 0x01, 0x01,
    0x15, 0x15, 0x15, 0x15, 0x15, 0x15, 0x15, 0x15, 0x15, 0x15, 0x15, 0x15, 0x15, 0x15, 0x15, 0x15,
    0x15, 0x15, 0x15, 0x15, 0x15, 0x15, 0x15, 0x15, 0x15, 0x15, 0x15, 0x15, 0x15, 0x15, 0x15, 0x15,
    0x15, 0x15, 0x15, 0x15, 0x15, 0x15, 0x15, 0x15, 0x15, 0x15, 0x15, 0x15, 0x15, 0x15, 0x15, 0x15,
    0x15, 0x15, 0x15, 0x15, 0x15, 0x15, 0x15, 0x15, 0x04, 0x15, 0x15, 0x15, 0x15, 0x15, 0x15, 0x15,
    0x15, 0x15, 0x15, 0x15, 0x15, 0x15, 0x15, 0x15, 0x15, 0x15, 0x15, 0x15, 0x15, 0x15, 0x15, 0x15,
    0x15, 0x15, 0x15, 0x15, 0x15, 0x15, 0x15, 0x15, 0x15, 0x15, 0x15, 0x15, 0x15, 0x15, 0x15, 0x15,
    0x15, 0x15, 0x15, 0x15, 0x15, 0x15, 0x15, 0x15, 0x15, 0x15, 0x15, 0x15, 0x15, 0x15, 0x15, 0x15,
    0x15, 0x15, 0x15, 0x15, 0x15, 0x15, 0x15, 0x15, 0x15, 0x15, 0x15, 0x15, 0x15, 0x15, 0x15, 0x15,
    0x15, 0x15, 0x15, 0x15, 0x15, 0x15, 0x15, 0x15, 0x15, 0x15, 0x15, 0x15, 0x15, 0x15, 0x15, 0x15,
    0x15, 0x15, 0x15, 0x15, 0x15, 0x15, 0x15, 0x15, 0x15, 0x15, 0x15, 0x15, 0x15, 0x15, 0x15, 0x15,
    0x15, 0x15, 0x15, 0x15, 0x15, 0x15, 0x15, 0x15, 0x15, 0x15, 0x15, 0x15, 0x15, 0x15, 0x15, 0x15,
    0x15, 0x15, 0x15, 0x15, 0x15, 0x15, 0x15, 0x15, 0x15, 0x15, 0x15, 0x15, 0x15, 0x15, 0x15, 0x15,
    0x15, 0x15, 0x15, 0x15, 0x15, 0x15, 0x15, 0x15, 0x15, 0x15, 0x15, 0x15, 0x15, 0x15, 0x15, 0x15,
    0x15, 0x15, 0x15, 0x15, 0x15, 0x15, 0x15, 0x15, 0x15, 0x15, 0x15, 0x15, 0x15, 0x15, 0x15, 0x15,
    0x15, 0x15, 0x15, 0x15, 0x15, 0x15, 0x15, 0x15, 0x15, 0x15, 0x15, 0x15, 0x15, 0x15, 0x15, 0x15,
    0x15, 0x15, 0x15, 0x15, 0x15, 0x15, 0x15, 0x15, 0x15, 0x15, 0x15, 0x15, 0x15, 0x15, 0x15, 0x15,
    0x15, 0x15, 0x15, 0x15, 0x15, 0x15, 0x15, 0x15, 0x15, 0x15, 0x15, 0x15, 0x15, 0x15, 0x15, 0x15,
    0x15, 0x15, 0x15, 0x15, 0x15, 0x15, 0x15, 0x15, 0x15, 0x15, 0x15, 0x15, 0x15, 0x15, 0x15, 0x15,
    0x15, 0x15, 0x15, 0x15, 0x15, 0x15, 0x15, 0x15, 0x15, 0x15, 0x15, 0x15, 0x15, 0x15, 0x15, 0x15,
    0x15, 0x15, 0x15, 0x15, 0x15, 0x15, 0x15, 0x15, 0x15, 0x15, 0x15, 0x15, 0x15, 0x15, 0x15, 0x15,
    0x15, 0x15, 0x15, 0x15, 0x15, 0x15, 0x15, 0x15, 0x15, 0x15, 0x15, 0x15, 0x15, 0x15, 0x15, 0x15,
    0x15, 0x15, 0x15, 0x15, 0x15, 0x15, 0x15, 0x15, 0x15, 0x15, 0x15, 0x15, 0x15, 0x15, 0x15, 0x15,
    0x15, 0x15, 0x15, 0x15, 0x15, 0x15, 0x15, 0x15, 0x15, 0x15, 0x15, 0x15, 0x15, 0x15, 0x15, 0x15,
    0x15, 0x15, 0x15, 0x15, 0x15, 0x15, 0x15, 0x15, 0x15, 0x15, 0x15, 0x15, 0x15, 0x15, 0x15, 0x15,
    0x15, 0x15, 0x15, 0x15, 0x15, 0x15, 0x15, 0x15, 0x15, 0x15, 0x15, 0x15, 0x15, 0x15, 0x15, 0x15,
    0x15, 0x15, 0x15, 0x15, 0x15, 0x15, 0x15, 0x15, 0x15, 0x15, 0x15, 0x15, 0x15, 0x15, 0x15, 0x15,
    0x15, 0x15, 0x15, 0x15, 0x15, 0x15, 0x15, 0x15, 0x15, 0x15, 0x15, 0x15, 0x15, 0x15, 0x15, 0x15,
    0x15, 0x15, 0x15, 0x15, 0x15, 0x15, 0x15, 0x15, 0x15, 0x15, 0x15, 0x15, 0x15, 0x15, 0x15, 0x15,
    0x15, 0x15, 0x15, 0x15, 0x15, 0x15, 0x15, 0x15, 0x15, 0x15, 0x15, 0x15, 0x15, 0x15, 0x15, 0x15,
    0x15, 0x15, 0x15, 0x15, 0x15, 0x15, 0x15, 0x15, 0x15, 0x15, 0x15, 0x15, 0x15, 0x15, 0x15, 0x15,
    0x15, 0x15, 0x15, 0x15, 0x15, 0x15, 0x15, 0x15, 0x15, 0x15, 0x15, 0x15, 0x15, 0x15, 0x15, 0x15,
    0x15, 0x15, 0x15, 0x15, 0x15, 0x15, 0x15, 0x15, 0x15, 0x15, 0x15, 0x15, 0x15, 0x15, 0x15, 0x15,
    0x15, 0x15, 0x15, 0x15, 0x15, 0x15, 0x15, 0x15, 0x15, 0x15, 0x15, 0x15, 0x15, 0x15, 0x15, 0x15,
    0x15, 0x15, 0x15, 0x15, 0x15, 0x15, 0x15, 0x15, 0x15, 0x15, 0x15, 0x15, 0x15, 0x15, 0x15, 0x15,
    0x15, 0x15, 0x15, 0x15, 0x15, 0x15, 0x15, 0x15, 0x15, 0x15, 0x15, 0x15, 0x15, 0x15, 0x15, 0x15,
    0x15, 0x15, 0x15, 0x15, 0x15, 0x15, 0x15, 0x15, 0x15, 0x15, 0x15, 0x15, 0x15, 0x15, 0x15, 0x15,
    0x15, 0x15, 0x15, 0x15, 0x15, 0x15, 0x15, 0x15, 0x15, 0x15, 0x15, 0x15, 0x15, 0x15, 0x15, 0x15,
    0x15, 0x15, 0x15, 0x15, 0x15, 0x15, 0x15, 0x15, 0x15, 0x15, 0x15, 0x15, 0x15, 0x15, 0x15, 0x15,
    0x15, 0x15, 0x15, 0x15, 0x15, 0x15, 0x15, 0x15, 0x15, 0x15, 0x15, 0x15, 0x15, 0x15, 0x15, 0x15,
    0x15, 0x15, 0x15, 0x15, 0x15, 0x15, 0x15, 0x15, 0x15, 0x15, 0x15, 0x15, 0x15, 0x15, 0x15, 0x15,
    0x15, 0x15, 0x15, 0x15, 0x15, 0x15, 0x15, 0x15, 0x15, 0x15, 0x15, 0x15, 0x15, 0x15, 0x15, 0x15,
    0x15, 0x15, 0x15, 0x15, 0x15, 0x15, 0x15, 0x15, 0x15, 0x15, 0x15, 0x15, 0x15, 0x15, 0x15, 0x15,
    0x15, 0x15, 0x15, 0x15, 0x15, 0x15, 0x15, 0x15, 0x15, 0x15, 0x15, 0x15, 0x15, 0x15, 0x15, 0x15,
    0x15, 0x15, 0x15, 0x15, 0x15, 0x15, 0x15, 0x15, 0x15, 0x15, 0x15, 0x15, 0x15, 0x15, 0x15, 0x15,
    0x15, 0x15, 0x15, 0x15, 0x15, 0x15, 0x15, 0x15, 0x15, 0x15, 0x15, 0x15, 0x15, 0x15, 0x15, 0x15,
    0x15, 0x15, 0x15, 0x15, 0x15, 0x15, 0x15, 0x15, 0x15, 0x15, 0x15, 0x15, 0x15, 0x15, 0x15, 0x15,
    0x15, 0x15, 0x15, 0x15, 0x15, 0x15, 0x15, 0x15, 0x15, 0x15, 0x15, 0x15, 0x15, 0x15, 0x15, 0x15,
    0x15, 0x15, 0x15, 0x15, 0x15, 0x15, 0x15, 0x15, 0x15, 0x15, 0x15, 0x15, 0x15, 0x15, 0x15, 0x15,
    0x15, 0x15, 0x15, 0x15, 0x15, 0x15, 0x15, 0x15, 0x15, 0x15, 0x15, 0x15, 0x15, 0x15, 0x15, 0x15,
    0x15, 0x15, 0x15, 0x15, 0x15, 0x15, 0x15, 0x15, 0x15, 0x15, 0x15, 0x15, 0x15, 0x15, 0x15, 0x15,
    0x15, 0x15, 0x15, 0x15, 0x15, 0x15, 0x15, 0x15, 0x15, 0x15, 0x15, 0x15, 0x15, 0x15, 0x15, 0x15,
    0x15, 0x15, 0x15, 0x15, 0x15, 0x15, 0x15, 0x15, 0x15, 0x15, 0x15, 0x15, 0x15, 0x15, 0x15, 0x15,
    0x15, 0x15, 0x15, 0x15, 0x15, 0x15, 0x15, 0x15, 0x15, 0x15, 0x15, 0x15, 0x15, 0x15, 0x15, 0x15,
    0x15, 0x15, 0x15, 0x15, 0x15, 0x15, 0x15, 0x15, 0x15, 0x15, 0x15, 0x15, 0x15, 0x15, 0x15, 0x15,
    0x15, 0x15, 0x15, 0x15, 0x15, 0x15, 0x15, 0x15, 0x15, 0x15, 0x15, 0x15, 0x15, 0x15, 0x15, 0x15,
    0x15, 0x15, 0x15, 0x15, 0x15, 0x15, 0x15, 0x15, 0x15, 0x15, 0x15, 0x15, 0x15, 0x15, 0x15, 0x15,
    0x15, 0x15, 0x15, 0x15, 0x15, 0x15, 0x15, 0x15, 0x15, 0x15, 0x15, 0x15, 0x15, 0x15, 0x15, 0x15,
    0x15, 0x15, 0x15, 0x15, 0x15, 0x15, 0x15, 0x15, 0x15, 0x15, 0x15, 0x15, 0x15, 0x15, 0x15, 0x15,
    0x15, 0x15, 0x15, 0x15, 0x15, 0x15, 0x15, 0x15, 0x15, 0x15, 0x15, 0x15, 0x15, 0x15, 0x15, 0x15,
    0x15, 0x15, 0x15, 0x15, 0x15, 0x15, 0x15, 0x15, 0x15, 0x15, 0x15, 0x15, 0x15, 0x15, 0x15, 0x15,
    0x15, 0x15, 0x15, 0x15, 0x15, 0x15, 0x15, 0x15, 0x15, 0x15, 0x15, 0x15, 0x15, 0x15, 0x15, 0x15,
    0x15, 0x15, 0x15, 0x15, 0x15, 0x15, 0x15, 0x15, 0x15, 0x15, 0x15, 0x15, 0x15, 0x15, 0x15, 0x15,
    0x15, 0x15, 0x15, 0x15, 0x15, 0x15, 0x15, 0x15, 0x15, 0x15, 0x15, 0x15, 0x15, 0x15, 0x15, 0x15,
    0x15, 0x15, 0x15, 0x15, 0x15, 0x15, 0x15, 0x15, 0x15, 0x15, 0x15, 0x15, 0x15, 0x15, 0x15, 0x15,
    0x15, 0x09, 0x03, 0x01, 0x03, 0x03, 0x05, 0x05, 0x15, 0x09, 0x09, 0x09, 0x08, 0x05, 0x05, 0x05,
    0x15, 0x15, 0x15, 0x15, 0x12, 0x12, 0x12, 0x12, 0x15, 0x15, 0x15, 0x15, 0x15, 0x15, 0x15, 0x15,
    0x15, 0x15, 0x15, 0x15, 0x15, 0x15, 0x15, 0x15, 0x15, 0x15, 0x15, 0x15, 0x15, 0x15, 0x15, 0x15,
    0x15, 0x15, 0x15, 0x15, 0x15, 0x15, 0x15, 0x15, 0x15, 0x15, 0x15, 0x15, 0x15, 0x15, 0x15, 0x15,
    0x05, 0x08, 0x08, 0x08, 0x09, 0x09, 0x09, 0x12, 0x05, 0x08, 0x08, 0x08, 0x09, 0x09, 0x09, 0x12,
    0x09, 0x08, 0x08, 0x08, 0x09, 0x09, 0x09, 0x12, 0x12, 0x12, 0x12, 0x12, 0x09, 0x09, 0x09, 0x12,
    0x15, 0x15, 0x15, 0x15, 0x12, 0x12, 0x12, 0x12, 0x15, 0x15, 0x15, 0x15, 0x15, 0x15, 0x15, 0x15,
    0x15, 0x15, 0x15, 0x15, 0x15, 0x15, 0x15, 0x15, 0x15, 0x15, 0x15, 0x15, 0x15, 0x15, 0x15, 0x15,
    0x12, 0x12, 0x12, 0x12, 0x12, 0x15, 0x12, 0x15, 0x12, 0x12, 0x12, 0x12, 0x12, 0x12, 0x15, 0x12,
    0x12, 0x12, 0x12, 0x12, 0x12, 0x15, 0x12, 0x15, 0x12, 0x12, 0x12, 0x12, 0x15, 0x12, 0x15, 0x12,
    0x12, 0x12, 0x12, 0x12, 0x12, 0x15, 0x12, 0x15, 0x15, 0x15, 0x12, 0x12, 0x15, 0x12, 0x15, 0x12,
    0x15, 0x15, 0x15, 0x15, 0x15, 0x15, 0x12, 0x15, 0x15, 0x15, 0x15, 0x15, 0x15, 0x15, 0x15, 0x15,
    0x12, 0x03, 0x05, 0x08, 0x12, 0x08, 0x05, 0x05, 0x15, 0x12, 0x03, 0x05, 0x09, 0x12, 0x09, 0x08,
    0x15, 0x15, 0x12, 0x03, 0x05, 0x09, 0x12, 0x12, 0x15, 0x15, 0x15, 0x15, 0x03, 0x05, 0x08, 0x09,
    0x15, 0x15, 0x15, 0x15, 0x15, 0x01, 0x03, 0x03, 0x15, 0x15, 0x15, 0x15, 0x12, 0x12, 0x05, 0x01,
    0x15, 0x15, 0x15, 0x15, 0x08, 0x08, 0x12, 0x09, 0x15, 0x15, 0x15, 0x15, 0x03, 0x01, 0x08, 0x12,
    0x05, 0x08, 0x08, 0x05, 0x09, 0x01, 0x00, 0x01, 0x08, 0x08, 0x05, 0x03, 0x09, 0x01, 0x01, 0x01,
    0x09, 0x05, 0x03, 0x03, 0x09, 0x05, 0x03, 0x03, 0x12, 0x12, 0x12, 0x12, 0x09, 0x09, 0x05, 0x05,
    0x03, 0x05, 0x08, 0x09, 0x12, 0x12, 0x12, 0x08, 0x01, 0x03, 0x05, 0x09, 0x12, 0x12, 0x12, 0x12,
    0x08, 0x05, 0x09, 0x12, 0x05, 0x09, 0x09, 0x05, 0x15, 0x15, 0x09, 0x03, 0x05, 0x09, 0x09, 0x05,
    0x01, 0x01, 0x03, 0x08, 0x03, 0x01, 0x00, 0x00, 0x01, 0x01, 0x03, 0x08, 0x05, 0x03, 0x00, 0x00,
    0x03, 0x03, 0x05, 0x08, 0x09, 0x05, 0x03, 0x01, 0x05, 0x05, 0x08, 0x08, 0x05, 0x08, 0x05, 0x03,
    0x08, 0x08, 0x08, 0x05, 0x03, 0x05, 0x09, 0x09, 0x12, 0x12, 0x09, 0x05, 0x03, 0x03, 0x05, 0x15,
    0x03, 0x03, 0x05, 0x12, 0x12, 0x12, 0x12, 0x15, 0x03, 0x01, 0x03, 0x09, 0x12, 0x15, 0x15, 0x15,
    0x00, 0x01, 0x03, 0x03, 0x05, 0x08, 0x15, 0x15, 0x00, 0x00, 0x01, 0x03, 0x05, 0x05, 0x09, 0x15,
    0x01, 0x03, 0x05, 0x08, 0x08, 0x05, 0x05, 0x12, 0x05, 0x08, 0x09, 0x09, 0x08, 0x05, 0x05, 0x08,
    0x09, 0x09, 0x09, 0x08, 0x05, 0x03, 0x05, 0x05, 0x15, 0x09, 0x08, 0x05, 0x03, 0x03, 0x03, 0x05,
    0x15, 0x15, 0x09, 0x03, 0x03, 0x03, 0x03, 0x05, 0x15, 0x15, 0x15, 0x05, 0x03, 0x03, 0x03, 0x03,
    0x15, 0x15, 0x15, 0x12, 0x08, 0x05, 0x09, 0x15, 0x15, 0x12, 0x15, 0x12, 0x12, 0x09, 0x05, 0x08,
    0x15, 0x12, 0x12, 0x12, 0x15, 0x15, 0x12, 0x08, 0x15, 0x15, 0x12, 0x09, 0x12, 0x15, 0x15, 0x15,
    0x12, 0x15, 0x15, 0x12, 0x09, 0x12, 0x15, 0x15, 0x08, 0x15, 0x15, 0x15, 0x09, 0x12, 0x15, 0x15,
    0x05, 0x12, 0x15, 0x15, 0x12, 0x09, 0x15, 0x15, 0x05, 0x12, 0x15, 0x15, 0x12, 0x08, 0x12, 0x15,
    0x15, 0x15, 0x15, 0x15, 0x15, 0x15, 0x14, 0x11, 0x12, 0x15, 0x15, 0x15, 0x15, 0x15, 0x15, 0x11,
    0x05, 0x09, 0x15, 0x15, 0x15, 0x15, 0x15, 0x14, 0x09, 0x08, 0x08, 0x12, 0x15, 0x15, 0x15, 0x15,
    0x15, 0x12, 0x09, 0x08, 0x09, 0x15, 0x15, 0x15, 0x15, 0x15, 0x12, 0x09, 0x08, 0x09, 0x12, 0x15,
    0x15, 0x15, 0x12, 0x09, 0x12, 0x09, 0x08, 0x09, 0x15, 0x15, 0x15, 0x12, 0x09, 0x12, 0x09, 0x08,
    0x14, 0x15, 0x09, 0x05, 0x00, 0x00, 0x01, 0x03, 0x11, 0x15, 0x15, 0x12, 0x08, 0x03, 0x00, 0x00,
    0x11, 0x14, 0x15, 0x15, 0x15, 0x12, 0x08, 0x03, 0x11, 0x11, 0x15, 0x15, 0x15, 0x15, 0x15, 0x12,
    0x14, 0x11, 0x14, 0x15, 0x15, 0x15, 0x15, 0x15, 0x15, 0x11, 0x11, 0x14, 0x15, 0x15, 0x15, 0x15,
    0x15, 0x15, 0x11, 0x11, 0x14, 0x12, 0x15, 0x15, 0x09, 0x12, 0x14, 0x11, 0x11, 0x12, 0x12, 0x15,
    0x05, 0x08, 0x09, 0x11, 0x07, 0x14, 0x15, 0x15, 0x01, 0x03, 0x08, 0x11, 0x07, 0x14, 0x15, 0x15,
    0x03, 0x05, 0x12, 0x11, 0x07, 0x14, 0x15, 0x12, 0x12, 0x12, 0x15, 0x11, 0x07, 0x14, 0x15, 0x0A,
    0x15, 0x15, 0x15, 0x11, 0x07, 0x14, 0x15, 0x0A, 0x15, 0x15, 0x15, 0x14, 0x07, 0x14, 0x15, 0x0A,
    0x15, 0x15, 0x15, 0x15, 0x07, 0x11, 0x14, 0x12, 0x15, 0x15, 0x15, 0x15, 0x11, 0x07, 0x14, 0x15,
    0x12, 0x0A, 0x0A, 0x04, 0x03, 0x01, 0x01, 0x00, 0x0A, 0x0A, 0x0A, 0x04, 0x03, 0x01, 0x01, 0x01,
    0x0A, 0x0A, 0x0A, 0x04, 0x04, 0x03, 0x03, 0x03, 0x0A, 0x0A, 0x0A, 0x0A, 0x04, 0x04, 0x04, 0x04,
    0x0A, 0x12, 0x15, 0x15, 0x12, 0x0A, 0x0A, 0x0A, 0x12, 0x15, 0x15, 0x15, 0x15, 0x15, 0x15, 0x15,
    0x15, 0x15, 0x15, 0x12, 0x12, 0x15, 0x15, 0x15, 0x15, 0x15, 0x12, 0x12, 0x0A, 0x12, 0x15, 0x15,
    0x00, 0x01, 0x01, 0x03, 0x0A, 0x12, 0x0A, 0x04, 0x01, 0x01, 0x01, 0x03, 0x0A, 0x12, 0x0A, 0x0A,
    0x03, 0x03, 0x03, 0x04, 0x0A, 0x15, 0x0A, 0x0A, 0x04, 0x04, 0x04, 0x0A, 0x15, 0x12, 0x0A, 0x0A,
    0x0A, 0x0A, 0x0A, 0x15, 0x12, 0x15, 0x0A, 0x04, 0x15, 0x15, 0x15, 0x12, 0x15, 0x12, 0x0A, 0x04,
    0x15, 0x15, 0x12, 0x15, 0x12, 0x15, 0x0A, 0x04, 0x15, 0x15, 0x15, 0x12, 0x15, 0x12, 0x0A, 0x04,
    0x0A, 0x04, 0x0A, 0x04, 0x0A, 0x04, 0x01, 0x01, 0x04, 0x0A, 0x04, 0x0A, 0x04, 0x0A, 0x03, 0x01,
    0x0A, 0x04, 0x0A, 0x04, 0x0A, 0x0A, 0x04, 0x01, 0x04, 0x04, 0x04, 0x04, 0x04, 0x0A, 0x0A, 0x01,
    0x03, 0x01, 0x01, 0x01, 0x03, 0x04, 0x0A, 0x01, 0x01, 0x00, 0x00, 0x00, 0x01, 0x04, 0x0A, 0x01,
    0x01, 0x00, 0x00, 0x00, 0x01, 0x04, 0x04, 0x01, 0x01, 0x00, 0x00, 0x00, 0x01, 0x04, 0x04, 0x01,
    0x04, 0x15, 0x15, 0x15, 0x15, 0x15, 0x15, 0x15, 0x01, 0x04, 0x15, 0x15, 0x15, 0x15, 0x15, 0x15,
    0x01, 0x04, 0x15, 0x15, 0x15, 0x15, 0x15, 0x15, 0x01, 0x04, 0x14, 0x15, 0x15, 0x15, 0x15, 0x15,
    0x01, 0x04, 0x14, 0x14, 0x14, 0x15, 0x15, 0x15, 0x01, 0x04, 0x11, 0x11, 0x11, 0x14, 0x14, 0x14,
    0x01, 0x04, 0x14, 0x14, 0x14, 0x07, 0x07, 0x07, 0x01, 0x04, 0x12, 0x12, 0x12, 0x14, 0x14, 0x14,
    0x15, 0x15, 0x15, 0x15, 0x15, 0x15, 0x15, 0x15, 0x15, 0x15, 0x15, 0x15, 0x15, 0x15, 0x15, 0x15,
    0x15, 0x15, 0x15, 0x15, 0x15, 0x15, 0x15, 0x15, 0x15, 0x15, 0x15, 0x15, 0x15, 0x15, 0x15, 0x15,
    0x15, 0x15, 0x15, 0x15, 0x15, 0x15, 0x15, 0x15, 0x15, 0x15, 0x15, 0x15, 0x15, 0x15, 0x15, 0x15,
    0x14, 0x14, 0x14, 0x14, 0x15, 0x15, 0x15, 0x15, 0x11, 0x11, 0x11, 0x11, 0x14, 0x14, 0x14, 0x14,
    0x15, 0x15, 0x15, 0x15, 0x15, 0x15, 0x15, 0x15, 0x15, 0x15, 0x15, 0x15, 0x15, 0x15, 0x15, 0x15,
    0x15, 0x15, 0x15, 0x15, 0x15, 0x15, 0x15, 0x15, 0x15, 0x15, 0x15, 0x15, 0x15, 0x15, 0x15, 0x15,
    0x15, 0x15, 0x15, 0x15, 0x15, 0x15, 0x15, 0x15, 0x15, 0x15, 0x15, 0x15, 0x15, 0x15, 0x15, 0x15,
    0x15, 0x15, 0x15, 0x15, 0x15, 0x15, 0x15, 0x15, 0x15, 0x15, 0x15, 0x15, 0x15, 0x15, 0x15, 0x15,
    0x15, 0x15, 0x15, 0x15, 0x15, 0x15, 0x15, 0x15, 0x15, 0x15, 0x15, 0x15, 0x15, 0x15, 0x15, 0x15,
    0x15, 0x15, 0x15, 0x15, 0x15, 0x15, 0x15, 0x15, 0x15, 0x15, 0x15, 0x15, 0x15, 0x15, 0x15, 0x15,
    0x15, 0x15, 0x15, 0x15, 0x15, 0x15, 0x15, 0x15, 0x15, 0x15, 0x15, 0x15, 0x15, 0x15, 0x15, 0x15,
    0x15, 0x15, 0x15, 0x15, 0x15, 0x15, 0x15, 0x15, 0x15, 0x15, 0x15, 0x15, 0x15, 0x15, 0x15, 0x15,
    0x15, 0x15, 0x15, 0x15, 0x15, 0x15, 0x15, 0x15, 0x15, 0x15, 0x15, 0x15, 0x15, 0x15, 0x15, 0x15,
    0x15, 0x15, 0x15, 0x15, 0x15, 0x15, 0x15, 0x15, 0x15, 0x15, 0x15, 0x15, 0x15, 0x15, 0x15, 0x15,
    0x15, 0x15, 0x15, 0x15, 0x15, 0x15, 0x15, 0x15, 0x15, 0x15, 0x15, 0x15, 0x15, 0x15, 0x15, 0x15,
    0x15, 0x15, 0x15, 0x15, 0x15, 0x15, 0x15, 0x15, 0x15, 0x15, 0x15, 0x15, 0x15, 0x15, 0x15, 0x15,
    0x15, 0x15, 0x15, 0x15, 0x15, 0x15, 0x15, 0x15, 0x15, 0x15, 0x15, 0x15, 0x15, 0x15, 0x15, 0x15,
    0x15, 0x15, 0x15, 0x15, 0x15, 0x15, 0x15, 0x15, 0x15, 0x15, 0x15, 0x15, 0x15, 0x15, 0x15, 0x15,
    0x15, 0x15, 0x15, 0x15, 0x15, 0x15, 0x15, 0x15, 0x15, 0x15, 0x15, 0x15, 0x15, 0x15, 0x15, 0x15,
    0x15, 0x15, 0x15, 0x15, 0x15, 0x15, 0x15, 0x15, 0x15, 0x15, 0x15, 0x15, 0x15, 0x15, 0x15, 0x15,
    0x15, 0x15, 0x15, 0x15, 0x15, 0x15, 0x15, 0x15, 0x15, 0x15, 0x15, 0x15, 0x15, 0x15, 0x15, 0x15,
    0x15, 0x15, 0x15, 0x15, 0x15, 0x15, 0x15, 0x15, 0x15, 0x15, 0x15, 0x15, 0x15, 0x15, 0x15, 0x15,
    0x15, 0x15, 0x15, 0x15, 0x15, 0x15, 0x15, 0x15, 0x15, 0x15, 0x15, 0x15, 0x15, 0x15, 0x15, 0x15,
    0x15, 0x15, 0x15, 0x15, 0x15, 0x15, 0x15, 0x15, 0x15, 0x15, 0x15, 0x15, 0x15, 0x15, 0x15, 0x15,
    0x15, 0x15, 0x15, 0x15, 0x15, 0x15, 0x15, 0x15, 0x15, 0x15, 0x15, 0x15, 0x15, 0x15, 0x15, 0x15,
    0x15, 0x15, 0x15, 0x15, 0x15, 0x15, 0x15, 0x15, 0x15, 0x15, 0x15, 0x15, 0x15, 0x15, 0x15, 0x15,
    0x15, 0x15, 0x15, 0x15, 0x15, 0x15, 0x15, 0x15, 0x15, 0x15, 0x15, 0x15, 0x15, 0x15, 0x15, 0x15,
    0x15, 0x15, 0x15, 0x15, 0x15, 0x15, 0x15, 0x15, 0x15, 0x15, 0x15, 0x15, 0x15, 0x15, 0x15, 0x15,
    0x15, 0x15, 0x15, 0x15, 0x15, 0x15, 0x15, 0x15, 0x15, 0x15, 0x15, 0x15, 0x15, 0x15, 0x15, 0x15,
    0x15, 0x15, 0x15, 0x15, 0x15, 0x15, 0x15, 0x15, 0x15, 0x15, 0x15, 0x15, 0x15, 0x15, 0x15, 0x15,
    0x15, 0x15, 0x15, 0x15, 0x15, 0x15, 0x15, 0x15, 0x15, 0x15, 0x15, 0x15, 0x15, 0x15, 0x15, 0x15,
    0x15, 0x15, 0x15, 0x15, 0x15, 0x15, 0x15, 0x15, 0x15, 0x15, 0x15, 0x15, 0x15, 0x15, 0x15, 0x15,
    0x15, 0x15, 0x15, 0x15, 0x15, 0x15, 0x15, 0x15, 0x15, 0x15, 0x15, 0x15, 0x15, 0x15, 0x15, 0x15,
    0x15, 0x15, 0x15, 0x15, 0x15, 0x15, 0x15, 0x15, 0x15, 0x15, 0x15, 0x15, 0x15, 0x15, 0x15, 0x15,
    0x15, 0x15, 0x15, 0x15, 0x15, 0x15, 0x15, 0x15, 0x15, 0x15, 0x15, 0x15, 0x15, 0x15, 0x15, 0x15,
    0x15, 0x15, 0x15, 0x15, 0x15, 0x15, 0x15, 0x15, 0x15, 0x15, 0x15, 0x15, 0x15, 0x15, 0x15, 0x15,
    0x15, 0x15, 0x15, 0x15, 0x15, 0x15, 0x15, 0x15, 0x15, 0x15, 0x15, 0x15, 0x15, 0x15, 0x15, 0x15,
    0x15, 0x15, 0x15, 0x15, 0x15, 0x15, 0x15, 0x15, 0x15, 0x15, 0x15, 0x15, 0x15, 0x15, 0x15, 0x15,
    0x15, 0x15, 0x15, 0x15, 0x15, 0x15, 0x15, 0x15, 0x15, 0x15, 0x15, 0x15, 0x15, 0x15, 0x15, 0x15,
    0x15, 0x15, 0x15, 0x15, 0x15, 0x15, 0x15, 0x15, 0x15, 0x15, 0x15, 0x15, 0x15, 0x15, 0x15, 0x15,
    0x15, 0x15, 0x15, 0x15, 0x15, 0x15, 0x15, 0x15, 0x15, 0x15, 0x15, 0x15, 0x15, 0x15, 0x15, 0x15,
    0x15, 0x15, 0x15, 0x15, 0x15, 0x15, 0x15, 0x15, 0x15, 0x15, 0x15, 0x15, 0x15, 0x15, 0x15, 0x15,
    0x15, 0x15, 0x15, 0x15, 0x15, 0x15, 0x15, 0x15, 0x15, 0x15, 0x15, 0x15, 0x15, 0x15, 0x15, 0x15,
    0x15, 0x15, 0x15, 0x15, 0x15, 0x15, 0x15, 0x15, 0x15, 0x15, 0x15, 0x15, 0x15, 0x15, 0x15, 0x15,
    0x15, 0x15, 0x15, 0x15, 0x15, 0x15, 0x15, 0x15, 0x15, 0x15, 0x15, 0x15, 0x15, 0x15, 0x15, 0x15,
    0x15, 0x15, 0x15, 0x15, 0x15, 0x15, 0x15, 0x15, 0x15, 0x15, 0x15, 0x15, 0x15, 0x15, 0x15, 0x15,
    0x15, 0x15, 0x15, 0x15, 0x15, 0x15, 0x15, 0x15, 0x15, 0x15, 0x15, 0x15, 0x15, 0x15, 0x15, 0x15,
    0x15, 0x15, 0x15, 0x15, 0x15, 0x15, 0x15, 0x15, 0x15, 0x15, 0x15, 0x15, 0x15, 0x15, 0x15, 0x15,
    0x15, 0x15, 0x15, 0x15, 0x15, 0x15, 0x15, 0x15, 0x15, 0x15, 0x15, 0x15, 0x15, 0x15, 0x15, 0x15,
    0x15, 0x15, 0x15, 0x15, 0x15, 0x15, 0x15, 0x15, 0x15, 0x15, 0x15, 0x15, 0x15, 0x15, 0x15, 0x15,
    0x15, 0x15, 0x15, 0x15, 0x15, 0x15, 0x15, 0x15, 0x15, 0x15, 0x15, 0x15, 0x15, 0x15, 0x15, 0x15,
    0x15, 0x15, 0x15, 0x15, 0x15, 0x15, 0x15, 0x15, 0x15, 0x15, 0x15, 0x15, 0x15, 0x15, 0x15, 0x15,
    0x15, 0x15, 0x15, 0x15, 0x15, 0x15, 0x15, 0x15, 0x15, 0x15, 0x15, 0x15, 0x15, 0x15, 0x15, 0x15,
    0x15, 0x15, 0x15, 0x15, 0x15, 0x15, 0x15, 0x15, 0x15, 0x15, 0x15, 0x15, 0x15, 0x15, 0x15, 0x15,
    0x15, 0x15, 0x15, 0x15, 0x15, 0x15, 0x15, 0x15, 0x15, 0x15, 0x15, 0x15, 0x15, 0x15, 0x15, 0x15,
    0x15, 0x15, 0x15, 0x15, 0x15, 0x15, 0x15, 0x15, 0x15, 0x15, 0x15, 0x15, 0x15, 0x15, 0x15, 0x15,
    0x15, 0x15, 0x15, 0x15, 0x15, 0x15, 0x15, 0x15, 0x15, 0x15, 0x15, 0x15, 0x15, 0x15, 0x15, 0x15,
    0x15, 0x15, 0x15, 0x15, 0x15, 0x15, 0x15, 0x15, 0x15, 0x15, 0x15, 0x15, 0x15, 0x15, 0x15, 0x15,
    0x15, 0x15, 0x15, 0x15, 0x15, 0x15, 0x15, 0x15, 0x15, 0x15, 0x15, 0x15, 0x15, 0x15, 0x15, 0x15,
    0x15, 0x15, 0x15, 0x15, 0x15, 0x15, 0x15, 0x15, 0x15, 0x15, 0x15, 0x15, 0x15, 0x15, 0x15, 0x15,
    0x15, 0x15, 0x15, 0x15, 0x15, 0x15, 0x15, 0x15, 0x15, 0x15, 0x15, 0x15, 0x15, 0x15, 0x15, 0x15,
    0x15, 0x15, 0x15, 0x15, 0x15, 0x15, 0x15, 0x15, 0x15, 0x15, 0x15, 0x15, 0x15, 0x15, 0x15, 0x15,
    0x15, 0x15, 0x15, 0x15, 0x15, 0x15, 0x15, 0x15, 0x15, 0x15, 0x15, 0x15, 0x15, 0x15, 0x15, 0x15,
    0x15, 0x15, 0x15, 0x15, 0x15, 0x15, 0x15, 0x15, 0x15, 0x15, 0x15, 0x15, 0x15, 0x15, 0x15, 0x15,
    0x15, 0x15, 0x15, 0x15, 0x15, 0x15, 0x15, 0x12, 0x15, 0x15, 0x15, 0x15, 0x15, 0x15, 0x15, 0x15,
    0x15, 0x15, 0x15, 0x15, 0x15, 0x15, 0x15, 0x12, 0x15, 0x15, 0x15, 0x15, 0x15, 0x15, 0x12, 0x12,
    0x15, 0x15, 0x15, 0x15, 0x15, 0x15, 0x12, 0x09, 0x15, 0x15, 0x15, 0x15, 0x15, 0x15, 0x12, 0x08,
    0x15, 0x15, 0x15, 0x15, 0x15, 0x15, 0x12, 0x08, 0x15, 0x15, 0x15, 0x15, 0x15, 0x15, 0x12, 0x08,
    0x15, 0x12, 0x15, 0x12, 0x15, 0x12, 0x15, 0x15, 0x12, 0x15, 0x12, 0x15, 0x12, 0x15, 0x12, 0x15,
    0x15, 0x12, 0x15, 0x12, 0x15, 0x12, 0x15, 0x12, 0x12, 0x12, 0x12, 0x12, 0x12, 0x12, 0x12, 0x15,
    0x12, 0x12, 0x12, 0x12, 0x12, 0x12, 0x12, 0x12, 0x12, 0x12, 0x12, 0x12, 0x12, 0x12, 0x12, 0x12,
    0x12, 0x09, 0x12, 0x09, 0x12, 0x09, 0x12, 0x12, 0x09, 0x12, 0x09, 0x12, 0x09, 0x12, 0x09, 0x12,
    0x15, 0x15, 0x15, 0x12, 0x01, 0x03, 0x08, 0x12, 0x15, 0x15, 0x15, 0x09, 0x00, 0x03, 0x08, 0x12,
    0x15, 0x15, 0x15, 0x05, 0x00, 0x05, 0x08, 0x12, 0x12, 0x15, 0x15, 0x03, 0x00, 0x05, 0x08, 0x12,
    0x15, 0x12, 0x15, 0x01, 0x00, 0x05, 0x08, 0x12, 0x12, 0x15, 0x12, 0x00, 0x00, 0x05, 0x08, 0x12,
    0x15, 0x12, 0x15, 0x00, 0x01, 0x05, 0x08, 0x12, 0x12, 0x15, 0x12, 0x00, 0x03, 0x05, 0x08, 0x12,
    0x12, 0x12, 0x05, 0x01, 0x05, 0x09, 0x09, 0x05, 0x12, 0x12, 0x05, 0x00, 0x05, 0x09, 0x09, 0x05,
    0x12, 0x12, 0x05, 0x00, 0x05, 0x09, 0x09, 0x05, 0x12, 0x12, 0x05, 0x00, 0x05, 0x09, 0x09, 0x05,
    0x12, 0x12, 0x05, 0x00, 0x05, 0x09, 0x09, 0x05, 0x12, 0x12, 0x05, 0x01, 0x05, 0x09, 0x09, 0x09,
    0x12, 0x12, 0x08, 0x01, 0x05, 0x12, 0x09, 0x12, 0x12, 0x12, 0x08, 0x03, 0x08, 0x12, 0x09, 0x12,
    0x03, 0x00, 0x01, 0x09, 0x12, 0x15, 0x15, 0x15, 0x03, 0x00, 0x01, 0x09, 0x12, 0x15, 0x15, 0x15,
    0x03, 0x00, 0x01, 0x09, 0x12, 0x15, 0x15, 0x15, 0x03, 0x01, 0x01, 0x09, 0x12, 0x15, 0x15, 0x15,
    0x03, 0x05, 0x01, 0x09, 0x12, 0x15, 0x15, 0x15, 0x03, 0x09, 0x03, 0x09, 0x12, 0x15, 0x15, 0x15,
    0x05, 0x12, 0x05, 0x12, 0x12, 0x15, 0x15, 0x15, 0x09, 0x12, 0x09, 0x12, 0x12, 0x15, 0x15, 0x15,
    0x15, 0x15, 0x15, 0x12, 0x03, 0x03, 0x03, 0x03, 0x15, 0x15, 0x15, 0x15, 0x08, 0x03, 0x03, 0x03,
    0x15, 0x15, 0x15, 0x15, 0x15, 0x08, 0x03, 0x03, 0x15, 0x15, 0x15, 0x15, 0x15, 0x15, 0x08, 0x08,
    0x15, 0x15, 0x15, 0x15, 0x15, 0x15, 0x15, 0x15, 0x15, 0x15, 0x15, 0x15, 0x15, 0x15, 0x15, 0x15,
    0x15, 0x15, 0x15, 0x15, 0x15, 0x15, 0x14, 0x15, 0x15, 0x15, 0x15, 0x15, 0x15, 0x15, 0x14, 0x15,
    0x05, 0x12, 0x15, 0x15, 0x15, 0x05, 0x12, 0x15, 0x05, 0x12, 0x15, 0x15, 0x15, 0x05, 0x09, 0x15,
    0x08, 0x15, 0x15, 0x15, 0x15, 0x05, 0x08, 0x15, 0x14, 0x14, 0x15, 0x15, 0x15, 0x08, 0x05, 0x15,
    0x14, 0x11, 0x15, 0x15, 0x15, 0x09, 0x03, 0x15, 0x15, 0x11, 0x14, 0x15, 0x15, 0x12, 0x01, 0x09,
    0x15, 0x14, 0x11, 0x14, 0x15, 0x15, 0x01, 0x09, 0x15, 0x15, 0x11, 0x14, 0x15, 0x15, 0x03, 0x09,
    0x15, 0x15, 0x15, 0x12, 0x09, 0x12, 0x12, 0x12, 0x15, 0x15, 0x15, 0x12, 0x09, 0x12, 0x12, 0x12,
    0x15, 0x15, 0x15, 0x15, 0x12, 0x09, 0x12, 0x12, 0x15, 0x15, 0x15, 0x15, 0x12, 0x09, 0x12, 0x12,
    0x15, 0x15, 0x15, 0x15, 0x12, 0x12, 0x09, 0x12, 0x0F, 0x0F, 0x15, 0x15, 0x15, 0x12, 0x09, 0x12,
    0x0F, 0x0F, 0x0F, 0x15, 0x15, 0x12, 0x09, 0x12, 0x15, 0x15, 0x15, 0x15, 0x15, 0x12, 0x09, 0x12,
    0x09, 0x08, 0x12, 0x14, 0x11, 0x14, 0x12, 0x09, 0x12, 0x12, 0x08, 0x09, 0x11, 0x11, 0x14, 0x09,
    0x12, 0x12, 0x12, 0x09, 0x09, 0x11, 0x11, 0x14, 0x12, 0x12, 0x12, 0x12, 0x12, 0x09, 0x11, 0x11,
    0x12, 0x12, 0x12, 0x12, 0x12, 0x12, 0x09, 0x11, 0x12, 0x12, 0x12, 0x12, 0x12, 0x12, 0x12, 0x12,
    0x12, 0x12, 0x12, 0x12, 0x12, 0x12, 0x12, 0x12, 0x12, 0x12, 0x12, 0x12, 0x12, 0x12, 0x12, 0x12,
    0x12, 0x15, 0x15, 0x15, 0x14, 0x07, 0x11, 0x15, 0x05, 0x09, 0x15, 0x15, 0x15, 0x11, 0x11, 0x14,
    0x08, 0x05, 0x08, 0x12, 0x15, 0x14, 0x11, 0x11, 0x14, 0x12, 0x08, 0x05, 0x09, 0x12, 0x14, 0x11,
    0x11, 0x14, 0x15, 0x09, 0x05, 0x08, 0x12, 0x11, 0x11, 0x11, 0x11, 0x14, 0x15, 0x08, 0x05, 0x09,
    0x14, 0x14, 0x11, 0x11, 0x14, 0x15, 0x12, 0x08, 0x12, 0x14, 0x14, 0x11, 0x11, 0x14, 0x15, 0x12,
    0x15, 0x15, 0x15, 0x0A, 0x08, 0x08, 0x12, 0x15, 0x15, 0x15, 0x15, 0x12, 0x08, 0x05, 0x08, 0x12,
    0x14, 0x15, 0x15, 0x12, 0x08, 0x03, 0x03, 0x08, 0x11, 0x15, 0x15, 0x15, 0x08, 0x03, 0x01, 0x03,
    0x11, 0x14, 0x15, 0x15, 0x0A, 0x08, 0x03, 0x00, 0x11, 0x11, 0x14, 0x15, 0x12, 0x0A, 0x04, 0x03,
    0x09, 0x11, 0x11, 0x11, 0x15, 0x12, 0x0A, 0x04, 0x09, 0x11, 0x11, 0x07, 0x11, 0x14, 0x12, 0x0A,
    0x15, 0x15, 0x12, 0x15, 0x12, 0x15, 0x0A, 0x04, 0x15, 0x15, 0x15, 0x12, 0x15, 0x12, 0x15, 0x0A,
    0x12, 0x15, 0x12, 0x15, 0x12, 0x15, 0x12, 0x15, 0x08, 0x0A, 0x15, 0x12, 0x15, 0x12, 0x15, 0x12,
    0x03, 0x05, 0x0A, 0x12, 0x12, 0x15, 0x12, 0x15, 0x00, 0x03, 0x05, 0x0A, 0x0A, 0x12, 0x12, 0x12,
    0x03, 0x00, 0x03, 0x05, 0x04, 0x0A, 0x0A, 0x0A, 0x04, 0x03, 0x03, 0x03, 0x04, 0x04, 0x04, 0x04,
    0x03, 0x01, 0x01, 0x01, 0x03, 0x04, 0x04, 0x01, 0x04, 0x04, 0x04, 0x04, 0x04, 0x04, 0x04, 0x01,
    0x0A, 0x0A, 0x0A, 0x0A, 0x04, 0x04, 0x03, 0x01, 0x15, 0x12, 0x12, 0x0A, 0x04, 0x04, 0x01, 0x01,
    0x12, 0x12, 0x0A, 0x0A, 0x04, 0x05, 0x01, 0x01, 0x0A, 0x0A, 0x0A, 0x04, 0x05, 0x03, 0x01, 0x03,
    0x0A, 0x04, 0x04, 0x05, 0x03, 0x01, 0x03, 0x09, 0x04, 0x04, 0x05, 0x03, 0x01, 0x03, 0x08, 0x15,
    0x01, 0x04, 0x12, 0x12, 0x12, 0x12, 0x12, 0x12, 0x01, 0x04, 0x12, 0x12, 0x12, 0x12, 0x12, 0x12,
    0x01, 0x09, 0x15, 0x15, 0x12, 0x12, 0x12, 0x12, 0x03, 0x12, 0x15, 0x15, 0x15, 0x15, 0x12, 0x12,
    0x08, 0x15, 0x15, 0x15, 0x15, 0x15, 0x15, 0x15, 0x12, 0x15, 0x15, 0x15, 0x15, 0x15, 0x15, 0x15,
    0x15, 0x15, 0x15, 0x15, 0x15, 0x15, 0x15, 0x15, 0x15, 0x15, 0x15, 0x15, 0x15, 0x15, 0x15, 0x15,
    0x12, 0x14, 0x14, 0x14, 0x11, 0x11, 0x11, 0x11, 0x12, 0x12, 0x12, 0x12, 0x12, 0x14, 0x14, 0x14,
    0x12, 0x12, 0x09, 0x09, 0x09, 0x09, 0x09, 0x12, 0x12, 0x12, 0x12, 0x12, 0x12, 0x12, 0x12, 0x09,
    0x15, 0x15, 0x15, 0x12, 0x12, 0x12, 0x12, 0x12, 0x15, 0x15, 0x15, 0x15, 0x15, 0x15, 0x15, 0x12,
    0x15, 0x15, 0x15, 0x15, 0x15, 0x15, 0x15, 0x15, 0x15, 0x15, 0x15, 0x15, 0x15, 0x15, 0x15, 0x15,
    0x14, 0x14, 0x14, 0x14, 0x14, 0x15, 0x15, 0x15, 0x11, 0x11, 0x11, 0x11, 0x11, 0x14, 0x14, 0x14,
    0x12, 0x12, 0x14, 0x14, 0x14, 0x11, 0x11, 0x11, 0x09, 0x09, 0x09, 0x09, 0x09, 0x09, 0x12, 0x12,
    0x12, 0x12, 0x12, 0x12, 0x09, 0x09, 0x09, 0x09, 0x12, 0x12, 0x12, 0x12, 0x12, 0x12, 0x12, 0x12,
    0x15, 0x15, 0x15, 0x15, 0x15, 0x12, 0x12, 0x12, 0x15, 0x15, 0x15, 0x15, 0x15, 0x15, 0x15, 0x15,
    0x15, 0x15, 0x15, 0x15, 0x15, 0x15, 0x15, 0x15, 0x14, 0x14, 0x14, 0x14, 0x15, 0x15, 0x15, 0x15,
    0x11, 0x11, 0x11, 0x11, 0x14, 0x14, 0x14, 0x14, 0x14, 0x14, 0x14, 0x11, 0x11, 0x11, 0x11, 0x11,
    0x09, 0x09, 0x09, 0x09, 0x12, 0x12, 0x12, 0x12, 0x12, 0x09, 0x09, 0x09, 0x09, 0x09, 0x09, 0x09,
    0x12, 0x12, 0x12, 0x12, 0x12, 0x12, 0x12, 0x12, 0x15, 0x15, 0x15, 0x12, 0x12, 0x12, 0x12, 0x12,
    0x15, 0x15, 0x15, 0x15, 0x15, 0x15, 0x15, 0x15, 0x15, 0x15, 0x15, 0x15, 0x15, 0x15, 0x15, 0x15,
    0x14, 0x14, 0x14, 0x14, 0x14, 0x14, 0x15, 0x15, 0x11, 0x11, 0x11, 0x11, 0x11, 0x11, 0x11, 0x11,
    0x14, 0x14, 0x14, 0x14, 0x11, 0x11, 0x07, 0x07, 0x09, 0x09, 0x09, 0x09, 0x09, 0x09, 0x09, 0x09,
    0x12, 0x12, 0x12, 0x12, 0x12, 0x12, 0x12, 0x12, 0x12, 0x12, 0x12, 0x12, 0x12, 0x14, 0x11, 0x11,
    0x15, 0x15, 0x15, 0x15, 0x15, 0x15, 0x15, 0x15, 0x15, 0x15, 0x15, 0x15, 0x15, 0x15, 0x15, 0x15,
    0x15, 0x15, 0x15, 0x15, 0x15, 0x15, 0x15, 0x15, 0x11, 0x11, 0x11, 0x11, 0x11, 0x11, 0x11, 0x11,
    0x07, 0x07, 0x07, 0x07, 0x07, 0x07, 0x07, 0x11, 0x09, 0x09, 0x12, 0x12, 0x12, 0x14, 0x14, 0x11,
    0x12, 0x12, 0x14, 0x11, 0x11, 0x11, 0x11, 0x11, 0x11, 0x11, 0x11, 0x11, 0x14, 0x14, 0x14, 0x14,
    0x15, 0x15, 0x15, 0x15, 0x15, 0x15, 0x15, 0x15, 0x15, 0x15, 0x15, 0x15, 0x15, 0x15, 0x15, 0x15,
    0x15, 0x15, 0x15, 0x15, 0x15, 0x15, 0x15, 0x15, 0x15, 0x15, 0x15, 0x15, 0x15, 0x15, 0x15, 0x15,
    0x11, 0x11, 0x15, 0x15, 0x15, 0x15, 0x15, 0x15, 0x11, 0x11, 0x15, 0x15, 0x15, 0x15, 0x15, 0x15,
    0x14, 0x14, 0x15, 0x15, 0x15, 0x15, 0x15, 0x15, 0x15, 0x15, 0x15, 0x15, 0x15, 0x15, 0x15, 0x15,
    0x15, 0x15, 0x15, 0x15, 0x15, 0x15, 0x15, 0x15, 0x15, 0x15, 0x15, 0x15, 0x15, 0x15, 0x15, 0x15,
    0x15, 0x15, 0x15, 0x15, 0x15, 0x15, 0x15, 0x15, 0x15, 0x15, 0x15, 0x15, 0x15, 0x15, 0x15, 0x15,
    0x15, 0x15, 0x15, 0x15, 0x15, 0x15, 0x15, 0x15, 0x15, 0x15, 0x15, 0x15, 0x15, 0x15, 0x15, 0x15,
    0x15, 0x15, 0x15, 0x15, 0x15, 0x15, 0x15, 0x15, 0x15, 0x15, 0x15, 0x15, 0x15, 0x15, 0x15, 0x15,
    0x15, 0x15, 0x15, 0x15, 0x15, 0x15, 0x15, 0x15, 0x15, 0x15, 0x15, 0x15, 0x15, 0x15, 0x15, 0x15,
    0x15, 0x15, 0x15, 0x15, 0x15, 0x15, 0x15, 0x15, 0x15, 0x15, 0x15, 0x15, 0x15, 0x15, 0x15, 0x15,
    0x15, 0x15, 0x15, 0x15, 0x15, 0x15, 0x15, 0x15, 0x15, 0x15, 0x15, 0x15, 0x15, 0x15, 0x15, 0x15,
    0x15, 0x15, 0x15, 0x15, 0x15, 0x15, 0x15, 0x15, 0x15, 0x15, 0x15, 0x15, 0x15, 0x15, 0x15, 0x15
};

#endif // POPUP_DARK_MAGICIAN_DATA_INC

